example_id,step_index,choice,error
gsm8k-0,0,inconclusive,
gsm8k-0,1,python,
gsm8k-0,2,python,
gsm8k-0,3,python,
gsm8k-100,0,python,
gsm8k-100,1,python,
gsm8k-100,2,python,
gsm8k-101,0,python,
gsm8k-101,1,python,
gsm8k-101,2,python,
gsm8k-101,3,python,
gsm8k-101,4,python,
gsm8k-102,0,inconclusive,
gsm8k-102,1,neither,
gsm8k-102,2,python,
gsm8k-103,0,python,
gsm8k-103,1,python,
gsm8k-103,2,python,
gsm8k-103,3,python,
gsm8k-103,4,python,
gsm8k-103,5,python,
gsm8k-103,6,python,
gsm8k-104,0,python,
gsm8k-104,1,python,
gsm8k-104,2,inconclusive,
gsm8k-104,3,inconclusive,
gsm8k-104,4,python,
gsm8k-104,5,python,
gsm8k-105,0,inconclusive,
gsm8k-105,1,inconclusive,
gsm8k-105,2,python,
gsm8k-105,3,python,
gsm8k-106,0,lean,
gsm8k-106,1,python,
gsm8k-106,2,python,
gsm8k-106,3,python,
gsm8k-107,0,inconclusive,
gsm8k-107,1,python,
gsm8k-107,2,python,
gsm8k-107,3,python,
gsm8k-108,0,python,
gsm8k-108,1,python,
gsm8k-108,2,python,
gsm8k-108,3,python,
gsm8k-108,4,python,
gsm8k-108,5,inconclusive,
gsm8k-108,6,python,
gsm8k-108,7,python,
gsm8k-108,8,inconclusive,
gsm8k-108,9,neither,
gsm8k-109,0,python,
gsm8k-109,1,python,
gsm8k-109,2,tie,
gsm8k-109,3,python,
gsm8k-109,4,python,
gsm8k-109,5,python,
gsm8k-109,6,python,
gsm8k-109,7,python,
gsm8k-10,0,neither,
gsm8k-10,1,python,
gsm8k-10,2,python,
gsm8k-10,3,python,
gsm8k-10,4,tie,
gsm8k-110,0,python,
gsm8k-110,1,python,
gsm8k-110,2,python,
gsm8k-110,3,python,
gsm8k-110,4,python,
gsm8k-110,5,python,
gsm8k-111,0,inconclusive,
gsm8k-111,1,lean,
gsm8k-111,2,python,
gsm8k-112,0,inconclusive,
gsm8k-112,1,tie,
gsm8k-112,2,neither,
gsm8k-112,3,python,
gsm8k-112,4,python,
gsm8k-113,0,neither,
gsm8k-113,1,python,
gsm8k-113,2,python,
gsm8k-113,3,inconclusive,
gsm8k-113,4,python,
gsm8k-113,5,python,
gsm8k-113,6,python,
gsm8k-114,0,python,
gsm8k-114,1,python,
gsm8k-114,2,neither,
gsm8k-114,3,python,
gsm8k-115,0,python,
gsm8k-115,1,python,
gsm8k-115,2,python,
gsm8k-115,3,neither,
gsm8k-115,4,python,
gsm8k-116,0,neither,
gsm8k-116,1,python,
gsm8k-116,2,neither,
gsm8k-116,3,lean,
gsm8k-116,4,neither,
gsm8k-116,5,python,
gsm8k-117,0,neither,
gsm8k-117,1,tie,
gsm8k-117,2,lean,
gsm8k-117,3,python,
gsm8k-118,0,python,
gsm8k-118,1,neither,
gsm8k-118,2,python,
gsm8k-118,3,python,
gsm8k-119,0,python,
gsm8k-119,1,python,
gsm8k-119,2,neither,
gsm8k-119,3,python,
gsm8k-119,4,lean,
gsm8k-119,5,python,
gsm8k-11,0,inconclusive,
gsm8k-11,1,python,
gsm8k-11,2,python,
gsm8k-11,3,python,
gsm8k-11,4,python,
gsm8k-11,5,python,
gsm8k-120,0,neither,
gsm8k-120,1,python,
gsm8k-120,2,python,
gsm8k-120,3,python,
gsm8k-120,4,lean,
gsm8k-120,5,python,
gsm8k-120,6,python,
gsm8k-120,7,python,
gsm8k-121,0,neither,
gsm8k-121,1,neither,
gsm8k-121,2,python,
gsm8k-121,3,tie,
gsm8k-121,4,neither,
gsm8k-121,5,neither,
gsm8k-121,6,python,
gsm8k-122,0,python,
gsm8k-122,1,python,
gsm8k-122,2,python,
gsm8k-122,3,python,
gsm8k-123,0,python,
gsm8k-123,1,python,
gsm8k-123,2,python,
gsm8k-123,3,python,
gsm8k-123,4,python,
gsm8k-123,5,python,
gsm8k-124,0,python,
gsm8k-124,1,python,
gsm8k-124,2,neither,
gsm8k-124,3,neither,
gsm8k-125,0,python,
gsm8k-125,1,python,
gsm8k-125,2,python,
gsm8k-125,3,python,
gsm8k-125,4,neither,
gsm8k-125,5,inconclusive,
gsm8k-126,0,python,
gsm8k-126,1,python,
gsm8k-127,0,inconclusive,
gsm8k-127,1,python,
gsm8k-127,2,python,
gsm8k-127,3,neither,
gsm8k-127,4,neither,
gsm8k-128,0,inconclusive,
gsm8k-128,1,python,
gsm8k-128,2,python,
gsm8k-128,3,python,
gsm8k-129,0,inconclusive,
gsm8k-129,1,neither,
gsm8k-129,2,neither,
gsm8k-129,3,python,
gsm8k-129,4,python,
gsm8k-129,5,python,
gsm8k-12,0,python,
gsm8k-12,1,python,
gsm8k-12,2,python,
gsm8k-12,3,python,
gsm8k-12,4,python,
gsm8k-12,5,python,
gsm8k-12,6,python,
gsm8k-130,0,python,
gsm8k-130,1,tie,
gsm8k-130,2,inconclusive,
gsm8k-130,3,python,
gsm8k-130,4,python,
gsm8k-131,0,python,
gsm8k-131,1,inconclusive,
gsm8k-131,2,python,
gsm8k-131,3,lean,
gsm8k-132,0,python,
gsm8k-132,1,python,
gsm8k-132,2,tie,
gsm8k-132,3,neither,
gsm8k-133,0,python,
gsm8k-133,1,python,
gsm8k-133,2,python,
gsm8k-133,3,python,
gsm8k-133,4,tie,
gsm8k-133,5,python,
gsm8k-134,0,python,
gsm8k-134,1,neither,
gsm8k-134,2,python,
gsm8k-134,3,python,
gsm8k-134,4,python,
gsm8k-135,0,inconclusive,
gsm8k-135,1,inconclusive,
gsm8k-135,2,python,
gsm8k-135,3,python,
gsm8k-135,4,neither,
gsm8k-136,0,python,
gsm8k-136,1,python,
gsm8k-136,2,python,
gsm8k-136,3,python,
gsm8k-137,0,python,
gsm8k-137,1,python,
gsm8k-137,2,neither,
gsm8k-137,3,neither,
gsm8k-137,4,inconclusive,
gsm8k-138,0,neither,
gsm8k-138,1,python,
gsm8k-138,2,neither,
gsm8k-138,3,python,
gsm8k-139,0,python,
gsm8k-139,1,python,
gsm8k-139,2,python,
gsm8k-139,3,python,
gsm8k-139,4,python,
gsm8k-139,5,lean,
gsm8k-139,6,python,
gsm8k-139,7,python,
gsm8k-139,8,python,
gsm8k-13,0,inconclusive,
gsm8k-13,1,python,
gsm8k-13,2,python,
gsm8k-13,3,python,
gsm8k-140,0,python,
gsm8k-140,1,python,
gsm8k-140,2,python,
gsm8k-140,3,neither,
gsm8k-140,4,python,
gsm8k-140,5,lean,
gsm8k-140,6,lean,
gsm8k-141,0,python,
gsm8k-141,1,python,
gsm8k-141,2,python,
gsm8k-141,3,python,
gsm8k-141,4,python,
gsm8k-141,5,python,
gsm8k-141,6,python,
gsm8k-142,0,neither,
gsm8k-142,1,python,
gsm8k-142,2,neither,
gsm8k-142,3,python,
gsm8k-143,0,inconclusive,
gsm8k-143,1,python,
gsm8k-143,2,python,
gsm8k-143,3,python,
gsm8k-143,4,neither,
gsm8k-143,5,python,
gsm8k-143,6,python,
gsm8k-144,0,python,
gsm8k-144,1,neither,
gsm8k-144,2,python,
gsm8k-144,3,neither,
gsm8k-144,4,python,
gsm8k-145,0,python,
gsm8k-145,1,python,
gsm8k-145,2,python,
gsm8k-145,3,tie,
gsm8k-146,0,neither,
gsm8k-146,1,python,
gsm8k-146,2,python,
gsm8k-147,0,python,
gsm8k-147,1,python,
gsm8k-147,2,python,
gsm8k-147,3,inconclusive,
gsm8k-148,0,python,
gsm8k-148,1,python,
gsm8k-148,2,inconclusive,
gsm8k-148,3,python,
gsm8k-148,4,python,
gsm8k-149,0,inconclusive,
gsm8k-149,1,inconclusive,
gsm8k-149,2,python,
gsm8k-149,3,python,
gsm8k-149,4,neither,
gsm8k-14,0,python,
gsm8k-14,1,python,
gsm8k-14,2,python,
gsm8k-14,3,python,
gsm8k-14,4,inconclusive,
gsm8k-14,5,python,
gsm8k-14,6,python,
gsm8k-150,0,inconclusive,
gsm8k-150,1,python,
gsm8k-150,2,python,
gsm8k-150,3,python,
gsm8k-150,4,neither,
gsm8k-150,5,neither,
gsm8k-150,6,python,
gsm8k-150,7,python,
gsm8k-150,8,neither,
gsm8k-151,0,python,
gsm8k-151,1,python,
gsm8k-151,2,python,
gsm8k-151,3,tie,
gsm8k-151,4,python,
gsm8k-151,5,python,
gsm8k-151,6,python,
gsm8k-152,0,python,
gsm8k-152,1,python,
gsm8k-152,2,python,
gsm8k-152,3,python,
gsm8k-153,0,inconclusive,
gsm8k-153,1,python,
gsm8k-153,2,python,
gsm8k-153,3,inconclusive,
gsm8k-153,4,lean,
gsm8k-153,5,python,
gsm8k-153,6,python,
gsm8k-153,7,python,
gsm8k-153,8,python,
gsm8k-154,0,lean,
gsm8k-154,1,python,
gsm8k-154,2,python,
gsm8k-155,0,lean,
gsm8k-155,1,python,
gsm8k-155,2,python,
gsm8k-155,3,lean,
gsm8k-155,4,python,
gsm8k-155,5,python,
gsm8k-156,0,inconclusive,
gsm8k-156,1,inconclusive,
gsm8k-156,2,tie,
gsm8k-156,3,python,
gsm8k-156,4,neither,
gsm8k-156,5,python,
gsm8k-156,6,python,
gsm8k-156,7,inconclusive,
gsm8k-157,0,lean,
gsm8k-157,1,python,
gsm8k-157,2,python,
gsm8k-158,0,tie,
gsm8k-158,1,lean,
gsm8k-158,2,neither,
gsm8k-158,3,lean,
gsm8k-159,0,python,
gsm8k-159,1,python,
gsm8k-159,2,python,
gsm8k-159,3,python,
gsm8k-15,0,python,
gsm8k-15,1,,request_failed
gsm8k-15,2,python,
gsm8k-15,3,python,
gsm8k-15,4,python,
gsm8k-15,5,python,
gsm8k-160,0,python,
gsm8k-160,1,python,
gsm8k-160,2,python,
gsm8k-160,3,lean,
gsm8k-160,4,python,
gsm8k-161,0,inconclusive,
gsm8k-161,1,python,
gsm8k-161,2,neither,
gsm8k-161,3,neither,
gsm8k-162,0,tie,
gsm8k-162,1,python,
gsm8k-162,2,inconclusive,
gsm8k-163,0,inconclusive,
gsm8k-163,1,python,
gsm8k-163,2,python,
gsm8k-163,3,neither,
gsm8k-163,4,python,
gsm8k-163,5,neither,
gsm8k-164,0,neither,
gsm8k-164,1,python,
gsm8k-164,2,inconclusive,
gsm8k-164,3,neither,
gsm8k-164,4,neither,
gsm8k-165,0,python,
gsm8k-165,1,tie,
gsm8k-165,2,python,
gsm8k-165,3,inconclusive,
gsm8k-165,4,python,
gsm8k-165,5,neither,
gsm8k-166,0,inconclusive,
gsm8k-166,1,python,
gsm8k-166,2,python,
gsm8k-166,3,python,
gsm8k-166,4,neither,
gsm8k-166,5,inconclusive,
gsm8k-167,0,inconclusive,
gsm8k-167,1,inconclusive,
gsm8k-167,2,neither,
gsm8k-167,3,python,
gsm8k-167,4,lean,
gsm8k-168,0,inconclusive,
gsm8k-168,1,python,
gsm8k-168,2,inconclusive,
gsm8k-168,3,python,
gsm8k-168,4,lean,
gsm8k-169,0,inconclusive,
gsm8k-169,1,python,
gsm8k-169,2,python,
gsm8k-169,3,python,
gsm8k-16,0,inconclusive,
gsm8k-16,1,neither,
gsm8k-16,2,python,
gsm8k-16,3,neither,
gsm8k-16,4,lean,
gsm8k-16,5,neither,
gsm8k-16,6,neither,
gsm8k-170,0,inconclusive,
gsm8k-170,1,neither,
gsm8k-170,2,python,
gsm8k-170,3,neither,
gsm8k-170,4,python,
gsm8k-170,5,inconclusive,
gsm8k-170,6,python,
gsm8k-170,7,python,
gsm8k-171,0,inconclusive,
gsm8k-171,1,python,
gsm8k-171,2,python,
gsm8k-171,3,python,
gsm8k-171,4,python,
gsm8k-171,5,python,
gsm8k-171,6,python,
gsm8k-172,0,inconclusive,
gsm8k-172,1,lean,
gsm8k-172,2,python,
gsm8k-172,3,python,
gsm8k-172,4,python,
gsm8k-173,0,python,
gsm8k-173,1,python,
gsm8k-173,2,python,
gsm8k-173,3,python,
gsm8k-173,4,python,
gsm8k-174,0,tie,
gsm8k-174,1,python,
gsm8k-174,2,python,
gsm8k-174,3,python,
gsm8k-175,0,neither,
gsm8k-175,1,inconclusive,
gsm8k-175,2,inconclusive,
gsm8k-175,3,python,
gsm8k-175,4,python,
gsm8k-176,0,neither,
gsm8k-176,1,python,
gsm8k-176,2,python,
gsm8k-176,3,python,
gsm8k-176,4,,request_failed
gsm8k-176,5,python,
gsm8k-176,6,python,
gsm8k-177,0,inconclusive,
gsm8k-177,1,python,
gsm8k-177,2,lean,
gsm8k-177,3,python,
gsm8k-178,0,python,
gsm8k-178,1,python,
gsm8k-178,2,lean,
gsm8k-178,3,python,
gsm8k-179,0,python,
gsm8k-179,1,neither,
gsm8k-179,2,inconclusive,
gsm8k-179,3,python,
gsm8k-179,4,neither,
gsm8k-17,0,python,
gsm8k-17,1,python,
gsm8k-17,2,python,
gsm8k-17,3,python,
gsm8k-180,0,python,
gsm8k-180,1,neither,
gsm8k-180,2,python,
gsm8k-180,3,python,
gsm8k-180,4,python,
gsm8k-181,0,inconclusive,
gsm8k-181,1,neither,
gsm8k-181,2,python,
gsm8k-181,3,python,
gsm8k-181,4,python,
gsm8k-181,5,neither,
gsm8k-181,6,python,
gsm8k-181,7,python,
gsm8k-182,0,lean,
gsm8k-182,1,neither,
gsm8k-182,2,python,
gsm8k-182,3,python,
gsm8k-182,4,python,
gsm8k-183,0,inconclusive,
gsm8k-183,1,python,
gsm8k-183,2,python,
gsm8k-183,3,python,
gsm8k-183,4,python,
gsm8k-184,0,inconclusive,
gsm8k-184,1,inconclusive,
gsm8k-184,2,neither,
gsm8k-185,0,python,
gsm8k-185,1,python,
gsm8k-185,2,python,
gsm8k-185,3,python,
gsm8k-185,4,python,
gsm8k-186,0,tie,
gsm8k-186,1,python,
gsm8k-186,2,neither,
gsm8k-186,3,python,
gsm8k-186,4,python,
gsm8k-187,0,python,
gsm8k-187,1,python,
gsm8k-187,2,python,
gsm8k-187,3,python,
gsm8k-187,4,python,
gsm8k-187,5,python,
gsm8k-188,0,inconclusive,
gsm8k-188,1,python,
gsm8k-188,2,neither,
gsm8k-188,3,lean,
gsm8k-188,4,python,
gsm8k-189,0,python,
gsm8k-189,1,inconclusive,
gsm8k-189,2,inconclusive,
gsm8k-189,3,python,
gsm8k-189,4,python,
gsm8k-189,5,python,
gsm8k-18,0,python,
gsm8k-18,1,python,
gsm8k-18,2,neither,
gsm8k-18,3,inconclusive,
gsm8k-190,0,inconclusive,
gsm8k-190,1,neither,
gsm8k-190,2,python,
gsm8k-190,3,inconclusive,
gsm8k-190,4,neither,
gsm8k-190,5,python,
gsm8k-190,6,python,
gsm8k-190,7,python,
gsm8k-190,8,neither,
gsm8k-190,9,python,
gsm8k-191,0,inconclusive,
gsm8k-191,1,lean,
gsm8k-191,2,lean,
gsm8k-191,3,python,
gsm8k-191,4,python,
gsm8k-191,5,python,
gsm8k-192,0,inconclusive,
gsm8k-192,1,python,
gsm8k-192,2,python,
gsm8k-192,3,inconclusive,
gsm8k-192,4,inconclusive,
gsm8k-192,5,python,
gsm8k-192,6,python,
gsm8k-192,7,python,
gsm8k-193,0,inconclusive,
gsm8k-193,1,python,
gsm8k-193,2,python,
gsm8k-193,3,neither,
gsm8k-193,4,python,
gsm8k-193,5,python,
gsm8k-193,6,python,
gsm8k-193,7,python,
gsm8k-194,0,neither,
gsm8k-194,1,python,
gsm8k-194,2,python,
gsm8k-194,3,python,
gsm8k-195,0,python,
gsm8k-195,1,python,
gsm8k-195,2,lean,
gsm8k-195,3,python,
gsm8k-195,4,python,
gsm8k-196,0,python,
gsm8k-196,1,python,
gsm8k-196,2,python,
gsm8k-196,3,python,
gsm8k-197,0,lean,
gsm8k-197,1,lean,
gsm8k-197,2,neither,
gsm8k-197,3,python,
gsm8k-197,4,python,
gsm8k-197,5,python,
gsm8k-197,6,python,
gsm8k-198,0,inconclusive,
gsm8k-198,1,python,
gsm8k-198,2,python,
gsm8k-198,3,python,
gsm8k-198,4,python,
gsm8k-198,5,python,
gsm8k-199,0,python,
gsm8k-199,1,tie,
gsm8k-199,2,neither,
gsm8k-19,0,neither,
gsm8k-19,1,python,
gsm8k-19,2,python,
gsm8k-19,3,python,
gsm8k-1,0,inconclusive,
gsm8k-1,1,python,
gsm8k-1,2,python,
gsm8k-1,3,python,
gsm8k-1,4,python,
gsm8k-1,5,python,
gsm8k-1,6,python,
gsm8k-200,0,inconclusive,
gsm8k-200,1,neither,
gsm8k-200,2,inconclusive,
gsm8k-200,3,python,
gsm8k-200,4,inconclusive,
gsm8k-200,5,python,
gsm8k-200,6,python,
gsm8k-200,7,python,
gsm8k-201,0,python,
gsm8k-201,1,python,
gsm8k-201,2,inconclusive,
gsm8k-201,3,python,
gsm8k-201,4,python,
gsm8k-201,5,tie,
gsm8k-202,0,python,
gsm8k-202,1,python,
gsm8k-203,0,tie,
gsm8k-203,1,lean,
gsm8k-203,2,python,
gsm8k-203,3,tie,
gsm8k-204,0,inconclusive,
gsm8k-204,1,python,
gsm8k-204,2,neither,
gsm8k-204,3,lean,
gsm8k-204,4,neither,
gsm8k-204,5,lean,
gsm8k-204,6,python,
gsm8k-204,7,neither,
gsm8k-204,8,neither,
gsm8k-204,9,python,
gsm8k-205,0,inconclusive,
gsm8k-205,1,lean,
gsm8k-205,2,python,
gsm8k-205,3,python,
gsm8k-206,0,inconclusive,
gsm8k-206,1,python,
gsm8k-206,2,lean,
gsm8k-206,3,python,
gsm8k-207,0,python,
gsm8k-207,1,python,
gsm8k-207,2,python,
gsm8k-207,3,lean,
gsm8k-207,4,python,
gsm8k-207,5,lean,
gsm8k-208,0,inconclusive,
gsm8k-208,1,python,
gsm8k-208,2,python,
gsm8k-208,3,python,
gsm8k-208,4,inconclusive,
gsm8k-209,0,inconclusive,
gsm8k-209,1,tie,
gsm8k-209,2,python,
gsm8k-209,3,lean,
gsm8k-209,4,python,
gsm8k-209,5,python,
gsm8k-209,6,python,
gsm8k-20,0,python,
gsm8k-20,1,python,
gsm8k-20,2,python,
gsm8k-210,0,inconclusive,
gsm8k-210,1,inconclusive,
gsm8k-210,2,python,
gsm8k-210,3,python,
gsm8k-210,4,neither,
gsm8k-210,5,tie,
gsm8k-211,0,python,
gsm8k-211,1,neither,
gsm8k-211,2,python,
gsm8k-211,3,python,
gsm8k-211,4,python,
gsm8k-211,5,tie,
gsm8k-212,0,inconclusive,
gsm8k-212,1,python,
gsm8k-212,2,python,
gsm8k-212,3,neither,
gsm8k-213,0,neither,
gsm8k-213,1,tie,
gsm8k-213,2,python,
gsm8k-213,3,lean,
gsm8k-213,4,lean,
gsm8k-213,5,python,
gsm8k-213,6,python,
gsm8k-214,0,python,
gsm8k-214,1,lean,
gsm8k-214,2,neither,
gsm8k-214,3,python,
gsm8k-214,4,python,
gsm8k-214,5,python,
gsm8k-215,0,inconclusive,
gsm8k-215,1,python,
gsm8k-215,2,neither,
gsm8k-215,3,tie,
gsm8k-215,4,neither,
gsm8k-215,5,python,
gsm8k-215,6,python,
gsm8k-216,0,python,
gsm8k-216,1,python,
gsm8k-216,2,python,
gsm8k-216,3,python,
gsm8k-217,0,neither,
gsm8k-217,1,python,
gsm8k-217,2,neither,
gsm8k-217,3,python,
gsm8k-218,0,inconclusive,
gsm8k-218,1,python,
gsm8k-218,2,python,
gsm8k-218,3,inconclusive,
gsm8k-218,4,python,
gsm8k-218,5,python,
gsm8k-218,6,python,
gsm8k-219,0,python,
gsm8k-219,1,python,
gsm8k-219,2,lean,
gsm8k-219,3,python,
gsm8k-219,4,python,
gsm8k-21,0,inconclusive,
gsm8k-21,1,python,
gsm8k-21,2,python,
gsm8k-21,3,python,
gsm8k-21,4,python,
gsm8k-21,5,python,
gsm8k-21,6,python,
gsm8k-220,0,python,
gsm8k-220,1,python,
gsm8k-220,2,python,
gsm8k-220,3,python,
gsm8k-221,0,inconclusive,
gsm8k-221,1,python,
gsm8k-221,2,python,
gsm8k-221,3,python,
gsm8k-222,0,python,
gsm8k-222,1,python,
gsm8k-222,2,neither,
gsm8k-222,3,lean,
gsm8k-222,4,python,
gsm8k-223,0,inconclusive,
gsm8k-223,1,lean,
gsm8k-223,2,python,
gsm8k-223,3,python,
gsm8k-224,0,python,
gsm8k-224,1,inconclusive,
gsm8k-224,2,tie,
gsm8k-224,3,inconclusive,
gsm8k-224,4,python,
gsm8k-224,5,python,
gsm8k-225,0,python,
gsm8k-225,1,lean,
gsm8k-225,2,python,
gsm8k-225,3,neither,
gsm8k-225,4,python,
gsm8k-225,5,python,
gsm8k-226,0,neither,
gsm8k-226,1,inconclusive,
gsm8k-226,2,python,
gsm8k-226,3,inconclusive,
gsm8k-226,4,python,
gsm8k-226,5,python,
gsm8k-227,0,neither,
gsm8k-227,1,python,
gsm8k-227,2,python,
gsm8k-227,3,lean,
gsm8k-227,4,neither,
gsm8k-227,5,lean,
gsm8k-227,6,python,
gsm8k-227,7,lean,
gsm8k-228,0,python,
gsm8k-228,1,python,
gsm8k-228,2,neither,
gsm8k-228,3,python,
gsm8k-228,4,,request_failed
gsm8k-228,5,python,
gsm8k-228,6,python,
gsm8k-229,0,inconclusive,
gsm8k-229,1,lean,
gsm8k-229,2,tie,
gsm8k-229,3,python,
gsm8k-229,4,lean,
gsm8k-229,5,python,
gsm8k-22,0,python,
gsm8k-22,1,python,
gsm8k-22,2,python,
gsm8k-22,3,inconclusive,
gsm8k-22,4,python,
gsm8k-22,5,python,
gsm8k-22,6,neither,
gsm8k-230,0,neither,
gsm8k-230,1,tie,
gsm8k-230,2,inconclusive,
gsm8k-230,3,inconclusive,
gsm8k-230,4,python,
gsm8k-230,5,python,
gsm8k-230,6,python,
gsm8k-231,0,inconclusive,
gsm8k-231,1,,request_failed
gsm8k-231,2,neither,
gsm8k-231,3,python,
gsm8k-231,4,python,
gsm8k-232,0,neither,
gsm8k-232,1,lean,
gsm8k-232,2,python,
gsm8k-232,3,python,
gsm8k-232,4,python,
gsm8k-232,5,python,
gsm8k-233,0,inconclusive,
gsm8k-233,1,python,
gsm8k-233,2,lean,
gsm8k-233,3,lean,
gsm8k-233,4,python,
gsm8k-233,5,python,
gsm8k-234,0,python,
gsm8k-234,1,python,
gsm8k-234,2,neither,
gsm8k-234,3,python,
gsm8k-235,0,python,
gsm8k-235,1,python,
gsm8k-235,2,python,
gsm8k-235,3,python,
gsm8k-235,4,lean,
gsm8k-235,5,python,
gsm8k-236,0,inconclusive,
gsm8k-236,1,python,
gsm8k-236,2,python,
gsm8k-236,3,python,
gsm8k-237,0,python,
gsm8k-237,1,python,
gsm8k-237,2,lean,
gsm8k-238,0,python,
gsm8k-238,1,python,
gsm8k-238,2,python,
gsm8k-238,3,lean,
gsm8k-239,0,inconclusive,
gsm8k-239,1,python,
gsm8k-239,2,tie,
gsm8k-239,3,python,
gsm8k-239,4,python,
gsm8k-239,5,python,
gsm8k-23,0,python,
gsm8k-23,1,neither,
gsm8k-23,2,python,
gsm8k-23,3,python,
gsm8k-23,4,neither,
gsm8k-23,5,neither,
gsm8k-240,0,python,
gsm8k-240,1,python,
gsm8k-240,2,python,
gsm8k-240,3,python,
gsm8k-241,0,inconclusive,
gsm8k-241,1,python,
gsm8k-241,2,python,
gsm8k-241,3,python,
gsm8k-241,4,python,
gsm8k-242,0,inconclusive,
gsm8k-242,1,python,
gsm8k-242,2,lean,
gsm8k-242,3,python,
gsm8k-243,0,inconclusive,
gsm8k-243,1,neither,
gsm8k-243,2,python,
gsm8k-243,3,tie,
gsm8k-243,4,neither,
gsm8k-243,5,neither,
gsm8k-243,6,tie,
gsm8k-244,0,tie,
gsm8k-244,1,python,
gsm8k-244,2,python,
gsm8k-244,3,python,
gsm8k-244,4,neither,
gsm8k-244,5,python,
gsm8k-244,6,python,
gsm8k-244,7,python,
gsm8k-245,0,python,
gsm8k-245,1,python,
gsm8k-245,2,python,
gsm8k-245,3,python,
gsm8k-245,4,lean,
gsm8k-245,5,python,
gsm8k-246,0,python,
gsm8k-246,1,lean,
gsm8k-246,2,tie,
gsm8k-246,3,lean,
gsm8k-246,4,python,
gsm8k-247,0,python,
gsm8k-247,1,lean,
gsm8k-247,2,python,
gsm8k-247,3,python,
gsm8k-247,4,neither,
gsm8k-248,0,tie,
gsm8k-248,1,inconclusive,
gsm8k-248,2,python,
gsm8k-248,3,python,
gsm8k-249,0,python,
gsm8k-249,1,tie,
gsm8k-249,2,python,
gsm8k-249,3,lean,
gsm8k-24,0,inconclusive,
gsm8k-24,1,python,
gsm8k-24,2,python,
gsm8k-24,3,python,
gsm8k-250,0,neither,
gsm8k-250,1,python,
gsm8k-250,2,lean,
gsm8k-250,3,python,
gsm8k-250,4,tie,
gsm8k-251,0,inconclusive,
gsm8k-251,1,python,
gsm8k-251,2,tie,
gsm8k-251,3,python,
gsm8k-251,4,python,
gsm8k-252,0,neither,
gsm8k-252,1,python,
gsm8k-252,2,python,
gsm8k-252,3,neither,
gsm8k-252,4,tie,
gsm8k-252,5,python,
gsm8k-252,6,python,
gsm8k-253,0,inconclusive,
gsm8k-253,1,python,
gsm8k-253,2,python,
gsm8k-253,3,python,
gsm8k-253,4,lean,
gsm8k-253,5,python,
gsm8k-254,0,neither,
gsm8k-254,1,python,
gsm8k-254,2,python,
gsm8k-254,3,python,
gsm8k-254,4,neither,
gsm8k-254,5,python,
gsm8k-255,0,inconclusive,
gsm8k-255,1,python,
gsm8k-255,2,inconclusive,
gsm8k-255,3,python,
gsm8k-255,4,python,
gsm8k-255,5,python,
gsm8k-255,6,python,
gsm8k-255,7,python,
gsm8k-256,0,python,
gsm8k-256,1,python,
gsm8k-256,2,python,
gsm8k-257,0,tie,
gsm8k-257,1,python,
gsm8k-257,2,python,
gsm8k-257,3,python,
gsm8k-258,0,python,
gsm8k-258,1,python,
gsm8k-258,2,python,
gsm8k-259,0,python,
gsm8k-259,1,python,
gsm8k-259,2,lean,
gsm8k-259,3,lean,
gsm8k-25,0,python,
gsm8k-25,1,python,
gsm8k-25,2,python,
gsm8k-25,3,tie,
gsm8k-260,0,inconclusive,
gsm8k-260,1,python,
gsm8k-260,2,python,
gsm8k-260,3,python,
gsm8k-260,4,python,
gsm8k-260,5,python,
gsm8k-261,0,inconclusive,
gsm8k-261,1,lean,
gsm8k-261,2,python,
gsm8k-261,3,lean,
gsm8k-262,0,python,
gsm8k-262,1,python,
gsm8k-262,2,python,
gsm8k-262,3,python,
gsm8k-263,0,python,
gsm8k-263,1,python,
gsm8k-263,2,python,
gsm8k-263,3,python,
gsm8k-263,4,lean,
gsm8k-263,5,neither,
gsm8k-264,0,python,
gsm8k-264,1,python,
gsm8k-264,2,lean,
gsm8k-264,3,python,
gsm8k-265,0,python,
gsm8k-265,1,python,
gsm8k-265,2,python,
gsm8k-265,3,python,
gsm8k-266,0,python,
gsm8k-266,1,python,
gsm8k-266,2,python,
gsm8k-266,3,python,
gsm8k-267,0,neither,
gsm8k-267,1,python,
gsm8k-267,2,python,
gsm8k-267,3,python,
gsm8k-268,0,python,
gsm8k-268,1,python,
gsm8k-268,2,lean,
gsm8k-268,3,python,
gsm8k-268,4,lean,
gsm8k-269,0,python,
gsm8k-269,1,python,
gsm8k-269,2,python,
gsm8k-269,3,inconclusive,
gsm8k-269,4,lean,
gsm8k-26,0,python,
gsm8k-26,1,neither,
gsm8k-26,2,python,
gsm8k-26,3,python,
gsm8k-270,0,python,
gsm8k-270,1,python,
gsm8k-270,2,python,
gsm8k-270,3,python,
gsm8k-271,0,python,
gsm8k-271,1,python,
gsm8k-271,2,python,
gsm8k-271,3,inconclusive,
gsm8k-271,4,lean,
gsm8k-271,5,inconclusive,
gsm8k-272,0,python,
gsm8k-272,1,python,
gsm8k-272,2,python,
gsm8k-272,3,python,
gsm8k-273,0,python,
gsm8k-273,1,python,
gsm8k-273,2,python,
gsm8k-274,0,inconclusive,
gsm8k-274,1,python,
gsm8k-274,2,python,
gsm8k-274,3,python,
gsm8k-275,0,inconclusive,
gsm8k-275,1,python,
gsm8k-275,2,python,
gsm8k-275,3,tie,
gsm8k-276,0,tie,
gsm8k-276,1,neither,
gsm8k-276,2,python,
gsm8k-276,3,python,
gsm8k-277,0,inconclusive,
gsm8k-277,1,python,
gsm8k-277,2,python,
gsm8k-277,3,neither,
gsm8k-277,4,python,
gsm8k-278,0,python,
gsm8k-278,1,tie,
gsm8k-278,2,python,
gsm8k-278,3,tie,
gsm8k-279,0,python,
gsm8k-279,1,tie,
gsm8k-279,2,inconclusive,
gsm8k-279,3,neither,
gsm8k-27,0,python,
gsm8k-27,1,python,
gsm8k-27,2,python,
gsm8k-27,3,python,
gsm8k-280,0,inconclusive,
gsm8k-280,1,inconclusive,
gsm8k-280,2,neither,
gsm8k-280,3,python,
gsm8k-280,4,python,
gsm8k-280,5,python,
gsm8k-281,0,inconclusive,
gsm8k-281,1,python,
gsm8k-281,2,inconclusive,
gsm8k-281,3,inconclusive,
gsm8k-281,4,lean,
gsm8k-281,5,python,
gsm8k-282,0,tie,
gsm8k-282,1,python,
gsm8k-282,2,lean,
gsm8k-283,0,inconclusive,
gsm8k-283,1,python,
gsm8k-283,2,python,
gsm8k-283,3,python,
gsm8k-284,0,inconclusive,
gsm8k-284,1,python,
gsm8k-284,2,python,
gsm8k-284,3,lean,
gsm8k-284,4,python,
gsm8k-285,0,inconclusive,
gsm8k-285,1,lean,
gsm8k-285,2,python,
gsm8k-285,3,python,
gsm8k-286,0,inconclusive,
gsm8k-286,1,tie,
gsm8k-286,2,python,
gsm8k-286,3,python,
gsm8k-286,4,python,
gsm8k-287,0,python,
gsm8k-287,1,tie,
gsm8k-287,2,python,
gsm8k-287,3,python,
gsm8k-287,4,python,
gsm8k-287,5,python,
gsm8k-288,0,inconclusive,
gsm8k-288,1,python,
gsm8k-288,2,python,
gsm8k-288,3,python,
gsm8k-288,4,python,
gsm8k-289,0,python,
gsm8k-289,1,neither,
gsm8k-289,2,python,
gsm8k-289,3,python,
gsm8k-289,4,lean,
gsm8k-289,5,python,
gsm8k-289,6,inconclusive,
gsm8k-289,7,lean,
gsm8k-28,0,inconclusive,
gsm8k-28,1,python,
gsm8k-28,2,python,
gsm8k-28,3,python,
gsm8k-290,0,python,
gsm8k-290,1,lean,
gsm8k-291,0,python,
gsm8k-291,1,python,
gsm8k-291,2,python,
gsm8k-291,3,python,
gsm8k-292,0,inconclusive,
gsm8k-292,1,lean,
gsm8k-292,2,python,
gsm8k-292,3,python,
gsm8k-293,0,python,
gsm8k-293,1,python,
gsm8k-293,2,python,
gsm8k-293,3,python,
gsm8k-294,0,lean,
gsm8k-294,1,neither,
gsm8k-294,2,inconclusive,
gsm8k-294,3,python,
gsm8k-295,0,python,
gsm8k-295,1,python,
gsm8k-295,2,lean,
gsm8k-295,3,tie,
gsm8k-296,0,python,
gsm8k-296,1,lean,
gsm8k-296,2,python,
gsm8k-296,3,lean,
gsm8k-296,4,lean,
gsm8k-297,0,python,
gsm8k-297,1,python,
gsm8k-297,2,python,
gsm8k-298,0,python,
gsm8k-298,1,python,
gsm8k-299,0,neither,
gsm8k-299,1,tie,
gsm8k-299,2,python,
gsm8k-299,3,tie,
gsm8k-299,4,python,
gsm8k-299,5,python,
gsm8k-299,6,tie,
gsm8k-29,0,python,
gsm8k-29,1,neither,
gsm8k-29,2,python,
gsm8k-29,3,python,
gsm8k-2,0,python,
gsm8k-2,1,python,
gsm8k-2,2,python,
gsm8k-2,3,python,
gsm8k-300,0,python,
gsm8k-300,1,python,
gsm8k-300,2,lean,
gsm8k-301,0,python,
gsm8k-301,1,python,
gsm8k-301,2,python,
gsm8k-301,3,python,
gsm8k-301,4,lean,
gsm8k-301,5,python,
gsm8k-302,0,tie,
gsm8k-302,1,python,
gsm8k-302,2,python,
gsm8k-302,3,inconclusive,
gsm8k-303,0,inconclusive,
gsm8k-303,1,python,
gsm8k-303,2,python,
gsm8k-303,3,lean,
gsm8k-303,4,python,
gsm8k-304,0,python,
gsm8k-304,1,python,
gsm8k-304,2,python,
gsm8k-304,3,python,
gsm8k-304,4,lean,
gsm8k-305,0,inconclusive,
gsm8k-305,1,python,
gsm8k-305,2,python,
gsm8k-305,3,python,
gsm8k-305,4,python,
gsm8k-306,0,inconclusive,
gsm8k-306,1,python,
gsm8k-306,2,python,
gsm8k-306,3,lean,
gsm8k-307,0,python,
gsm8k-307,1,lean,
gsm8k-307,2,neither,
gsm8k-307,3,lean,
gsm8k-308,0,inconclusive,
gsm8k-308,1,tie,
gsm8k-308,2,python,
gsm8k-308,3,neither,
gsm8k-308,4,python,
gsm8k-308,5,python,
gsm8k-308,6,python,
gsm8k-308,7,python,
gsm8k-308,8,python,
gsm8k-309,0,inconclusive,
gsm8k-309,1,lean,
gsm8k-309,2,python,
gsm8k-309,3,neither,
gsm8k-309,4,python,
gsm8k-309,5,python,
gsm8k-30,0,python,
gsm8k-30,1,python,
gsm8k-30,2,python,
gsm8k-310,0,python,
gsm8k-310,1,python,
gsm8k-310,2,python,
gsm8k-310,3,python,
gsm8k-310,4,python,
gsm8k-310,5,python,
gsm8k-311,0,inconclusive,
gsm8k-311,1,tie,
gsm8k-311,2,lean,
gsm8k-311,3,python,
gsm8k-311,4,python,
gsm8k-312,0,inconclusive,
gsm8k-312,1,python,
gsm8k-312,2,inconclusive,
gsm8k-313,0,python,
gsm8k-313,1,python,
gsm8k-313,2,tie,
gsm8k-313,3,python,
gsm8k-313,4,python,
gsm8k-313,5,python,
gsm8k-314,0,python,
gsm8k-314,1,python,
gsm8k-314,2,python,
gsm8k-314,3,python,
gsm8k-314,4,neither,
gsm8k-314,5,python,
gsm8k-315,0,python,
gsm8k-315,1,python,
gsm8k-315,2,python,
gsm8k-316,0,python,
gsm8k-316,1,python,
gsm8k-316,2,python,
gsm8k-316,3,python,
gsm8k-317,0,python,
gsm8k-317,1,tie,
gsm8k-317,2,lean,
gsm8k-317,3,python,
gsm8k-318,0,python,
gsm8k-318,1,python,
gsm8k-318,2,python,
gsm8k-318,3,inconclusive,
gsm8k-318,4,python,
gsm8k-318,5,python,
gsm8k-319,0,neither,
gsm8k-319,1,python,
gsm8k-319,2,lean,
gsm8k-319,3,python,
gsm8k-31,0,inconclusive,
gsm8k-31,1,neither,
gsm8k-31,2,python,
gsm8k-31,3,lean,
gsm8k-31,4,python,
gsm8k-31,5,neither,
gsm8k-31,6,python,
gsm8k-320,0,python,
gsm8k-320,1,python,
gsm8k-320,2,inconclusive,
gsm8k-320,3,python,
gsm8k-320,4,python,
gsm8k-321,0,neither,
gsm8k-321,1,python,
gsm8k-321,2,python,
gsm8k-321,3,lean,
gsm8k-322,0,lean,
gsm8k-322,1,python,
gsm8k-322,2,lean,
gsm8k-322,3,lean,
gsm8k-323,0,python,
gsm8k-323,1,tie,
gsm8k-323,2,python,
gsm8k-323,3,lean,
gsm8k-323,4,inconclusive,
gsm8k-324,0,inconclusive,
gsm8k-324,1,python,
gsm8k-324,2,inconclusive,
gsm8k-324,3,lean,
gsm8k-324,4,lean,
gsm8k-324,5,python,
gsm8k-324,6,python,
gsm8k-324,7,python,
gsm8k-324,8,python,
gsm8k-324,9,python,
gsm8k-325,0,python,
gsm8k-325,1,python,
gsm8k-325,2,python,
gsm8k-325,3,python,
gsm8k-325,4,lean,
gsm8k-326,0,tie,
gsm8k-326,1,inconclusive,
gsm8k-326,2,python,
gsm8k-327,0,python,
gsm8k-327,1,python,
gsm8k-327,2,python,
gsm8k-327,3,python,
gsm8k-327,4,python,
gsm8k-327,5,python,
gsm8k-328,0,python,
gsm8k-328,1,python,
gsm8k-328,2,neither,
gsm8k-328,3,python,
gsm8k-328,4,python,
gsm8k-328,5,python,
gsm8k-329,0,inconclusive,
gsm8k-329,1,python,
gsm8k-329,2,python,
gsm8k-329,3,neither,
gsm8k-329,4,python,
gsm8k-32,0,python,
gsm8k-32,1,lean,
gsm8k-32,2,python,
gsm8k-32,3,inconclusive,
gsm8k-32,4,lean,
gsm8k-330,0,python,
gsm8k-330,1,python,
gsm8k-330,2,python,
gsm8k-330,3,python,
gsm8k-330,4,python,
gsm8k-331,0,inconclusive,
gsm8k-331,1,tie,
gsm8k-331,2,python,
gsm8k-331,3,lean,
gsm8k-331,4,python,
gsm8k-332,0,lean,
gsm8k-332,1,lean,
gsm8k-332,2,python,
gsm8k-332,3,neither,
gsm8k-332,4,inconclusive,
gsm8k-333,0,inconclusive,
gsm8k-333,1,neither,
gsm8k-333,2,python,
gsm8k-333,3,python,
gsm8k-333,4,python,
gsm8k-334,0,python,
gsm8k-334,1,python,
gsm8k-334,2,python,
gsm8k-334,3,python,
gsm8k-335,0,python,
gsm8k-335,1,python,
gsm8k-335,2,python,
gsm8k-335,3,python,
gsm8k-336,0,python,
gsm8k-336,1,lean,
gsm8k-336,2,python,
gsm8k-336,3,lean,
gsm8k-336,4,python,
gsm8k-337,0,python,
gsm8k-337,1,python,
gsm8k-337,2,python,
gsm8k-337,3,python,
gsm8k-338,0,python,
gsm8k-338,1,python,
gsm8k-338,2,python,
gsm8k-338,3,python,
gsm8k-338,4,python,
gsm8k-338,5,python,
gsm8k-338,6,python,
gsm8k-338,7,tie,
gsm8k-339,0,inconclusive,
gsm8k-339,1,neither,
gsm8k-339,2,lean,
gsm8k-339,3,neither,
gsm8k-339,4,neither,
gsm8k-339,5,python,
gsm8k-339,6,python,
gsm8k-33,0,inconclusive,
gsm8k-33,1,tie,
gsm8k-33,2,neither,
gsm8k-33,3,neither,
gsm8k-33,4,lean,
gsm8k-340,0,python,
gsm8k-340,1,python,
gsm8k-340,2,python,
gsm8k-341,0,python,
gsm8k-341,1,lean,
gsm8k-341,2,neither,
gsm8k-341,3,lean,
gsm8k-341,4,lean,
gsm8k-341,5,lean,
gsm8k-341,6,lean,
gsm8k-341,7,neither,
gsm8k-341,8,neither,
gsm8k-341,9,lean,
gsm8k-342,0,python,
gsm8k-342,1,python,
gsm8k-342,2,inconclusive,
gsm8k-342,3,python,
gsm8k-343,0,inconclusive,
gsm8k-343,1,python,
gsm8k-343,2,neither,
gsm8k-343,3,inconclusive,
gsm8k-344,0,neither,
gsm8k-344,1,tie,
gsm8k-344,2,python,
gsm8k-344,3,python,
gsm8k-344,4,python,
gsm8k-345,0,python,
gsm8k-345,1,python,
gsm8k-345,2,python,
gsm8k-345,3,inconclusive,
gsm8k-345,4,python,
gsm8k-345,5,python,
gsm8k-346,0,inconclusive,
gsm8k-346,1,python,
gsm8k-346,2,python,
gsm8k-346,3,neither,
gsm8k-346,4,python,
gsm8k-347,0,python,
gsm8k-347,1,python,
gsm8k-347,2,python,
gsm8k-347,3,neither,
gsm8k-347,4,python,
gsm8k-347,5,python,
gsm8k-347,6,python,
gsm8k-347,7,python,
gsm8k-348,0,inconclusive,
gsm8k-348,1,python,
gsm8k-348,2,python,
gsm8k-348,3,python,
gsm8k-348,4,inconclusive,
gsm8k-349,0,inconclusive,
gsm8k-349,1,tie,
gsm8k-349,2,python,
gsm8k-349,3,python,
gsm8k-34,0,python,
gsm8k-34,1,python,
gsm8k-34,2,python,
gsm8k-34,3,python,
gsm8k-350,0,inconclusive,
gsm8k-350,1,inconclusive,
gsm8k-350,2,python,
gsm8k-350,3,python,
gsm8k-350,4,python,
gsm8k-350,5,tie,
gsm8k-351,0,python,
gsm8k-351,1,python,
gsm8k-351,2,python,
gsm8k-351,3,python,
gsm8k-351,4,python,
gsm8k-352,0,python,
gsm8k-352,1,tie,
gsm8k-352,2,python,
gsm8k-352,3,python,
gsm8k-352,4,python,
gsm8k-352,5,python,
gsm8k-353,0,python,
gsm8k-353,1,tie,
gsm8k-353,2,python,
gsm8k-353,3,python,
gsm8k-353,4,python,
gsm8k-354,0,inconclusive,
gsm8k-354,1,python,
gsm8k-354,2,python,
gsm8k-354,3,python,
gsm8k-354,4,lean,
gsm8k-354,5,python,
gsm8k-354,6,python,
gsm8k-355,0,inconclusive,
gsm8k-355,1,python,
gsm8k-355,2,lean,
gsm8k-355,3,python,
gsm8k-355,4,neither,
gsm8k-355,5,python,
gsm8k-356,0,python,
gsm8k-356,1,python,
gsm8k-356,2,python,
gsm8k-356,3,lean,
gsm8k-356,4,python,
gsm8k-357,0,inconclusive,
gsm8k-357,1,python,
gsm8k-357,2,lean,
gsm8k-357,3,python,
gsm8k-358,0,tie,
gsm8k-358,1,python,
gsm8k-358,2,python,
gsm8k-358,3,python,
gsm8k-358,4,python,
gsm8k-359,0,python,
gsm8k-359,1,python,
gsm8k-359,2,neither,
gsm8k-359,3,neither,
gsm8k-35,0,python,
gsm8k-35,1,neither,
gsm8k-35,2,python,
gsm8k-35,3,python,
gsm8k-35,4,python,
gsm8k-360,0,python,
gsm8k-360,1,lean,
gsm8k-360,2,python,
gsm8k-360,3,python,
gsm8k-360,4,lean,
gsm8k-360,5,tie,
gsm8k-361,0,python,
gsm8k-361,1,neither,
gsm8k-361,2,neither,
gsm8k-361,3,python,
gsm8k-361,4,python,
gsm8k-361,5,python,
gsm8k-362,0,python,
gsm8k-362,1,python,
gsm8k-362,2,python,
gsm8k-362,3,python,
gsm8k-362,4,neither,
gsm8k-362,5,python,
gsm8k-362,6,python,
gsm8k-363,0,python,
gsm8k-363,1,lean,
gsm8k-363,2,python,
gsm8k-364,0,tie,
gsm8k-364,1,python,
gsm8k-364,2,neither,
gsm8k-364,3,python,
gsm8k-365,0,inconclusive,
gsm8k-365,1,python,
gsm8k-365,2,python,
gsm8k-365,3,neither,
gsm8k-365,4,python,
gsm8k-365,5,tie,
gsm8k-366,0,python,
gsm8k-366,1,lean,
gsm8k-366,2,python,
gsm8k-367,0,inconclusive,
gsm8k-367,1,python,
gsm8k-367,2,python,
gsm8k-367,3,python,
gsm8k-367,4,python,
gsm8k-367,5,python,
gsm8k-368,0,neither,
gsm8k-368,1,python,
gsm8k-368,2,python,
gsm8k-368,3,lean,
gsm8k-369,0,python,
gsm8k-369,1,lean,
gsm8k-369,2,python,
gsm8k-36,0,inconclusive,
gsm8k-36,1,python,
gsm8k-36,2,python,
gsm8k-36,3,python,
gsm8k-36,4,python,
gsm8k-370,0,inconclusive,
gsm8k-370,1,python,
gsm8k-370,2,python,
gsm8k-370,3,python,
gsm8k-371,0,python,
gsm8k-371,1,python,
gsm8k-371,2,python,
gsm8k-371,3,lean,
gsm8k-371,4,python,
gsm8k-371,5,python,
gsm8k-372,0,inconclusive,
gsm8k-372,1,neither,
gsm8k-372,2,python,
gsm8k-373,0,inconclusive,
gsm8k-373,1,inconclusive,
gsm8k-373,2,python,
gsm8k-373,3,neither,
gsm8k-373,4,python,
gsm8k-374,0,inconclusive,
gsm8k-374,1,python,
gsm8k-374,2,python,
gsm8k-374,3,neither,
gsm8k-374,4,python,
gsm8k-375,0,python,
gsm8k-375,1,python,
gsm8k-375,2,python,
gsm8k-375,3,lean,
gsm8k-375,4,python,
gsm8k-376,0,inconclusive,
gsm8k-376,1,tie,
gsm8k-376,2,python,
gsm8k-376,3,lean,
gsm8k-376,4,lean,
gsm8k-376,5,python,
gsm8k-377,0,python,
gsm8k-377,1,python,
gsm8k-377,2,python,
gsm8k-377,3,python,
gsm8k-377,4,python,
gsm8k-377,5,python,
gsm8k-378,0,python,
gsm8k-378,1,tie,
gsm8k-378,2,python,
gsm8k-378,3,lean,
gsm8k-378,4,python,
gsm8k-378,5,lean,
gsm8k-378,6,python,
gsm8k-379,0,neither,
gsm8k-379,1,python,
gsm8k-379,2,python,
gsm8k-379,3,python,
gsm8k-379,4,python,
gsm8k-37,0,python,
gsm8k-37,1,neither,
gsm8k-37,2,python,
gsm8k-37,3,neither,
gsm8k-380,0,python,
gsm8k-380,1,python,
gsm8k-380,2,lean,
gsm8k-380,3,inconclusive,
gsm8k-380,4,python,
gsm8k-381,0,python,
gsm8k-381,1,python,
gsm8k-381,2,python,
gsm8k-381,3,python,
gsm8k-382,0,python,
gsm8k-382,1,python,
gsm8k-382,2,python,
gsm8k-382,3,python,
gsm8k-383,0,python,
gsm8k-383,1,lean,
gsm8k-383,2,python,
gsm8k-383,3,lean,
gsm8k-384,0,python,
gsm8k-384,1,python,
gsm8k-384,2,lean,
gsm8k-384,3,python,
gsm8k-385,0,neither,
gsm8k-385,1,neither,
gsm8k-386,0,python,
gsm8k-386,1,neither,
gsm8k-386,2,lean,
gsm8k-386,3,python,
gsm8k-386,4,python,
gsm8k-387,0,inconclusive,
gsm8k-387,1,python,
gsm8k-387,2,lean,
gsm8k-387,3,neither,
gsm8k-387,4,tie,
gsm8k-388,0,inconclusive,
gsm8k-388,1,python,
gsm8k-388,2,python,
gsm8k-388,3,python,
gsm8k-389,0,inconclusive,
gsm8k-389,1,python,
gsm8k-389,2,python,
gsm8k-389,3,python,
gsm8k-38,0,neither,
gsm8k-38,1,python,
gsm8k-38,2,neither,
gsm8k-38,3,python,
gsm8k-38,4,python,
gsm8k-38,5,python,
gsm8k-38,6,python,
gsm8k-38,7,python,
gsm8k-390,0,python,
gsm8k-390,1,python,
gsm8k-390,2,python,
gsm8k-390,3,python,
gsm8k-390,4,lean,
gsm8k-390,5,neither,
gsm8k-390,6,lean,
gsm8k-391,0,python,
gsm8k-391,1,python,
gsm8k-391,2,lean,
gsm8k-391,3,python,
gsm8k-392,0,neither,
gsm8k-392,1,neither,
gsm8k-392,2,python,
gsm8k-392,3,python,
gsm8k-392,4,python,
gsm8k-393,0,python,
gsm8k-393,1,python,
gsm8k-393,2,lean,
gsm8k-393,3,python,
gsm8k-394,0,python,
gsm8k-394,1,python,
gsm8k-394,2,python,
gsm8k-394,3,python,
gsm8k-395,0,inconclusive,
gsm8k-395,1,python,
gsm8k-395,2,python,
gsm8k-395,3,python,
gsm8k-396,0,inconclusive,
gsm8k-396,1,python,
gsm8k-396,2,python,
gsm8k-396,3,python,
gsm8k-396,4,python,
gsm8k-397,0,inconclusive,
gsm8k-397,1,inconclusive,
gsm8k-397,2,neither,
gsm8k-397,3,python,
gsm8k-397,4,python,
gsm8k-397,5,python,
gsm8k-397,6,python,
gsm8k-397,7,python,
gsm8k-397,8,python,
gsm8k-398,0,python,
gsm8k-398,1,python,
gsm8k-398,2,neither,
gsm8k-398,3,lean,
gsm8k-399,0,python,
gsm8k-399,1,python,
gsm8k-399,2,inconclusive,
gsm8k-399,3,python,
gsm8k-399,4,lean,
gsm8k-399,5,python,
gsm8k-39,0,tie,
gsm8k-39,1,python,
gsm8k-39,2,neither,
gsm8k-39,3,lean,
gsm8k-39,4,python,
gsm8k-3,0,python,
gsm8k-3,1,python,
gsm8k-3,2,neither,
gsm8k-3,3,neither,
gsm8k-40,0,python,
gsm8k-40,1,python,
gsm8k-40,2,neither,
gsm8k-40,3,python,
gsm8k-41,0,python,
gsm8k-41,1,python,
gsm8k-41,2,python,
gsm8k-41,3,python,
gsm8k-41,4,neither,
gsm8k-41,5,python,
gsm8k-42,0,inconclusive,
gsm8k-42,1,python,
gsm8k-42,2,python,
gsm8k-42,3,neither,
gsm8k-42,4,neither,
gsm8k-42,5,neither,
gsm8k-42,6,python,
gsm8k-43,0,python,
gsm8k-43,1,python,
gsm8k-43,2,tie,
gsm8k-43,3,python,
gsm8k-43,4,lean,
gsm8k-44,0,neither,
gsm8k-44,1,python,
gsm8k-44,2,inconclusive,
gsm8k-45,0,python,
gsm8k-45,1,python,
gsm8k-45,2,python,
gsm8k-45,3,python,
gsm8k-45,4,python,
gsm8k-46,0,python,
gsm8k-46,1,python,
gsm8k-46,2,python,
gsm8k-46,3,python,
gsm8k-46,4,python,
gsm8k-47,0,inconclusive,
gsm8k-47,1,python,
gsm8k-47,2,python,
gsm8k-47,3,neither,
gsm8k-47,4,python,
gsm8k-47,5,python,
gsm8k-48,0,python,
gsm8k-48,1,python,
gsm8k-48,2,inconclusive,
gsm8k-48,3,python,
gsm8k-48,4,python,
gsm8k-49,0,python,
gsm8k-49,1,python,
gsm8k-49,10,python,
gsm8k-49,11,python,
gsm8k-49,12,python,
gsm8k-49,13,python,
gsm8k-49,14,python,
gsm8k-49,15,neither,
gsm8k-49,2,python,
gsm8k-49,3,neither,
gsm8k-49,4,python,
gsm8k-49,5,python,
gsm8k-49,6,neither,
gsm8k-49,7,python,
gsm8k-49,8,python,
gsm8k-49,9,python,
gsm8k-4,0,inconclusive,
gsm8k-4,1,python,
gsm8k-4,2,neither,
gsm8k-4,3,python,
gsm8k-4,4,python,
gsm8k-50,0,python,
gsm8k-50,1,inconclusive,
gsm8k-50,2,python,
gsm8k-50,3,python,
gsm8k-51,0,neither,
gsm8k-51,1,python,
gsm8k-51,2,lean,
gsm8k-51,3,lean,
gsm8k-51,4,python,
gsm8k-51,5,python,
gsm8k-51,6,python,
gsm8k-52,0,python,
gsm8k-52,1,python,
gsm8k-52,2,lean,
gsm8k-52,3,python,
gsm8k-52,4,python,
gsm8k-53,0,python,
gsm8k-53,1,lean,
gsm8k-53,2,lean,
gsm8k-53,3,python,
gsm8k-53,4,neither,
gsm8k-54,0,neither,
gsm8k-54,1,inconclusive,
gsm8k-54,2,neither,
gsm8k-54,3,neither,
gsm8k-54,4,python,
gsm8k-54,5,python,
gsm8k-54,6,python,
gsm8k-55,0,neither,
gsm8k-55,1,python,
gsm8k-55,2,python,
gsm8k-55,3,python,
gsm8k-56,0,python,
gsm8k-56,1,python,
gsm8k-56,10,python,
gsm8k-56,11,neither,
gsm8k-56,2,python,
gsm8k-56,3,python,
gsm8k-56,4,python,
gsm8k-56,5,python,
gsm8k-56,6,python,
gsm8k-56,7,python,
gsm8k-56,8,python,
gsm8k-56,9,python,
gsm8k-57,0,neither,
gsm8k-57,1,neither,
gsm8k-57,2,lean,
gsm8k-57,3,python,
gsm8k-57,4,python,
gsm8k-57,5,python,
gsm8k-57,6,lean,
gsm8k-57,7,python,
gsm8k-58,0,neither,
gsm8k-58,1,neither,
gsm8k-58,2,python,
gsm8k-58,3,python,
gsm8k-58,4,neither,
gsm8k-58,5,python,
gsm8k-59,0,tie,
gsm8k-59,1,python,
gsm8k-59,2,python,
gsm8k-5,0,python,
gsm8k-5,1,python,
gsm8k-5,2,python,
gsm8k-5,3,python,
gsm8k-60,0,neither,
gsm8k-60,1,python,
gsm8k-60,2,python,
gsm8k-60,3,python,
gsm8k-60,4,python,
gsm8k-60,5,inconclusive,
gsm8k-61,0,inconclusive,
gsm8k-61,1,neither,
gsm8k-61,2,python,
gsm8k-61,3,python,
gsm8k-61,4,python,
gsm8k-61,5,lean,
gsm8k-62,0,python,
gsm8k-62,1,inconclusive,
gsm8k-62,2,python,
gsm8k-62,3,python,
gsm8k-62,4,python,
gsm8k-63,0,inconclusive,
gsm8k-63,1,python,
gsm8k-63,2,python,
gsm8k-63,3,neither,
gsm8k-63,4,python,
gsm8k-63,5,python,
gsm8k-63,6,python,
gsm8k-64,0,neither,
gsm8k-64,1,python,
gsm8k-64,2,python,
gsm8k-64,3,neither,
gsm8k-64,4,neither,
gsm8k-64,5,neither,
gsm8k-65,0,inconclusive,
gsm8k-65,1,python,
gsm8k-65,2,neither,
gsm8k-65,3,python,
gsm8k-65,4,python,
gsm8k-65,5,neither,
gsm8k-65,6,neither,
gsm8k-65,7,python,
gsm8k-65,8,python,
gsm8k-65,9,python,
gsm8k-66,0,python,
gsm8k-66,1,python,
gsm8k-66,2,python,
gsm8k-66,3,python,
gsm8k-66,4,python,
gsm8k-66,5,python,
gsm8k-66,6,python,
gsm8k-66,7,python,
gsm8k-66,8,python,
gsm8k-66,9,python,
gsm8k-67,0,python,
gsm8k-67,1,python,
gsm8k-67,2,python,
gsm8k-67,3,python,
gsm8k-67,4,python,
gsm8k-68,0,inconclusive,
gsm8k-68,1,python,
gsm8k-68,2,lean,
gsm8k-68,3,python,
gsm8k-68,4,inconclusive,
gsm8k-68,5,neither,
gsm8k-68,6,python,
gsm8k-69,0,inconclusive,
gsm8k-69,1,python,
gsm8k-69,2,python,
gsm8k-69,3,python,
gsm8k-69,4,python,
gsm8k-6,0,python,
gsm8k-6,1,python,
gsm8k-6,2,python,
gsm8k-70,0,python,
gsm8k-70,1,python,
gsm8k-70,2,tie,
gsm8k-70,3,python,
gsm8k-71,0,inconclusive,
gsm8k-71,1,inconclusive,
gsm8k-71,2,python,
gsm8k-71,3,neither,
gsm8k-71,4,python,
gsm8k-71,5,python,
gsm8k-72,0,python,
gsm8k-72,1,python,
gsm8k-72,2,python,
gsm8k-72,3,python,
gsm8k-73,0,inconclusive,
gsm8k-73,1,python,
gsm8k-73,2,python,
gsm8k-73,3,python,
gsm8k-73,4,python,
gsm8k-73,5,python,
gsm8k-74,0,python,
gsm8k-74,1,python,
gsm8k-74,2,python,
gsm8k-74,3,python,
gsm8k-74,4,python,
gsm8k-74,5,python,
gsm8k-74,6,python,
gsm8k-75,0,python,
gsm8k-75,1,python,
gsm8k-75,2,python,
gsm8k-75,3,lean,
gsm8k-75,4,python,
gsm8k-76,0,python,
gsm8k-76,1,lean,
gsm8k-76,2,python,
gsm8k-76,3,lean,
gsm8k-76,4,python,
gsm8k-77,0,python,
gsm8k-77,1,python,
gsm8k-77,2,python,
gsm8k-77,3,python,
gsm8k-78,0,python,
gsm8k-78,1,neither,
gsm8k-78,2,python,
gsm8k-78,3,python,
gsm8k-78,4,python,
gsm8k-78,5,python,
gsm8k-78,6,lean,
gsm8k-78,7,python,
gsm8k-78,8,python,
gsm8k-79,0,python,
gsm8k-79,1,python,
gsm8k-79,2,python,
gsm8k-7,0,inconclusive,
gsm8k-7,1,python,
gsm8k-7,2,python,
gsm8k-7,3,python,
gsm8k-80,0,python,
gsm8k-80,1,neither,
gsm8k-80,2,lean,
gsm8k-80,3,python,
gsm8k-81,0,inconclusive,
gsm8k-81,1,python,
gsm8k-81,2,neither,
gsm8k-81,3,python,
gsm8k-81,4,python,
gsm8k-81,5,python,
gsm8k-81,6,python,
gsm8k-82,0,python,
gsm8k-82,1,neither,
gsm8k-82,2,inconclusive,
gsm8k-82,3,lean,
gsm8k-82,4,lean,
gsm8k-82,5,python,
gsm8k-82,6,python,
gsm8k-82,7,neither,
gsm8k-83,0,tie,
gsm8k-83,1,python,
gsm8k-83,2,python,
gsm8k-83,3,python,
gsm8k-83,4,neither,
gsm8k-84,0,python,
gsm8k-84,1,lean,
gsm8k-84,2,tie,
gsm8k-84,3,inconclusive,
gsm8k-84,4,,request_failed
gsm8k-85,0,inconclusive,
gsm8k-85,1,python,
gsm8k-85,2,python,
gsm8k-85,3,neither,
gsm8k-86,0,python,
gsm8k-86,1,python,
gsm8k-86,2,python,
gsm8k-87,0,python,
gsm8k-87,1,neither,
gsm8k-87,2,python,
gsm8k-87,3,lean,
gsm8k-87,4,python,
gsm8k-88,0,inconclusive,
gsm8k-88,1,python,
gsm8k-88,2,python,
gsm8k-88,3,inconclusive,
gsm8k-88,4,neither,
gsm8k-88,5,python,
gsm8k-88,6,python,
gsm8k-89,0,python,
gsm8k-89,1,python,
gsm8k-89,2,python,
gsm8k-89,3,python,
gsm8k-89,4,lean,
gsm8k-8,0,inconclusive,
gsm8k-8,1,inconclusive,
gsm8k-8,2,python,
gsm8k-8,3,python,
gsm8k-8,4,python,
gsm8k-8,5,python,
gsm8k-90,0,python,
gsm8k-90,1,lean,
gsm8k-90,2,python,
gsm8k-90,3,python,
gsm8k-90,4,python,
gsm8k-91,0,neither,
gsm8k-91,1,python,
gsm8k-91,2,python,
gsm8k-92,0,python,
gsm8k-92,1,python,
gsm8k-92,2,neither,
gsm8k-92,3,inconclusive,
gsm8k-92,4,python,
gsm8k-92,5,python,
gsm8k-92,6,python,
gsm8k-92,7,python,
gsm8k-93,0,inconclusive,
gsm8k-93,1,python,
gsm8k-93,10,python,
gsm8k-93,11,inconclusive,
gsm8k-93,2,lean,
gsm8k-93,3,python,
gsm8k-93,4,python,
gsm8k-93,5,python,
gsm8k-93,6,python,
gsm8k-93,7,inconclusive,
gsm8k-93,8,lean,
gsm8k-93,9,lean,
gsm8k-94,0,python,
gsm8k-94,1,python,
gsm8k-94,2,python,
gsm8k-95,0,neither,
gsm8k-95,1,python,
gsm8k-95,2,lean,
gsm8k-96,0,python,
gsm8k-96,1,python,
gsm8k-96,2,inconclusive,
gsm8k-96,3,python,
gsm8k-97,0,python,
gsm8k-97,1,python,
gsm8k-97,2,neither,
gsm8k-97,3,python,
gsm8k-97,4,python,
gsm8k-98,0,neither,
gsm8k-98,1,python,
gsm8k-98,2,python,
gsm8k-98,3,python,
gsm8k-99,0,python,
gsm8k-99,1,python,
gsm8k-99,2,tie,
gsm8k-99,3,python,
gsm8k-99,4,python,
gsm8k-99,5,python,
gsm8k-9,0,inconclusive,
gsm8k-9,1,tie,
gsm8k-9,2,lean,
gsm8k-9,3,lean,
math-0,0,python,
math-0,1,python,
math-100,0,inconclusive,
math-100,1,neither,
math-100,2,python,
math-100,3,neither,
math-101,0,neither,
math-101,1,inconclusive,
math-101,2,python,
math-101,3,python,
math-101,4,python,
math-102,0,python,
math-102,1,inconclusive,
math-102,10,python,
math-102,11,neither,
math-102,12,neither,
math-102,2,tie,
math-102,3,neither,
math-102,4,neither,
math-102,5,python,
math-102,6,python,
math-102,7,lean,
math-102,8,python,
math-102,9,neither,
math-103,0,python,
math-103,1,inconclusive,
math-103,2,inconclusive,
math-103,3,inconclusive,
math-103,4,lean,
math-103,5,lean,
math-103,6,python,
math-103,7,neither,
math-103,8,python,
math-103,9,python,
math-104,0,python,
math-104,1,neither,
math-104,2,python,
math-104,3,neither,
math-104,4,lean,
math-105,0,lean,
math-105,1,inconclusive,
math-105,2,lean,
math-105,3,inconclusive,
math-105,4,inconclusive,
math-105,5,inconclusive,
math-105,6,lean,
math-105,7,python,
math-105,8,python,
math-105,9,python,
math-106,0,inconclusive,
math-106,1,inconclusive,
math-106,10,lean,
math-106,11,lean,
math-106,12,lean,
math-106,13,neither,
math-106,14,python,
math-106,2,inconclusive,
math-106,3,python,
math-106,4,lean,
math-106,5,lean,
math-106,6,lean,
math-106,7,lean,
math-106,8,lean,
math-106,9,lean,
math-107,0,lean,
math-107,1,python,
math-107,2,inconclusive,
math-107,3,neither,
math-107,4,python,
math-107,5,python,
math-107,6,python,
math-107,7,python,
math-107,8,inconclusive,
math-108,0,neither,
math-108,1,neither,
math-108,2,inconclusive,
math-108,3,neither,
math-108,4,python,
math-109,0,inconclusive,
math-109,1,python,
math-109,2,python,
math-109,3,neither,
math-109,4,python,
math-109,5,python,
math-109,6,python,
math-109,7,python,
math-10,0,python,
math-10,1,neither,
math-10,2,lean,
math-10,3,inconclusive,
math-10,4,neither,
math-10,5,neither,
math-10,6,python,
math-10,7,neither,
math-10,8,python,
math-10,9,python,
math-110,0,python,
math-110,1,lean,
math-110,10,python,
math-110,11,python,
math-110,2,inconclusive,
math-110,3,python,
math-110,4,neither,
math-110,5,neither,
math-110,6,neither,
math-110,7,python,
math-110,8,neither,
math-110,9,neither,
math-111,0,lean,
math-111,1,neither,
math-111,2,neither,
math-111,3,neither,
math-112,0,python,
math-112,1,python,
math-112,2,python,
math-112,3,python,
math-113,0,inconclusive,
math-113,1,inconclusive,
math-113,2,python,
math-113,3,python,
math-113,4,python,
math-113,5,python,
math-114,0,lean,
math-114,1,inconclusive,
math-114,2,python,
math-114,3,inconclusive,
math-114,4,python,
math-114,5,python,
math-115,0,inconclusive,
math-115,1,neither,
math-115,2,inconclusive,
math-115,3,python,
math-116,0,inconclusive,
math-116,1,lean,
math-116,2,neither,
math-116,3,python,
math-117,0,python,
math-117,1,python,
math-117,2,python,
math-117,3,python,
math-117,4,python,
math-118,0,python,
math-118,1,neither,
math-118,2,python,
math-118,3,python,
math-119,0,python,
math-119,1,python,
math-119,10,python,
math-119,11,python,
math-119,2,python,
math-119,3,python,
math-119,4,python,
math-119,5,python,
math-119,6,python,
math-119,7,python,
math-119,8,python,
math-119,9,python,
math-11,0,python,
math-11,1,python,
math-11,2,python,
math-11,3,python,
math-120,0,inconclusive,
math-120,1,neither,
math-120,2,inconclusive,
math-120,3,inconclusive,
math-120,4,lean,
math-120,5,lean,
math-120,6,inconclusive,
math-120,7,inconclusive,
math-120,8,python,
math-120,9,python,
math-121,0,inconclusive,
math-121,1,neither,
math-121,2,lean,
math-121,3,python,
math-121,4,python,
math-122,0,inconclusive,
math-122,1,inconclusive,
math-122,2,python,
math-122,3,inconclusive,
math-122,4,inconclusive,
math-122,5,neither,
math-122,6,python,
math-122,7,python,
math-123,0,inconclusive,
math-123,1,inconclusive,
math-123,2,lean,
math-123,3,python,
math-123,4,python,
math-123,5,python,
math-124,0,python,
math-124,1,inconclusive,
math-124,2,python,
math-124,3,lean,
math-124,4,python,
math-125,0,python,
math-125,1,neither,
math-125,10,python,
math-125,11,inconclusive,
math-125,12,neither,
math-125,13,neither,
math-125,2,python,
math-125,3,neither,
math-125,4,neither,
math-125,5,inconclusive,
math-125,6,inconclusive,
math-125,7,python,
math-125,8,inconclusive,
math-125,9,inconclusive,
math-126,0,lean,
math-126,1,lean,
math-126,2,python,
math-126,3,neither,
math-127,0,python,
math-127,1,python,
math-127,2,python,
math-127,3,python,
math-127,4,python,
math-127,5,python,
math-127,6,tie,
math-127,7,python,
math-128,0,python,
math-128,1,python,
math-128,2,neither,
math-128,3,python,
math-128,4,python,
math-128,5,python,
math-128,6,python,
math-129,0,inconclusive,
math-129,1,python,
math-129,2,inconclusive,
math-129,3,python,
math-129,4,inconclusive,
math-129,5,inconclusive,
math-129,6,inconclusive,
math-12,0,neither,
math-12,1,inconclusive,
math-12,2,python,
math-12,3,python,
math-130,0,neither,
math-130,1,inconclusive,
math-130,2,neither,
math-130,3,neither,
math-130,4,neither,
math-131,0,python,
math-131,1,python,
math-131,2,python,
math-131,3,python,
math-132,0,python,
math-132,1,,request_failed
math-132,2,python,
math-132,3,python,
math-132,4,python,
math-132,5,python,
math-133,0,inconclusive,
math-133,1,python,
math-133,2,python,
math-133,3,python,
math-133,4,python,
math-134,0,inconclusive,
math-134,1,neither,
math-134,2,inconclusive,
math-135,0,inconclusive,
math-135,1,python,
math-135,2,python,
math-135,3,neither,
math-135,4,inconclusive,
math-135,5,inconclusive,
math-136,0,inconclusive,
math-136,1,inconclusive,
math-136,2,inconclusive,
math-136,3,inconclusive,
math-136,4,inconclusive,
math-136,5,inconclusive,
math-136,6,inconclusive,
math-136,7,inconclusive,
math-136,8,inconclusive,
math-137,0,inconclusive,
math-137,1,python,
math-137,2,python,
math-137,3,python,
math-137,4,python,
math-138,0,inconclusive,
math-138,1,inconclusive,
math-138,2,inconclusive,
math-138,3,neither,
math-138,4,neither,
math-138,5,,request_failed
math-138,6,neither,
math-139,0,lean,
math-139,1,neither,
math-139,2,neither,
math-139,3,lean,
math-139,4,lean,
math-139,5,neither,
math-139,6,inconclusive,
math-13,0,lean,
math-13,1,inconclusive,
math-13,2,neither,
math-13,3,neither,
math-13,4,neither,
math-140,0,neither,
math-140,1,,request_failed
math-140,2,inconclusive,
math-141,0,python,
math-141,1,python,
math-141,2,neither,
math-141,3,python,
math-141,4,python,
math-142,0,neither,
math-142,1,python,
math-142,2,python,
math-142,3,neither,
math-142,4,neither,
math-142,5,python,
math-142,6,python,
math-142,7,python,
math-142,8,python,
math-143,0,python,
math-143,1,inconclusive,
math-143,2,python,
math-144,0,lean,
math-144,1,python,
math-144,2,python,
math-144,3,python,
math-145,0,lean,
math-145,1,inconclusive,
math-145,2,python,
math-145,3,python,
math-145,4,neither,
math-145,5,inconclusive,
math-145,6,python,
math-145,7,python,
math-146,0,python,
math-146,1,python,
math-146,2,python,
math-147,0,neither,
math-147,1,neither,
math-147,2,python,
math-147,3,neither,
math-147,4,neither,
math-148,0,inconclusive,
math-148,1,inconclusive,
math-148,10,python,
math-148,11,python,
math-148,12,inconclusive,
math-148,2,neither,
math-148,3,neither,
math-148,4,neither,
math-148,5,inconclusive,
math-148,6,neither,
math-148,7,inconclusive,
math-148,8,python,
math-148,9,python,
math-149,0,python,
math-149,1,inconclusive,
math-149,2,python,
math-149,3,neither,
math-149,4,lean,
math-14,0,python,
math-14,1,python,
math-14,2,python,
math-14,3,python,
math-150,0,python,
math-150,1,python,
math-150,2,python,
math-150,3,python,
math-150,4,python,
math-151,0,inconclusive,
math-151,1,python,
math-151,2,inconclusive,
math-151,3,neither,
math-151,4,inconclusive,
math-151,5,inconclusive,
math-151,6,neither,
math-151,7,neither,
math-151,8,neither,
math-151,9,inconclusive,
math-152,0,python,
math-152,1,python,
math-152,2,neither,
math-152,3,python,
math-152,4,neither,
math-152,5,neither,
math-152,6,neither,
math-152,7,neither,
math-153,0,inconclusive,
math-153,1,lean,
math-153,2,neither,
math-154,0,python,
math-154,1,neither,
math-154,2,python,
math-155,0,python,
math-155,1,lean,
math-155,10,python,
math-155,11,neither,
math-155,12,python,
math-155,2,neither,
math-155,3,lean,
math-155,4,neither,
math-155,5,inconclusive,
math-155,6,neither,
math-155,7,inconclusive,
math-155,8,python,
math-155,9,inconclusive,
math-156,0,python,
math-156,1,python,
math-156,2,inconclusive,
math-156,3,python,
math-156,4,python,
math-157,0,inconclusive,
math-157,1,python,
math-157,2,python,
math-157,3,inconclusive,
math-157,4,lean,
math-157,5,lean,
math-157,6,inconclusive,
math-157,7,inconclusive,
math-157,8,inconclusive,
math-157,9,inconclusive,
math-158,0,neither,
math-158,1,python,
math-158,2,python,
math-159,0,python,
math-159,1,lean,
math-159,2,neither,
math-159,3,python,
math-159,4,python,
math-15,0,python,
math-15,1,neither,
math-15,2,python,
math-15,3,inconclusive,
math-160,0,neither,
math-160,1,python,
math-160,2,inconclusive,
math-160,3,neither,
math-160,4,python,
math-160,5,python,
math-160,6,,request_failed
math-160,7,python,
math-161,0,inconclusive,
math-161,1,python,
math-161,2,python,
math-161,3,python,
math-161,5,python,
math-161,6,python,
math-161,7,python,
math-161,8,python,
math-161,9,inconclusive,
math-162,0,inconclusive,
math-162,1,python,
math-162,2,neither,
math-162,3,python,
math-162,4,inconclusive,
math-162,5,python,
math-162,6,neither,
math-162,7,inconclusive,
math-162,8,lean,
math-163,0,python,
math-163,1,python,
math-163,2,python,
math-163,3,python,
math-164,0,python,
math-164,1,python,
math-164,10,lean,
math-164,11,lean,
math-164,12,lean,
math-164,13,python,
math-164,14,lean,
math-164,15,python,
math-164,16,lean,
math-164,17,python,
math-164,2,lean,
math-164,3,python,
math-164,4,python,
math-164,5,neither,
math-164,6,python,
math-164,7,python,
math-164,8,lean,
math-164,9,python,
math-165,0,inconclusive,
math-165,1,neither,
math-165,2,neither,
math-165,3,neither,
math-165,4,neither,
math-165,5,python,
math-165,6,python,
math-165,7,python,
math-166,0,inconclusive,
math-166,1,inconclusive,
math-166,2,neither,
math-166,3,inconclusive,
math-166,4,neither,
math-166,5,python,
math-166,6,python,
math-166,7,python,
math-167,0,inconclusive,
math-167,1,inconclusive,
math-167,2,lean,
math-167,3,neither,
math-167,4,neither,
math-167,5,inconclusive,
math-168,0,inconclusive,
math-168,1,,request_failed
math-168,2,neither,
math-168,3,inconclusive,
math-169,0,python,
math-169,1,python,
math-169,2,python,
math-16,0,inconclusive,
math-16,1,python,
math-16,2,neither,
math-16,3,neither,
math-16,4,inconclusive,
math-16,5,neither,
math-16,6,neither,
math-16,7,inconclusive,
math-170,0,inconclusive,
math-170,1,python,
math-170,10,neither,
math-170,11,neither,
math-170,2,python,
math-170,3,inconclusive,
math-170,4,lean,
math-170,5,python,
math-170,6,python,
math-170,7,python,
math-170,8,neither,
math-170,9,inconclusive,
math-171,0,python,
math-171,1,neither,
math-171,2,inconclusive,
math-171,3,python,
math-171,4,neither,
math-172,0,inconclusive,
math-172,1,inconclusive,
math-172,2,inconclusive,
math-172,3,inconclusive,
math-172,4,neither,
math-172,5,neither,
math-172,6,neither,
math-172,7,neither,
math-173,0,lean,
math-173,1,lean,
math-173,10,python,
math-173,11,lean,
math-173,12,python,
math-173,13,python,
math-173,2,neither,
math-173,3,lean,
math-173,4,inconclusive,
math-173,5,neither,
math-173,6,python,
math-173,7,python,
math-173,8,python,
math-173,9,python,
math-174,0,lean,
math-174,1,neither,
math-174,2,inconclusive,
math-174,3,inconclusive,
math-174,4,python,
math-174,5,inconclusive,
math-175,0,inconclusive,
math-175,1,lean,
math-175,2,python,
math-175,3,inconclusive,
math-175,4,python,
math-175,5,neither,
math-175,6,neither,
math-175,7,python,
math-176,0,inconclusive,
math-176,1,inconclusive,
math-176,10,neither,
math-176,11,inconclusive,
math-176,2,inconclusive,
math-176,3,python,
math-176,4,inconclusive,
math-176,5,python,
math-176,6,python,
math-176,7,python,
math-176,8,inconclusive,
math-176,9,inconclusive,
math-177,0,inconclusive,
math-177,1,python,
math-177,2,python,
math-177,3,python,
math-177,4,inconclusive,
math-177,5,python,
math-177,6,python,
math-177,7,python,
math-177,8,neither,
math-177,9,inconclusive,
math-178,0,lean,
math-178,1,inconclusive,
math-178,2,python,
math-178,3,python,
math-178,4,python,
math-178,5,python,
math-179,0,inconclusive,
math-179,1,inconclusive,
math-179,2,inconclusive,
math-179,3,inconclusive,
math-179,4,neither,
math-179,5,python,
math-179,6,neither,
math-17,0,python,
math-17,1,lean,
math-17,2,python,
math-17,3,python,
math-17,4,python,
math-180,0,inconclusive,
math-180,1,inconclusive,
math-180,10,inconclusive,
math-180,11,inconclusive,
math-180,12,inconclusive,
math-180,13,inconclusive,
math-180,14,inconclusive,
math-180,15,inconclusive,
math-180,2,neither,
math-180,3,python,
math-180,4,neither,
math-180,5,neither,
math-180,6,neither,
math-180,7,python,
math-180,8,python,
math-180,9,inconclusive,
math-181,0,python,
math-181,1,lean,
math-181,2,python,
math-181,3,neither,
math-182,0,inconclusive,
math-182,1,neither,
math-182,2,neither,
math-182,3,python,
math-183,0,python,
math-183,1,neither,
math-183,2,lean,
math-183,3,lean,
math-183,4,python,
math-183,5,python,
math-183,6,python,
math-183,7,python,
math-184,0,inconclusive,
math-184,1,python,
math-184,2,lean,
math-184,3,neither,
math-184,4,python,
math-184,5,neither,
math-184,6,neither,
math-185,0,inconclusive,
math-185,1,python,
math-185,2,neither,
math-185,3,python,
math-185,4,inconclusive,
math-185,5,python,
math-185,6,inconclusive,
math-186,0,inconclusive,
math-186,1,inconclusive,
math-186,10,lean,
math-186,11,lean,
math-186,12,lean,
math-186,13,neither,
math-186,14,python,
math-186,15,neither,
math-186,16,neither,
math-186,17,python,
math-186,18,inconclusive,
math-186,19,neither,
math-186,2,neither,
math-186,20,inconclusive,
math-186,21,lean,
math-186,22,python,
math-186,23,neither,
math-186,3,inconclusive,
math-186,4,inconclusive,
math-186,5,neither,
math-186,6,python,
math-186,7,neither,
math-186,8,inconclusive,
math-186,9,inconclusive,
math-187,0,neither,
math-187,1,neither,
math-187,2,python,
math-187,3,lean,
math-187,4,inconclusive,
math-187,5,lean,
math-187,6,inconclusive,
math-187,7,python,
math-188,0,lean,
math-188,1,python,
math-188,2,lean,
math-188,3,python,
math-189,0,inconclusive,
math-189,1,lean,
math-189,10,inconclusive,
math-189,2,inconclusive,
math-189,3,python,
math-189,4,lean,
math-189,5,inconclusive,
math-189,6,inconclusive,
math-189,7,python,
math-189,8,inconclusive,
math-189,9,inconclusive,
math-18,0,inconclusive,
math-18,1,python,
math-18,2,lean,
math-190,0,neither,
math-190,1,inconclusive,
math-191,0,python,
math-191,1,neither,
math-191,2,python,
math-191,3,neither,
math-192,0,python,
math-192,1,python,
math-192,2,python,
math-192,3,python,
math-192,4,python,
math-193,0,python,
math-193,1,python,
math-193,2,python,
math-193,3,python,
math-193,4,python,
math-193,5,python,
math-193,6,python,
math-193,7,python,
math-194,0,inconclusive,
math-194,1,python,
math-194,2,python,
math-194,3,python,
math-194,4,python,
math-194,5,inconclusive,
math-194,6,lean,
math-194,7,neither,
math-195,0,neither,
math-195,1,inconclusive,
math-195,2,neither,
math-195,3,inconclusive,
math-195,4,python,
math-195,5,lean,
math-195,6,python,
math-195,7,lean,
math-195,8,python,
math-195,9,inconclusive,
math-196,0,neither,
math-196,1,lean,
math-196,2,neither,
math-196,3,inconclusive,
math-197,0,inconclusive,
math-197,1,python,
math-197,2,python,
math-197,3,python,
math-197,4,python,
math-198,0,python,
math-198,1,inconclusive,
math-198,2,neither,
math-198,3,python,
math-199,0,inconclusive,
math-199,1,neither,
math-199,2,python,
math-199,3,neither,
math-199,4,python,
math-199,5,python,
math-199,6,neither,
math-199,7,neither,
math-199,8,neither,
math-199,9,neither,
math-19,0,neither,
math-19,1,neither,
math-19,2,python,
math-19,3,neither,
math-1,0,inconclusive,
math-1,1,lean,
math-1,10,python,
math-1,11,python,
math-1,12,python,
math-1,13,python,
math-1,14,python,
math-1,15,python,
math-1,16,neither,
math-1,2,lean,
math-1,3,inconclusive,
math-1,4,neither,
math-1,5,neither,
math-1,6,neither,
math-1,7,neither,
math-1,8,neither,
math-1,9,python,
math-200,0,neither,
math-200,1,inconclusive,
math-200,2,python,
math-200,3,neither,
math-200,4,inconclusive,
math-201,0,neither,
math-201,1,python,
math-201,2,python,
math-201,3,python,
math-201,4,python,
math-202,0,python,
math-202,1,python,
math-202,2,python,
math-203,0,python,
math-203,1,python,
math-203,2,python,
math-204,0,python,
math-204,1,python,
math-204,2,python,
math-205,0,lean,
math-205,1,neither,
math-205,2,python,
math-206,0,inconclusive,
math-206,1,inconclusive,
math-206,10,python,
math-206,11,python,
math-206,2,python,
math-206,3,inconclusive,
math-206,4,python,
math-206,5,python,
math-206,6,python,
math-206,7,python,
math-206,8,python,
math-206,9,neither,
math-207,0,neither,
math-207,1,python,
math-207,2,python,
math-208,0,inconclusive,
math-208,1,neither,
math-208,2,lean,
math-208,3,lean,
math-208,4,neither,
math-208,5,neither,
math-208,6,python,
math-208,7,python,
math-209,0,inconclusive,
math-209,1,python,
math-209,10,neither,
math-209,2,inconclusive,
math-209,3,inconclusive,
math-209,4,inconclusive,
math-209,5,python,
math-209,6,neither,
math-209,7,neither,
math-209,8,python,
math-209,9,python,
math-20,0,inconclusive,
math-20,1,neither,
math-20,2,python,
math-20,3,python,
math-20,4,python,
math-20,5,python,
math-20,6,python,
math-20,7,python,
math-20,8,python,
math-20,9,python,
math-210,0,lean,
math-210,1,neither,
math-210,2,inconclusive,
math-210,3,neither,
math-211,0,python,
math-211,1,neither,
math-211,2,python,
math-211,3,lean,
math-211,4,python,
math-211,5,inconclusive,
math-211,6,python,
math-212,0,inconclusive,
math-212,1,python,
math-212,2,inconclusive,
math-212,3,neither,
math-212,4,python,
math-212,5,python,
math-213,0,inconclusive,
math-213,1,inconclusive,
math-213,2,python,
math-213,3,python,
math-213,4,python,
math-213,5,python,
math-213,6,python,
math-213,7,python,
math-214,0,python,
math-214,1,python,
math-214,10,python,
math-214,2,python,
math-214,3,python,
math-214,4,python,
math-214,5,inconclusive,
math-214,6,python,
math-214,7,python,
math-214,8,python,
math-214,9,inconclusive,
math-215,0,python,
math-215,1,python,
math-215,2,python,
math-215,3,inconclusive,
math-216,0,lean,
math-216,1,inconclusive,
math-216,2,python,
math-216,3,inconclusive,
math-216,4,python,
math-216,5,python,
math-216,6,neither,
math-216,7,python,
math-217,0,python,
math-217,1,neither,
math-217,2,python,
math-217,3,neither,
math-217,4,inconclusive,
math-218,0,python,
math-218,1,inconclusive,
math-218,2,inconclusive,
math-218,3,python,
math-218,4,lean,
math-218,5,python,
math-218,6,python,
math-219,0,python,
math-219,1,python,
math-219,2,lean,
math-219,3,python,
math-219,4,python,
math-219,5,python,
math-21,0,inconclusive,
math-21,1,inconclusive,
math-21,2,neither,
math-21,3,neither,
math-21,4,inconclusive,
math-220,0,python,
math-220,1,python,
math-220,2,python,
math-220,3,python,
math-220,4,neither,
math-221,0,inconclusive,
math-221,1,neither,
math-221,2,python,
math-221,3,neither,
math-221,4,python,
math-221,5,lean,
math-221,6,python,
math-222,0,python,
math-222,1,neither,
math-222,2,python,
math-222,3,inconclusive,
math-223,0,neither,
math-223,1,neither,
math-223,2,python,
math-223,3,lean,
math-223,4,inconclusive,
math-223,5,inconclusive,
math-224,0,python,
math-224,1,inconclusive,
math-224,2,inconclusive,
math-224,3,inconclusive,
math-224,4,python,
math-224,5,inconclusive,
math-224,6,inconclusive,
math-224,7,python,
math-224,8,inconclusive,
math-224,9,inconclusive,
math-225,0,inconclusive,
math-225,1,python,
math-225,2,python,
math-225,3,python,
math-225,4,python,
math-226,0,python,
math-226,1,python,
math-226,2,neither,
math-226,3,python,
math-226,4,python,
math-226,5,python,
math-226,6,neither,
math-227,0,lean,
math-227,1,python,
math-227,2,python,
math-227,3,python,
math-227,4,python,
math-228,0,inconclusive,
math-228,1,python,
math-228,2,python,
math-228,3,python,
math-228,4,python,
math-228,5,python,
math-228,6,inconclusive,
math-228,7,inconclusive,
math-228,8,inconclusive,
math-229,0,inconclusive,
math-229,1,python,
math-229,2,python,
math-229,3,python,
math-22,0,neither,
math-22,1,python,
math-22,2,python,
math-22,3,python,
math-22,4,inconclusive,
math-230,0,lean,
math-230,1,python,
math-230,2,neither,
math-230,3,python,
math-231,0,inconclusive,
math-231,1,inconclusive,
math-231,2,inconclusive,
math-231,3,inconclusive,
math-231,4,inconclusive,
math-231,5,python,
math-232,0,neither,
math-232,1,neither,
math-232,2,python,
math-232,3,python,
math-232,4,python,
math-232,5,tie,
math-232,6,python,
math-233,0,python,
math-233,1,python,
math-233,2,neither,
math-233,3,inconclusive,
math-233,4,python,
math-233,5,python,
math-233,6,inconclusive,
math-234,0,python,
math-234,1,inconclusive,
math-234,2,python,
math-235,0,inconclusive,
math-235,1,neither,
math-235,2,python,
math-235,3,inconclusive,
math-235,4,python,
math-236,0,inconclusive,
math-236,1,python,
math-236,2,python,
math-236,3,inconclusive,
math-236,4,python,
math-236,5,python,
math-236,6,python,
math-236,7,python,
math-236,8,inconclusive,
math-237,0,lean,
math-237,1,inconclusive,
math-237,2,python,
math-237,3,lean,
math-237,4,python,
math-237,5,python,
math-238,0,inconclusive,
math-238,1,python,
math-238,2,lean,
math-238,3,python,
math-238,4,python,
math-239,0,neither,
math-239,1,python,
math-239,2,inconclusive,
math-23,0,inconclusive,
math-23,1,python,
math-23,2,lean,
math-23,3,python,
math-23,4,python,
math-23,5,python,
math-23,6,python,
math-23,7,python,
math-240,0,inconclusive,
math-240,1,neither,
math-240,2,tie,
math-240,3,python,
math-240,4,python,
math-240,5,inconclusive,
math-240,6,inconclusive,
math-241,0,lean,
math-241,1,inconclusive,
math-241,2,inconclusive,
math-241,3,inconclusive,
math-241,4,lean,
math-241,5,inconclusive,
math-242,0,inconclusive,
math-242,1,python,
math-242,2,python,
math-242,3,python,
math-242,4,python,
math-242,5,neither,
math-242,6,python,
math-242,7,python,
math-242,8,python,
math-243,0,inconclusive,
math-243,1,inconclusive,
math-243,2,inconclusive,
math-243,3,neither,
math-243,4,neither,
math-244,0,python,
math-244,1,inconclusive,
math-244,2,python,
math-244,3,python,
math-244,4,python,
math-244,5,python,
math-245,0,python,
math-245,1,python,
math-245,10,python,
math-245,11,neither,
math-245,12,python,
math-245,13,python,
math-245,2,python,
math-245,3,python,
math-245,4,python,
math-245,5,python,
math-245,6,python,
math-245,7,python,
math-245,8,python,
math-245,9,python,
math-246,0,neither,
math-246,1,neither,
math-246,2,neither,
math-246,3,python,
math-246,4,neither,
math-246,5,python,
math-247,0,inconclusive,
math-247,1,lean,
math-247,2,python,
math-247,3,python,
math-247,4,python,
math-247,5,python,
math-247,6,python,
math-248,0,inconclusive,
math-248,1,python,
math-248,2,lean,
math-248,3,python,
math-248,4,python,
math-248,5,lean,
math-248,6,python,
math-248,7,python,
math-248,8,lean,
math-249,0,python,
math-249,1,python,
math-249,10,python,
math-249,2,python,
math-249,3,python,
math-249,4,inconclusive,
math-249,5,inconclusive,
math-249,6,inconclusive,
math-249,7,inconclusive,
math-249,8,python,
math-249,9,python,
math-24,0,lean,
math-24,1,inconclusive,
math-24,10,python,
math-24,11,python,
math-24,2,python,
math-24,3,neither,
math-24,4,neither,
math-24,5,inconclusive,
math-24,6,python,
math-24,7,python,
math-24,8,lean,
math-24,9,python,
math-250,0,python,
math-250,1,python,
math-250,2,python,
math-251,0,neither,
math-251,1,python,
math-251,2,neither,
math-251,3,neither,
math-251,4,python,
math-252,0,python,
math-252,1,python,
math-252,2,python,
math-252,3,python,
math-252,4,python,
math-252,5,python,
math-252,6,python,
math-252,7,python,
math-252,8,python,
math-252,9,python,
math-253,0,inconclusive,
math-253,1,inconclusive,
math-253,2,inconclusive,
math-253,3,inconclusive,
math-253,4,inconclusive,
math-253,5,inconclusive,
math-253,6,neither,
math-254,0,python,
math-254,1,python,
math-254,2,python,
math-254,3,python,
math-254,4,python,
math-255,0,inconclusive,
math-255,1,lean,
math-255,10,python,
math-255,11,inconclusive,
math-255,12,python,
math-255,2,python,
math-255,3,python,
math-255,4,inconclusive,
math-255,5,lean,
math-255,6,lean,
math-255,7,lean,
math-255,8,python,
math-255,9,python,
math-256,0,inconclusive,
math-256,1,lean,
math-256,10,neither,
math-256,11,python,
math-256,2,python,
math-256,3,inconclusive,
math-256,4,lean,
math-256,5,neither,
math-256,6,neither,
math-256,7,inconclusive,
math-256,8,neither,
math-256,9,python,
math-257,0,python,
math-257,1,inconclusive,
math-257,10,python,
math-257,11,python,
math-257,12,inconclusive,
math-257,13,neither,
math-257,14,neither,
math-257,15,neither,
math-257,16,inconclusive,
math-257,17,python,
math-257,2,lean,
math-257,3,neither,
math-257,4,neither,
math-257,5,python,
math-257,6,neither,
math-257,7,python,
math-257,8,neither,
math-257,9,lean,
math-258,0,inconclusive,
math-258,1,neither,
math-258,2,neither,
math-258,3,inconclusive,
math-258,4,python,
math-258,5,python,
math-258,6,inconclusive,
math-259,0,neither,
math-259,1,lean,
math-259,2,neither,
math-259,3,lean,
math-259,4,python,
math-259,5,inconclusive,
math-25,0,python,
math-25,1,inconclusive,
math-25,10,inconclusive,
math-25,2,python,
math-25,3,lean,
math-25,4,python,
math-25,5,python,
math-25,6,neither,
math-25,7,lean,
math-25,8,python,
math-25,9,python,
math-260,0,lean,
math-260,1,lean,
math-260,2,inconclusive,
math-260,3,neither,
math-261,0,python,
math-261,1,python,
math-261,2,python,
math-261,3,python,
math-261,4,neither,
math-261,5,lean,
math-262,0,python,
math-262,1,python,
math-262,2,neither,
math-262,3,lean,
math-262,4,python,
math-262,5,python,
math-263,0,python,
math-263,1,lean,
math-263,2,neither,
math-263,3,lean,
math-263,4,python,
math-263,5,python,
math-264,0,neither,
math-264,1,python,
math-264,2,neither,
math-264,3,neither,
math-264,4,inconclusive,
math-264,5,neither,
math-264,6,neither,
math-264,7,neither,
math-264,8,neither,
math-265,0,lean,
math-265,1,python,
math-265,2,inconclusive,
math-266,0,lean,
math-266,1,inconclusive,
math-266,2,inconclusive,
math-266,3,lean,
math-266,4,lean,
math-266,5,neither,
math-266,6,python,
math-266,7,neither,
math-266,8,inconclusive,
math-267,0,inconclusive,
math-267,1,python,
math-267,2,python,
math-267,3,python,
math-268,0,neither,
math-268,1,inconclusive,
math-268,2,neither,
math-268,3,neither,
math-268,4,lean,
math-268,5,neither,
math-268,6,lean,
math-268,7,python,
math-269,0,python,
math-269,1,inconclusive,
math-269,2,inconclusive,
math-269,3,python,
math-269,4,neither,
math-269,5,neither,
math-26,0,python,
math-26,1,lean,
math-26,2,lean,
math-26,3,python,
math-26,4,python,
math-26,5,python,
math-270,0,inconclusive,
math-270,1,neither,
math-270,2,python,
math-270,3,neither,
math-270,4,neither,
math-271,0,inconclusive,
math-271,1,neither,
math-271,2,python,
math-271,3,neither,
math-272,0,inconclusive,
math-272,1,python,
math-272,2,lean,
math-272,3,lean,
math-272,4,python,
math-272,5,python,
math-272,6,neither,
math-273,0,python,
math-273,1,lean,
math-273,2,python,
math-274,0,inconclusive,
math-274,1,python,
math-274,2,python,
math-274,3,inconclusive,
math-274,4,neither,
math-275,0,python,
math-275,1,inconclusive,
math-275,10,python,
math-275,11,python,
math-275,12,neither,
math-275,13,inconclusive,
math-275,14,inconclusive,
math-275,15,neither,
math-275,16,python,
math-275,17,python,
math-275,2,python,
math-275,3,inconclusive,
math-275,4,inconclusive,
math-275,5,inconclusive,
math-275,6,inconclusive,
math-275,7,inconclusive,
math-275,8,neither,
math-275,9,inconclusive,
math-276,0,python,
math-276,1,inconclusive,
math-276,2,neither,
math-276,3,python,
math-276,4,python,
math-276,5,python,
math-276,6,python,
math-277,0,inconclusive,
math-277,1,neither,
math-277,2,python,
math-277,3,neither,
math-278,0,neither,
math-278,1,neither,
math-278,2,python,
math-278,3,lean,
math-278,4,python,
math-278,5,,request_failed
math-278,6,neither,
math-278,7,neither,
math-278,8,python,
math-278,9,python,
math-279,0,neither,
math-279,1,python,
math-279,2,python,
math-279,3,python,
math-279,4,python,
math-279,5,python,
math-279,6,inconclusive,
math-279,7,neither,
math-27,0,python,
math-27,1,python,
math-27,2,python,
math-27,3,python,
math-280,0,python,
math-280,1,neither,
math-280,10,python,
math-280,11,inconclusive,
math-280,2,neither,
math-280,3,python,
math-280,4,python,
math-280,5,python,
math-280,6,python,
math-280,7,python,
math-280,8,python,
math-280,9,python,
math-281,0,neither,
math-281,1,python,
math-281,2,python,
math-282,0,inconclusive,
math-282,1,python,
math-282,2,lean,
math-282,3,python,
math-282,4,neither,
math-282,5,neither,
math-282,6,python,
math-282,7,python,
math-282,8,inconclusive,
math-283,0,python,
math-283,1,neither,
math-283,2,python,
math-283,3,inconclusive,
math-283,4,python,
math-283,5,inconclusive,
math-283,6,,request_failed
math-283,7,neither,
math-283,8,inconclusive,
math-284,0,inconclusive,
math-284,1,neither,
math-284,2,neither,
math-284,3,inconclusive,
math-284,4,inconclusive,
math-284,5,neither,
math-284,6,python,
math-284,7,neither,
math-285,0,python,
math-285,1,python,
math-285,2,python,
math-285,3,python,
math-285,4,python,
math-286,0,inconclusive,
math-286,1,lean,
math-286,10,python,
math-286,2,neither,
math-286,3,python,
math-286,4,neither,
math-286,5,neither,
math-286,6,neither,
math-286,7,neither,
math-286,8,python,
math-286,9,python,
math-287,0,python,
math-287,1,neither,
math-287,2,python,
math-287,3,python,
math-287,4,python,
math-288,0,python,
math-288,1,inconclusive,
math-288,2,python,
math-288,3,inconclusive,
math-288,4,python,
math-288,5,python,
math-288,6,inconclusive,
math-289,0,inconclusive,
math-289,1,python,
math-289,2,neither,
math-289,3,neither,
math-28,0,lean,
math-28,1,python,
math-28,2,python,
math-28,3,neither,
math-290,0,inconclusive,
math-290,1,neither,
math-290,2,neither,
math-290,3,neither,
math-290,4,neither,
math-291,0,python,
math-291,1,python,
math-291,2,inconclusive,
math-291,3,inconclusive,
math-291,4,python,
math-291,5,inconclusive,
math-291,6,python,
math-291,7,inconclusive,
math-291,8,neither,
math-292,0,inconclusive,
math-292,1,tie,
math-292,10,python,
math-292,11,neither,
math-292,12,lean,
math-292,13,tie,
math-292,14,python,
math-292,15,python,
math-292,16,inconclusive,
math-292,17,python,
math-292,18,python,
math-292,2,neither,
math-292,3,neither,
math-292,4,python,
math-292,5,neither,
math-292,6,neither,
math-292,7,inconclusive,
math-292,8,inconclusive,
math-292,9,python,
math-293,0,inconclusive,
math-293,1,inconclusive,
math-293,10,python,
math-293,11,python,
math-293,2,python,
math-293,3,python,
math-293,4,inconclusive,
math-293,5,neither,
math-293,6,inconclusive,
math-293,7,python,
math-293,8,python,
math-293,9,python,
math-294,0,inconclusive,
math-294,1,inconclusive,
math-294,2,python,
math-294,3,python,
math-294,4,lean,
math-294,5,python,
math-294,6,python,
math-294,7,inconclusive,
math-295,0,neither,
math-295,1,python,
math-295,2,python,
math-295,3,inconclusive,
math-296,0,neither,
math-296,1,python,
math-296,2,neither,
math-296,3,python,
math-297,0,inconclusive,
math-297,1,neither,
math-297,2,python,
math-297,3,python,
math-297,4,lean,
math-297,5,python,
math-297,6,python,
math-297,7,lean,
math-297,8,lean,
math-297,9,python,
math-298,0,inconclusive,
math-298,1,neither,
math-298,2,neither,
math-298,3,neither,
math-298,4,python,
math-298,5,neither,
math-298,6,python,
math-298,7,neither,
math-299,0,lean,
math-299,1,lean,
math-299,2,neither,
math-29,0,neither,
math-29,1,neither,
math-29,2,python,
math-29,3,neither,
math-29,4,neither,
math-29,5,neither,
math-29,6,python,
math-2,0,lean,
math-2,1,lean,
math-2,2,inconclusive,
math-2,3,neither,
math-2,4,python,
math-300,0,inconclusive,
math-300,1,inconclusive,
math-300,2,neither,
math-300,3,python,
math-300,4,python,
math-300,5,neither,
math-301,0,inconclusive,
math-301,1,inconclusive,
math-301,10,inconclusive,
math-301,11,neither,
math-301,12,neither,
math-301,13,inconclusive,
math-301,2,inconclusive,
math-301,3,python,
math-301,4,neither,
math-301,5,neither,
math-301,6,neither,
math-301,7,inconclusive,
math-301,8,inconclusive,
math-301,9,neither,
math-302,0,neither,
math-302,1,neither,
math-302,2,lean,
math-302,3,python,
math-302,4,lean,
math-303,0,inconclusive,
math-303,1,python,
math-303,2,python,
math-303,3,python,
math-304,0,python,
math-304,1,python,
math-304,2,python,
math-304,3,python,
math-304,4,python,
math-304,5,neither,
math-304,6,python,
math-304,7,neither,
math-304,8,neither,
math-305,0,python,
math-305,1,neither,
math-305,2,neither,
math-305,3,python,
math-305,4,neither,
math-306,0,python,
math-306,1,python,
math-306,2,python,
math-306,3,python,
math-307,0,python,
math-307,1,python,
math-307,2,python,
math-307,3,lean,
math-307,4,lean,
math-308,0,python,
math-308,1,neither,
math-308,10,neither,
math-308,2,neither,
math-308,3,lean,
math-308,4,neither,
math-308,5,neither,
math-308,6,neither,
math-308,7,inconclusive,
math-308,8,neither,
math-308,9,neither,
math-309,0,inconclusive,
math-309,1,inconclusive,
math-309,2,python,
math-309,3,neither,
math-309,4,inconclusive,
math-309,5,neither,
math-30,0,python,
math-30,1,python,
math-30,10,python,
math-30,11,inconclusive,
math-30,12,neither,
math-30,2,inconclusive,
math-30,3,neither,
math-30,4,python,
math-30,5,python,
math-30,6,inconclusive,
math-30,7,inconclusive,
math-30,8,inconclusive,
math-30,9,python,
math-310,0,inconclusive,
math-310,1,inconclusive,
math-310,2,neither,
math-310,3,neither,
math-310,4,neither,
math-310,5,neither,
math-310,6,neither,
math-310,7,python,
math-311,0,inconclusive,
math-311,1,inconclusive,
math-311,10,python,
math-311,11,python,
math-311,12,lean,
math-311,13,python,
math-311,2,neither,
math-311,3,inconclusive,
math-311,4,neither,
math-311,5,lean,
math-311,6,python,
math-311,7,python,
math-311,8,inconclusive,
math-311,9,python,
math-312,0,neither,
math-312,1,python,
math-312,2,python,
math-312,3,neither,
math-312,4,python,
math-312,5,neither,
math-313,0,inconclusive,
math-313,1,python,
math-313,2,python,
math-313,3,python,
math-314,0,inconclusive,
math-314,1,inconclusive,
math-314,2,neither,
math-314,3,inconclusive,
math-315,0,inconclusive,
math-315,1,python,
math-315,2,python,
math-315,3,python,
math-315,4,python,
math-315,5,neither,
math-316,0,inconclusive,
math-316,1,python,
math-316,10,python,
math-316,11,inconclusive,
math-316,2,python,
math-316,3,python,
math-316,4,neither,
math-316,5,neither,
math-316,6,python,
math-316,7,python,
math-316,8,python,
math-316,9,neither,
math-317,0,inconclusive,
math-317,1,python,
math-317,2,python,
math-317,3,inconclusive,
math-317,4,python,
math-317,5,python,
math-317,6,python,
math-317,7,python,
math-318,0,inconclusive,
math-318,1,inconclusive,
math-318,2,inconclusive,
math-318,3,neither,
math-318,4,neither,
math-318,5,inconclusive,
math-319,0,python,
math-319,1,python,
math-319,2,neither,
math-319,3,neither,
math-319,4,python,
math-319,5,neither,
math-31,0,neither,
math-31,1,inconclusive,
math-31,2,python,
math-31,3,neither,
math-31,4,neither,
math-320,0,python,
math-320,1,python,
math-320,2,neither,
math-320,3,lean,
math-320,4,lean,
math-321,0,inconclusive,
math-321,1,python,
math-321,2,inconclusive,
math-321,3,lean,
math-321,4,lean,
math-322,0,tie,
math-322,1,inconclusive,
math-322,2,inconclusive,
math-322,3,python,
math-322,4,python,
math-322,5,tie,
math-322,6,python,
math-322,7,lean,
math-322,8,python,
math-323,0,inconclusive,
math-323,1,python,
math-323,10,inconclusive,
math-323,11,inconclusive,
math-323,2,python,
math-323,3,lean,
math-323,4,python,
math-323,5,python,
math-323,6,neither,
math-323,7,neither,
math-323,8,inconclusive,
math-323,9,inconclusive,
math-324,0,neither,
math-324,1,inconclusive,
math-324,2,neither,
math-324,3,neither,
math-324,4,neither,
math-325,0,python,
math-325,1,python,
math-325,2,python,
math-325,3,python,
math-326,0,python,
math-326,1,neither,
math-326,2,neither,
math-326,3,python,
math-327,0,inconclusive,
math-327,1,neither,
math-327,10,neither,
math-327,2,neither,
math-327,3,python,
math-327,4,neither,
math-327,5,lean,
math-327,6,inconclusive,
math-327,7,python,
math-327,8,neither,
math-327,9,inconclusive,
math-328,0,python,
math-328,1,inconclusive,
math-328,2,python,
math-328,3,python,
math-329,0,neither,
math-329,1,lean,
math-329,10,python,
math-329,11,neither,
math-329,12,python,
math-329,13,python,
math-329,14,python,
math-329,2,python,
math-329,3,neither,
math-329,4,neither,
math-329,5,inconclusive,
math-329,6,python,
math-329,7,inconclusive,
math-329,8,neither,
math-329,9,neither,
math-32,0,python,
math-32,1,python,
math-32,2,python,
math-32,3,python,
math-32,4,python,
math-330,0,inconclusive,
math-330,1,inconclusive,
math-330,2,inconclusive,
math-330,3,python,
math-331,0,neither,
math-331,1,python,
math-331,2,python,
math-331,3,python,
math-331,4,python,
math-331,5,python,
math-332,0,inconclusive,
math-332,1,python,
math-332,2,inconclusive,
math-332,3,lean,
math-332,4,python,
math-332,5,python,
math-332,6,lean,
math-332,7,python,
math-333,0,inconclusive,
math-333,1,lean,
math-333,2,python,
math-333,3,inconclusive,
math-333,4,python,
math-334,0,neither,
math-334,1,neither,
math-334,2,neither,
math-334,3,neither,
math-334,4,inconclusive,
math-334,5,python,
math-334,6,python,
math-334,7,python,
math-334,8,python,
math-335,0,inconclusive,
math-335,1,neither,
math-335,2,inconclusive,
math-335,3,neither,
math-335,4,python,
math-335,5,neither,
math-336,0,inconclusive,
math-336,1,neither,
math-336,10,inconclusive,
math-336,11,lean,
math-336,12,neither,
math-336,13,neither,
math-336,2,lean,
math-336,3,lean,
math-336,4,neither,
math-336,5,neither,
math-336,6,neither,
math-336,7,neither,
math-336,8,inconclusive,
math-336,9,neither,
math-337,0,inconclusive,
math-337,1,python,
math-337,2,python,
math-337,3,python,
math-337,4,python,
math-338,0,python,
math-338,1,neither,
math-339,0,inconclusive,
math-339,1,inconclusive,
math-339,2,python,
math-339,3,neither,
math-33,0,inconclusive,
math-33,1,python,
math-33,2,tie,
math-33,3,lean,
math-340,0,lean,
math-340,1,python,
math-340,2,python,
math-340,3,neither,
math-341,0,inconclusive,
math-341,1,python,
math-341,2,python,
math-341,3,python,
math-342,0,python,
math-342,1,tie,
math-342,2,inconclusive,
math-343,0,inconclusive,
math-343,1,python,
math-343,2,python,
math-343,3,lean,
math-343,4,python,
math-343,5,python,
math-343,6,python,
math-343,7,python,
math-344,0,inconclusive,
math-344,1,neither,
math-344,2,python,
math-344,3,python,
math-345,0,neither,
math-345,1,neither,
math-345,2,python,
math-346,0,python,
math-346,1,python,
math-346,2,python,
math-347,0,lean,
math-347,1,lean,
math-347,2,neither,
math-347,3,lean,
math-347,4,inconclusive,
math-347,5,python,
math-347,6,inconclusive,
math-348,0,neither,
math-348,1,neither,
math-348,10,neither,
math-348,2,neither,
math-348,3,inconclusive,
math-348,4,python,
math-348,5,neither,
math-348,6,neither,
math-348,7,python,
math-348,8,inconclusive,
math-348,9,neither,
math-349,0,python,
math-349,1,inconclusive,
math-349,2,python,
math-349,3,neither,
math-349,4,python,
math-34,0,neither,
math-34,1,neither,
math-34,10,inconclusive,
math-34,11,inconclusive,
math-34,12,neither,
math-34,13,neither,
math-34,14,neither,
math-34,15,python,
math-34,16,python,
math-34,17,lean,
math-34,18,python,
math-34,19,python,
math-34,2,python,
math-34,20,python,
math-34,21,python,
math-34,22,lean,
math-34,23,python,
math-34,24,tie,
math-34,25,python,
math-34,26,python,
math-34,27,python,
math-34,28,python,
math-34,29,python,
math-34,3,python,
math-34,30,python,
math-34,31,python,
math-34,4,neither,
math-34,5,inconclusive,
math-34,6,inconclusive,
math-34,7,python,
math-34,8,neither,
math-34,9,inconclusive,
math-350,0,python,
math-350,1,python,
math-350,2,python,
math-351,0,inconclusive,
math-351,1,python,
math-351,2,python,
math-351,3,python,
math-351,4,python,
math-351,5,python,
math-351,6,python,
math-351,7,lean,
math-351,8,python,
math-352,0,lean,
math-352,1,neither,
math-352,2,lean,
math-352,3,python,
math-352,4,neither,
math-352,5,python,
math-352,6,neither,
math-353,0,inconclusive,
math-353,1,inconclusive,
math-353,2,inconclusive,
math-353,3,inconclusive,
math-354,0,python,
math-354,1,inconclusive,
math-354,2,python,
math-354,3,python,
math-354,4,neither,
math-354,5,python,
math-354,6,neither,
math-355,0,inconclusive,
math-355,1,inconclusive,
math-355,2,inconclusive,
math-355,3,lean,
math-355,4,neither,
math-355,5,inconclusive,
math-356,0,inconclusive,
math-356,1,python,
math-356,2,python,
math-356,3,python,
math-356,4,neither,
math-356,5,neither,
math-357,0,lean,
math-357,1,python,
math-357,10,inconclusive,
math-357,11,neither,
math-357,2,inconclusive,
math-357,3,inconclusive,
math-357,4,inconclusive,
math-357,5,inconclusive,
math-357,6,neither,
math-357,7,neither,
math-357,8,inconclusive,
math-357,9,inconclusive,
math-358,0,python,
math-358,1,inconclusive,
math-358,2,python,
math-358,3,python,
math-358,4,inconclusive,
math-359,0,inconclusive,
math-359,1,python,
math-359,2,lean,
math-359,3,inconclusive,
math-359,4,python,
math-35,0,python,
math-35,1,python,
math-35,2,python,
math-35,3,python,
math-35,4,python,
math-360,0,python,
math-360,1,python,
math-360,2,python,
math-360,3,python,
math-360,4,python,
math-361,0,lean,
math-361,1,python,
math-361,2,python,
math-361,3,python,
math-361,4,,request_failed
math-361,5,python,
math-361,6,python,
math-362,1,python,
math-362,2,python,
math-362,4,python,
math-362,5,python,
math-362,6,python,
math-363,0,python,
math-363,1,python,
math-363,2,python,
math-363,3,python,
math-363,4,neither,
math-363,5,neither,
math-364,0,python,
math-364,1,inconclusive,
math-364,2,inconclusive,
math-364,3,inconclusive,
math-364,4,inconclusive,
math-364,5,inconclusive,
math-364,6,inconclusive,
math-364,7,neither,
math-364,8,python,
math-364,9,neither,
math-365,0,python,
math-365,1,neither,
math-365,2,inconclusive,
math-365,3,lean,
math-365,4,python,
math-366,0,python,
math-366,1,python,
math-366,2,python,
math-367,0,lean,
math-367,1,neither,
math-367,2,lean,
math-367,3,lean,
math-368,0,python,
math-368,1,inconclusive,
math-368,2,inconclusive,
math-368,3,neither,
math-368,4,inconclusive,
math-368,5,python,
math-369,0,inconclusive,
math-369,1,python,
math-36,0,neither,
math-36,1,inconclusive,
math-36,2,inconclusive,
math-36,3,python,
math-370,0,inconclusive,
math-370,1,lean,
math-370,2,neither,
math-370,3,python,
math-370,4,python,
math-370,5,inconclusive,
math-370,6,neither,
math-370,7,python,
math-371,0,inconclusive,
math-371,1,inconclusive,
math-371,2,python,
math-371,3,neither,
math-371,4,neither,
math-371,5,inconclusive,
math-371,6,inconclusive,
math-371,7,neither,
math-372,0,python,
math-372,1,python,
math-372,2,python,
math-372,3,python,
math-372,4,python,
math-373,0,inconclusive,
math-373,1,python,
math-373,2,python,
math-373,3,inconclusive,
math-373,4,python,
math-373,5,python,
math-374,0,inconclusive,
math-374,1,lean,
math-374,2,inconclusive,
math-374,3,inconclusive,
math-374,4,neither,
math-375,0,inconclusive,
math-375,1,inconclusive,
math-375,2,neither,
math-375,3,neither,
math-375,4,python,
math-375,5,python,
math-375,6,inconclusive,
math-376,0,neither,
math-376,1,python,
math-376,2,neither,
math-376,3,neither,
math-376,4,inconclusive,
math-377,0,inconclusive,
math-377,1,python,
math-377,10,python,
math-377,11,python,
math-377,12,lean,
math-377,2,neither,
math-377,3,python,
math-377,4,tie,
math-377,5,python,
math-377,6,python,
math-377,7,python,
math-377,8,tie,
math-377,9,python,
math-378,0,neither,
math-378,1,lean,
math-378,2,neither,
math-378,3,neither,
math-378,4,python,
math-378,5,lean,
math-378,6,python,
math-379,0,neither,
math-379,1,neither,
math-379,2,python,
math-37,0,python,
math-37,1,neither,
math-37,2,python,
math-37,3,python,
math-380,0,inconclusive,
math-380,1,neither,
math-380,2,python,
math-380,3,python,
math-380,4,python,
math-380,5,python,
math-381,0,neither,
math-381,1,neither,
math-381,10,python,
math-381,11,lean,
math-381,12,python,
math-381,13,python,
math-381,14,python,
math-381,15,python,
math-381,2,neither,
math-381,3,python,
math-381,4,python,
math-381,5,python,
math-381,6,python,
math-381,7,python,
math-381,8,python,
math-381,9,python,
math-382,0,inconclusive,
math-382,1,inconclusive,
math-382,2,python,
math-382,3,python,
math-383,0,lean,
math-383,1,lean,
math-383,2,python,
math-383,3,lean,
math-383,4,python,
math-383,5,python,
math-383,6,python,
math-384,0,inconclusive,
math-384,1,inconclusive,
math-384,2,lean,
math-384,3,neither,
math-384,4,neither,
math-385,0,neither,
math-385,1,python,
math-385,2,lean,
math-385,3,python,
math-386,0,python,
math-386,1,python,
math-386,10,python,
math-386,2,python,
math-386,3,python,
math-386,4,neither,
math-386,5,neither,
math-386,6,python,
math-386,7,tie,
math-386,8,lean,
math-386,9,python,
math-387,0,inconclusive,
math-387,1,neither,
math-387,2,neither,
math-387,3,neither,
math-387,4,python,
math-387,5,python,
math-387,6,python,
math-388,0,inconclusive,
math-388,1,python,
math-388,2,inconclusive,
math-388,3,python,
math-388,4,neither,
math-388,5,python,
math-388,6,python,
math-389,0,inconclusive,
math-389,1,neither,
math-389,2,inconclusive,
math-389,3,python,
math-389,4,python,
math-389,5,python,
math-38,0,neither,
math-38,1,python,
math-38,2,python,
math-38,3,python,
math-38,4,python,
math-38,5,python,
math-38,6,python,
math-390,0,neither,
math-390,1,python,
math-390,2,inconclusive,
math-390,3,inconclusive,
math-390,4,inconclusive,
math-390,5,python,
math-390,6,python,
math-391,0,lean,
math-391,1,lean,
math-391,2,python,
math-391,3,python,
math-391,4,python,
math-392,0,python,
math-392,1,lean,
math-392,2,lean,
math-392,3,lean,
math-393,0,lean,
math-393,1,python,
math-393,2,python,
math-393,3,lean,
math-393,4,python,
math-393,5,python,
math-394,0,python,
math-394,1,python,
math-394,2,python,
math-394,3,inconclusive,
math-394,4,inconclusive,
math-394,5,inconclusive,
math-394,6,neither,
math-394,7,python,
math-394,8,python,
math-395,0,python,
math-395,1,inconclusive,
math-396,0,inconclusive,
math-396,1,python,
math-396,2,python,
math-397,0,python,
math-397,1,neither,
math-397,2,neither,
math-398,0,neither,
math-398,1,python,
math-398,2,inconclusive,
math-398,3,neither,
math-398,4,inconclusive,
math-398,5,neither,
math-398,6,neither,
math-398,7,neither,
math-398,8,python,
math-399,0,python,
math-399,1,inconclusive,
math-399,2,inconclusive,
math-399,3,neither,
math-399,4,tie,
math-399,5,python,
math-399,6,python,
math-399,7,python,
math-39,0,inconclusive,
math-39,1,python,
math-39,2,python,
math-39,3,python,
math-3,0,inconclusive,
math-3,1,python,
math-3,2,python,
math-3,3,python,
math-400,0,inconclusive,
math-400,1,python,
math-400,2,inconclusive,
math-400,3,lean,
math-400,4,neither,
math-400,5,inconclusive,
math-400,6,neither,
math-401,0,inconclusive,
math-401,1,python,
math-401,10,python,
math-401,2,python,
math-401,3,python,
math-401,4,neither,
math-401,5,neither,
math-401,6,neither,
math-401,7,neither,
math-401,8,inconclusive,
math-401,9,python,
math-402,0,inconclusive,
math-402,1,python,
math-402,2,lean,
math-402,3,lean,
math-402,4,lean,
math-402,5,neither,
math-402,6,neither,
math-402,7,python,
math-402,8,inconclusive,
math-403,0,python,
math-403,1,neither,
math-403,2,tie,
math-403,3,python,
math-403,4,tie,
math-403,5,python,
math-403,6,python,
math-403,7,python,
math-404,0,inconclusive,
math-404,1,neither,
math-404,2,inconclusive,
math-404,3,inconclusive,
math-404,4,python,
math-404,5,inconclusive,
math-404,6,inconclusive,
math-404,7,python,
math-405,0,inconclusive,
math-405,1,inconclusive,
math-405,2,inconclusive,
math-405,4,python,
math-406,0,python,
math-406,1,python,
math-406,2,python,
math-406,3,python,
math-406,4,python,
math-407,0,neither,
math-407,1,inconclusive,
math-407,2,neither,
math-407,3,python,
math-407,4,neither,
math-407,5,inconclusive,
math-407,6,inconclusive,
math-408,0,python,
math-408,1,python,
math-408,2,neither,
math-408,3,neither,
math-408,4,python,
math-408,5,python,
math-409,0,inconclusive,
math-409,1,inconclusive,
math-409,2,python,
math-409,3,neither,
math-409,4,neither,
math-409,5,neither,
math-409,6,python,
math-409,7,neither,
math-40,0,python,
math-40,1,lean,
math-40,2,python,
math-40,3,lean,
math-40,4,python,
math-40,5,lean,
math-40,6,lean,
math-410,0,inconclusive,
math-410,1,lean,
math-410,2,inconclusive,
math-410,3,inconclusive,
math-410,4,neither,
math-410,5,lean,
math-410,6,python,
math-410,7,neither,
math-411,0,python,
math-411,1,python,
math-411,2,neither,
math-411,3,python,
math-411,4,python,
math-411,5,neither,
math-411,6,neither,
math-411,7,inconclusive,
math-412,0,inconclusive,
math-412,1,python,
math-412,2,python,
math-413,0,inconclusive,
math-413,1,neither,
math-413,2,neither,
math-413,3,python,
math-413,4,python,
math-413,5,lean,
math-414,0,inconclusive,
math-414,1,python,
math-414,10,inconclusive,
math-414,11,python,
math-414,12,python,
math-414,2,python,
math-414,3,python,
math-414,4,python,
math-414,5,python,
math-414,6,inconclusive,
math-414,7,python,
math-414,8,python,
math-414,9,lean,
math-415,0,python,
math-415,1,neither,
math-415,2,neither,
math-415,3,neither,
math-415,4,python,
math-416,0,python,
math-416,1,python,
math-416,2,python,
math-416,3,neither,
math-416,4,python,
math-416,5,lean,
math-416,6,python,
math-417,0,python,
math-417,1,neither,
math-417,2,python,
math-418,0,python,
math-418,1,inconclusive,
math-418,2,lean,
math-418,3,inconclusive,
math-418,4,python,
math-418,5,python,
math-419,0,inconclusive,
math-419,1,python,
math-419,2,python,
math-419,3,inconclusive,
math-419,4,inconclusive,
math-41,0,inconclusive,
math-41,1,python,
math-41,2,tie,
math-41,3,inconclusive,
math-41,4,python,
math-41,5,python,
math-41,6,inconclusive,
math-41,7,inconclusive,
math-41,8,python,
math-41,9,python,
math-420,0,python,
math-420,1,neither,
math-420,2,python,
math-420,3,python,
math-421,0,inconclusive,
math-421,1,python,
math-421,2,lean,
math-421,3,python,
math-421,4,python,
math-422,0,lean,
math-422,1,python,
math-422,2,lean,
math-422,3,inconclusive,
math-422,4,neither,
math-422,5,python,
math-422,6,inconclusive,
math-423,0,python,
math-423,1,python,
math-423,2,python,
math-424,0,inconclusive,
math-424,1,python,
math-424,2,python,
math-424,3,python,
math-424,4,python,
math-425,0,inconclusive,
math-425,1,python,
math-425,2,python,
math-425,3,python,
math-425,4,python,
math-425,5,python,
math-425,6,python,
math-425,7,inconclusive,
math-426,0,inconclusive,
math-426,1,neither,
math-426,2,python,
math-426,3,inconclusive,
math-426,4,neither,
math-427,0,neither,
math-427,1,inconclusive,
math-427,2,python,
math-427,3,python,
math-427,4,python,
math-428,0,python,
math-428,1,neither,
math-428,2,python,
math-428,3,neither,
math-428,4,python,
math-429,0,python,
math-429,1,neither,
math-429,2,python,
math-429,3,python,
math-42,0,python,
math-42,1,neither,
math-42,2,python,
math-430,0,python,
math-430,1,inconclusive,
math-430,2,lean,
math-430,3,neither,
math-430,4,inconclusive,
math-430,5,inconclusive,
math-431,0,inconclusive,
math-431,1,lean,
math-431,2,inconclusive,
math-431,3,inconclusive,
math-431,4,neither,
math-431,5,neither,
math-432,0,python,
math-432,1,python,
math-432,2,python,
math-432,3,python,
math-432,4,python,
math-432,5,python,
math-432,6,python,
math-432,7,python,
math-433,0,inconclusive,
math-433,1,python,
math-433,2,python,
math-433,3,python,
math-433,4,neither,
math-433,5,inconclusive,
math-433,6,python,
math-433,7,python,
math-434,0,inconclusive,
math-434,1,python,
math-434,2,neither,
math-434,3,neither,
math-434,4,python,
math-435,0,python,
math-435,1,neither,
math-435,2,python,
math-436,0,inconclusive,
math-436,1,lean,
math-436,2,lean,
math-436,3,python,
math-436,4,lean,
math-436,5,python,
math-436,6,inconclusive,
math-436,7,neither,
math-436,8,python,
math-437,0,lean,
math-437,1,lean,
math-437,2,neither,
math-437,3,python,
math-438,0,neither,
math-438,1,neither,
math-438,2,inconclusive,
math-438,3,python,
math-439,0,inconclusive,
math-439,1,inconclusive,
math-439,2,inconclusive,
math-439,3,inconclusive,
math-439,4,inconclusive,
math-439,5,inconclusive,
math-439,6,inconclusive,
math-439,7,neither,
math-439,8,inconclusive,
math-439,9,inconclusive,
math-43,0,inconclusive,
math-43,1,inconclusive,
math-43,10,neither,
math-43,11,neither,
math-43,12,inconclusive,
math-43,13,inconclusive,
math-43,14,inconclusive,
math-43,2,inconclusive,
math-43,3,inconclusive,
math-43,4,python,
math-43,5,python,
math-43,6,python,
math-43,7,inconclusive,
math-43,8,lean,
math-43,9,python,
math-440,0,neither,
math-440,1,lean,
math-440,2,neither,
math-440,3,neither,
math-440,4,inconclusive,
math-440,5,neither,
math-440,6,inconclusive,
math-441,0,inconclusive,
math-441,1,inconclusive,
math-441,2,inconclusive,
math-441,3,python,
math-441,4,inconclusive,
math-441,5,python,
math-441,6,python,
math-442,0,python,
math-442,1,python,
math-442,2,neither,
math-443,0,python,
math-443,1,python,
math-443,2,python,
math-443,3,python,
math-444,0,inconclusive,
math-444,1,neither,
math-444,2,neither,
math-444,3,inconclusive,
math-444,4,inconclusive,
math-444,5,neither,
math-444,6,neither,
math-444,7,python,
math-444,8,python,
math-444,9,python,
math-445,0,python,
math-445,1,lean,
math-445,2,lean,
math-445,3,python,
math-445,4,python,
math-445,5,python,
math-445,6,neither,
math-446,0,lean,
math-446,1,lean,
math-446,2,inconclusive,
math-446,3,neither,
math-446,4,inconclusive,
math-447,0,neither,
math-447,1,python,
math-448,0,neither,
math-448,1,neither,
math-448,2,neither,
math-448,3,neither,
math-448,4,inconclusive,
math-449,0,inconclusive,
math-449,1,python,
math-449,2,python,
math-449,3,python,
math-44,0,python,
math-44,1,neither,
math-44,10,inconclusive,
math-44,11,inconclusive,
math-44,2,neither,
math-44,3,inconclusive,
math-44,4,inconclusive,
math-44,5,inconclusive,
math-44,6,neither,
math-44,7,inconclusive,
math-44,8,inconclusive,
math-44,9,inconclusive,
math-450,0,lean,
math-450,1,neither,
math-450,10,inconclusive,
math-450,2,inconclusive,
math-450,3,inconclusive,
math-450,4,inconclusive,
math-450,5,neither,
math-450,6,inconclusive,
math-450,7,neither,
math-450,8,python,
math-450,9,neither,
math-451,0,inconclusive,
math-451,1,inconclusive,
math-451,2,python,
math-451,3,inconclusive,
math-451,4,python,
math-451,5,neither,
math-451,6,python,
math-451,7,neither,
math-451,8,python,
math-451,9,inconclusive,
math-452,0,python,
math-452,1,python,
math-452,2,tie,
math-452,3,python,
math-452,4,lean,
math-452,5,neither,
math-452,6,inconclusive,
math-452,7,neither,
math-452,8,lean,
math-453,0,inconclusive,
math-453,1,,request_failed
math-453,10,inconclusive,
math-453,11,python,
math-453,12,inconclusive,
math-453,13,neither,
math-453,14,,request_failed
math-453,2,inconclusive,
math-453,3,python,
math-453,4,neither,
math-453,5,neither,
math-453,6,python,
math-453,7,inconclusive,
math-453,8,inconclusive,
math-453,9,inconclusive,
math-454,0,python,
math-454,1,neither,
math-454,2,python,
math-454,3,inconclusive,
math-454,4,inconclusive,
math-454,5,inconclusive,
math-454,6,python,
math-454,7,inconclusive,
math-455,0,inconclusive,
math-455,1,inconclusive,
math-455,10,python,
math-455,2,python,
math-455,3,inconclusive,
math-455,4,python,
math-455,5,neither,
math-455,6,neither,
math-455,7,python,
math-455,8,python,
math-455,9,python,
math-456,0,inconclusive,
math-456,1,lean,
math-456,10,neither,
math-456,11,python,
math-456,2,lean,
math-456,3,python,
math-456,4,inconclusive,
math-456,5,lean,
math-456,6,inconclusive,
math-456,7,lean,
math-456,8,python,
math-456,9,python,
math-457,0,inconclusive,
math-457,1,python,
math-457,2,inconclusive,
math-457,3,inconclusive,
math-457,4,python,
math-457,5,python,
math-457,6,neither,
math-458,0,python,
math-458,1,python,
math-458,2,python,
math-458,3,python,
math-459,0,inconclusive,
math-459,1,neither,
math-459,10,lean,
math-459,11,neither,
math-459,12,neither,
math-459,13,inconclusive,
math-459,14,neither,
math-459,15,inconclusive,
math-459,16,lean,
math-459,17,inconclusive,
math-459,18,python,
math-459,19,neither,
math-459,2,neither,
math-459,20,inconclusive,
math-459,21,python,
math-459,22,neither,
math-459,23,inconclusive,
math-459,3,python,
math-459,4,neither,
math-459,5,neither,
math-459,6,inconclusive,
math-459,7,inconclusive,
math-459,8,inconclusive,
math-459,9,neither,
math-45,0,inconclusive,
math-45,1,inconclusive,
math-45,2,neither,
math-45,3,inconclusive,
math-45,4,python,
math-45,5,neither,
math-45,6,inconclusive,
math-460,0,inconclusive,
math-460,1,python,
math-460,2,python,
math-460,3,python,
math-460,4,neither,
math-460,5,inconclusive,
math-461,0,python,
math-461,1,neither,
math-461,2,python,
math-461,3,neither,
math-461,4,neither,
math-462,0,python,
math-462,1,python,
math-462,2,inconclusive,
math-463,0,lean,
math-463,1,lean,
math-463,2,inconclusive,
math-463,3,inconclusive,
math-463,4,lean,
math-463,5,neither,
math-464,0,python,
math-464,1,inconclusive,
math-464,2,neither,
math-464,3,neither,
math-464,4,python,
math-464,5,python,
math-464,6,python,
math-464,7,python,
math-464,8,python,
math-464,9,python,
math-465,0,lean,
math-465,1,neither,
math-465,2,python,
math-465,3,python,
math-465,4,neither,
math-465,5,neither,
math-466,0,python,
math-466,1,python,
math-466,2,inconclusive,
math-466,3,python,
math-466,4,lean,
math-466,5,python,
math-466,6,python,
math-467,0,lean,
math-467,1,neither,
math-467,2,inconclusive,
math-467,3,inconclusive,
math-467,4,python,
math-467,5,python,
math-468,0,inconclusive,
math-468,1,lean,
math-468,2,lean,
math-468,3,python,
math-468,4,inconclusive,
math-468,5,inconclusive,
math-469,0,inconclusive,
math-469,1,inconclusive,
math-469,2,python,
math-469,3,lean,
math-469,4,neither,
math-469,5,inconclusive,
math-469,6,neither,
math-469,7,neither,
math-469,8,neither,
math-46,0,inconclusive,
math-46,1,inconclusive,
math-46,2,python,
math-46,3,inconclusive,
math-46,4,inconclusive,
math-46,5,neither,
math-470,0,python,
math-470,1,neither,
math-470,2,python,
math-470,3,neither,
math-470,4,python,
math-470,5,python,
math-470,6,python,
math-470,7,python,
math-470,8,python,
math-471,0,python,
math-471,1,inconclusive,
math-471,10,python,
math-471,11,python,
math-471,2,lean,
math-471,3,python,
math-471,4,python,
math-471,5,python,
math-471,6,neither,
math-471,7,neither,
math-471,8,neither,
math-471,9,python,
math-472,0,inconclusive,
math-472,1,inconclusive,
math-472,2,inconclusive,
math-472,3,lean,
math-472,4,lean,
math-472,5,inconclusive,
math-472,6,neither,
math-472,7,inconclusive,
math-472,8,inconclusive,
math-473,0,python,
math-473,1,python,
math-473,2,python,
math-474,0,inconclusive,
math-474,1,python,
math-474,2,python,
math-474,3,neither,
math-474,4,python,
math-474,5,inconclusive,
math-474,6,python,
math-475,0,inconclusive,
math-475,1,python,
math-475,2,python,
math-475,3,neither,
math-475,4,neither,
math-475,5,python,
math-476,0,inconclusive,
math-476,1,python,
math-476,2,python,
math-476,3,neither,
math-477,0,neither,
math-477,1,inconclusive,
math-477,2,neither,
math-477,3,python,
math-477,4,neither,
math-477,5,neither,
math-478,0,python,
math-478,1,python,
math-478,2,python,
math-478,3,python,
math-478,4,python,
math-478,5,neither,
math-479,0,python,
math-479,1,inconclusive,
math-479,2,python,
math-479,3,python,
math-479,4,neither,
math-479,5,python,
math-479,6,python,
math-479,7,python,
math-479,8,lean,
math-47,0,lean,
math-47,1,inconclusive,
math-47,2,inconclusive,
math-47,3,python,
math-480,0,inconclusive,
math-480,1,neither,
math-480,2,python,
math-480,3,python,
math-480,4,neither,
math-481,0,inconclusive,
math-481,1,lean,
math-481,10,python,
math-481,11,neither,
math-481,12,python,
math-481,13,python,
math-481,14,python,
math-481,15,python,
math-481,2,lean,
math-481,3,inconclusive,
math-481,4,inconclusive,
math-481,5,inconclusive,
math-481,6,lean,
math-481,7,lean,
math-481,8,python,
math-481,9,neither,
math-482,0,python,
math-482,1,python,
math-482,2,neither,
math-482,3,python,
math-482,4,python,
math-482,5,python,
math-482,6,python,
math-482,7,neither,
math-482,8,python,
math-482,9,python,
math-483,0,inconclusive,
math-483,1,lean,
math-483,2,lean,
math-483,3,python,
math-483,4,python,
math-484,0,python,
math-484,1,python,
math-484,2,python,
math-484,3,neither,
math-484,4,python,
math-484,5,python,
math-484,6,python,
math-484,7,python,
math-484,8,inconclusive,
math-485,0,neither,
math-485,1,inconclusive,
math-485,2,python,
math-485,3,python,
math-485,4,python,
math-486,0,lean,
math-486,1,python,
math-486,2,neither,
math-486,3,neither,
math-487,0,inconclusive,
math-487,1,python,
math-487,2,inconclusive,
math-488,0,python,
math-488,1,neither,
math-488,2,inconclusive,
math-488,3,python,
math-489,0,neither,
math-489,1,inconclusive,
math-489,2,inconclusive,
math-489,3,inconclusive,
math-48,0,tie,
math-48,1,python,
math-48,2,neither,
math-48,3,lean,
math-490,0,lean,
math-490,1,python,
math-490,2,inconclusive,
math-490,3,python,
math-490,4,python,
math-491,0,python,
math-491,1,neither,
math-491,2,inconclusive,
math-491,3,neither,
math-491,4,python,
math-492,0,python,
math-492,1,lean,
math-492,10,python,
math-492,2,python,
math-492,3,neither,
math-492,4,inconclusive,
math-492,5,lean,
math-492,6,neither,
math-492,7,python,
math-492,8,inconclusive,
math-492,9,python,
math-493,0,inconclusive,
math-493,1,inconclusive,
math-493,10,inconclusive,
math-493,11,inconclusive,
math-493,12,python,
math-493,13,python,
math-493,14,python,
math-493,2,inconclusive,
math-493,3,inconclusive,
math-493,4,neither,
math-493,5,inconclusive,
math-493,6,neither,
math-493,7,python,
math-493,8,python,
math-493,9,inconclusive,
math-494,0,neither,
math-494,1,neither,
math-494,2,neither,
math-494,3,neither,
math-494,4,neither,
math-494,5,neither,
math-494,6,neither,
math-494,7,neither,
math-495,0,inconclusive,
math-495,1,python,
math-495,10,neither,
math-495,2,neither,
math-495,3,neither,
math-495,4,neither,
math-495,5,neither,
math-495,6,neither,
math-495,7,python,
math-495,8,inconclusive,
math-495,9,inconclusive,
math-496,0,python,
math-496,1,python,
math-496,2,neither,
math-496,3,inconclusive,
math-496,4,python,
math-496,5,python,
math-497,0,python,
math-497,1,lean,
math-497,2,inconclusive,
math-497,3,lean,
math-497,4,lean,
math-497,5,python,
math-497,6,neither,
math-497,7,neither,
math-498,0,python,
math-498,1,python,
math-498,2,python,
math-499,0,inconclusive,
math-499,1,lean,
math-499,2,python,
math-499,3,inconclusive,
math-499,4,neither,
math-499,5,neither,
math-499,6,inconclusive,
math-499,7,neither,
math-49,0,python,
math-49,1,python,
math-49,2,python,
math-49,3,python,
math-49,4,python,
math-4,0,lean,
math-4,1,neither,
math-4,2,python,
math-4,3,neither,
math-500,0,lean,
math-500,1,neither,
math-500,2,lean,
math-500,3,lean,
math-501,0,inconclusive,
math-501,1,python,
math-501,2,python,
math-501,3,inconclusive,
math-501,4,python,
math-501,5,python,
math-501,6,python,
math-502,0,inconclusive,
math-502,1,python,
math-502,2,inconclusive,
math-502,3,inconclusive,
math-502,4,lean,
math-502,5,inconclusive,
math-502,6,neither,
math-502,7,inconclusive,
math-502,8,python,
math-503,0,python,
math-503,1,python,
math-503,2,python,
math-503,3,python,
math-504,0,python,
math-504,1,python,
math-504,2,lean,
math-504,3,python,
math-504,4,python,
math-504,5,neither,
math-504,6,tie,
math-504,7,lean,
math-505,0,inconclusive,
math-505,1,python,
math-505,2,python,
math-505,3,python,
math-506,0,python,
math-506,1,lean,
math-506,2,lean,
math-506,3,python,
math-506,4,python,
math-506,5,python,
math-506,6,python,
math-507,0,python,
math-507,1,tie,
math-507,2,python,
math-507,3,python,
math-508,0,inconclusive,
math-508,1,lean,
math-508,10,inconclusive,
math-508,11,python,
math-508,2,neither,
math-508,3,python,
math-508,4,neither,
math-508,5,neither,
math-508,6,inconclusive,
math-508,7,neither,
math-508,8,inconclusive,
math-508,9,lean,
math-509,0,python,
math-509,1,python,
math-509,2,lean,
math-509,3,lean,
math-50,0,python,
math-50,1,python,
math-50,2,python,
math-50,3,python,
math-50,4,python,
math-50,5,python,
math-50,6,inconclusive,
math-50,7,inconclusive,
math-50,8,python,
math-510,0,neither,
math-510,1,neither,
math-510,10,python,
math-510,11,python,
math-510,2,inconclusive,
math-510,3,inconclusive,
math-510,4,python,
math-510,5,python,
math-510,6,python,
math-510,7,lean,
math-510,8,python,
math-510,9,python,
math-511,0,neither,
math-511,1,neither,
math-511,2,neither,
math-511,3,neither,
math-511,4,lean,
math-511,5,python,
math-511,6,inconclusive,
math-511,7,python,
math-512,0,lean,
math-512,1,lean,
math-512,2,python,
math-512,3,python,
math-512,4,inconclusive,
math-513,0,python,
math-513,1,inconclusive,
math-513,10,neither,
math-513,11,python,
math-513,12,python,
math-513,13,python,
math-513,14,python,
math-513,2,python,
math-513,3,python,
math-513,4,python,
math-513,5,python,
math-513,6,neither,
math-513,7,inconclusive,
math-513,8,inconclusive,
math-513,9,python,
math-514,0,inconclusive,
math-514,1,inconclusive,
math-514,2,neither,
math-514,3,neither,
math-514,4,python,
math-514,5,python,
math-514,6,python,
math-515,0,neither,
math-515,1,neither,
math-515,2,lean,
math-515,3,neither,
math-515,4,python,
math-515,5,python,
math-515,6,python,
math-516,0,lean,
math-516,1,inconclusive,
math-516,2,python,
math-516,3,python,
math-516,4,lean,
math-516,5,python,
math-516,6,python,
math-516,7,python,
math-517,0,neither,
math-517,1,inconclusive,
math-517,2,python,
math-517,3,python,
math-517,4,python,
math-517,5,python,
math-517,6,python,
math-517,7,python,
math-517,8,python,
math-517,9,python,
math-518,0,python,
math-518,1,python,
math-518,2,python,
math-518,3,python,
math-518,4,python,
math-518,5,python,
math-519,0,inconclusive,
math-519,1,inconclusive,
math-519,2,lean,
math-519,3,lean,
math-519,4,lean,
math-51,0,neither,
math-51,1,lean,
math-51,2,inconclusive,
math-51,3,python,
math-51,4,inconclusive,
math-51,5,neither,
math-51,6,python,
math-51,7,python,
math-51,8,neither,
math-520,0,python,
math-520,1,inconclusive,
math-520,10,python,
math-520,2,python,
math-520,3,neither,
math-520,4,python,
math-520,5,neither,
math-520,6,neither,
math-520,7,python,
math-520,8,neither,
math-520,9,neither,
math-521,0,python,
math-521,1,python,
math-521,2,python,
math-521,3,python,
math-521,4,python,
math-521,5,python,
math-522,0,inconclusive,
math-522,1,neither,
math-522,10,python,
math-522,11,inconclusive,
math-522,2,inconclusive,
math-522,3,neither,
math-522,4,inconclusive,
math-522,5,python,
math-522,6,python,
math-522,7,python,
math-522,8,lean,
math-522,9,python,
math-523,0,lean,
math-523,1,,request_failed
math-523,2,lean,
math-523,3,lean,
math-524,0,inconclusive,
math-524,1,lean,
math-524,2,lean,
math-524,3,python,
math-524,4,python,
math-524,5,python,
math-525,0,python,
math-525,1,python,
math-525,2,python,
math-525,3,python,
math-526,0,inconclusive,
math-526,1,python,
math-526,2,inconclusive,
math-526,3,python,
math-526,4,,request_failed
math-526,5,python,
math-526,6,python,
math-527,0,python,
math-527,1,inconclusive,
math-527,2,inconclusive,
math-527,3,inconclusive,
math-527,4,python,
math-527,5,python,
math-527,6,lean,
math-527,7,python,
math-527,8,lean,
math-527,9,inconclusive,
math-528,0,python,
math-528,1,inconclusive,
math-528,2,lean,
math-528,3,python,
math-528,4,lean,
math-528,5,inconclusive,
math-528,6,python,
math-528,7,inconclusive,
math-528,8,python,
math-528,9,python,
math-529,0,neither,
math-529,1,lean,
math-529,2,lean,
math-52,0,python,
math-52,1,python,
math-52,2,python,
math-52,3,inconclusive,
math-52,4,python,
math-530,0,lean,
math-530,1,neither,
math-530,2,neither,
math-531,0,inconclusive,
math-531,1,lean,
math-531,10,lean,
math-531,2,neither,
math-531,3,python,
math-531,4,python,
math-531,5,inconclusive,
math-531,6,python,
math-531,7,python,
math-531,8,python,
math-531,9,python,
math-532,0,inconclusive,
math-532,1,python,
math-532,10,python,
math-532,2,inconclusive,
math-532,3,python,
math-532,4,inconclusive,
math-532,5,inconclusive,
math-532,6,python,
math-532,7,neither,
math-532,8,python,
math-532,9,neither,
math-533,0,inconclusive,
math-533,1,neither,
math-533,2,neither,
math-533,3,neither,
math-533,4,python,
math-533,5,python,
math-534,0,lean,
math-534,1,python,
math-534,2,python,
math-535,0,python,
math-535,1,lean,
math-535,2,inconclusive,
math-536,0,,request_failed
math-536,1,python,
math-536,2,inconclusive,
math-536,3,lean,
math-537,0,neither,
math-537,1,python,
math-537,2,neither,
math-537,3,python,
math-538,0,lean,
math-538,1,lean,
math-538,2,python,
math-538,3,inconclusive,
math-538,4,python,
math-538,5,python,
math-538,6,lean,
math-538,7,lean,
math-538,8,inconclusive,
math-539,0,neither,
math-539,1,python,
math-539,2,python,
math-539,3,python,
math-53,0,inconclusive,
math-53,1,python,
math-53,2,python,
math-53,3,python,
math-53,4,python,
math-53,5,inconclusive,
math-540,0,lean,
math-540,1,neither,
math-540,2,lean,
math-541,0,lean,
math-541,1,python,
math-541,2,lean,
math-541,3,neither,
math-542,0,python,
math-542,1,python,
math-542,2,python,
math-542,3,python,
math-542,4,python,
math-543,0,python,
math-543,1,python,
math-543,2,neither,
math-543,3,python,
math-543,4,python,
math-543,5,python,
math-544,0,inconclusive,
math-544,1,inconclusive,
math-544,2,lean,
math-544,3,lean,
math-545,0,lean,
math-545,1,lean,
math-545,2,lean,
math-545,3,python,
math-545,4,lean,
math-545,5,lean,
math-545,6,lean,
math-545,7,python,
math-545,8,python,
math-545,9,python,
math-546,0,inconclusive,
math-546,1,neither,
math-546,2,python,
math-546,3,inconclusive,
math-547,0,inconclusive,
math-547,1,python,
math-547,2,lean,
math-547,3,lean,
math-547,4,inconclusive,
math-548,0,python,
math-548,1,python,
math-548,2,neither,
math-549,0,inconclusive,
math-549,1,python,
math-549,2,python,
math-549,3,python,
math-549,4,lean,
math-549,5,inconclusive,
math-549,6,lean,
math-54,0,python,
math-54,1,neither,
math-550,0,lean,
math-550,1,inconclusive,
math-550,2,lean,
math-550,3,neither,
math-550,4,lean,
math-551,0,inconclusive,
math-551,1,lean,
math-551,2,python,
math-551,3,python,
math-551,4,python,
math-551,5,python,
math-552,0,inconclusive,
math-552,1,python,
math-552,2,python,
math-552,3,inconclusive,
math-552,4,python,
math-553,0,inconclusive,
math-553,1,python,
math-553,2,inconclusive,
math-553,3,inconclusive,
math-553,4,python,
math-553,5,python,
math-554,0,python,
math-554,1,python,
math-554,2,python,
math-554,3,python,
math-554,4,python,
math-555,0,python,
math-555,1,python,
math-556,0,python,
math-556,1,python,
math-556,2,python,
math-556,3,neither,
math-556,4,python,
math-556,5,neither,
math-556,6,neither,
math-556,7,python,
math-557,0,python,
math-557,1,python,
math-557,2,tie,
math-557,3,python,
math-558,0,python,
math-558,1,python,
math-558,2,python,
math-558,3,python,
math-558,4,lean,
math-558,5,lean,
math-559,0,inconclusive,
math-559,1,python,
math-559,2,python,
math-559,3,python,
math-559,4,lean,
math-559,5,python,
math-559,6,lean,
math-559,7,neither,
math-55,0,python,
math-55,1,inconclusive,
math-55,2,lean,
math-55,3,neither,
math-55,4,neither,
math-55,5,python,
math-55,6,inconclusive,
math-560,0,inconclusive,
math-560,1,inconclusive,
math-560,2,inconclusive,
math-560,3,python,
math-560,4,python,
math-561,0,python,
math-561,1,python,
math-561,2,python,
math-561,3,python,
math-561,4,python,
math-562,0,python,
math-562,1,inconclusive,
math-562,2,python,
math-562,3,inconclusive,
math-563,0,python,
math-563,1,python,
math-563,2,lean,
math-563,3,python,
math-563,4,python,
math-564,0,neither,
math-564,1,inconclusive,
math-564,2,lean,
math-564,3,python,
math-564,4,lean,
math-564,5,inconclusive,
math-565,0,inconclusive,
math-565,1,python,
math-565,2,python,
math-565,3,python,
math-565,4,python,
math-566,0,lean,
math-566,1,inconclusive,
math-566,2,neither,
math-566,3,lean,
math-566,4,lean,
math-567,0,inconclusive,
math-567,1,neither,
math-567,2,neither,
math-567,3,neither,
math-567,4,neither,
math-568,0,python,
math-568,1,lean,
math-568,2,neither,
math-568,3,lean,
math-568,4,lean,
math-568,5,lean,
math-569,0,inconclusive,
math-569,1,python,
math-569,2,neither,
math-569,3,inconclusive,
math-56,0,python,
math-56,1,python,
math-56,2,inconclusive,
math-570,0,python,
math-570,1,lean,
math-570,2,python,
math-571,0,lean,
math-571,1,inconclusive,
math-571,2,python,
math-571,3,python,
math-572,0,inconclusive,
math-572,1,lean,
math-572,2,lean,
math-572,3,python,
math-572,4,inconclusive,
math-572,5,inconclusive,
math-572,6,neither,
math-572,7,python,
math-572,8,lean,
math-572,9,lean,
math-573,0,neither,
math-573,1,python,
math-573,2,inconclusive,
math-573,3,inconclusive,
math-573,4,neither,
math-573,5,inconclusive,
math-574,0,inconclusive,
math-574,1,python,
math-574,2,python,
math-574,3,lean,
math-575,0,inconclusive,
math-575,1,python,
math-575,2,inconclusive,
math-575,3,python,
math-575,4,neither,
math-575,5,lean,
math-575,6,neither,
math-576,0,python,
math-576,1,python,
math-576,2,python,
math-576,3,python,
math-576,4,lean,
math-576,5,python,
math-577,0,lean,
math-577,1,lean,
math-577,10,inconclusive,
math-577,2,neither,
math-577,3,inconclusive,
math-577,4,inconclusive,
math-577,5,inconclusive,
math-577,6,lean,
math-577,7,inconclusive,
math-577,8,python,
math-577,9,inconclusive,
math-578,0,python,
math-578,1,inconclusive,
math-578,2,python,
math-578,3,lean,
math-578,4,neither,
math-578,5,neither,
math-579,0,inconclusive,
math-579,1,python,
math-579,10,inconclusive,
math-579,11,python,
math-579,12,python,
math-579,2,neither,
math-579,3,neither,
math-579,4,inconclusive,
math-579,5,python,
math-579,6,neither,
math-579,7,neither,
math-579,8,neither,
math-579,9,neither,
math-57,0,python,
math-57,1,python,
math-57,2,python,
math-57,3,inconclusive,
math-57,4,inconclusive,
math-57,5,neither,
math-57,6,python,
math-57,7,python,
math-580,0,neither,
math-580,1,inconclusive,
math-580,2,inconclusive,
math-580,3,python,
math-580,4,python,
math-580,5,python,
math-581,0,python,
math-581,1,python,
math-582,0,neither,
math-582,1,lean,
math-582,2,python,
math-582,3,neither,
math-582,4,python,
math-582,5,python,
math-583,0,inconclusive,
math-583,1,python,
math-583,2,neither,
math-583,3,python,
math-583,4,python,
math-583,5,python,
math-584,0,python,
math-584,1,lean,
math-584,2,python,
math-584,3,inconclusive,
math-585,0,inconclusive,
math-585,1,lean,
math-585,2,python,
math-585,3,python,
math-585,4,tie,
math-586,0,inconclusive,
math-586,1,inconclusive,
math-586,2,inconclusive,
math-586,3,lean,
math-586,4,python,
math-586,5,python,
math-586,6,python,
math-587,0,python,
math-587,1,python,
math-587,2,python,
math-588,0,python,
math-588,1,python,
math-588,2,python,
math-588,3,lean,
math-588,4,python,
math-589,0,neither,
math-589,1,neither,
math-589,2,python,
math-589,3,python,
math-589,4,python,
math-58,0,python,
math-58,1,python,
math-58,2,inconclusive,
math-58,3,inconclusive,
math-590,0,inconclusive,
math-590,1,python,
math-590,2,python,
math-590,3,neither,
math-590,4,python,
math-590,5,python,
math-590,6,python,
math-590,7,neither,
math-590,8,python,
math-591,0,python,
math-591,1,lean,
math-591,2,lean,
math-591,3,python,
math-591,4,lean,
math-591,5,python,
math-591,6,python,
math-592,0,inconclusive,
math-592,1,python,
math-592,2,neither,
math-592,3,python,
math-593,0,inconclusive,
math-593,1,neither,
math-593,2,tie,
math-593,3,python,
math-593,4,python,
math-594,0,inconclusive,
math-594,1,python,
math-594,2,python,
math-594,3,python,
math-594,4,python,
math-594,5,python,
math-595,0,inconclusive,
math-595,1,python,
math-595,2,python,
math-595,3,python,
math-595,4,lean,
math-596,0,lean,
math-596,1,inconclusive,
math-596,2,lean,
math-596,3,inconclusive,
math-596,4,python,
math-596,5,neither,
math-596,6,inconclusive,
math-596,7,neither,
math-597,0,neither,
math-597,1,inconclusive,
math-597,2,python,
math-597,3,python,
math-597,4,lean,
math-598,0,python,
math-598,1,python,
math-598,10,python,
math-598,11,python,
math-598,12,python,
math-598,2,python,
math-598,3,python,
math-598,4,python,
math-598,5,python,
math-598,6,python,
math-598,7,python,
math-598,8,python,
math-598,9,python,
math-599,0,inconclusive,
math-599,1,inconclusive,
math-599,2,python,
math-599,3,python,
math-599,4,python,
math-599,5,python,
math-59,0,neither,
math-59,1,neither,
math-59,2,neither,
math-59,3,inconclusive,
math-59,4,neither,
math-59,5,inconclusive,
math-5,0,inconclusive,
math-5,1,,request_failed
math-5,2,neither,
math-5,3,neither,
math-5,4,inconclusive,
math-5,5,inconclusive,
math-600,0,python,
math-600,1,python,
math-600,2,python,
math-600,3,python,
math-600,4,python,
math-600,5,python,
math-601,0,python,
math-601,1,python,
math-601,2,lean,
math-601,3,lean,
math-601,4,python,
math-601,5,python,
math-602,0,python,
math-602,1,inconclusive,
math-602,10,neither,
math-602,11,python,
math-602,12,inconclusive,
math-602,13,lean,
math-602,14,neither,
math-602,15,neither,
math-602,2,python,
math-602,3,lean,
math-602,4,python,
math-602,5,python,
math-602,6,python,
math-602,7,lean,
math-602,8,inconclusive,
math-602,9,python,
math-603,0,python,
math-603,1,python,
math-603,2,python,
math-603,3,python,
math-603,4,python,
math-603,5,python,
math-603,6,python,
math-604,0,python,
math-604,1,python,
math-604,2,neither,
math-604,3,neither,
math-604,4,inconclusive,
math-605,0,python,
math-605,1,python,
math-605,2,python,
math-605,3,python,
math-606,0,neither,
math-606,1,inconclusive,
math-606,2,python,
math-606,3,python,
math-606,4,neither,
math-606,5,lean,
math-606,6,python,
math-607,0,inconclusive,
math-607,1,inconclusive,
math-607,2,neither,
math-607,3,python,
math-607,4,python,
math-607,5,inconclusive,
math-607,6,inconclusive,
math-608,0,lean,
math-608,1,inconclusive,
math-608,2,neither,
math-608,3,python,
math-608,4,python,
math-608,5,python,
math-608,6,lean,
math-609,0,inconclusive,
math-609,1,inconclusive,
math-609,2,inconclusive,
math-609,3,lean,
math-609,4,python,
math-60,0,neither,
math-60,1,python,
math-60,2,python,
math-610,0,inconclusive,
math-610,1,inconclusive,
math-610,2,neither,
math-610,3,python,
math-611,0,inconclusive,
math-611,1,inconclusive,
math-611,2,inconclusive,
math-611,3,python,
math-611,4,lean,
math-611,5,python,
math-612,0,python,
math-612,1,inconclusive,
math-612,2,python,
math-613,0,inconclusive,
math-613,1,lean,
math-613,2,lean,
math-613,3,python,
math-613,4,python,
math-613,5,inconclusive,
math-613,6,inconclusive,
math-613,7,lean,
math-613,8,python,
math-614,0,inconclusive,
math-614,1,lean,
math-614,2,neither,
math-614,3,neither,
math-614,4,neither,
math-614,5,python,
math-614,6,neither,
math-614,7,python,
math-614,8,python,
math-615,0,neither,
math-615,1,python,
math-615,2,python,
math-615,3,python,
math-615,4,python,
math-616,0,lean,
math-616,1,lean,
math-616,2,python,
math-616,3,python,
math-616,4,python,
math-617,0,python,
math-617,1,python,
math-617,2,python,
math-617,3,python,
math-618,0,python,
math-618,1,python,
math-618,2,python,
math-618,3,neither,
math-618,4,python,
math-618,5,python,
math-618,6,python,
math-618,7,python,
math-618,8,inconclusive,
math-618,9,python,
math-619,0,python,
math-619,1,inconclusive,
math-619,2,neither,
math-619,3,python,
math-619,4,neither,
math-619,5,neither,
math-619,6,neither,
math-619,7,python,
math-61,0,neither,
math-61,1,neither,
math-61,2,neither,
math-61,3,python,
math-620,0,lean,
math-620,1,python,
math-620,2,lean,
math-620,3,python,
math-620,4,inconclusive,
math-620,5,python,
math-621,0,lean,
math-621,1,inconclusive,
math-621,2,lean,
math-621,3,python,
math-621,4,python,
math-621,5,python,
math-621,6,python,
math-622,0,neither,
math-622,1,lean,
math-622,10,python,
math-622,11,python,
math-622,12,python,
math-622,13,python,
math-622,2,inconclusive,
math-622,3,neither,
math-622,4,inconclusive,
math-622,5,neither,
math-622,6,python,
math-622,7,inconclusive,
math-622,8,inconclusive,
math-622,9,inconclusive,
math-623,0,inconclusive,
math-623,1,python,
math-623,2,python,
math-623,3,python,
math-624,0,inconclusive,
math-624,1,lean,
math-624,2,python,
math-624,3,python,
math-625,0,python,
math-625,1,python,
math-625,2,python,
math-626,0,neither,
math-626,1,neither,
math-626,2,inconclusive,
math-626,3,python,
math-626,4,inconclusive,
math-626,5,python,
math-627,0,inconclusive,
math-627,1,python,
math-627,10,python,
math-627,11,python,
math-627,12,python,
math-627,13,python,
math-627,14,python,
math-627,15,python,
math-627,2,inconclusive,
math-627,3,inconclusive,
math-627,4,python,
math-627,5,inconclusive,
math-627,6,python,
math-627,7,python,
math-627,8,python,
math-627,9,python,
math-628,0,python,
math-628,1,python,
math-628,2,python,
math-628,3,python,
math-628,4,lean,
math-629,0,python,
math-629,1,python,
math-629,2,python,
math-629,3,python,
math-629,4,neither,
math-629,5,python,
math-629,6,python,
math-629,7,python,
math-62,0,lean,
math-62,1,python,
math-62,2,python,
math-630,0,inconclusive,
math-630,1,inconclusive,
math-630,2,python,
math-630,3,neither,
math-630,4,inconclusive,
math-631,0,neither,
math-631,1,tie,
math-631,2,python,
math-632,0,tie,
math-632,1,python,
math-632,2,python,
math-632,3,lean,
math-633,0,python,
math-633,1,lean,
math-633,2,lean,
math-633,3,lean,
math-634,0,neither,
math-634,1,lean,
math-634,10,lean,
math-634,2,python,
math-634,3,lean,
math-634,4,lean,
math-634,5,neither,
math-634,6,inconclusive,
math-634,7,inconclusive,
math-634,8,lean,
math-634,9,lean,
math-635,0,python,
math-635,1,python,
math-635,2,lean,
math-635,3,python,
math-635,4,lean,
math-636,0,python,
math-636,1,python,
math-636,2,python,
math-636,3,python,
math-636,4,python,
math-636,5,python,
math-637,0,inconclusive,
math-637,1,lean,
math-637,2,lean,
math-637,3,inconclusive,
math-638,0,python,
math-638,1,python,
math-638,2,python,
math-638,3,neither,
math-639,0,python,
math-639,1,lean,
math-639,2,lean,
math-639,3,lean,
math-63,0,inconclusive,
math-63,1,python,
math-63,2,python,
math-63,3,python,
math-63,4,inconclusive,
math-63,5,python,
math-63,6,python,
math-63,7,python,
math-63,8,python,
math-63,9,python,
math-640,0,inconclusive,
math-640,1,lean,
math-640,2,neither,
math-640,3,lean,
math-640,4,lean,
math-640,5,python,
math-640,6,lean,
math-640,7,python,
math-640,8,neither,
math-641,0,inconclusive,
math-641,1,python,
math-641,2,lean,
math-641,3,python,
math-641,4,lean,
math-641,5,neither,
math-641,6,python,
math-641,7,python,
math-642,0,lean,
math-642,1,lean,
math-642,2,lean,
math-642,3,python,
math-642,4,python,
math-642,5,lean,
math-643,0,lean,
math-643,1,lean,
math-643,2,python,
math-643,3,lean,
math-643,4,lean,
math-644,0,inconclusive,
math-644,1,inconclusive,
math-644,2,inconclusive,
math-644,3,inconclusive,
math-644,4,python,
math-645,0,python,
math-645,1,python,
math-645,2,python,
math-645,3,python,
math-646,0,neither,
math-646,1,inconclusive,
math-646,2,python,
math-646,3,python,
math-647,0,inconclusive,
math-647,1,neither,
math-647,2,lean,
math-647,3,lean,
math-648,0,lean,
math-648,1,lean,
math-648,2,lean,
math-648,3,lean,
math-649,0,neither,
math-649,1,python,
math-649,2,tie,
math-649,3,python,
math-649,4,python,
math-64,0,python,
math-64,1,python,
math-64,2,neither,
math-64,3,python,
math-64,4,inconclusive,
math-650,0,inconclusive,
math-650,1,inconclusive,
math-650,2,inconclusive,
math-650,3,inconclusive,
math-650,4,python,
math-650,5,python,
math-650,6,lean,
math-651,0,inconclusive,
math-651,1,python,
math-651,2,python,
math-651,3,lean,
math-652,0,inconclusive,
math-652,1,python,
math-652,2,python,
math-652,3,neither,
math-652,4,neither,
math-652,5,neither,
math-652,6,neither,
math-652,7,python,
math-653,0,lean,
math-653,1,lean,
math-653,2,python,
math-653,3,python,
math-654,1,inconclusive,
math-654,2,lean,
math-654,3,,request_failed
math-654,4,python,
math-654,5,python,
math-655,0,python,
math-655,1,neither,
math-655,2,python,
math-655,3,python,
math-655,4,python,
math-656,0,lean,
math-656,1,neither,
math-656,10,neither,
math-656,11,python,
math-656,12,python,
math-656,13,python,
math-656,2,python,
math-656,3,neither,
math-656,4,python,
math-656,5,inconclusive,
math-656,6,python,
math-656,7,neither,
math-656,8,python,
math-656,9,python,
math-657,0,python,
math-657,1,neither,
math-657,2,lean,
math-657,3,lean,
math-657,4,lean,
math-657,5,python,
math-657,6,tie,
math-658,0,lean,
math-658,1,inconclusive,
math-658,2,neither,
math-658,3,python,
math-658,4,python,
math-658,5,inconclusive,
math-658,6,python,
math-659,0,inconclusive,
math-659,1,neither,
math-659,2,neither,
math-659,3,python,
math-659,4,python,
math-659,5,python,
math-659,6,python,
math-659,7,python,
math-65,0,inconclusive,
math-65,1,python,
math-65,10,python,
math-65,11,python,
math-65,12,neither,
math-65,13,python,
math-65,14,python,
math-65,15,python,
math-65,2,python,
math-65,3,lean,
math-65,4,python,
math-65,5,lean,
math-65,6,python,
math-65,7,python,
math-65,8,python,
math-65,9,python,
math-660,0,inconclusive,
math-660,1,inconclusive,
math-660,2,python,
math-660,3,inconclusive,
math-661,0,python,
math-661,1,python,
math-661,10,python,
math-661,11,python,
math-661,12,python,
math-661,2,inconclusive,
math-661,3,python,
math-661,4,python,
math-661,5,python,
math-661,6,python,
math-661,7,python,
math-661,8,python,
math-661,9,python,
math-662,0,python,
math-662,1,inconclusive,
math-662,2,python,
math-662,3,neither,
math-662,4,python,
math-663,0,inconclusive,
math-663,1,neither,
math-663,2,python,
math-663,3,neither,
math-663,4,lean,
math-663,5,python,
math-663,6,python,
math-664,0,inconclusive,
math-664,1,lean,
math-664,2,lean,
math-664,3,python,
math-665,0,inconclusive,
math-665,1,python,
math-665,2,python,
math-665,3,lean,
math-665,4,python,
math-665,5,lean,
math-665,6,python,
math-665,7,inconclusive,
math-665,8,python,
math-665,9,python,
math-666,0,lean,
math-666,1,lean,
math-666,2,python,
math-666,3,python,
math-667,0,inconclusive,
math-667,1,python,
math-667,2,lean,
math-667,3,python,
math-667,4,python,
math-667,5,lean,
math-668,0,lean,
math-668,1,python,
math-668,2,python,
math-668,3,lean,
math-668,4,python,
math-668,5,lean,
math-668,6,python,
math-668,7,python,
math-668,8,python,
math-669,0,lean,
math-669,1,inconclusive,
math-669,2,inconclusive,
math-669,3,lean,
math-669,4,lean,
math-66,0,neither,
math-66,1,python,
math-66,2,neither,
math-670,0,inconclusive,
math-670,1,neither,
math-670,2,inconclusive,
math-670,3,python,
math-671,0,neither,
math-671,1,neither,
math-671,2,python,
math-671,3,neither,
math-671,4,lean,
math-671,5,inconclusive,
math-672,0,lean,
math-672,1,lean,
math-672,2,inconclusive,
math-673,0,python,
math-673,1,python,
math-673,2,python,
math-674,0,inconclusive,
math-674,1,lean,
math-674,2,neither,
math-674,3,lean,
math-674,4,python,
math-675,0,inconclusive,
math-675,1,python,
math-675,2,python,
math-675,3,neither,
math-675,4,lean,
math-676,0,inconclusive,
math-676,1,lean,
math-676,2,python,
math-676,3,inconclusive,
math-677,0,inconclusive,
math-677,1,inconclusive,
math-677,2,python,
math-677,3,python,
math-677,4,python,
math-677,5,python,
math-678,0,inconclusive,
math-678,1,inconclusive,
math-678,10,python,
math-678,2,inconclusive,
math-678,3,python,
math-678,4,python,
math-678,5,python,
math-678,6,python,
math-678,7,python,
math-678,8,python,
math-678,9,python,
math-679,0,neither,
math-679,1,lean,
math-679,2,neither,
math-679,3,neither,
math-679,4,neither,
math-679,5,inconclusive,
math-679,6,neither,
math-67,0,inconclusive,
math-67,1,lean,
math-67,10,python,
math-67,2,lean,
math-67,3,python,
math-67,4,python,
math-67,5,neither,
math-67,6,python,
math-67,7,python,
math-67,8,python,
math-67,9,python,
math-680,0,neither,
math-680,1,lean,
math-680,2,python,
math-680,3,python,
math-681,0,python,
math-681,1,neither,
math-681,2,python,
math-681,3,python,
math-681,4,python,
math-681,5,python,
math-682,0,inconclusive,
math-682,1,neither,
math-682,10,neither,
math-682,2,neither,
math-682,3,inconclusive,
math-682,4,inconclusive,
math-682,5,neither,
math-682,6,neither,
math-682,7,inconclusive,
math-682,8,lean,
math-682,9,python,
math-683,0,python,
math-683,1,python,
math-683,2,python,
math-683,3,python,
math-684,0,python,
math-684,1,lean,
math-684,2,python,
math-684,3,python,
math-685,0,python,
math-685,1,python,
math-685,2,python,
math-685,3,python,
math-685,4,inconclusive,
math-685,5,lean,
math-685,6,neither,
math-685,7,python,
math-685,8,inconclusive,
math-685,9,python,
math-686,0,inconclusive,
math-686,1,python,
math-686,2,python,
math-686,3,python,
math-687,0,python,
math-687,1,python,
math-687,2,python,
math-688,0,neither,
math-688,1,inconclusive,
math-688,2,python,
math-688,3,inconclusive,
math-688,4,inconclusive,
math-688,5,python,
math-688,6,python,
math-688,7,python,
math-689,0,python,
math-689,1,inconclusive,
math-689,2,python,
math-68,0,neither,
math-68,1,python,
math-68,2,python,
math-68,3,neither,
math-690,0,python,
math-690,1,inconclusive,
math-690,10,inconclusive,
math-690,11,lean,
math-690,2,lean,
math-690,3,inconclusive,
math-690,4,lean,
math-690,5,python,
math-690,6,python,
math-690,7,python,
math-690,8,python,
math-690,9,python,
math-691,0,lean,
math-691,1,lean,
math-691,2,python,
math-692,0,inconclusive,
math-692,1,lean,
math-692,2,lean,
math-692,3,neither,
math-692,4,neither,
math-692,5,inconclusive,
math-692,6,inconclusive,
math-692,7,neither,
math-692,8,lean,
math-693,0,inconclusive,
math-693,1,python,
math-693,2,python,
math-693,3,python,
math-693,4,lean,
math-693,5,python,
math-693,6,python,
math-693,7,lean,
math-694,0,inconclusive,
math-694,1,python,
math-694,2,python,
math-694,3,python,
math-694,4,python,
math-695,0,inconclusive,
math-695,1,python,
math-695,2,python,
math-695,3,python,
math-695,4,python,
math-695,5,python,
math-696,0,python,
math-696,1,python,
math-696,10,python,
math-696,2,lean,
math-696,3,python,
math-696,4,python,
math-696,5,lean,
math-696,6,python,
math-696,7,python,
math-696,8,python,
math-696,9,inconclusive,
math-697,0,neither,
math-697,1,neither,
math-697,2,neither,
math-697,3,neither,
math-697,4,lean,
math-698,0,neither,
math-698,1,python,
math-698,2,python,
math-698,3,python,
math-698,4,python,
math-699,0,lean,
math-699,1,lean,
math-699,2,lean,
math-699,3,python,
math-699,4,python,
math-69,0,neither,
math-69,1,neither,
math-69,2,neither,
math-69,3,neither,
math-69,4,python,
math-69,5,python,
math-69,6,python,
math-69,7,neither,
math-6,0,inconclusive,
math-6,1,neither,
math-6,2,inconclusive,
math-6,3,inconclusive,
math-6,4,python,
math-6,5,python,
math-6,6,python,
math-6,7,inconclusive,
math-700,0,neither,
math-700,1,python,
math-700,2,python,
math-701,0,python,
math-701,1,tie,
math-701,2,python,
math-701,3,python,
math-701,4,python,
math-701,5,python,
math-702,0,python,
math-702,1,python,
math-702,2,lean,
math-703,0,neither,
math-703,1,lean,
math-703,2,python,
math-703,3,python,
math-703,4,tie,
math-703,5,python,
math-703,6,python,
math-703,7,python,
math-703,8,python,
math-704,0,python,
math-704,1,python,
math-704,2,python,
math-704,3,python,
math-704,4,python,
math-704,5,python,
math-704,6,python,
math-704,7,python,
math-704,8,python,
math-705,0,inconclusive,
math-705,1,python,
math-705,2,python,
math-706,0,python,
math-706,1,python,
math-706,2,lean,
math-706,3,lean,
math-706,4,lean,
math-706,5,lean,
math-706,6,python,
math-707,0,inconclusive,
math-707,1,python,
math-707,2,python,
math-708,0,inconclusive,
math-708,1,inconclusive,
math-708,2,python,
math-708,3,python,
math-708,4,python,
math-709,0,lean,
math-709,1,python,
math-709,2,inconclusive,
math-709,3,python,
math-709,4,lean,
math-709,5,inconclusive,
math-70,0,python,
math-70,1,python,
math-70,2,python,
math-70,3,python,
math-70,4,python,
math-70,5,python,
math-70,6,python,
math-70,7,python,
math-70,8,python,
math-70,9,python,
math-710,0,python,
math-710,1,python,
math-710,10,python,
math-710,11,python,
math-710,2,python,
math-710,3,neither,
math-710,4,python,
math-710,5,python,
math-710,6,neither,
math-710,7,neither,
math-710,8,inconclusive,
math-710,9,tie,
math-711,0,lean,
math-711,1,inconclusive,
math-711,2,inconclusive,
math-711,3,lean,
math-711,4,,request_failed
math-711,5,lean,
math-711,6,python,
math-712,0,inconclusive,
math-712,1,python,
math-712,2,inconclusive,
math-712,3,inconclusive,
math-712,4,python,
math-712,5,python,
math-713,0,neither,
math-713,1,python,
math-713,2,neither,
math-713,3,inconclusive,
math-713,4,neither,
math-713,5,python,
math-713,6,python,
math-714,0,inconclusive,
math-714,1,inconclusive,
math-714,2,python,
math-714,3,python,
math-714,4,python,
math-714,5,python,
math-715,0,python,
math-715,1,tie,
math-715,2,python,
math-716,0,python,
math-716,1,python,
math-716,2,lean,
math-716,3,python,
math-717,0,inconclusive,
math-717,1,lean,
math-717,2,lean,
math-717,3,lean,
math-717,4,inconclusive,
math-717,5,lean,
math-718,0,python,
math-718,1,lean,
math-718,2,python,
math-718,3,python,
math-718,4,python,
math-719,0,inconclusive,
math-719,1,python,
math-719,2,python,
math-719,3,python,
math-71,0,python,
math-71,1,lean,
math-71,2,python,
math-71,3,inconclusive,
math-71,4,python,
math-720,0,neither,
math-720,1,python,
math-720,2,lean,
math-720,3,python,
math-720,4,python,
math-720,5,lean,
math-721,0,lean,
math-721,1,inconclusive,
math-721,2,neither,
math-721,3,lean,
math-721,4,python,
math-721,5,inconclusive,
math-721,6,lean,
math-722,0,inconclusive,
math-722,1,python,
math-722,2,python,
math-722,3,python,
math-723,0,inconclusive,
math-723,1,python,
math-723,2,python,
math-723,3,python,
math-723,4,python,
math-723,5,python,
math-724,0,python,
math-724,1,python,
math-725,0,python,
math-725,1,python,
math-725,2,python,
math-725,3,neither,
math-726,0,python,
math-726,1,python,
math-726,2,python,
math-726,3,python,
math-727,0,inconclusive,
math-727,1,neither,
math-727,10,inconclusive,
math-727,11,inconclusive,
math-727,12,python,
math-727,13,python,
math-727,14,python,
math-727,15,inconclusive,
math-727,2,neither,
math-727,3,inconclusive,
math-727,4,lean,
math-727,5,python,
math-727,6,python,
math-727,7,neither,
math-727,8,neither,
math-727,9,inconclusive,
math-728,0,python,
math-728,1,lean,
math-728,2,neither,
math-728,3,lean,
math-728,4,neither,
math-728,5,inconclusive,
math-728,6,python,
math-728,7,python,
math-728,8,python,
math-729,0,python,
math-729,1,python,
math-729,2,python,
math-729,3,neither,
math-729,4,python,
math-729,5,inconclusive,
math-729,6,python,
math-729,7,python,
math-72,0,python,
math-72,1,python,
math-72,2,python,
math-730,0,inconclusive,
math-730,1,python,
math-730,2,python,
math-730,3,python,
math-730,4,tie,
math-730,5,lean,
math-731,0,inconclusive,
math-731,1,neither,
math-731,10,python,
math-731,11,python,
math-731,12,inconclusive,
math-731,13,python,
math-731,14,python,
math-731,2,inconclusive,
math-731,3,inconclusive,
math-731,4,inconclusive,
math-731,5,lean,
math-731,6,neither,
math-731,7,python,
math-731,8,python,
math-731,9,python,
math-732,0,python,
math-732,1,python,
math-732,2,python,
math-732,3,python,
math-732,4,lean,
math-732,5,python,
math-732,6,python,
math-732,7,python,
math-733,0,lean,
math-733,1,python,
math-733,2,python,
math-733,3,python,
math-734,0,inconclusive,
math-734,1,neither,
math-734,2,neither,
math-734,3,lean,
math-734,4,python,
math-734,5,python,
math-734,6,python,
math-735,0,python,
math-735,1,lean,
math-735,2,python,
math-735,3,python,
math-736,0,lean,
math-736,1,lean,
math-736,2,inconclusive,
math-737,0,inconclusive,
math-737,1,python,
math-737,2,python,
math-737,3,python,
math-737,4,python,
math-738,0,python,
math-738,1,python,
math-738,2,python,
math-738,3,neither,
math-738,4,inconclusive,
math-739,0,python,
math-739,1,python,
math-739,2,python,
math-739,3,python,
math-739,4,python,
math-739,5,python,
math-739,6,python,
math-739,7,neither,
math-73,0,python,
math-73,1,lean,
math-73,2,inconclusive,
math-73,3,python,
math-73,4,python,
math-740,0,python,
math-740,1,inconclusive,
math-740,2,python,
math-740,3,python,
math-740,4,python,
math-740,5,inconclusive,
math-740,6,neither,
math-740,7,python,
math-741,0,python,
math-741,1,python,
math-741,2,python,
math-741,3,python,
math-741,4,python,
math-741,5,inconclusive,
math-741,6,python,
math-742,0,python,
math-742,1,lean,
math-742,2,python,
math-742,3,neither,
math-742,4,inconclusive,
math-742,5,neither,
math-742,6,inconclusive,
math-742,7,inconclusive,
math-743,0,inconclusive,
math-743,1,python,
math-743,10,lean,
math-743,11,python,
math-743,12,python,
math-743,13,python,
math-743,2,python,
math-743,3,neither,
math-743,4,neither,
math-743,5,neither,
math-743,6,python,
math-743,7,inconclusive,
math-743,8,inconclusive,
math-743,9,lean,
math-744,0,python,
math-744,1,neither,
math-745,0,lean,
math-745,1,python,
math-745,2,python,
math-745,3,lean,
math-745,4,lean,
math-746,0,inconclusive,
math-746,1,python,
math-746,2,python,
math-746,3,python,
math-746,4,python,
math-746,5,lean,
math-747,0,inconclusive,
math-747,1,python,
math-747,2,python,
math-747,3,lean,
math-747,4,lean,
math-747,5,lean,
math-748,0,python,
math-748,1,tie,
math-748,2,python,
math-748,3,python,
math-749,0,inconclusive,
math-749,1,inconclusive,
math-749,2,python,
math-749,3,python,
math-749,4,python,
math-749,5,python,
math-74,0,lean,
math-74,1,neither,
math-74,2,neither,
math-74,3,neither,
math-750,0,inconclusive,
math-750,1,neither,
math-750,2,inconclusive,
math-750,3,neither,
math-750,4,lean,
math-750,5,python,
math-750,6,python,
math-750,7,lean,
math-751,0,lean,
math-751,1,python,
math-751,2,python,
math-751,3,inconclusive,
math-752,0,python,
math-752,1,python,
math-752,2,inconclusive,
math-752,3,neither,
math-752,4,python,
math-752,5,python,
math-753,0,inconclusive,
math-753,1,inconclusive,
math-753,2,python,
math-753,3,python,
math-753,4,neither,
math-753,5,python,
math-754,0,inconclusive,
math-754,1,python,
math-754,2,inconclusive,
math-754,3,python,
math-754,4,lean,
math-755,0,lean,
math-755,1,neither,
math-755,2,lean,
math-755,3,lean,
math-755,4,inconclusive,
math-755,5,lean,
math-756,0,neither,
math-756,1,python,
math-756,2,python,
math-756,3,python,
math-756,4,python,
math-756,5,python,
math-757,0,python,
math-757,1,python,
math-757,2,python,
math-757,3,tie,
math-757,4,python,
math-757,5,python,
math-757,6,lean,
math-757,7,lean,
math-758,0,neither,
math-758,1,lean,
math-758,2,neither,
math-758,3,lean,
math-758,4,inconclusive,
math-759,0,python,
math-759,1,lean,
math-759,2,python,
math-759,3,lean,
math-759,4,lean,
math-75,0,inconclusive,
math-75,1,inconclusive,
math-75,2,inconclusive,
math-75,3,inconclusive,
math-75,4,neither,
math-760,0,neither,
math-760,1,python,
math-760,2,inconclusive,
math-760,3,python,
math-760,4,neither,
math-760,5,python,
math-760,6,inconclusive,
math-760,7,lean,
math-760,8,python,
math-761,0,lean,
math-761,1,lean,
math-761,2,python,
math-761,3,inconclusive,
math-761,4,neither,
math-761,5,lean,
math-761,6,python,
math-762,0,inconclusive,
math-762,1,neither,
math-762,2,python,
math-762,3,python,
math-762,4,neither,
math-762,5,python,
math-763,0,lean,
math-763,1,inconclusive,
math-764,0,neither,
math-764,1,lean,
math-764,2,neither,
math-764,3,python,
math-765,0,inconclusive,
math-765,1,inconclusive,
math-765,2,lean,
math-765,3,python,
math-765,4,python,
math-766,0,inconclusive,
math-766,1,python,
math-766,10,python,
math-766,11,neither,
math-766,12,inconclusive,
math-766,2,lean,
math-766,3,lean,
math-766,4,lean,
math-766,5,neither,
math-766,6,python,
math-766,7,neither,
math-766,8,neither,
math-766,9,python,
math-767,0,inconclusive,
math-767,1,python,
math-767,2,python,
math-767,3,python,
math-767,4,python,
math-768,0,inconclusive,
math-768,1,python,
math-768,2,python,
math-768,3,python,
math-768,4,python,
math-768,5,lean,
math-769,0,lean,
math-769,1,neither,
math-769,2,neither,
math-769,3,python,
math-76,0,inconclusive,
math-76,1,inconclusive,
math-76,2,python,
math-76,3,lean,
math-76,4,lean,
math-76,5,lean,
math-76,6,python,
math-76,7,python,
math-76,8,inconclusive,
math-76,9,inconclusive,
math-770,0,inconclusive,
math-770,1,lean,
math-770,2,neither,
math-770,3,lean,
math-770,4,python,
math-770,5,inconclusive,
math-770,6,python,
math-770,7,lean,
math-770,8,lean,
math-770,9,python,
math-771,0,python,
math-771,1,inconclusive,
math-771,10,python,
math-771,11,python,
math-771,2,python,
math-771,3,python,
math-771,4,python,
math-771,5,python,
math-771,6,python,
math-771,7,python,
math-771,8,python,
math-771,9,python,
math-772,0,python,
math-772,1,inconclusive,
math-772,2,lean,
math-772,3,python,
math-773,0,neither,
math-773,1,python,
math-773,2,tie,
math-773,3,inconclusive,
math-773,4,tie,
math-774,0,neither,
math-774,1,lean,
math-774,2,inconclusive,
math-774,3,inconclusive,
math-774,4,neither,
math-774,5,neither,
math-774,6,python,
math-774,7,inconclusive,
math-775,0,neither,
math-775,1,tie,
math-775,2,tie,
math-775,3,python,
math-775,4,python,
math-776,0,lean,
math-776,1,lean,
math-776,2,lean,
math-776,3,lean,
math-776,4,lean,
math-776,5,lean,
math-777,0,python,
math-777,1,python,
math-777,2,inconclusive,
math-777,3,python,
math-777,4,python,
math-778,0,python,
math-778,1,inconclusive,
math-778,2,python,
math-778,3,python,
math-778,4,python,
math-779,0,lean,
math-779,1,python,
math-779,2,lean,
math-779,3,python,
math-779,4,python,
math-779,5,python,
math-77,0,neither,
math-77,1,neither,
math-77,2,inconclusive,
math-77,3,python,
math-77,4,python,
math-77,5,python,
math-780,0,neither,
math-780,1,python,
math-780,2,python,
math-780,3,python,
math-780,4,lean,
math-780,5,python,
math-780,6,python,
math-781,0,inconclusive,
math-781,1,neither,
math-781,10,python,
math-781,11,python,
math-781,12,python,
math-781,2,neither,
math-781,3,inconclusive,
math-781,4,python,
math-781,5,python,
math-781,6,lean,
math-781,7,inconclusive,
math-781,8,python,
math-781,9,python,
math-782,0,inconclusive,
math-782,1,lean,
math-782,2,python,
math-782,3,python,
math-782,4,python,
math-782,5,python,
math-783,0,python,
math-783,1,python,
math-783,2,python,
math-783,3,python,
math-784,0,inconclusive,
math-784,1,lean,
math-784,2,python,
math-784,3,python,
math-784,4,python,
math-785,0,inconclusive,
math-785,1,neither,
math-785,2,python,
math-785,3,inconclusive,
math-785,4,python,
math-786,0,neither,
math-786,1,python,
math-786,2,neither,
math-786,3,python,
math-787,0,inconclusive,
math-787,1,inconclusive,
math-787,2,python,
math-787,3,neither,
math-787,4,python,
math-787,5,lean,
math-788,0,inconclusive,
math-788,1,python,
math-788,2,python,
math-788,3,python,
math-788,4,python,
math-788,5,python,
math-788,6,python,
math-789,0,python,
math-789,1,python,
math-789,2,python,
math-789,3,python,
math-789,4,python,
math-78,0,neither,
math-78,1,neither,
math-78,2,neither,
math-78,3,,request_failed
math-78,4,python,
math-78,5,python,
math-78,6,python,
math-790,0,neither,
math-790,1,lean,
math-790,2,python,
math-791,0,inconclusive,
math-791,1,neither,
math-791,2,python,
math-791,3,python,
math-791,4,python,
math-791,5,python,
math-791,6,python,
math-792,0,python,
math-792,1,python,
math-792,2,lean,
math-792,3,lean,
math-793,0,python,
math-793,1,python,
math-793,2,python,
math-793,3,lean,
math-793,4,python,
math-793,5,python,
math-793,6,python,
math-793,7,python,
math-794,0,neither,
math-794,1,tie,
math-794,2,lean,
math-794,3,lean,
math-794,4,inconclusive,
math-795,0,python,
math-795,1,python,
math-795,2,python,
math-795,3,python,
math-795,4,python,
math-796,0,python,
math-796,1,inconclusive,
math-796,2,inconclusive,
math-796,3,inconclusive,
math-796,4,python,
math-796,5,inconclusive,
math-796,6,python,
math-796,7,python,
math-797,0,python,
math-797,1,python,
math-797,2,neither,
math-797,3,python,
math-798,0,python,
math-798,1,python,
math-798,2,python,
math-798,3,python,
math-799,0,lean,
math-799,1,lean,
math-799,2,python,
math-799,3,lean,
math-799,4,inconclusive,
math-79,0,lean,
math-79,1,inconclusive,
math-79,10,python,
math-79,2,neither,
math-79,3,neither,
math-79,4,neither,
math-79,5,inconclusive,
math-79,6,neither,
math-79,7,neither,
math-79,8,python,
math-79,9,python,
math-7,0,python,
math-7,1,python,
math-7,2,neither,
math-7,3,python,
math-7,4,python,
math-7,5,neither,
math-7,6,neither,
math-800,0,neither,
math-800,1,lean,
math-800,2,python,
math-800,3,python,
math-800,4,python,
math-800,5,python,
math-801,0,python,
math-801,1,lean,
math-801,2,lean,
math-801,3,lean,
math-801,4,python,
math-801,5,python,
math-801,6,python,
math-801,7,python,
math-801,8,python,
math-802,0,neither,
math-802,1,python,
math-802,2,python,
math-802,3,python,
math-802,4,python,
math-802,5,python,
math-802,6,python,
math-802,7,python,
math-803,0,lean,
math-803,1,lean,
math-803,10,inconclusive,
math-803,11,inconclusive,
math-803,12,python,
math-803,13,inconclusive,
math-803,14,python,
math-803,15,python,
math-803,16,python,
math-803,17,inconclusive,
math-803,2,neither,
math-803,3,inconclusive,
math-803,4,neither,
math-803,5,inconclusive,
math-803,6,lean,
math-803,7,python,
math-803,8,inconclusive,
math-803,9,inconclusive,
math-804,0,inconclusive,
math-804,1,python,
math-804,2,neither,
math-804,3,lean,
math-804,4,python,
math-805,0,neither,
math-805,1,python,
math-805,2,python,
math-805,3,python,
math-805,4,python,
math-805,5,python,
math-806,0,python,
math-806,1,python,
math-806,2,inconclusive,
math-807,0,inconclusive,
math-807,1,python,
math-807,2,python,
math-807,3,lean,
math-807,4,lean,
math-807,5,lean,
math-807,6,python,
math-807,7,lean,
math-808,0,neither,
math-808,1,lean,
math-808,2,lean,
math-808,3,lean,
math-808,4,neither,
math-808,5,python,
math-808,6,python,
math-808,7,python,
math-809,0,python,
math-809,1,inconclusive,
math-809,2,lean,
math-809,3,lean,
math-809,4,neither,
math-809,5,python,
math-809,6,python,
math-809,7,python,
math-80,0,lean,
math-80,1,python,
math-80,2,inconclusive,
math-810,0,python,
math-810,1,python,
math-810,2,python,
math-810,3,python,
math-810,4,python,
math-811,0,inconclusive,
math-811,1,inconclusive,
math-811,2,python,
math-811,3,python,
math-811,4,python,
math-811,5,python,
math-811,6,python,
math-811,7,python,
math-811,8,python,
math-812,0,inconclusive,
math-812,1,inconclusive,
math-812,2,inconclusive,
math-812,3,neither,
math-812,4,lean,
math-812,5,python,
math-812,6,python,
math-812,7,python,
math-813,0,neither,
math-813,1,python,
math-813,2,lean,
math-814,0,inconclusive,
math-814,1,neither,
math-814,2,inconclusive,
math-814,3,python,
math-815,0,neither,
math-815,1,python,
math-815,2,inconclusive,
math-815,3,python,
math-816,0,lean,
math-816,1,inconclusive,
math-816,2,inconclusive,
math-816,3,lean,
math-816,4,inconclusive,
math-816,5,lean,
math-817,0,lean,
math-817,1,python,
math-817,2,neither,
math-817,3,tie,
math-817,4,python,
math-818,0,inconclusive,
math-818,1,lean,
math-818,2,inconclusive,
math-818,3,lean,
math-818,4,python,
math-818,5,inconclusive,
math-819,0,inconclusive,
math-819,1,lean,
math-819,2,lean,
math-819,3,python,
math-819,4,lean,
math-819,5,lean,
math-81,0,inconclusive,
math-81,1,lean,
math-81,2,python,
math-81,3,python,
math-81,4,python,
math-81,5,python,
math-81,6,neither,
math-820,0,lean,
math-820,1,inconclusive,
math-820,2,python,
math-820,3,python,
math-820,4,python,
math-820,5,tie,
math-820,6,python,
math-820,7,lean,
math-821,0,inconclusive,
math-821,1,inconclusive,
math-821,2,inconclusive,
math-822,0,,request_failed
math-822,1,inconclusive,
math-822,2,lean,
math-822,3,inconclusive,
math-822,4,python,
math-822,5,lean,
math-823,0,inconclusive,
math-823,1,neither,
math-823,2,python,
math-823,3,python,
math-823,4,neither,
math-823,5,lean,
math-823,6,python,
math-823,7,lean,
math-823,8,python,
math-824,0,inconclusive,
math-824,1,lean,
math-824,2,python,
math-824,3,python,
math-824,4,python,
math-825,0,inconclusive,
math-825,1,python,
math-825,10,python,
math-825,11,python,
math-825,2,inconclusive,
math-825,3,python,
math-825,4,neither,
math-825,5,python,
math-825,6,inconclusive,
math-825,7,neither,
math-825,8,lean,
math-825,9,python,
math-826,0,lean,
math-826,1,neither,
math-826,2,lean,
math-826,3,python,
math-827,0,inconclusive,
math-827,1,lean,
math-827,2,lean,
math-827,3,lean,
math-828,0,inconclusive,
math-828,1,inconclusive,
math-828,10,python,
math-828,11,lean,
math-828,2,lean,
math-828,3,inconclusive,
math-828,4,neither,
math-828,5,python,
math-828,6,python,
math-828,7,inconclusive,
math-828,8,python,
math-828,9,python,
math-829,0,lean,
math-829,1,python,
math-829,10,lean,
math-829,11,neither,
math-829,12,neither,
math-829,13,tie,
math-829,14,python,
math-829,2,python,
math-829,3,lean,
math-829,4,python,
math-829,5,python,
math-829,6,inconclusive,
math-829,7,neither,
math-829,8,inconclusive,
math-829,9,neither,
math-82,0,neither,
math-82,1,python,
math-82,2,python,
math-82,3,python,
math-82,4,python,
math-830,0,python,
math-830,1,python,
math-830,2,python,
math-830,3,python,
math-830,4,python,
math-830,5,python,
math-830,6,python,
math-830,7,lean,
math-831,0,lean,
math-831,1,inconclusive,
math-831,2,lean,
math-831,3,inconclusive,
math-831,4,lean,
math-832,0,inconclusive,
math-832,1,inconclusive,
math-832,2,inconclusive,
math-832,3,neither,
math-832,4,python,
math-833,0,inconclusive,
math-833,1,neither,
math-833,2,python,
math-833,3,lean,
math-834,0,inconclusive,
math-834,1,inconclusive,
math-834,2,neither,
math-834,3,neither,
math-834,4,lean,
math-834,5,neither,
math-834,6,python,
math-835,0,inconclusive,
math-835,1,python,
math-836,0,lean,
math-836,1,python,
math-836,2,python,
math-836,3,lean,
math-836,4,lean,
math-836,5,lean,
math-836,6,python,
math-837,0,neither,
math-837,1,python,
math-837,2,python,
math-837,3,inconclusive,
math-837,4,python,
math-837,5,inconclusive,
math-837,6,neither,
math-838,0,inconclusive,
math-838,1,inconclusive,
math-838,2,python,
math-838,3,inconclusive,
math-838,4,neither,
math-839,0,python,
math-839,1,python,
math-839,2,python,
math-839,3,python,
math-839,4,python,
math-83,0,lean,
math-83,1,python,
math-83,2,python,
math-83,3,python,
math-840,0,inconclusive,
math-840,1,python,
math-840,2,python,
math-840,3,python,
math-841,0,inconclusive,
math-841,1,inconclusive,
math-841,2,neither,
math-841,3,inconclusive,
math-841,4,python,
math-841,5,inconclusive,
math-842,0,inconclusive,
math-842,1,neither,
math-842,2,inconclusive,
math-842,3,inconclusive,
math-842,4,inconclusive,
math-842,5,lean,
math-843,0,lean,
math-843,1,neither,
math-843,2,lean,
math-843,3,python,
math-843,4,python,
math-843,5,python,
math-843,6,python,
math-844,0,inconclusive,
math-844,1,python,
math-844,2,inconclusive,
math-844,3,python,
math-844,4,lean,
math-844,5,python,
math-845,0,python,
math-845,1,neither,
math-845,2,python,
math-845,3,inconclusive,
math-846,0,lean,
math-846,1,python,
math-847,0,neither,
math-847,1,lean,
math-847,2,inconclusive,
math-848,0,python,
math-848,1,python,
math-848,2,python,
math-848,3,python,
math-848,4,neither,
math-849,0,inconclusive,
math-849,1,neither,
math-849,2,inconclusive,
math-849,3,inconclusive,
math-849,4,python,
math-849,5,inconclusive,
math-84,0,lean,
math-84,1,neither,
math-84,2,python,
math-84,3,python,
math-84,4,python,
math-850,0,python,
math-850,1,python,
math-850,2,python,
math-850,3,python,
math-850,4,neither,
math-851,0,inconclusive,
math-851,1,lean,
math-851,2,python,
math-851,3,python,
math-851,4,python,
math-852,0,inconclusive,
math-852,1,python,
math-852,2,python,
math-852,3,lean,
math-852,4,tie,
math-853,0,python,
math-853,1,python,
math-853,2,python,
math-853,3,lean,
math-853,4,python,
math-853,5,lean,
math-854,0,inconclusive,
math-854,1,python,
math-854,2,python,
math-854,3,python,
math-854,4,python,
math-855,0,neither,
math-855,1,lean,
math-855,2,python,
math-855,3,python,
math-855,4,inconclusive,
math-855,5,lean,
math-855,6,python,
math-855,7,lean,
math-856,0,neither,
math-856,1,python,
math-856,2,python,
math-856,3,inconclusive,
math-856,4,lean,
math-857,0,python,
math-857,1,python,
math-857,2,python,
math-857,3,inconclusive,
math-857,4,python,
math-858,0,python,
math-858,1,neither,
math-858,2,python,
math-858,3,python,
math-858,4,python,
math-858,5,python,
math-858,6,python,
math-859,0,inconclusive,
math-859,1,python,
math-859,2,neither,
math-859,3,python,
math-859,4,python,
math-859,5,python,
math-85,0,inconclusive,
math-85,1,lean,
math-85,2,neither,
math-85,3,python,
math-860,0,python,
math-860,1,python,
math-860,2,python,
math-860,3,python,
math-860,4,neither,
math-861,0,inconclusive,
math-861,1,lean,
math-861,2,lean,
math-861,3,inconclusive,
math-861,4,lean,
math-861,5,lean,
math-861,6,python,
math-862,0,python,
math-862,1,python,
math-862,2,python,
math-862,3,python,
math-863,0,lean,
math-863,1,lean,
math-863,2,neither,
math-863,3,python,
math-863,4,python,
math-863,5,lean,
math-864,0,python,
math-864,1,python,
math-864,2,python,
math-864,3,python,
math-864,4,python,
math-864,5,python,
math-865,0,inconclusive,
math-865,1,inconclusive,
math-865,2,python,
math-865,3,lean,
math-866,0,python,
math-866,1,python,
math-866,2,python,
math-866,3,python,
math-866,4,python,
math-866,5,lean,
math-867,0,inconclusive,
math-867,1,inconclusive,
math-867,2,inconclusive,
math-867,3,inconclusive,
math-867,4,python,
math-867,5,python,
math-868,0,lean,
math-868,1,neither,
math-868,2,python,
math-869,0,neither,
math-869,1,inconclusive,
math-869,2,lean,
math-869,3,lean,
math-869,4,lean,
math-86,0,python,
math-86,1,python,
math-86,2,python,
math-86,3,python,
math-86,4,python,
math-870,0,python,
math-870,1,tie,
math-870,2,python,
math-870,3,python,
math-870,4,python,
math-871,0,lean,
math-871,1,lean,
math-871,2,python,
math-872,0,inconclusive,
math-872,1,lean,
math-872,2,lean,
math-872,3,inconclusive,
math-872,4,python,
math-872,5,lean,
math-872,6,python,
math-872,7,python,
math-872,8,python,
math-873,0,neither,
math-873,1,inconclusive,
math-873,2,neither,
math-873,3,neither,
math-873,4,python,
math-873,5,inconclusive,
math-874,0,inconclusive,
math-874,1,python,
math-874,2,python,
math-874,3,python,
math-874,4,python,
math-874,5,python,
math-874,6,python,
math-875,0,lean,
math-875,1,python,
math-875,2,python,
math-875,3,neither,
math-875,4,tie,
math-875,5,tie,
math-875,6,python,
math-875,7,python,
math-875,8,python,
math-876,0,python,
math-876,1,lean,
math-876,2,python,
math-876,3,python,
math-876,4,python,
math-876,5,python,
math-877,0,inconclusive,
math-877,1,python,
math-877,2,inconclusive,
math-877,3,python,
math-877,4,python,
math-877,5,python,
math-877,6,inconclusive,
math-877,7,inconclusive,
math-877,8,python,
math-877,9,lean,
math-878,0,lean,
math-878,1,inconclusive,
math-878,2,inconclusive,
math-878,3,inconclusive,
math-878,4,inconclusive,
math-878,5,inconclusive,
math-878,6,python,
math-878,7,python,
math-879,0,inconclusive,
math-879,1,inconclusive,
math-879,2,lean,
math-879,3,lean,
math-879,4,python,
math-879,5,python,
math-879,6,python,
math-879,7,python,
math-87,0,neither,
math-87,1,python,
math-87,2,python,
math-87,3,python,
math-880,0,python,
math-880,1,python,
math-880,2,inconclusive,
math-880,3,lean,
math-880,4,lean,
math-880,5,python,
math-881,0,python,
math-881,1,python,
math-881,2,python,
math-881,3,python,
math-882,0,neither,
math-882,1,python,
math-882,2,neither,
math-882,3,inconclusive,
math-882,4,inconclusive,
math-882,5,python,
math-883,0,python,
math-883,1,python,
math-883,2,python,
math-883,3,python,
math-883,4,python,
math-884,0,lean,
math-884,1,python,
math-884,2,python,
math-884,3,python,
math-884,4,python,
math-885,0,tie,
math-885,1,lean,
math-885,2,lean,
math-885,3,python,
math-885,4,inconclusive,
math-886,0,inconclusive,
math-886,1,lean,
math-886,2,neither,
math-886,3,neither,
math-886,4,neither,
math-886,5,python,
math-887,0,inconclusive,
math-887,1,inconclusive,
math-887,10,python,
math-887,11,python,
math-887,12,inconclusive,
math-887,13,python,
math-887,14,python,
math-887,15,python,
math-887,16,python,
math-887,17,neither,
math-887,18,python,
math-887,2,python,
math-887,3,python,
math-887,4,python,
math-887,5,python,
math-887,6,python,
math-887,7,python,
math-887,8,python,
math-887,9,python,
math-888,0,python,
math-888,1,lean,
math-888,2,inconclusive,
math-889,0,lean,
math-889,1,python,
math-889,2,python,
math-889,3,python,
math-889,4,tie,
math-889,5,lean,
math-88,0,inconclusive,
math-88,1,python,
math-88,2,python,
math-88,3,python,
math-88,4,python,
math-88,5,neither,
math-88,6,python,
math-88,7,tie,
math-88,8,python,
math-88,9,python,
math-890,0,python,
math-890,1,python,
math-890,2,python,
math-890,3,neither,
math-890,4,python,
math-890,5,python,
math-891,0,inconclusive,
math-891,1,python,
math-891,2,python,
math-891,3,lean,
math-891,4,lean,
math-892,0,neither,
math-892,1,python,
math-892,2,lean,
math-892,3,lean,
math-892,4,python,
math-893,0,neither,
math-893,1,neither,
math-893,2,neither,
math-893,3,lean,
math-893,4,lean,
math-894,0,lean,
math-894,1,lean,
math-894,2,python,
math-894,3,python,
math-894,4,python,
math-895,0,python,
math-895,1,python,
math-895,2,python,
math-895,3,python,
math-895,4,python,
math-895,5,python,
math-896,0,inconclusive,
math-896,1,inconclusive,
math-896,2,python,
math-896,3,python,
math-896,4,lean,
math-896,5,python,
math-897,0,neither,
math-897,1,neither,
math-897,2,python,
math-898,0,inconclusive,
math-898,1,python,
math-898,2,python,
math-898,3,inconclusive,
math-899,0,lean,
math-899,1,inconclusive,
math-899,2,lean,
math-899,3,python,
math-899,4,python,
math-899,5,python,
math-899,6,python,
math-89,0,python,
math-89,1,python,
math-89,10,python,
math-89,11,python,
math-89,12,neither,
math-89,13,neither,
math-89,14,python,
math-89,15,python,
math-89,2,python,
math-89,3,neither,
math-89,4,lean,
math-89,5,lean,
math-89,6,neither,
math-89,7,inconclusive,
math-89,8,inconclusive,
math-89,9,python,
math-8,0,python,
math-8,1,python,
math-8,2,python,
math-8,3,inconclusive,
math-900,0,neither,
math-900,1,python,
math-900,2,python,
math-900,3,lean,
math-901,0,lean,
math-901,1,neither,
math-901,2,neither,
math-901,3,python,
math-901,4,python,
math-902,0,neither,
math-902,1,python,
math-902,2,python,
math-902,3,python,
math-902,4,python,
math-903,0,neither,
math-903,1,python,
math-903,2,python,
math-903,3,python,
math-903,4,python,
math-903,5,python,
math-903,6,python,
math-903,7,python,
math-904,0,lean,
math-904,1,inconclusive,
math-904,2,lean,
math-904,3,tie,
math-904,4,python,
math-904,5,lean,
math-904,6,python,
math-905,0,neither,
math-905,1,python,
math-905,2,python,
math-905,3,python,
math-905,4,python,
math-905,5,python,
math-906,0,neither,
math-906,1,neither,
math-906,2,lean,
math-907,0,inconclusive,
math-907,1,python,
math-907,2,python,
math-907,3,python,
math-908,0,inconclusive,
math-908,1,neither,
math-908,2,inconclusive,
math-908,3,neither,
math-908,4,neither,
math-908,5,python,
math-909,0,lean,
math-909,1,python,
math-909,2,python,
math-90,0,inconclusive,
math-90,1,lean,
math-90,2,neither,
math-90,3,neither,
math-90,4,python,
math-90,5,python,
math-910,0,inconclusive,
math-910,1,inconclusive,
math-910,10,neither,
math-910,11,neither,
math-910,12,inconclusive,
math-910,13,python,
math-910,2,inconclusive,
math-910,3,inconclusive,
math-910,4,inconclusive,
math-910,5,neither,
math-910,6,neither,
math-910,7,inconclusive,
math-910,8,inconclusive,
math-910,9,neither,
math-911,0,lean,
math-911,1,lean,
math-911,2,python,
math-911,3,python,
math-911,4,python,
math-911,5,python,
math-912,0,inconclusive,
math-912,1,tie,
math-912,2,python,
math-912,3,python,
math-912,4,python,
math-912,5,python,
math-912,6,neither,
math-913,0,neither,
math-913,1,python,
math-913,2,python,
math-914,0,python,
math-914,1,python,
math-914,2,neither,
math-914,3,python,
math-914,4,python,
math-914,5,python,
math-914,6,python,
math-914,7,python,
math-915,0,lean,
math-915,1,python,
math-915,2,python,
math-915,3,python,
math-915,4,python,
math-916,0,python,
math-916,1,python,
math-916,2,python,
math-917,0,python,
math-917,1,lean,
math-917,2,inconclusive,
math-917,3,,request_failed
math-917,4,python,
math-917,5,python,
math-917,6,python,
math-917,7,python,
math-917,8,python,
math-918,0,python,
math-918,1,neither,
math-918,2,neither,
math-918,3,python,
math-918,4,python,
math-918,5,python,
math-918,6,tie,
math-919,0,inconclusive,
math-919,1,python,
math-919,2,lean,
math-919,3,python,
math-919,4,python,
math-919,5,python,
math-91,0,neither,
math-91,1,inconclusive,
math-920,0,inconclusive,
math-920,1,python,
math-920,2,python,
math-921,0,lean,
math-921,1,lean,
math-921,2,inconclusive,
math-921,3,python,
math-921,4,python,
math-921,5,python,
math-922,0,neither,
math-922,1,neither,
math-922,2,python,
math-922,3,lean,
math-922,4,python,
math-923,0,python,
math-923,1,python,
math-923,2,neither,
math-923,3,python,
math-923,4,python,
math-923,5,python,
math-923,6,python,
math-923,7,neither,
math-924,0,lean,
math-924,1,python,
math-924,2,python,
math-925,0,python,
math-925,1,python,
math-925,2,python,
math-925,3,python,
math-925,4,python,
math-926,0,python,
math-926,1,neither,
math-926,10,inconclusive,
math-926,11,python,
math-926,2,python,
math-926,3,python,
math-926,4,python,
math-926,5,python,
math-926,6,python,
math-926,7,inconclusive,
math-926,8,inconclusive,
math-926,9,python,
math-927,0,python,
math-927,1,neither,
math-928,0,inconclusive,
math-928,1,lean,
math-928,2,inconclusive,
math-928,3,python,
math-928,4,python,
math-928,5,python,
math-929,0,neither,
math-929,1,python,
math-929,2,inconclusive,
math-929,3,python,
math-929,4,python,
math-92,0,neither,
math-92,1,neither,
math-92,2,inconclusive,
math-92,3,neither,
math-92,4,inconclusive,
math-92,5,python,
math-92,6,inconclusive,
math-92,7,neither,
math-92,8,python,
math-930,0,python,
math-930,1,python,
math-930,2,python,
math-930,3,lean,
math-930,4,python,
math-931,0,inconclusive,
math-931,1,inconclusive,
math-931,2,lean,
math-931,3,lean,
math-931,4,inconclusive,
math-931,5,python,
math-931,6,lean,
math-931,7,inconclusive,
math-932,0,inconclusive,
math-932,1,inconclusive,
math-932,2,inconclusive,
math-932,3,lean,
math-932,4,lean,
math-932,5,python,
math-932,6,python,
math-932,7,python,
math-933,0,python,
math-933,1,python,
math-933,2,python,
math-934,0,python,
math-934,1,python,
math-934,2,lean,
math-934,3,lean,
math-934,4,python,
math-934,5,python,
math-934,6,python,
math-934,7,python,
math-934,8,python,
math-935,0,neither,
math-935,1,python,
math-935,2,python,
math-935,3,inconclusive,
math-936,0,python,
math-936,1,python,
math-936,2,python,
math-936,3,python,
math-937,0,inconclusive,
math-937,1,python,
math-937,2,python,
math-937,3,neither,
math-937,4,tie,
math-937,5,tie,
math-937,6,python,
math-938,0,inconclusive,
math-938,1,inconclusive,
math-938,2,neither,
math-938,3,inconclusive,
math-938,4,python,
math-938,5,lean,
math-938,6,neither,
math-938,7,python,
math-938,8,python,
math-939,0,python,
math-939,1,python,
math-939,2,inconclusive,
math-93,0,lean,
math-93,1,inconclusive,
math-93,2,python,
math-940,0,neither,
math-940,1,inconclusive,
math-940,2,neither,
math-940,3,inconclusive,
math-940,4,inconclusive,
math-941,0,inconclusive,
math-941,1,python,
math-941,2,python,
math-941,3,python,
math-942,0,python,
math-942,1,neither,
math-942,2,python,
math-943,0,python,
math-943,1,python,
math-943,2,python,
math-943,3,python,
math-944,0,inconclusive,
math-944,1,inconclusive,
math-944,2,python,
math-944,3,inconclusive,
math-944,4,inconclusive,
math-945,0,inconclusive,
math-945,1,inconclusive,
math-945,2,lean,
math-945,3,python,
math-945,4,python,
math-945,5,python,
math-945,6,python,
math-945,7,python,
math-946,0,python,
math-946,1,lean,
math-946,2,python,
math-946,3,python,
math-946,4,python,
math-946,5,lean,
math-946,6,python,
math-947,0,neither,
math-947,1,python,
math-948,0,python,
math-948,1,neither,
math-948,2,neither,
math-948,3,python,
math-948,4,lean,
math-949,0,inconclusive,
math-949,1,inconclusive,
math-949,2,lean,
math-949,3,lean,
math-94,0,inconclusive,
math-94,1,inconclusive,
math-94,10,python,
math-94,11,inconclusive,
math-94,2,python,
math-94,3,python,
math-94,4,python,
math-94,5,inconclusive,
math-94,6,python,
math-94,7,inconclusive,
math-94,8,inconclusive,
math-94,9,neither,
math-950,0,inconclusive,
math-950,1,python,
math-950,2,inconclusive,
math-950,3,python,
math-950,4,python,
math-950,5,python,
math-950,6,python,
math-950,7,python,
math-950,8,neither,
math-950,9,lean,
math-951,0,inconclusive,
math-951,1,lean,
math-951,2,inconclusive,
math-951,3,python,
math-951,4,python,
math-951,5,python,
math-952,0,neither,
math-952,1,python,
math-952,2,python,
math-952,3,python,
math-953,0,neither,
math-953,1,python,
math-953,2,inconclusive,
math-953,3,python,
math-953,4,python,
math-954,0,inconclusive,
math-954,1,python,
math-954,2,inconclusive,
math-954,3,python,
math-954,4,inconclusive,
math-954,5,inconclusive,
math-955,0,inconclusive,
math-955,1,inconclusive,
math-955,2,lean,
math-955,3,python,
math-955,4,python,
math-956,0,python,
math-956,1,python,
math-956,2,python,
math-956,3,python,
math-957,0,python,
math-957,1,python,
math-957,2,python,
math-957,3,python,
math-957,4,python,
math-957,5,lean,
math-957,6,lean,
math-957,7,tie,
math-958,0,python,
math-958,1,neither,
math-958,10,python,
math-958,2,python,
math-958,3,neither,
math-958,4,python,
math-958,5,inconclusive,
math-958,6,inconclusive,
math-958,7,inconclusive,
math-958,8,inconclusive,
math-958,9,inconclusive,
math-959,0,neither,
math-959,1,python,
math-959,2,python,
math-959,3,python,
math-959,4,python,
math-959,5,inconclusive,
math-95,0,python,
math-95,1,neither,
math-95,2,python,
math-95,3,python,
math-95,4,neither,
math-95,5,neither,
math-95,6,python,
math-960,0,neither,
math-960,1,python,
math-960,2,lean,
math-960,3,lean,
math-960,4,python,
math-960,5,python,
math-960,6,python,
math-960,7,python,
math-961,0,inconclusive,
math-961,1,neither,
math-961,10,python,
math-961,11,inconclusive,
math-961,12,neither,
math-961,13,neither,
math-961,14,python,
math-961,15,neither,
math-961,2,neither,
math-961,3,inconclusive,
math-961,4,neither,
math-961,5,inconclusive,
math-961,6,neither,
math-961,7,python,
math-961,8,neither,
math-961,9,neither,
math-962,0,lean,
math-962,1,python,
math-962,2,python,
math-962,3,lean,
math-962,4,python,
math-962,5,neither,
math-962,6,neither,
math-963,0,python,
math-963,1,python,
math-963,2,python,
math-963,3,python,
math-964,0,inconclusive,
math-964,1,python,
math-964,2,lean,
math-964,3,inconclusive,
math-964,4,python,
math-964,5,python,
math-964,6,python,
math-965,0,python,
math-965,1,python,
math-965,2,python,
math-965,3,python,
math-965,4,python,
math-966,0,neither,
math-966,1,inconclusive,
math-966,2,inconclusive,
math-966,3,inconclusive,
math-966,4,python,
math-966,5,python,
math-967,0,inconclusive,
math-967,1,python,
math-967,2,python,
math-967,3,python,
math-967,4,python,
math-967,5,python,
math-967,6,lean,
math-967,7,python,
math-968,0,inconclusive,
math-968,1,inconclusive,
math-968,2,python,
math-969,0,neither,
math-969,1,neither,
math-969,2,lean,
math-969,3,lean,
math-96,0,inconclusive,
math-96,1,python,
math-96,2,,request_failed
math-96,3,python,
math-96,4,python,
math-96,5,python,
math-970,0,python,
math-970,1,python,
math-970,2,python,
math-970,3,python,
math-971,0,inconclusive,
math-971,1,inconclusive,
math-971,2,python,
math-971,3,inconclusive,
math-971,4,python,
math-971,5,python,
math-971,6,neither,
math-971,7,lean,
math-971,8,python,
math-971,9,python,
math-972,0,python,
math-972,1,python,
math-972,2,python,
math-972,3,python,
math-972,4,python,
math-972,5,python,
math-973,0,lean,
math-973,1,lean,
math-973,2,python,
math-973,3,python,
math-973,4,inconclusive,
math-974,0,tie,
math-974,1,inconclusive,
math-974,2,python,
math-974,3,python,
math-974,4,python,
math-975,0,inconclusive,
math-975,1,lean,
math-975,2,tie,
math-975,3,python,
math-975,4,neither,
math-975,5,python,
math-975,6,python,
math-976,0,neither,
math-976,1,neither,
math-976,2,neither,
math-976,3,lean,
math-976,4,python,
math-976,5,python,
math-976,6,python,
math-977,0,python,
math-977,1,neither,
math-977,2,python,
math-977,3,inconclusive,
math-978,0,lean,
math-978,1,python,
math-978,2,lean,
math-978,3,python,
math-978,4,python,
math-979,0,python,
math-979,1,python,
math-979,2,python,
math-97,0,inconclusive,
math-97,1,inconclusive,
math-97,10,neither,
math-97,11,neither,
math-97,12,python,
math-97,13,python,
math-97,14,neither,
math-97,15,neither,
math-97,16,neither,
math-97,17,neither,
math-97,18,python,
math-97,19,inconclusive,
math-97,2,python,
math-97,20,python,
math-97,21,python,
math-97,22,neither,
math-97,3,neither,
math-97,4,python,
math-97,5,inconclusive,
math-97,6,inconclusive,
math-97,7,python,
math-97,8,python,
math-97,9,lean,
math-980,0,lean,
math-980,1,python,
math-980,2,tie,
math-980,3,lean,
math-980,4,lean,
math-980,5,python,
math-981,0,python,
math-981,1,python,
math-981,2,python,
math-981,3,lean,
math-982,0,inconclusive,
math-982,1,inconclusive,
math-982,2,python,
math-982,3,inconclusive,
math-982,4,inconclusive,
math-982,5,python,
math-982,6,neither,
math-982,7,python,
math-982,8,python,
math-983,0,inconclusive,
math-983,1,inconclusive,
math-983,2,python,
math-983,3,inconclusive,
math-983,4,python,
math-983,5,neither,
math-984,0,python,
math-984,1,python,
math-984,2,python,
math-984,3,python,
math-984,4,python,
math-984,5,lean,
math-985,0,inconclusive,
math-985,1,neither,
math-986,0,python,
math-986,1,python,
math-986,2,python,
math-986,3,lean,
math-986,4,python,
math-986,5,python,
math-987,0,python,
math-987,1,python,
math-987,2,lean,
math-987,3,python,
math-988,0,inconclusive,
math-988,1,lean,
math-988,2,python,
math-988,3,lean,
math-989,0,inconclusive,
math-989,1,inconclusive,
math-989,2,python,
math-989,3,python,
math-989,4,python,
math-989,5,python,
math-98,0,python,
math-98,1,python,
math-98,2,neither,
math-990,0,inconclusive,
math-990,1,lean,
math-990,2,inconclusive,
math-990,3,lean,
math-990,4,inconclusive,
math-990,5,inconclusive,
math-991,0,inconclusive,
math-991,1,python,
math-991,2,inconclusive,
math-991,3,inconclusive,
math-991,4,python,
math-991,5,python,
math-991,6,python,
math-991,7,python,
math-992,0,inconclusive,
math-992,1,lean,
math-992,10,lean,
math-992,11,lean,
math-992,12,inconclusive,
math-992,2,inconclusive,
math-992,3,python,
math-992,4,lean,
math-992,5,lean,
math-992,6,lean,
math-992,7,inconclusive,
math-992,8,neither,
math-992,9,python,
math-993,0,inconclusive,
math-993,1,python,
math-993,2,python,
math-994,0,python,
math-994,1,python,
math-994,2,python,
math-994,3,python,
math-994,4,python,
math-995,0,python,
math-995,1,inconclusive,
math-995,2,inconclusive,
math-995,3,neither,
math-995,4,inconclusive,
math-995,5,python,
math-995,6,python,
math-996,0,neither,
math-996,1,python,
math-996,2,python,
math-996,3,inconclusive,
math-996,4,python,
math-996,5,python,
math-996,6,lean,
math-997,0,python,
math-997,1,python,
math-997,2,python,
math-997,3,python,
math-997,4,python,
math-997,5,python,
math-997,6,lean,
math-997,7,lean,
math-998,0,python,
math-998,1,inconclusive,
math-998,2,neither,
math-998,3,python,
math-998,4,python,
math-998,5,neither,
math-998,6,neither,
math-998,7,python,
math-998,8,python,
math-998,9,python,
math-999,0,inconclusive,
math-999,1,python,
math-999,2,python,
math-999,3,neither,
math-999,4,python,
math-999,5,inconclusive,
math-99,0,inconclusive,
math-99,1,inconclusive,
math-99,2,neither,
math-99,3,inconclusive,
math-99,4,neither,
math-99,5,inconclusive,
math-99,6,lean,
math-99,7,inconclusive,
math-99,8,inconclusive,
math-9,0,python,
math-9,1,neither,
math-9,10,python,
math-9,2,neither,
math-9,3,inconclusive,
math-9,4,inconclusive,
math-9,5,lean,
math-9,6,lean,
math-9,7,inconclusive,
math-9,8,python,
math-9,9,neither,
olympiadbench-0,0,inconclusive,
olympiadbench-0,1,inconclusive,
olympiadbench-0,2,python,
olympiadbench-0,3,inconclusive,
olympiadbench-100,0,inconclusive,
olympiadbench-100,1,python,
olympiadbench-100,10,neither,
olympiadbench-100,11,inconclusive,
olympiadbench-100,12,python,
olympiadbench-100,2,neither,
olympiadbench-100,3,inconclusive,
olympiadbench-100,4,inconclusive,
olympiadbench-100,5,python,
olympiadbench-100,6,python,
olympiadbench-100,7,python,
olympiadbench-100,8,python,
olympiadbench-100,9,neither,
olympiadbench-101,0,inconclusive,
olympiadbench-101,1,inconclusive,
olympiadbench-101,10,neither,
olympiadbench-101,2,inconclusive,
olympiadbench-101,3,inconclusive,
olympiadbench-101,4,inconclusive,
olympiadbench-101,5,python,
olympiadbench-101,6,lean,
olympiadbench-101,7,lean,
olympiadbench-101,8,,request_failed
olympiadbench-101,9,neither,
olympiadbench-102,0,python,
olympiadbench-102,1,python,
olympiadbench-102,2,python,
olympiadbench-102,3,python,
olympiadbench-102,4,python,
olympiadbench-102,5,python,
olympiadbench-103,0,inconclusive,
olympiadbench-103,1,python,
olympiadbench-103,2,neither,
olympiadbench-103,3,neither,
olympiadbench-103,4,neither,
olympiadbench-104,0,python,
olympiadbench-104,1,inconclusive,
olympiadbench-104,2,inconclusive,
olympiadbench-104,4,python,
olympiadbench-104,5,python,
olympiadbench-105,0,inconclusive,
olympiadbench-105,1,neither,
olympiadbench-105,10,python,
olympiadbench-105,2,neither,
olympiadbench-105,3,python,
olympiadbench-105,4,neither,
olympiadbench-105,5,neither,
olympiadbench-105,6,python,
olympiadbench-105,7,python,
olympiadbench-105,8,python,
olympiadbench-105,9,python,
olympiadbench-106,0,python,
olympiadbench-106,1,neither,
olympiadbench-106,2,python,
olympiadbench-106,3,inconclusive,
olympiadbench-107,0,python,
olympiadbench-107,1,python,
olympiadbench-107,10,inconclusive,
olympiadbench-107,2,python,
olympiadbench-107,3,python,
olympiadbench-107,4,lean,
olympiadbench-107,5,python,
olympiadbench-107,6,inconclusive,
olympiadbench-107,7,neither,
olympiadbench-107,8,python,
olympiadbench-107,9,neither,
olympiadbench-108,0,python,
olympiadbench-108,1,python,
olympiadbench-108,10,python,
olympiadbench-108,11,python,
olympiadbench-108,12,python,
olympiadbench-108,13,python,
olympiadbench-108,14,inconclusive,
olympiadbench-108,2,inconclusive,
olympiadbench-108,3,lean,
olympiadbench-108,4,python,
olympiadbench-108,5,python,
olympiadbench-108,6,lean,
olympiadbench-108,7,python,
olympiadbench-108,8,python,
olympiadbench-108,9,inconclusive,
olympiadbench-109,0,inconclusive,
olympiadbench-109,1,python,
olympiadbench-109,10,python,
olympiadbench-109,2,python,
olympiadbench-109,3,python,
olympiadbench-109,4,python,
olympiadbench-109,5,python,
olympiadbench-109,6,python,
olympiadbench-109,7,python,
olympiadbench-109,8,python,
olympiadbench-109,9,python,
olympiadbench-10,0,inconclusive,
olympiadbench-10,1,neither,
olympiadbench-10,2,python,
olympiadbench-10,3,inconclusive,
olympiadbench-10,4,inconclusive,
olympiadbench-10,5,python,
olympiadbench-10,6,inconclusive,
olympiadbench-110,0,python,
olympiadbench-110,1,python,
olympiadbench-110,10,python,
olympiadbench-110,11,python,
olympiadbench-110,12,inconclusive,
olympiadbench-110,13,python,
olympiadbench-110,14,python,
olympiadbench-110,15,inconclusive,
olympiadbench-110,16,inconclusive,
olympiadbench-110,17,neither,
olympiadbench-110,18,neither,
olympiadbench-110,2,inconclusive,
olympiadbench-110,3,python,
olympiadbench-110,4,python,
olympiadbench-110,5,python,
olympiadbench-110,6,python,
olympiadbench-110,7,python,
olympiadbench-110,8,python,
olympiadbench-110,9,python,
olympiadbench-111,0,inconclusive,
olympiadbench-111,1,lean,
olympiadbench-111,2,inconclusive,
olympiadbench-111,3,lean,
olympiadbench-111,4,inconclusive,
olympiadbench-111,5,neither,
olympiadbench-111,6,inconclusive,
olympiadbench-111,7,inconclusive,
olympiadbench-111,8,inconclusive,
olympiadbench-111,9,python,
olympiadbench-112,0,python,
olympiadbench-112,1,neither,
olympiadbench-112,2,inconclusive,
olympiadbench-112,3,inconclusive,
olympiadbench-112,4,neither,
olympiadbench-112,5,python,
olympiadbench-112,6,python,
olympiadbench-112,7,python,
olympiadbench-113,0,inconclusive,
olympiadbench-113,1,inconclusive,
olympiadbench-113,10,python,
olympiadbench-113,11,python,
olympiadbench-113,12,python,
olympiadbench-113,13,python,
olympiadbench-113,2,lean,
olympiadbench-113,3,python,
olympiadbench-113,4,neither,
olympiadbench-113,5,python,
olympiadbench-113,6,neither,
olympiadbench-113,7,python,
olympiadbench-113,8,inconclusive,
olympiadbench-113,9,inconclusive,
olympiadbench-114,0,python,
olympiadbench-114,1,python,
olympiadbench-114,2,python,
olympiadbench-114,3,neither,
olympiadbench-114,4,python,
olympiadbench-114,5,neither,
olympiadbench-114,6,inconclusive,
olympiadbench-114,7,neither,
olympiadbench-115,0,python,
olympiadbench-115,1,lean,
olympiadbench-115,2,inconclusive,
olympiadbench-115,3,neither,
olympiadbench-116,0,python,
olympiadbench-116,1,lean,
olympiadbench-116,2,lean,
olympiadbench-116,3,inconclusive,
olympiadbench-116,4,neither,
olympiadbench-116,5,python,
olympiadbench-116,6,python,
olympiadbench-116,7,neither,
olympiadbench-116,8,python,
olympiadbench-116,9,inconclusive,
olympiadbench-117,0,inconclusive,
olympiadbench-117,1,inconclusive,
olympiadbench-117,10,neither,
olympiadbench-117,2,python,
olympiadbench-117,3,inconclusive,
olympiadbench-117,4,lean,
olympiadbench-117,5,inconclusive,
olympiadbench-117,6,inconclusive,
olympiadbench-117,7,python,
olympiadbench-117,8,inconclusive,
olympiadbench-117,9,python,
olympiadbench-118,0,inconclusive,
olympiadbench-118,1,python,
olympiadbench-118,10,python,
olympiadbench-118,2,python,
olympiadbench-118,3,inconclusive,
olympiadbench-118,4,python,
olympiadbench-118,5,neither,
olympiadbench-118,6,inconclusive,
olympiadbench-118,7,python,
olympiadbench-118,8,python,
olympiadbench-118,9,neither,
olympiadbench-119,0,python,
olympiadbench-119,1,python,
olympiadbench-119,2,python,
olympiadbench-119,3,neither,
olympiadbench-119,4,python,
olympiadbench-119,5,neither,
olympiadbench-11,0,python,
olympiadbench-11,1,lean,
olympiadbench-11,2,python,
olympiadbench-11,3,,request_failed
olympiadbench-11,4,neither,
olympiadbench-120,0,inconclusive,
olympiadbench-120,1,lean,
olympiadbench-120,10,python,
olympiadbench-120,11,python,
olympiadbench-120,12,python,
olympiadbench-120,13,neither,
olympiadbench-120,14,inconclusive,
olympiadbench-120,15,python,
olympiadbench-120,16,python,
olympiadbench-120,17,python,
olympiadbench-120,18,python,
olympiadbench-120,2,lean,
olympiadbench-120,3,lean,
olympiadbench-120,4,lean,
olympiadbench-120,5,inconclusive,
olympiadbench-120,6,lean,
olympiadbench-120,7,python,
olympiadbench-120,8,inconclusive,
olympiadbench-120,9,python,
olympiadbench-121,0,inconclusive,
olympiadbench-121,1,python,
olympiadbench-121,2,inconclusive,
olympiadbench-121,3,python,
olympiadbench-121,4,python,
olympiadbench-121,5,python,
olympiadbench-121,6,python,
olympiadbench-121,7,python,
olympiadbench-121,8,python,
olympiadbench-121,9,neither,
olympiadbench-122,0,inconclusive,
olympiadbench-122,1,inconclusive,
olympiadbench-122,2,neither,
olympiadbench-122,3,inconclusive,
olympiadbench-122,4,inconclusive,
olympiadbench-123,0,inconclusive,
olympiadbench-123,1,python,
olympiadbench-123,2,inconclusive,
olympiadbench-123,3,python,
olympiadbench-123,4,python,
olympiadbench-123,5,python,
olympiadbench-124,0,inconclusive,
olympiadbench-124,1,inconclusive,
olympiadbench-124,2,python,
olympiadbench-124,3,inconclusive,
olympiadbench-124,4,inconclusive,
olympiadbench-124,5,python,
olympiadbench-124,6,python,
olympiadbench-124,7,neither,
olympiadbench-125,0,inconclusive,
olympiadbench-125,1,python,
olympiadbench-125,2,inconclusive,
olympiadbench-125,3,python,
olympiadbench-125,4,python,
olympiadbench-125,5,python,
olympiadbench-126,0,python,
olympiadbench-126,1,inconclusive,
olympiadbench-126,2,python,
olympiadbench-126,3,inconclusive,
olympiadbench-126,4,python,
olympiadbench-126,5,neither,
olympiadbench-126,6,python,
olympiadbench-126,7,python,
olympiadbench-126,8,python,
olympiadbench-127,0,inconclusive,
olympiadbench-127,1,lean,
olympiadbench-127,2,lean,
olympiadbench-127,3,inconclusive,
olympiadbench-127,4,neither,
olympiadbench-127,5,inconclusive,
olympiadbench-127,6,neither,
olympiadbench-128,0,python,
olympiadbench-128,1,inconclusive,
olympiadbench-128,2,python,
olympiadbench-128,3,python,
olympiadbench-128,4,neither,
olympiadbench-128,5,python,
olympiadbench-129,0,inconclusive,
olympiadbench-129,1,python,
olympiadbench-129,2,python,
olympiadbench-129,3,python,
olympiadbench-12,0,inconclusive,
olympiadbench-12,1,inconclusive,
olympiadbench-12,2,python,
olympiadbench-12,3,inconclusive,
olympiadbench-12,4,python,
olympiadbench-12,5,python,
olympiadbench-130,0,inconclusive,
olympiadbench-130,1,python,
olympiadbench-130,2,python,
olympiadbench-130,3,inconclusive,
olympiadbench-130,4,python,
olympiadbench-130,5,python,
olympiadbench-130,6,python,
olympiadbench-130,7,inconclusive,
olympiadbench-130,8,neither,
olympiadbench-131,0,neither,
olympiadbench-131,1,neither,
olympiadbench-131,2,inconclusive,
olympiadbench-131,3,neither,
olympiadbench-131,4,neither,
olympiadbench-131,5,python,
olympiadbench-131,6,inconclusive,
olympiadbench-131,7,inconclusive,
olympiadbench-131,8,inconclusive,
olympiadbench-131,9,python,
olympiadbench-132,0,python,
olympiadbench-132,1,neither,
olympiadbench-132,2,python,
olympiadbench-132,3,neither,
olympiadbench-132,4,inconclusive,
olympiadbench-132,5,python,
olympiadbench-132,6,neither,
olympiadbench-132,7,neither,
olympiadbench-132,8,neither,
olympiadbench-133,0,python,
olympiadbench-133,1,inconclusive,
olympiadbench-133,10,inconclusive,
olympiadbench-133,11,neither,
olympiadbench-133,12,python,
olympiadbench-133,13,python,
olympiadbench-133,14,python,
olympiadbench-133,15,neither,
olympiadbench-133,16,neither,
olympiadbench-133,17,python,
olympiadbench-133,18,python,
olympiadbench-133,19,python,
olympiadbench-133,2,python,
olympiadbench-133,20,python,
olympiadbench-133,21,neither,
olympiadbench-133,3,neither,
olympiadbench-133,4,python,
olympiadbench-133,5,python,
olympiadbench-133,6,python,
olympiadbench-133,7,inconclusive,
olympiadbench-133,8,python,
olympiadbench-133,9,python,
olympiadbench-134,0,lean,
olympiadbench-134,1,neither,
olympiadbench-134,2,inconclusive,
olympiadbench-134,3,lean,
olympiadbench-134,4,inconclusive,
olympiadbench-135,0,neither,
olympiadbench-135,1,inconclusive,
olympiadbench-135,2,python,
olympiadbench-135,3,python,
olympiadbench-135,4,neither,
olympiadbench-136,0,python,
olympiadbench-136,1,neither,
olympiadbench-136,2,python,
olympiadbench-136,3,python,
olympiadbench-136,4,python,
olympiadbench-137,0,python,
olympiadbench-137,1,python,
olympiadbench-137,10,inconclusive,
olympiadbench-137,11,inconclusive,
olympiadbench-137,2,inconclusive,
olympiadbench-137,3,python,
olympiadbench-137,4,python,
olympiadbench-137,5,inconclusive,
olympiadbench-137,6,python,
olympiadbench-137,7,python,
olympiadbench-137,8,python,
olympiadbench-137,9,inconclusive,
olympiadbench-138,0,python,
olympiadbench-138,1,python,
olympiadbench-138,10,python,
olympiadbench-138,11,inconclusive,
olympiadbench-138,12,python,
olympiadbench-138,13,inconclusive,
olympiadbench-138,14,python,
olympiadbench-138,15,python,
olympiadbench-138,2,neither,
olympiadbench-138,3,lean,
olympiadbench-138,4,inconclusive,
olympiadbench-138,5,python,
olympiadbench-138,6,lean,
olympiadbench-138,7,neither,
olympiadbench-138,8,python,
olympiadbench-138,9,python,
olympiadbench-139,0,inconclusive,
olympiadbench-139,1,python,
olympiadbench-139,10,lean,
olympiadbench-139,11,python,
olympiadbench-139,12,neither,
olympiadbench-139,13,neither,
olympiadbench-139,14,python,
olympiadbench-139,15,neither,
olympiadbench-139,16,python,
olympiadbench-139,17,lean,
olympiadbench-139,18,python,
olympiadbench-139,19,neither,
olympiadbench-139,2,inconclusive,
olympiadbench-139,20,python,
olympiadbench-139,21,neither,
olympiadbench-139,22,python,
olympiadbench-139,3,inconclusive,
olympiadbench-139,4,neither,
olympiadbench-139,5,python,
olympiadbench-139,6,python,
olympiadbench-139,7,neither,
olympiadbench-139,8,inconclusive,
olympiadbench-139,9,python,
olympiadbench-13,0,neither,
olympiadbench-13,1,python,
olympiadbench-13,10,inconclusive,
olympiadbench-13,11,python,
olympiadbench-13,12,inconclusive,
olympiadbench-13,13,inconclusive,
olympiadbench-13,14,inconclusive,
olympiadbench-13,15,python,
olympiadbench-13,2,python,
olympiadbench-13,3,python,
olympiadbench-13,4,python,
olympiadbench-13,5,python,
olympiadbench-13,6,inconclusive,
olympiadbench-13,7,inconclusive,
olympiadbench-13,8,neither,
olympiadbench-13,9,python,
olympiadbench-140,0,inconclusive,
olympiadbench-140,1,python,
olympiadbench-140,2,python,
olympiadbench-140,3,inconclusive,
olympiadbench-140,4,python,
olympiadbench-140,5,python,
olympiadbench-140,6,python,
olympiadbench-140,7,python,
olympiadbench-140,8,python,
olympiadbench-140,9,python,
olympiadbench-141,0,,request_failed
olympiadbench-141,1,python,
olympiadbench-141,2,neither,
olympiadbench-141,3,neither,
olympiadbench-141,4,python,
olympiadbench-141,5,python,
olympiadbench-142,0,inconclusive,
olympiadbench-142,1,python,
olympiadbench-142,2,neither,
olympiadbench-142,3,inconclusive,
olympiadbench-142,4,inconclusive,
olympiadbench-143,0,inconclusive,
olympiadbench-143,1,inconclusive,
olympiadbench-143,2,neither,
olympiadbench-143,3,neither,
olympiadbench-143,4,neither,
olympiadbench-143,5,python,
olympiadbench-143,6,inconclusive,
olympiadbench-143,7,neither,
olympiadbench-144,0,inconclusive,
olympiadbench-144,1,neither,
olympiadbench-144,2,python,
olympiadbench-144,3,neither,
olympiadbench-144,4,neither,
olympiadbench-144,6,inconclusive,
olympiadbench-144,7,neither,
olympiadbench-144,8,neither,
olympiadbench-145,0,python,
olympiadbench-145,1,python,
olympiadbench-145,2,python,
olympiadbench-145,3,python,
olympiadbench-145,4,python,
olympiadbench-146,0,python,
olympiadbench-146,1,inconclusive,
olympiadbench-146,10,inconclusive,
olympiadbench-146,11,python,
olympiadbench-146,12,python,
olympiadbench-146,2,neither,
olympiadbench-146,3,inconclusive,
olympiadbench-146,4,neither,
olympiadbench-146,5,lean,
olympiadbench-146,6,python,
olympiadbench-146,7,python,
olympiadbench-146,8,inconclusive,
olympiadbench-146,9,python,
olympiadbench-147,0,neither,
olympiadbench-147,1,lean,
olympiadbench-147,2,neither,
olympiadbench-147,3,python,
olympiadbench-147,4,python,
olympiadbench-147,5,inconclusive,
olympiadbench-148,0,inconclusive,
olympiadbench-148,1,inconclusive,
olympiadbench-148,2,lean,
olympiadbench-148,3,python,
olympiadbench-148,4,python,
olympiadbench-148,5,neither,
olympiadbench-148,6,python,
olympiadbench-148,7,neither,
olympiadbench-149,0,inconclusive,
olympiadbench-149,1,neither,
olympiadbench-149,2,inconclusive,
olympiadbench-149,3,python,
olympiadbench-149,4,neither,
olympiadbench-14,0,inconclusive,
olympiadbench-14,1,inconclusive,
olympiadbench-14,10,python,
olympiadbench-14,11,python,
olympiadbench-14,12,inconclusive,
olympiadbench-14,13,python,
olympiadbench-14,14,python,
olympiadbench-14,15,neither,
olympiadbench-14,16,python,
olympiadbench-14,17,python,
olympiadbench-14,2,neither,
olympiadbench-14,3,inconclusive,
olympiadbench-14,4,neither,
olympiadbench-14,5,neither,
olympiadbench-14,6,python,
olympiadbench-14,7,python,
olympiadbench-14,8,neither,
olympiadbench-14,9,python,
olympiadbench-150,0,python,
olympiadbench-150,1,python,
olympiadbench-150,2,python,
olympiadbench-150,3,python,
olympiadbench-150,4,python,
olympiadbench-150,5,python,
olympiadbench-150,6,neither,
olympiadbench-150,7,python,
olympiadbench-150,8,python,
olympiadbench-150,9,python,
olympiadbench-151,0,inconclusive,
olympiadbench-151,1,inconclusive,
olympiadbench-151,2,python,
olympiadbench-151,3,neither,
olympiadbench-152,0,neither,
olympiadbench-152,1,python,
olympiadbench-152,2,neither,
olympiadbench-152,3,python,
olympiadbench-153,0,neither,
olympiadbench-153,1,neither,
olympiadbench-153,2,neither,
olympiadbench-153,3,python,
olympiadbench-153,4,inconclusive,
olympiadbench-153,5,neither,
olympiadbench-154,0,inconclusive,
olympiadbench-154,1,inconclusive,
olympiadbench-154,10,python,
olympiadbench-154,2,lean,
olympiadbench-154,3,neither,
olympiadbench-154,4,neither,
olympiadbench-154,5,neither,
olympiadbench-154,6,inconclusive,
olympiadbench-154,7,inconclusive,
olympiadbench-154,8,neither,
olympiadbench-154,9,python,
olympiadbench-155,0,inconclusive,
olympiadbench-155,1,inconclusive,
olympiadbench-155,2,inconclusive,
olympiadbench-155,3,python,
olympiadbench-155,4,python,
olympiadbench-156,0,python,
olympiadbench-156,1,python,
olympiadbench-156,10,inconclusive,
olympiadbench-156,2,python,
olympiadbench-156,3,neither,
olympiadbench-156,4,python,
olympiadbench-156,5,python,
olympiadbench-156,6,python,
olympiadbench-156,7,neither,
olympiadbench-156,8,inconclusive,
olympiadbench-156,9,inconclusive,
olympiadbench-157,0,python,
olympiadbench-157,1,python,
olympiadbench-157,2,python,
olympiadbench-157,3,inconclusive,
olympiadbench-157,4,python,
olympiadbench-158,0,neither,
olympiadbench-158,1,python,
olympiadbench-158,2,neither,
olympiadbench-158,3,neither,
olympiadbench-158,4,python,
olympiadbench-158,5,inconclusive,
olympiadbench-158,6,neither,
olympiadbench-158,7,neither,
olympiadbench-158,8,python,
olympiadbench-158,9,neither,
olympiadbench-159,0,inconclusive,
olympiadbench-159,1,python,
olympiadbench-159,10,python,
olympiadbench-159,11,lean,
olympiadbench-159,12,inconclusive,
olympiadbench-159,13,inconclusive,
olympiadbench-159,2,lean,
olympiadbench-159,3,python,
olympiadbench-159,4,inconclusive,
olympiadbench-159,5,inconclusive,
olympiadbench-159,6,neither,
olympiadbench-159,7,inconclusive,
olympiadbench-159,8,lean,
olympiadbench-159,9,python,
olympiadbench-15,0,inconclusive,
olympiadbench-15,1,inconclusive,
olympiadbench-15,10,python,
olympiadbench-15,2,inconclusive,
olympiadbench-15,3,inconclusive,
olympiadbench-15,4,python,
olympiadbench-15,5,inconclusive,
olympiadbench-15,6,python,
olympiadbench-15,7,python,
olympiadbench-15,8,python,
olympiadbench-15,9,python,
olympiadbench-160,0,inconclusive,
olympiadbench-160,1,python,
olympiadbench-160,10,inconclusive,
olympiadbench-160,11,inconclusive,
olympiadbench-160,12,neither,
olympiadbench-160,13,inconclusive,
olympiadbench-160,2,inconclusive,
olympiadbench-160,3,neither,
olympiadbench-160,4,inconclusive,
olympiadbench-160,5,neither,
olympiadbench-160,6,python,
olympiadbench-160,7,neither,
olympiadbench-160,8,neither,
olympiadbench-160,9,python,
olympiadbench-161,0,inconclusive,
olympiadbench-161,1,python,
olympiadbench-161,2,inconclusive,
olympiadbench-161,3,python,
olympiadbench-161,4,inconclusive,
olympiadbench-162,0,python,
olympiadbench-162,1,lean,
olympiadbench-162,2,inconclusive,
olympiadbench-162,3,neither,
olympiadbench-162,4,neither,
olympiadbench-162,5,inconclusive,
olympiadbench-162,6,neither,
olympiadbench-162,7,inconclusive,
olympiadbench-163,0,inconclusive,
olympiadbench-163,1,inconclusive,
olympiadbench-163,2,neither,
olympiadbench-163,3,neither,
olympiadbench-163,4,inconclusive,
olympiadbench-164,0,neither,
olympiadbench-164,1,python,
olympiadbench-164,10,python,
olympiadbench-164,11,python,
olympiadbench-164,12,python,
olympiadbench-164,2,python,
olympiadbench-164,3,python,
olympiadbench-164,4,python,
olympiadbench-164,5,python,
olympiadbench-164,6,python,
olympiadbench-164,7,python,
olympiadbench-164,8,python,
olympiadbench-164,9,neither,
olympiadbench-165,0,python,
olympiadbench-165,1,python,
olympiadbench-165,2,python,
olympiadbench-165,3,inconclusive,
olympiadbench-165,4,python,
olympiadbench-165,5,neither,
olympiadbench-166,0,inconclusive,
olympiadbench-166,1,python,
olympiadbench-166,2,python,
olympiadbench-166,3,inconclusive,
olympiadbench-166,4,python,
olympiadbench-166,5,python,
olympiadbench-166,6,python,
olympiadbench-166,7,python,
olympiadbench-167,0,python,
olympiadbench-167,1,neither,
olympiadbench-167,2,inconclusive,
olympiadbench-167,3,neither,
olympiadbench-167,4,neither,
olympiadbench-167,5,python,
olympiadbench-167,6,python,
olympiadbench-167,7,python,
olympiadbench-168,0,inconclusive,
olympiadbench-168,1,inconclusive,
olympiadbench-168,2,neither,
olympiadbench-168,3,python,
olympiadbench-168,4,neither,
olympiadbench-169,0,python,
olympiadbench-169,1,neither,
olympiadbench-169,2,lean,
olympiadbench-169,3,python,
olympiadbench-169,4,neither,
olympiadbench-16,0,python,
olympiadbench-16,1,python,
olympiadbench-16,2,python,
olympiadbench-16,3,python,
olympiadbench-16,4,python,
olympiadbench-170,0,inconclusive,
olympiadbench-170,1,inconclusive,
olympiadbench-170,2,python,
olympiadbench-170,3,python,
olympiadbench-170,4,inconclusive,
olympiadbench-170,5,python,
olympiadbench-171,0,python,
olympiadbench-171,1,python,
olympiadbench-171,2,python,
olympiadbench-171,3,inconclusive,
olympiadbench-171,4,neither,
olympiadbench-171,5,neither,
olympiadbench-171,6,python,
olympiadbench-171,7,python,
olympiadbench-172,0,lean,
olympiadbench-172,1,inconclusive,
olympiadbench-172,2,python,
olympiadbench-172,3,python,
olympiadbench-173,0,inconclusive,
olympiadbench-173,1,lean,
olympiadbench-173,10,inconclusive,
olympiadbench-173,2,inconclusive,
olympiadbench-173,3,lean,
olympiadbench-173,4,python,
olympiadbench-173,5,lean,
olympiadbench-173,6,lean,
olympiadbench-173,7,inconclusive,
olympiadbench-173,8,inconclusive,
olympiadbench-173,9,neither,
olympiadbench-174,0,python,
olympiadbench-174,1,python,
olympiadbench-174,2,python,
olympiadbench-174,3,python,
olympiadbench-174,4,python,
olympiadbench-174,5,python,
olympiadbench-175,0,inconclusive,
olympiadbench-175,1,neither,
olympiadbench-175,2,inconclusive,
olympiadbench-175,3,python,
olympiadbench-175,4,inconclusive,
olympiadbench-175,5,python,
olympiadbench-175,6,python,
olympiadbench-175,7,python,
olympiadbench-175,8,neither,
olympiadbench-176,0,inconclusive,
olympiadbench-176,1,inconclusive,
olympiadbench-176,2,neither,
olympiadbench-176,3,inconclusive,
olympiadbench-176,4,inconclusive,
olympiadbench-176,5,neither,
olympiadbench-176,6,python,
olympiadbench-176,7,neither,
olympiadbench-177,0,neither,
olympiadbench-177,1,python,
olympiadbench-177,2,inconclusive,
olympiadbench-177,3,python,
olympiadbench-178,0,inconclusive,
olympiadbench-178,1,inconclusive,
olympiadbench-178,2,python,
olympiadbench-178,3,python,
olympiadbench-178,4,inconclusive,
olympiadbench-178,5,inconclusive,
olympiadbench-178,6,inconclusive,
olympiadbench-178,7,inconclusive,
olympiadbench-178,8,inconclusive,
olympiadbench-178,9,inconclusive,
olympiadbench-179,0,python,
olympiadbench-179,1,lean,
olympiadbench-179,10,python,
olympiadbench-179,2,neither,
olympiadbench-179,3,neither,
olympiadbench-179,4,lean,
olympiadbench-179,5,inconclusive,
olympiadbench-179,6,python,
olympiadbench-179,7,python,
olympiadbench-179,8,python,
olympiadbench-179,9,python,
olympiadbench-17,0,python,
olympiadbench-17,1,python,
olympiadbench-17,2,python,
olympiadbench-17,3,python,
olympiadbench-17,4,python,
olympiadbench-17,5,python,
olympiadbench-17,6,python,
olympiadbench-17,7,python,
olympiadbench-180,0,inconclusive,
olympiadbench-180,1,inconclusive,
olympiadbench-180,2,neither,
olympiadbench-180,3,neither,
olympiadbench-180,4,python,
olympiadbench-180,5,neither,
olympiadbench-180,6,python,
olympiadbench-180,7,inconclusive,
olympiadbench-180,8,neither,
olympiadbench-180,9,neither,
olympiadbench-181,0,python,
olympiadbench-181,1,python,
olympiadbench-181,2,python,
olympiadbench-181,3,neither,
olympiadbench-181,4,python,
olympiadbench-182,0,inconclusive,
olympiadbench-182,1,inconclusive,
olympiadbench-182,10,neither,
olympiadbench-182,2,inconclusive,
olympiadbench-182,3,neither,
olympiadbench-182,4,neither,
olympiadbench-182,5,python,
olympiadbench-182,6,inconclusive,
olympiadbench-182,7,python,
olympiadbench-182,8,python,
olympiadbench-182,9,neither,
olympiadbench-183,0,inconclusive,
olympiadbench-183,1,python,
olympiadbench-183,2,inconclusive,
olympiadbench-183,3,python,
olympiadbench-184,0,inconclusive,
olympiadbench-184,1,inconclusive,
olympiadbench-184,2,neither,
olympiadbench-184,3,neither,
olympiadbench-184,4,neither,
olympiadbench-184,5,neither,
olympiadbench-185,0,inconclusive,
olympiadbench-185,1,python,
olympiadbench-185,10,python,
olympiadbench-185,2,inconclusive,
olympiadbench-185,3,python,
olympiadbench-185,4,lean,
olympiadbench-185,5,python,
olympiadbench-185,6,lean,
olympiadbench-185,7,inconclusive,
olympiadbench-185,8,inconclusive,
olympiadbench-185,9,python,
olympiadbench-186,0,lean,
olympiadbench-186,1,python,
olympiadbench-186,2,python,
olympiadbench-186,3,lean,
olympiadbench-186,4,neither,
olympiadbench-186,5,inconclusive,
olympiadbench-186,6,python,
olympiadbench-186,7,python,
olympiadbench-186,8,python,
olympiadbench-187,0,neither,
olympiadbench-187,1,inconclusive,
olympiadbench-187,2,inconclusive,
olympiadbench-187,3,lean,
olympiadbench-187,4,neither,
olympiadbench-187,5,neither,
olympiadbench-187,6,inconclusive,
olympiadbench-188,0,inconclusive,
olympiadbench-188,1,python,
olympiadbench-188,10,neither,
olympiadbench-188,11,inconclusive,
olympiadbench-188,12,inconclusive,
olympiadbench-188,13,python,
olympiadbench-188,2,lean,
olympiadbench-188,3,lean,
olympiadbench-188,4,inconclusive,
olympiadbench-188,5,neither,
olympiadbench-188,6,inconclusive,
olympiadbench-188,7,python,
olympiadbench-188,8,neither,
olympiadbench-188,9,python,
olympiadbench-189,0,inconclusive,
olympiadbench-189,1,neither,
olympiadbench-189,10,python,
olympiadbench-189,2,inconclusive,
olympiadbench-189,3,python,
olympiadbench-189,4,inconclusive,
olympiadbench-189,5,,request_failed
olympiadbench-189,6,neither,
olympiadbench-189,7,neither,
olympiadbench-189,8,inconclusive,
olympiadbench-189,9,neither,
olympiadbench-18,0,inconclusive,
olympiadbench-18,1,neither,
olympiadbench-18,2,lean,
olympiadbench-18,3,neither,
olympiadbench-18,4,lean,
olympiadbench-18,5,neither,
olympiadbench-18,6,neither,
olympiadbench-18,7,python,
olympiadbench-190,0,inconclusive,
olympiadbench-190,1,python,
olympiadbench-190,2,neither,
olympiadbench-190,3,neither,
olympiadbench-190,4,inconclusive,
olympiadbench-190,5,neither,
olympiadbench-191,0,python,
olympiadbench-191,1,inconclusive,
olympiadbench-191,2,neither,
olympiadbench-191,3,inconclusive,
olympiadbench-191,4,inconclusive,
olympiadbench-191,5,inconclusive,
olympiadbench-191,6,python,
olympiadbench-191,7,python,
olympiadbench-191,8,python,
olympiadbench-192,0,inconclusive,
olympiadbench-192,1,lean,
olympiadbench-192,10,python,
olympiadbench-192,11,python,
olympiadbench-192,2,python,
olympiadbench-192,3,neither,
olympiadbench-192,4,inconclusive,
olympiadbench-192,5,python,
olympiadbench-192,6,python,
olympiadbench-192,7,neither,
olympiadbench-192,8,inconclusive,
olympiadbench-192,9,python,
olympiadbench-193,0,neither,
olympiadbench-193,1,lean,
olympiadbench-193,10,inconclusive,
olympiadbench-193,11,python,
olympiadbench-193,12,python,
olympiadbench-193,13,inconclusive,
olympiadbench-193,14,inconclusive,
olympiadbench-193,15,python,
olympiadbench-193,16,inconclusive,
olympiadbench-193,17,inconclusive,
olympiadbench-193,18,neither,
olympiadbench-193,2,neither,
olympiadbench-193,3,inconclusive,
olympiadbench-193,4,neither,
olympiadbench-193,5,neither,
olympiadbench-193,6,python,
olympiadbench-193,7,python,
olympiadbench-193,8,inconclusive,
olympiadbench-193,9,inconclusive,
olympiadbench-194,0,lean,
olympiadbench-194,1,lean,
olympiadbench-194,2,neither,
olympiadbench-194,3,neither,
olympiadbench-195,0,inconclusive,
olympiadbench-195,1,neither,
olympiadbench-195,2,neither,
olympiadbench-195,3,neither,
olympiadbench-195,4,neither,
olympiadbench-195,5,python,
olympiadbench-195,6,python,
olympiadbench-196,0,python,
olympiadbench-196,1,inconclusive,
olympiadbench-196,10,neither,
olympiadbench-196,11,inconclusive,
olympiadbench-196,2,inconclusive,
olympiadbench-196,3,python,
olympiadbench-196,4,python,
olympiadbench-196,5,python,
olympiadbench-196,6,python,
olympiadbench-196,7,inconclusive,
olympiadbench-196,8,inconclusive,
olympiadbench-196,9,python,
olympiadbench-197,0,inconclusive,
olympiadbench-197,1,inconclusive,
olympiadbench-197,2,neither,
olympiadbench-197,3,inconclusive,
olympiadbench-197,4,inconclusive,
olympiadbench-197,5,inconclusive,
olympiadbench-197,6,python,
olympiadbench-198,0,python,
olympiadbench-198,1,python,
olympiadbench-198,2,python,
olympiadbench-198,3,python,
olympiadbench-199,0,python,
olympiadbench-199,1,python,
olympiadbench-199,10,python,
olympiadbench-199,11,python,
olympiadbench-199,12,inconclusive,
olympiadbench-199,2,inconclusive,
olympiadbench-199,3,inconclusive,
olympiadbench-199,4,python,
olympiadbench-199,5,python,
olympiadbench-199,6,python,
olympiadbench-199,7,python,
olympiadbench-199,8,lean,
olympiadbench-199,9,python,
olympiadbench-19,0,python,
olympiadbench-19,1,inconclusive,
olympiadbench-19,2,inconclusive,
olympiadbench-19,3,neither,
olympiadbench-19,4,inconclusive,
olympiadbench-19,5,neither,
olympiadbench-1,0,python,
olympiadbench-1,1,python,
olympiadbench-1,2,python,
olympiadbench-1,3,python,
olympiadbench-1,4,python,
olympiadbench-200,0,inconclusive,
olympiadbench-200,1,python,
olympiadbench-200,2,lean,
olympiadbench-200,3,inconclusive,
olympiadbench-200,4,python,
olympiadbench-200,5,inconclusive,
olympiadbench-201,0,inconclusive,
olympiadbench-201,1,neither,
olympiadbench-201,2,lean,
olympiadbench-201,3,lean,
olympiadbench-201,4,python,
olympiadbench-201,5,neither,
olympiadbench-201,6,python,
olympiadbench-201,7,python,
olympiadbench-202,0,inconclusive,
olympiadbench-202,1,python,
olympiadbench-202,2,lean,
olympiadbench-202,3,neither,
olympiadbench-202,4,lean,
olympiadbench-202,5,python,
olympiadbench-202,6,neither,
olympiadbench-203,0,python,
olympiadbench-203,1,inconclusive,
olympiadbench-203,2,python,
olympiadbench-203,3,python,
olympiadbench-203,4,python,
olympiadbench-203,5,python,
olympiadbench-203,6,python,
olympiadbench-203,7,neither,
olympiadbench-204,0,python,
olympiadbench-204,1,python,
olympiadbench-204,2,python,
olympiadbench-204,3,python,
olympiadbench-204,4,neither,
olympiadbench-204,5,python,
olympiadbench-204,6,inconclusive,
olympiadbench-205,0,inconclusive,
olympiadbench-205,1,inconclusive,
olympiadbench-205,10,neither,
olympiadbench-205,2,neither,
olympiadbench-205,3,inconclusive,
olympiadbench-205,4,neither,
olympiadbench-205,5,inconclusive,
olympiadbench-205,6,neither,
olympiadbench-205,7,neither,
olympiadbench-205,8,python,
olympiadbench-205,9,neither,
olympiadbench-206,0,python,
olympiadbench-206,1,neither,
olympiadbench-206,10,neither,
olympiadbench-206,11,inconclusive,
olympiadbench-206,2,python,
olympiadbench-206,3,inconclusive,
olympiadbench-206,4,inconclusive,
olympiadbench-206,5,lean,
olympiadbench-206,6,python,
olympiadbench-206,7,inconclusive,
olympiadbench-206,8,python,
olympiadbench-206,9,inconclusive,
olympiadbench-207,0,inconclusive,
olympiadbench-207,1,python,
olympiadbench-207,2,inconclusive,
olympiadbench-207,3,inconclusive,
olympiadbench-207,4,inconclusive,
olympiadbench-207,5,inconclusive,
olympiadbench-207,6,neither,
olympiadbench-207,7,python,
olympiadbench-207,8,inconclusive,
olympiadbench-207,9,inconclusive,
olympiadbench-208,0,inconclusive,
olympiadbench-208,1,neither,
olympiadbench-208,2,,request_failed
olympiadbench-208,3,neither,
olympiadbench-209,0,python,
olympiadbench-209,1,neither,
olympiadbench-209,10,python,
olympiadbench-209,11,inconclusive,
olympiadbench-209,12,python,
olympiadbench-209,13,inconclusive,
olympiadbench-209,14,python,
olympiadbench-209,15,python,
olympiadbench-209,16,inconclusive,
olympiadbench-209,17,neither,
olympiadbench-209,18,python,
olympiadbench-209,19,lean,
olympiadbench-209,2,neither,
olympiadbench-209,20,inconclusive,
olympiadbench-209,21,neither,
olympiadbench-209,22,inconclusive,
olympiadbench-209,3,inconclusive,
olympiadbench-209,4,neither,
olympiadbench-209,5,neither,
olympiadbench-209,6,neither,
olympiadbench-209,7,neither,
olympiadbench-209,8,lean,
olympiadbench-209,9,inconclusive,
olympiadbench-20,0,inconclusive,
olympiadbench-20,1,python,
olympiadbench-20,2,neither,
olympiadbench-20,3,python,
olympiadbench-20,4,lean,
olympiadbench-210,0,inconclusive,
olympiadbench-210,1,python,
olympiadbench-210,2,python,
olympiadbench-210,3,lean,
olympiadbench-210,4,inconclusive,
olympiadbench-210,5,inconclusive,
olympiadbench-210,6,inconclusive,
olympiadbench-211,0,inconclusive,
olympiadbench-211,1,inconclusive,
olympiadbench-211,10,neither,
olympiadbench-211,11,python,
olympiadbench-211,12,python,
olympiadbench-211,13,python,
olympiadbench-211,14,lean,
olympiadbench-211,15,neither,
olympiadbench-211,16,python,
olympiadbench-211,2,neither,
olympiadbench-211,3,neither,
olympiadbench-211,4,neither,
olympiadbench-211,5,neither,
olympiadbench-211,6,python,
olympiadbench-211,7,python,
olympiadbench-211,8,neither,
olympiadbench-211,9,neither,
olympiadbench-212,0,inconclusive,
olympiadbench-212,1,tie,
olympiadbench-212,2,lean,
olympiadbench-212,3,python,
olympiadbench-212,4,python,
olympiadbench-213,0,inconclusive,
olympiadbench-213,1,python,
olympiadbench-213,2,python,
olympiadbench-213,3,python,
olympiadbench-213,4,python,
olympiadbench-213,5,python,
olympiadbench-214,0,inconclusive,
olympiadbench-214,1,inconclusive,
olympiadbench-214,10,python,
olympiadbench-214,11,python,
olympiadbench-214,12,python,
olympiadbench-214,13,python,
olympiadbench-214,14,python,
olympiadbench-214,15,neither,
olympiadbench-214,2,neither,
olympiadbench-214,3,lean,
olympiadbench-214,4,python,
olympiadbench-214,5,neither,
olympiadbench-214,6,neither,
olympiadbench-214,7,neither,
olympiadbench-214,8,python,
olympiadbench-214,9,python,
olympiadbench-215,0,inconclusive,
olympiadbench-215,1,python,
olympiadbench-215,2,neither,
olympiadbench-215,3,inconclusive,
olympiadbench-215,4,python,
olympiadbench-216,0,inconclusive,
olympiadbench-216,1,inconclusive,
olympiadbench-216,10,lean,
olympiadbench-216,11,lean,
olympiadbench-216,12,python,
olympiadbench-216,13,python,
olympiadbench-216,14,python,
olympiadbench-216,15,python,
olympiadbench-216,2,python,
olympiadbench-216,3,neither,
olympiadbench-216,4,python,
olympiadbench-216,5,python,
olympiadbench-216,6,neither,
olympiadbench-216,7,lean,
olympiadbench-216,8,python,
olympiadbench-216,9,inconclusive,
olympiadbench-217,0,inconclusive,
olympiadbench-217,1,python,
olympiadbench-217,2,inconclusive,
olympiadbench-217,3,inconclusive,
olympiadbench-217,4,neither,
olympiadbench-217,5,neither,
olympiadbench-217,6,neither,
olympiadbench-217,7,neither,
olympiadbench-218,0,neither,
olympiadbench-218,1,inconclusive,
olympiadbench-218,2,lean,
olympiadbench-218,3,python,
olympiadbench-218,4,python,
olympiadbench-218,5,python,
olympiadbench-219,0,neither,
olympiadbench-219,1,inconclusive,
olympiadbench-219,2,lean,
olympiadbench-219,3,lean,
olympiadbench-219,4,neither,
olympiadbench-219,5,python,
olympiadbench-219,6,python,
olympiadbench-219,7,python,
olympiadbench-219,8,python,
olympiadbench-219,9,python,
olympiadbench-21,0,python,
olympiadbench-21,1,inconclusive,
olympiadbench-21,2,python,
olympiadbench-21,3,inconclusive,
olympiadbench-21,4,python,
olympiadbench-21,5,python,
olympiadbench-21,6,python,
olympiadbench-21,7,,request_failed
olympiadbench-21,8,neither,
olympiadbench-220,0,python,
olympiadbench-220,1,inconclusive,
olympiadbench-220,2,inconclusive,
olympiadbench-220,3,python,
olympiadbench-220,4,inconclusive,
olympiadbench-220,5,python,
olympiadbench-220,6,inconclusive,
olympiadbench-220,7,python,
olympiadbench-220,8,python,
olympiadbench-221,0,python,
olympiadbench-221,1,inconclusive,
olympiadbench-221,10,inconclusive,
olympiadbench-221,11,inconclusive,
olympiadbench-221,12,python,
olympiadbench-221,13,neither,
olympiadbench-221,14,neither,
olympiadbench-221,15,inconclusive,
olympiadbench-221,16,inconclusive,
olympiadbench-221,17,inconclusive,
olympiadbench-221,2,neither,
olympiadbench-221,3,inconclusive,
olympiadbench-221,4,python,
olympiadbench-221,5,inconclusive,
olympiadbench-221,6,neither,
olympiadbench-221,7,inconclusive,
olympiadbench-221,8,neither,
olympiadbench-221,9,neither,
olympiadbench-222,0,python,
olympiadbench-222,1,neither,
olympiadbench-222,2,neither,
olympiadbench-222,3,inconclusive,
olympiadbench-222,4,python,
olympiadbench-222,5,neither,
olympiadbench-222,6,lean,
olympiadbench-223,0,neither,
olympiadbench-223,1,neither,
olympiadbench-223,2,python,
olympiadbench-223,3,lean,
olympiadbench-223,4,neither,
olympiadbench-224,0,python,
olympiadbench-224,1,python,
olympiadbench-224,2,neither,
olympiadbench-224,3,inconclusive,
olympiadbench-224,4,inconclusive,
olympiadbench-224,5,python,
olympiadbench-224,6,inconclusive,
olympiadbench-225,0,neither,
olympiadbench-225,1,python,
olympiadbench-225,2,python,
olympiadbench-225,3,python,
olympiadbench-225,4,python,
olympiadbench-225,5,neither,
olympiadbench-225,6,python,
olympiadbench-226,0,python,
olympiadbench-226,1,inconclusive,
olympiadbench-226,2,python,
olympiadbench-226,3,python,
olympiadbench-226,4,inconclusive,
olympiadbench-226,5,python,
olympiadbench-226,6,python,
olympiadbench-226,7,inconclusive,
olympiadbench-227,0,inconclusive,
olympiadbench-227,1,lean,
olympiadbench-227,2,inconclusive,
olympiadbench-227,3,inconclusive,
olympiadbench-227,4,python,
olympiadbench-227,5,python,
olympiadbench-227,6,inconclusive,
olympiadbench-228,0,neither,
olympiadbench-228,1,lean,
olympiadbench-228,2,python,
olympiadbench-228,3,python,
olympiadbench-228,4,neither,
olympiadbench-228,5,inconclusive,
olympiadbench-228,6,neither,
olympiadbench-228,7,neither,
olympiadbench-228,8,inconclusive,
olympiadbench-229,0,inconclusive,
olympiadbench-229,1,inconclusive,
olympiadbench-229,10,python,
olympiadbench-229,11,python,
olympiadbench-229,12,python,
olympiadbench-229,2,lean,
olympiadbench-229,3,lean,
olympiadbench-229,4,inconclusive,
olympiadbench-229,5,lean,
olympiadbench-229,6,inconclusive,
olympiadbench-229,7,inconclusive,
olympiadbench-229,8,python,
olympiadbench-229,9,lean,
olympiadbench-22,0,python,
olympiadbench-22,1,lean,
olympiadbench-22,2,python,
olympiadbench-22,3,python,
olympiadbench-22,4,python,
olympiadbench-22,5,neither,
olympiadbench-22,6,python,
olympiadbench-230,0,inconclusive,
olympiadbench-230,1,neither,
olympiadbench-230,10,inconclusive,
olympiadbench-230,11,python,
olympiadbench-230,12,python,
olympiadbench-230,13,inconclusive,
olympiadbench-230,2,inconclusive,
olympiadbench-230,3,inconclusive,
olympiadbench-230,4,neither,
olympiadbench-230,5,python,
olympiadbench-230,6,inconclusive,
olympiadbench-230,7,inconclusive,
olympiadbench-230,8,python,
olympiadbench-230,9,neither,
olympiadbench-231,0,inconclusive,
olympiadbench-231,1,neither,
olympiadbench-231,2,python,
olympiadbench-231,3,neither,
olympiadbench-231,4,inconclusive,
olympiadbench-231,5,python,
olympiadbench-232,0,inconclusive,
olympiadbench-232,1,python,
olympiadbench-232,2,python,
olympiadbench-232,3,python,
olympiadbench-232,4,neither,
olympiadbench-233,0,lean,
olympiadbench-233,1,lean,
olympiadbench-233,10,inconclusive,
olympiadbench-233,11,python,
olympiadbench-233,12,inconclusive,
olympiadbench-233,2,lean,
olympiadbench-233,3,inconclusive,
olympiadbench-233,4,lean,
olympiadbench-233,5,python,
olympiadbench-233,6,python,
olympiadbench-233,7,python,
olympiadbench-233,8,python,
olympiadbench-233,9,neither,
olympiadbench-234,0,python,
olympiadbench-234,1,lean,
olympiadbench-234,2,neither,
olympiadbench-234,3,inconclusive,
olympiadbench-234,4,inconclusive,
olympiadbench-234,5,neither,
olympiadbench-235,0,inconclusive,
olympiadbench-235,1,python,
olympiadbench-235,2,inconclusive,
olympiadbench-235,3,python,
olympiadbench-235,4,python,
olympiadbench-235,5,neither,
olympiadbench-235,6,python,
olympiadbench-236,0,python,
olympiadbench-236,1,python,
olympiadbench-236,2,python,
olympiadbench-236,3,python,
olympiadbench-236,4,neither,
olympiadbench-236,5,python,
olympiadbench-236,6,python,
olympiadbench-236,7,python,
olympiadbench-237,0,python,
olympiadbench-237,1,neither,
olympiadbench-237,2,python,
olympiadbench-237,3,python,
olympiadbench-238,0,python,
olympiadbench-238,1,lean,
olympiadbench-238,2,lean,
olympiadbench-238,3,python,
olympiadbench-238,4,python,
olympiadbench-238,5,python,
olympiadbench-238,6,python,
olympiadbench-239,0,inconclusive,
olympiadbench-239,1,python,
olympiadbench-239,10,python,
olympiadbench-239,11,neither,
olympiadbench-239,12,neither,
olympiadbench-239,13,python,
olympiadbench-239,14,python,
olympiadbench-239,15,python,
olympiadbench-239,16,neither,
olympiadbench-239,2,python,
olympiadbench-239,3,python,
olympiadbench-239,4,lean,
olympiadbench-239,5,python,
olympiadbench-239,6,python,
olympiadbench-239,7,inconclusive,
olympiadbench-239,8,lean,
olympiadbench-239,9,lean,
olympiadbench-23,0,neither,
olympiadbench-23,1,inconclusive,
olympiadbench-23,2,neither,
olympiadbench-23,3,neither,
olympiadbench-23,4,neither,
olympiadbench-23,5,neither,
olympiadbench-240,0,neither,
olympiadbench-240,1,python,
olympiadbench-240,2,python,
olympiadbench-240,3,python,
olympiadbench-241,0,inconclusive,
olympiadbench-241,1,neither,
olympiadbench-241,2,python,
olympiadbench-241,3,lean,
olympiadbench-241,4,lean,
olympiadbench-241,5,inconclusive,
olympiadbench-241,6,lean,
olympiadbench-241,7,python,
olympiadbench-241,8,neither,
olympiadbench-241,9,inconclusive,
olympiadbench-242,0,python,
olympiadbench-242,1,neither,
olympiadbench-242,2,python,
olympiadbench-242,3,python,
olympiadbench-242,4,python,
olympiadbench-243,0,inconclusive,
olympiadbench-243,1,inconclusive,
olympiadbench-243,2,python,
olympiadbench-243,3,python,
olympiadbench-243,4,lean,
olympiadbench-243,5,python,
olympiadbench-243,6,python,
olympiadbench-243,7,neither,
olympiadbench-243,8,python,
olympiadbench-243,9,python,
olympiadbench-244,0,python,
olympiadbench-244,1,inconclusive,
olympiadbench-244,10,inconclusive,
olympiadbench-244,11,python,
olympiadbench-244,12,neither,
olympiadbench-244,13,python,
olympiadbench-244,14,python,
olympiadbench-244,15,python,
olympiadbench-244,16,neither,
olympiadbench-244,17,neither,
olympiadbench-244,18,python,
olympiadbench-244,19,python,
olympiadbench-244,2,inconclusive,
olympiadbench-244,3,inconclusive,
olympiadbench-244,4,python,
olympiadbench-244,5,,request_failed
olympiadbench-244,6,neither,
olympiadbench-244,7,neither,
olympiadbench-244,8,inconclusive,
olympiadbench-244,9,inconclusive,
olympiadbench-245,0,python,
olympiadbench-245,1,python,
olympiadbench-245,2,python,
olympiadbench-245,3,python,
olympiadbench-245,4,python,
olympiadbench-245,5,python,
olympiadbench-246,0,python,
olympiadbench-246,1,inconclusive,
olympiadbench-246,2,python,
olympiadbench-246,3,python,
olympiadbench-246,4,python,
olympiadbench-246,5,python,
olympiadbench-246,6,inconclusive,
olympiadbench-247,0,python,
olympiadbench-247,1,python,
olympiadbench-247,2,python,
olympiadbench-247,3,python,
olympiadbench-248,0,inconclusive,
olympiadbench-248,1,inconclusive,
olympiadbench-248,2,inconclusive,
olympiadbench-248,3,inconclusive,
olympiadbench-248,4,inconclusive,
olympiadbench-249,0,python,
olympiadbench-249,1,python,
olympiadbench-249,10,neither,
olympiadbench-249,11,inconclusive,
olympiadbench-249,12,inconclusive,
olympiadbench-249,13,inconclusive,
olympiadbench-249,2,python,
olympiadbench-249,3,python,
olympiadbench-249,4,inconclusive,
olympiadbench-249,5,python,
olympiadbench-249,6,inconclusive,
olympiadbench-249,7,python,
olympiadbench-249,8,neither,
olympiadbench-249,9,python,
olympiadbench-24,0,inconclusive,
olympiadbench-24,1,python,
olympiadbench-24,10,lean,
olympiadbench-24,11,inconclusive,
olympiadbench-24,12,inconclusive,
olympiadbench-24,13,python,
olympiadbench-24,14,inconclusive,
olympiadbench-24,15,inconclusive,
olympiadbench-24,16,neither,
olympiadbench-24,17,inconclusive,
olympiadbench-24,18,inconclusive,
olympiadbench-24,19,python,
olympiadbench-24,2,inconclusive,
olympiadbench-24,20,neither,
olympiadbench-24,3,lean,
olympiadbench-24,4,inconclusive,
olympiadbench-24,5,neither,
olympiadbench-24,6,neither,
olympiadbench-24,7,python,
olympiadbench-24,8,python,
olympiadbench-24,9,inconclusive,
olympiadbench-250,0,inconclusive,
olympiadbench-250,1,python,
olympiadbench-250,10,python,
olympiadbench-250,11,python,
olympiadbench-250,12,python,
olympiadbench-250,13,python,
olympiadbench-250,14,python,
olympiadbench-250,15,python,
olympiadbench-250,16,inconclusive,
olympiadbench-250,17,python,
olympiadbench-250,18,neither,
olympiadbench-250,19,neither,
olympiadbench-250,2,python,
olympiadbench-250,3,python,
olympiadbench-250,4,neither,
olympiadbench-250,5,python,
olympiadbench-250,6,inconclusive,
olympiadbench-250,7,inconclusive,
olympiadbench-250,8,inconclusive,
olympiadbench-250,9,python,
olympiadbench-251,0,lean,
olympiadbench-251,1,neither,
olympiadbench-251,2,inconclusive,
olympiadbench-251,3,neither,
olympiadbench-251,4,lean,
olympiadbench-251,5,python,
olympiadbench-252,0,python,
olympiadbench-252,1,python,
olympiadbench-252,2,python,
olympiadbench-252,3,python,
olympiadbench-252,4,python,
olympiadbench-252,5,neither,
olympiadbench-253,0,inconclusive,
olympiadbench-253,1,inconclusive,
olympiadbench-253,10,python,
olympiadbench-253,11,neither,
olympiadbench-253,2,lean,
olympiadbench-253,3,lean,
olympiadbench-253,4,inconclusive,
olympiadbench-253,5,python,
olympiadbench-253,6,python,
olympiadbench-253,7,inconclusive,
olympiadbench-253,8,python,
olympiadbench-253,9,python,
olympiadbench-254,0,neither,
olympiadbench-254,1,,request_failed
olympiadbench-254,2,inconclusive,
olympiadbench-254,3,inconclusive,
olympiadbench-254,4,inconclusive,
olympiadbench-254,5,python,
olympiadbench-254,6,python,
olympiadbench-254,7,python,
olympiadbench-254,8,python,
olympiadbench-255,0,inconclusive,
olympiadbench-255,1,neither,
olympiadbench-255,2,python,
olympiadbench-255,3,neither,
olympiadbench-255,4,neither,
olympiadbench-255,5,neither,
olympiadbench-256,0,inconclusive,
olympiadbench-256,1,inconclusive,
olympiadbench-256,10,lean,
olympiadbench-256,11,inconclusive,
olympiadbench-256,12,inconclusive,
olympiadbench-256,13,inconclusive,
olympiadbench-256,2,python,
olympiadbench-256,3,inconclusive,
olympiadbench-256,4,inconclusive,
olympiadbench-256,5,inconclusive,
olympiadbench-256,6,neither,
olympiadbench-256,7,inconclusive,
olympiadbench-256,8,inconclusive,
olympiadbench-256,9,lean,
olympiadbench-257,0,inconclusive,
olympiadbench-257,1,python,
olympiadbench-257,10,python,
olympiadbench-257,11,python,
olympiadbench-257,12,python,
olympiadbench-257,13,inconclusive,
olympiadbench-257,14,inconclusive,
olympiadbench-257,15,python,
olympiadbench-257,16,neither,
olympiadbench-257,17,python,
olympiadbench-257,18,python,
olympiadbench-257,19,python,
olympiadbench-257,2,neither,
olympiadbench-257,20,python,
olympiadbench-257,3,python,
olympiadbench-257,4,neither,
olympiadbench-257,5,neither,
olympiadbench-257,6,neither,
olympiadbench-257,7,neither,
olympiadbench-257,8,neither,
olympiadbench-257,9,python,
olympiadbench-258,0,python,
olympiadbench-258,1,inconclusive,
olympiadbench-258,2,inconclusive,
olympiadbench-258,3,python,
olympiadbench-258,4,inconclusive,
olympiadbench-259,0,inconclusive,
olympiadbench-259,1,python,
olympiadbench-259,2,neither,
olympiadbench-259,3,python,
olympiadbench-259,4,inconclusive,
olympiadbench-25,0,python,
olympiadbench-25,1,neither,
olympiadbench-25,2,python,
olympiadbench-25,3,neither,
olympiadbench-25,4,inconclusive,
olympiadbench-25,5,inconclusive,
olympiadbench-260,0,inconclusive,
olympiadbench-260,1,lean,
olympiadbench-260,2,python,
olympiadbench-260,3,inconclusive,
olympiadbench-260,4,neither,
olympiadbench-260,5,neither,
olympiadbench-260,6,lean,
olympiadbench-260,7,lean,
olympiadbench-261,0,python,
olympiadbench-261,1,python,
olympiadbench-261,2,python,
olympiadbench-261,3,python,
olympiadbench-261,4,python,
olympiadbench-261,5,python,
olympiadbench-261,6,neither,
olympiadbench-261,7,neither,
olympiadbench-262,0,inconclusive,
olympiadbench-262,1,inconclusive,
olympiadbench-262,2,neither,
olympiadbench-262,3,inconclusive,
olympiadbench-262,4,inconclusive,
olympiadbench-263,0,inconclusive,
olympiadbench-263,1,python,
olympiadbench-263,2,neither,
olympiadbench-263,3,inconclusive,
olympiadbench-263,4,inconclusive,
olympiadbench-264,0,python,
olympiadbench-264,1,python,
olympiadbench-264,2,python,
olympiadbench-264,3,python,
olympiadbench-264,4,inconclusive,
olympiadbench-264,5,neither,
olympiadbench-265,0,inconclusive,
olympiadbench-265,1,python,
olympiadbench-265,10,neither,
olympiadbench-265,11,python,
olympiadbench-265,12,python,
olympiadbench-265,13,python,
olympiadbench-265,14,inconclusive,
olympiadbench-265,15,,request_failed
olympiadbench-265,16,python,
olympiadbench-265,17,,request_failed
olympiadbench-265,2,python,
olympiadbench-265,3,neither,
olympiadbench-265,4,inconclusive,
olympiadbench-265,5,inconclusive,
olympiadbench-265,6,python,
olympiadbench-265,7,inconclusive,
olympiadbench-265,8,inconclusive,
olympiadbench-265,9,python,
olympiadbench-266,0,inconclusive,
olympiadbench-266,1,python,
olympiadbench-266,10,lean,
olympiadbench-266,11,python,
olympiadbench-266,12,python,
olympiadbench-266,13,inconclusive,
olympiadbench-266,14,inconclusive,
olympiadbench-266,15,python,
olympiadbench-266,16,neither,
olympiadbench-266,17,python,
olympiadbench-266,18,inconclusive,
olympiadbench-266,19,lean,
olympiadbench-266,2,inconclusive,
olympiadbench-266,3,python,
olympiadbench-266,4,python,
olympiadbench-266,5,python,
olympiadbench-266,6,inconclusive,
olympiadbench-266,7,inconclusive,
olympiadbench-266,8,neither,
olympiadbench-266,9,python,
olympiadbench-267,0,inconclusive,
olympiadbench-267,1,inconclusive,
olympiadbench-267,2,neither,
olympiadbench-267,3,inconclusive,
olympiadbench-267,4,tie,
olympiadbench-267,5,python,
olympiadbench-267,6,python,
olympiadbench-267,7,python,
olympiadbench-267,8,python,
olympiadbench-268,0,python,
olympiadbench-268,1,inconclusive,
olympiadbench-268,2,python,
olympiadbench-268,3,python,
olympiadbench-268,4,python,
olympiadbench-268,5,python,
olympiadbench-269,0,inconclusive,
olympiadbench-269,1,inconclusive,
olympiadbench-269,10,inconclusive,
olympiadbench-269,2,python,
olympiadbench-269,3,inconclusive,
olympiadbench-269,4,neither,
olympiadbench-269,5,inconclusive,
olympiadbench-269,6,neither,
olympiadbench-269,7,inconclusive,
olympiadbench-269,8,neither,
olympiadbench-269,9,inconclusive,
olympiadbench-26,0,lean,
olympiadbench-26,1,inconclusive,
olympiadbench-26,2,python,
olympiadbench-26,3,lean,
olympiadbench-26,4,inconclusive,
olympiadbench-26,5,neither,
olympiadbench-270,0,inconclusive,
olympiadbench-270,1,neither,
olympiadbench-270,2,inconclusive,
olympiadbench-270,3,inconclusive,
olympiadbench-270,4,python,
olympiadbench-270,5,neither,
olympiadbench-270,6,neither,
olympiadbench-270,7,neither,
olympiadbench-270,8,python,
olympiadbench-270,9,python,
olympiadbench-271,0,inconclusive,
olympiadbench-271,1,python,
olympiadbench-271,2,python,
olympiadbench-271,3,neither,
olympiadbench-271,4,python,
olympiadbench-271,5,neither,
olympiadbench-271,6,lean,
olympiadbench-271,7,python,
olympiadbench-271,8,neither,
olympiadbench-271,9,python,
olympiadbench-272,0,python,
olympiadbench-272,1,python,
olympiadbench-272,2,lean,
olympiadbench-272,3,python,
olympiadbench-272,4,neither,
olympiadbench-272,5,neither,
olympiadbench-272,6,inconclusive,
olympiadbench-272,7,neither,
olympiadbench-273,0,python,
olympiadbench-273,1,inconclusive,
olympiadbench-273,2,python,
olympiadbench-273,3,inconclusive,
olympiadbench-273,4,neither,
olympiadbench-273,5,neither,
olympiadbench-273,6,neither,
olympiadbench-273,7,inconclusive,
olympiadbench-273,8,inconclusive,
olympiadbench-273,9,python,
olympiadbench-274,0,inconclusive,
olympiadbench-274,1,inconclusive,
olympiadbench-274,2,lean,
olympiadbench-274,3,inconclusive,
olympiadbench-274,4,neither,
olympiadbench-274,5,python,
olympiadbench-274,6,neither,
olympiadbench-274,7,inconclusive,
olympiadbench-274,8,inconclusive,
olympiadbench-274,9,inconclusive,
olympiadbench-275,0,inconclusive,
olympiadbench-275,1,inconclusive,
olympiadbench-275,2,inconclusive,
olympiadbench-275,3,python,
olympiadbench-275,4,inconclusive,
olympiadbench-275,5,neither,
olympiadbench-275,6,inconclusive,
olympiadbench-275,7,inconclusive,
olympiadbench-275,8,inconclusive,
olympiadbench-276,0,python,
olympiadbench-276,1,python,
olympiadbench-276,2,python,
olympiadbench-276,3,python,
olympiadbench-276,4,inconclusive,
olympiadbench-276,5,inconclusive,
olympiadbench-276,6,python,
olympiadbench-276,7,inconclusive,
olympiadbench-276,8,python,
olympiadbench-277,0,inconclusive,
olympiadbench-277,1,python,
olympiadbench-277,2,inconclusive,
olympiadbench-277,3,neither,
olympiadbench-277,4,neither,
olympiadbench-277,5,python,
olympiadbench-277,6,python,
olympiadbench-277,7,python,
olympiadbench-278,0,inconclusive,
olympiadbench-278,1,neither,
olympiadbench-278,2,inconclusive,
olympiadbench-278,3,python,
olympiadbench-278,4,inconclusive,
olympiadbench-278,5,inconclusive,
olympiadbench-278,6,inconclusive,
olympiadbench-278,7,neither,
olympiadbench-278,8,inconclusive,
olympiadbench-279,0,inconclusive,
olympiadbench-279,1,inconclusive,
olympiadbench-279,2,inconclusive,
olympiadbench-279,3,python,
olympiadbench-279,4,python,
olympiadbench-279,5,neither,
olympiadbench-279,6,inconclusive,
olympiadbench-279,7,python,
olympiadbench-27,0,python,
olympiadbench-27,1,python,
olympiadbench-27,10,python,
olympiadbench-27,11,python,
olympiadbench-27,12,python,
olympiadbench-27,13,python,
olympiadbench-27,14,python,
olympiadbench-27,15,lean,
olympiadbench-27,16,python,
olympiadbench-27,17,python,
olympiadbench-27,2,neither,
olympiadbench-27,3,python,
olympiadbench-27,4,python,
olympiadbench-27,5,neither,
olympiadbench-27,6,inconclusive,
olympiadbench-27,7,inconclusive,
olympiadbench-27,8,lean,
olympiadbench-27,9,lean,
olympiadbench-280,0,inconclusive,
olympiadbench-280,1,inconclusive,
olympiadbench-280,2,inconclusive,
olympiadbench-280,3,neither,
olympiadbench-280,4,python,
olympiadbench-280,5,python,
olympiadbench-280,6,neither,
olympiadbench-280,7,inconclusive,
olympiadbench-281,0,inconclusive,
olympiadbench-281,1,python,
olympiadbench-281,2,inconclusive,
olympiadbench-281,3,python,
olympiadbench-281,4,python,
olympiadbench-281,5,inconclusive,
olympiadbench-281,6,neither,
olympiadbench-281,7,python,
olympiadbench-281,8,python,
olympiadbench-282,0,inconclusive,
olympiadbench-282,1,neither,
olympiadbench-282,10,python,
olympiadbench-282,11,inconclusive,
olympiadbench-282,12,inconclusive,
olympiadbench-282,13,neither,
olympiadbench-282,14,inconclusive,
olympiadbench-282,15,neither,
olympiadbench-282,16,neither,
olympiadbench-282,17,python,
olympiadbench-282,18,neither,
olympiadbench-282,19,neither,
olympiadbench-282,2,inconclusive,
olympiadbench-282,20,inconclusive,
olympiadbench-282,3,python,
olympiadbench-282,4,python,
olympiadbench-282,5,python,
olympiadbench-282,6,python,
olympiadbench-282,7,python,
olympiadbench-282,8,inconclusive,
olympiadbench-282,9,python,
olympiadbench-283,0,python,
olympiadbench-283,1,python,
olympiadbench-283,2,neither,
olympiadbench-283,3,python,
olympiadbench-283,4,python,
olympiadbench-283,5,python,
olympiadbench-284,0,inconclusive,
olympiadbench-284,1,neither,
olympiadbench-284,2,neither,
olympiadbench-284,3,neither,
olympiadbench-284,4,inconclusive,
olympiadbench-284,5,inconclusive,
olympiadbench-285,0,neither,
olympiadbench-285,1,python,
olympiadbench-285,2,neither,
olympiadbench-285,3,python,
olympiadbench-285,4,neither,
olympiadbench-286,0,python,
olympiadbench-286,1,neither,
olympiadbench-286,2,python,
olympiadbench-286,3,python,
olympiadbench-287,0,python,
olympiadbench-287,1,python,
olympiadbench-287,10,python,
olympiadbench-287,11,python,
olympiadbench-287,12,inconclusive,
olympiadbench-287,13,inconclusive,
olympiadbench-287,2,neither,
olympiadbench-287,3,lean,
olympiadbench-287,4,lean,
olympiadbench-287,5,neither,
olympiadbench-287,6,lean,
olympiadbench-287,7,neither,
olympiadbench-287,8,lean,
olympiadbench-287,9,lean,
olympiadbench-288,0,neither,
olympiadbench-288,1,python,
olympiadbench-288,10,inconclusive,
olympiadbench-288,11,neither,
olympiadbench-288,12,inconclusive,
olympiadbench-288,2,python,
olympiadbench-288,3,neither,
olympiadbench-288,4,python,
olympiadbench-288,5,lean,
olympiadbench-288,6,python,
olympiadbench-288,7,inconclusive,
olympiadbench-288,8,inconclusive,
olympiadbench-288,9,neither,
olympiadbench-289,0,inconclusive,
olympiadbench-289,1,neither,
olympiadbench-289,2,python,
olympiadbench-289,3,python,
olympiadbench-289,4,python,
olympiadbench-289,5,python,
olympiadbench-289,6,inconclusive,
olympiadbench-289,7,python,
olympiadbench-28,0,inconclusive,
olympiadbench-28,1,inconclusive,
olympiadbench-28,2,inconclusive,
olympiadbench-28,3,inconclusive,
olympiadbench-28,4,inconclusive,
olympiadbench-28,5,python,
olympiadbench-28,6,inconclusive,
olympiadbench-290,0,python,
olympiadbench-290,1,python,
olympiadbench-290,2,neither,
olympiadbench-290,3,python,
olympiadbench-290,4,inconclusive,
olympiadbench-291,0,inconclusive,
olympiadbench-291,1,lean,
olympiadbench-291,2,lean,
olympiadbench-291,3,neither,
olympiadbench-291,4,neither,
olympiadbench-291,5,inconclusive,
olympiadbench-291,6,lean,
olympiadbench-291,7,inconclusive,
olympiadbench-291,8,inconclusive,
olympiadbench-292,0,python,
olympiadbench-292,1,lean,
olympiadbench-292,10,python,
olympiadbench-292,11,python,
olympiadbench-292,12,python,
olympiadbench-292,13,python,
olympiadbench-292,14,python,
olympiadbench-292,15,python,
olympiadbench-292,16,python,
olympiadbench-292,17,python,
olympiadbench-292,18,python,
olympiadbench-292,19,python,
olympiadbench-292,2,python,
olympiadbench-292,20,python,
olympiadbench-292,21,python,
olympiadbench-292,22,python,
olympiadbench-292,23,python,
olympiadbench-292,24,python,
olympiadbench-292,25,inconclusive,
olympiadbench-292,26,neither,
olympiadbench-292,3,python,
olympiadbench-292,4,python,
olympiadbench-292,5,python,
olympiadbench-292,6,python,
olympiadbench-292,7,python,
olympiadbench-292,8,python,
olympiadbench-292,9,python,
olympiadbench-293,0,python,
olympiadbench-293,1,python,
olympiadbench-293,2,python,
olympiadbench-293,3,neither,
olympiadbench-293,4,neither,
olympiadbench-294,0,inconclusive,
olympiadbench-294,1,inconclusive,
olympiadbench-294,2,neither,
olympiadbench-294,3,python,
olympiadbench-294,4,python,
olympiadbench-294,5,inconclusive,
olympiadbench-294,6,neither,
olympiadbench-294,7,neither,
olympiadbench-295,0,neither,
olympiadbench-295,1,python,
olympiadbench-295,2,neither,
olympiadbench-295,3,python,
olympiadbench-295,4,inconclusive,
olympiadbench-296,0,inconclusive,
olympiadbench-296,1,lean,
olympiadbench-296,2,inconclusive,
olympiadbench-296,3,neither,
olympiadbench-296,4,python,
olympiadbench-296,5,inconclusive,
olympiadbench-297,0,python,
olympiadbench-297,1,neither,
olympiadbench-297,2,python,
olympiadbench-297,3,python,
olympiadbench-297,4,inconclusive,
olympiadbench-297,5,python,
olympiadbench-297,6,python,
olympiadbench-297,7,inconclusive,
olympiadbench-297,8,python,
olympiadbench-297,9,lean,
olympiadbench-298,0,inconclusive,
olympiadbench-298,1,inconclusive,
olympiadbench-298,2,inconclusive,
olympiadbench-298,3,neither,
olympiadbench-298,4,python,
olympiadbench-298,5,python,
olympiadbench-299,0,inconclusive,
olympiadbench-299,1,inconclusive,
olympiadbench-299,10,python,
olympiadbench-299,11,python,
olympiadbench-299,12,python,
olympiadbench-299,2,python,
olympiadbench-299,3,inconclusive,
olympiadbench-299,4,python,
olympiadbench-299,5,python,
olympiadbench-299,6,python,
olympiadbench-299,7,python,
olympiadbench-299,8,python,
olympiadbench-299,9,python,
olympiadbench-29,0,python,
olympiadbench-29,1,python,
olympiadbench-29,2,inconclusive,
olympiadbench-29,3,inconclusive,
olympiadbench-29,4,inconclusive,
olympiadbench-29,5,python,
olympiadbench-2,0,inconclusive,
olympiadbench-2,1,inconclusive,
olympiadbench-2,2,inconclusive,
olympiadbench-2,3,neither,
olympiadbench-2,4,inconclusive,
olympiadbench-2,5,python,
olympiadbench-2,6,python,
olympiadbench-2,7,python,
olympiadbench-300,0,inconclusive,
olympiadbench-300,1,neither,
olympiadbench-300,2,python,
olympiadbench-300,3,python,
olympiadbench-300,4,python,
olympiadbench-301,0,lean,
olympiadbench-301,1,python,
olympiadbench-301,2,lean,
olympiadbench-301,3,python,
olympiadbench-301,4,python,
olympiadbench-301,5,python,
olympiadbench-301,6,python,
olympiadbench-301,7,python,
olympiadbench-301,8,python,
olympiadbench-302,0,inconclusive,
olympiadbench-302,1,inconclusive,
olympiadbench-302,10,python,
olympiadbench-302,11,neither,
olympiadbench-302,12,neither,
olympiadbench-302,13,neither,
olympiadbench-302,14,neither,
olympiadbench-302,15,neither,
olympiadbench-302,16,inconclusive,
olympiadbench-302,17,inconclusive,
olympiadbench-302,18,inconclusive,
olympiadbench-302,19,inconclusive,
olympiadbench-302,2,neither,
olympiadbench-302,20,python,
olympiadbench-302,21,neither,
olympiadbench-302,22,inconclusive,
olympiadbench-302,23,neither,
olympiadbench-302,24,inconclusive,
olympiadbench-302,25,inconclusive,
olympiadbench-302,26,inconclusive,
olympiadbench-302,27,neither,
olympiadbench-302,28,neither,
olympiadbench-302,3,inconclusive,
olympiadbench-302,4,inconclusive,
olympiadbench-302,5,python,
olympiadbench-302,6,neither,
olympiadbench-302,7,python,
olympiadbench-302,8,inconclusive,
olympiadbench-302,9,inconclusive,
olympiadbench-303,0,lean,
olympiadbench-303,1,inconclusive,
olympiadbench-303,2,neither,
olympiadbench-303,3,tie,
olympiadbench-303,4,inconclusive,
olympiadbench-303,5,python,
olympiadbench-303,6,python,
olympiadbench-303,7,python,
olympiadbench-304,0,inconclusive,
olympiadbench-304,1,python,
olympiadbench-304,2,inconclusive,
olympiadbench-304,3,python,
olympiadbench-304,4,python,
olympiadbench-304,5,python,
olympiadbench-304,6,python,
olympiadbench-304,7,python,
olympiadbench-304,8,python,
olympiadbench-304,9,python,
olympiadbench-305,0,python,
olympiadbench-305,1,inconclusive,
olympiadbench-305,2,inconclusive,
olympiadbench-305,3,python,
olympiadbench-305,4,neither,
olympiadbench-305,5,inconclusive,
olympiadbench-306,0,python,
olympiadbench-306,1,neither,
olympiadbench-306,2,python,
olympiadbench-306,3,inconclusive,
olympiadbench-306,4,python,
olympiadbench-306,5,neither,
olympiadbench-306,6,python,
olympiadbench-306,7,python,
olympiadbench-307,0,inconclusive,
olympiadbench-307,1,python,
olympiadbench-307,2,python,
olympiadbench-307,3,neither,
olympiadbench-308,0,inconclusive,
olympiadbench-308,1,python,
olympiadbench-308,10,inconclusive,
olympiadbench-308,11,inconclusive,
olympiadbench-308,2,python,
olympiadbench-308,3,inconclusive,
olympiadbench-308,4,python,
olympiadbench-308,5,neither,
olympiadbench-308,6,inconclusive,
olympiadbench-308,7,inconclusive,
olympiadbench-308,8,python,
olympiadbench-308,9,python,
olympiadbench-309,0,inconclusive,
olympiadbench-309,1,inconclusive,
olympiadbench-309,2,python,
olympiadbench-309,3,python,
olympiadbench-309,4,inconclusive,
olympiadbench-309,5,python,
olympiadbench-309,6,python,
olympiadbench-30,0,python,
olympiadbench-30,1,python,
olympiadbench-30,2,python,
olympiadbench-30,3,neither,
olympiadbench-30,4,python,
olympiadbench-30,5,python,
olympiadbench-30,6,python,
olympiadbench-310,0,inconclusive,
olympiadbench-310,1,inconclusive,
olympiadbench-310,2,inconclusive,
olympiadbench-310,3,neither,
olympiadbench-310,4,inconclusive,
olympiadbench-310,5,lean,
olympiadbench-310,6,neither,
olympiadbench-310,7,python,
olympiadbench-311,0,lean,
olympiadbench-311,1,neither,
olympiadbench-311,2,lean,
olympiadbench-311,3,lean,
olympiadbench-311,4,lean,
olympiadbench-312,0,lean,
olympiadbench-312,1,python,
olympiadbench-312,2,inconclusive,
olympiadbench-312,3,lean,
olympiadbench-312,4,neither,
olympiadbench-312,5,neither,
olympiadbench-312,6,python,
olympiadbench-312,7,inconclusive,
olympiadbench-312,8,neither,
olympiadbench-312,9,neither,
olympiadbench-313,0,neither,
olympiadbench-313,1,neither,
olympiadbench-313,2,inconclusive,
olympiadbench-313,3,python,
olympiadbench-313,4,python,
olympiadbench-314,0,inconclusive,
olympiadbench-314,1,inconclusive,
olympiadbench-314,2,python,
olympiadbench-314,3,inconclusive,
olympiadbench-314,4,inconclusive,
olympiadbench-314,5,inconclusive,
olympiadbench-314,6,python,
olympiadbench-314,7,python,
olympiadbench-315,0,lean,
olympiadbench-315,1,python,
olympiadbench-315,2,python,
olympiadbench-315,3,python,
olympiadbench-315,4,python,
olympiadbench-315,5,neither,
olympiadbench-316,0,inconclusive,
olympiadbench-316,1,python,
olympiadbench-316,2,neither,
olympiadbench-316,3,inconclusive,
olympiadbench-316,4,inconclusive,
olympiadbench-316,5,neither,
olympiadbench-317,0,inconclusive,
olympiadbench-317,1,python,
olympiadbench-317,2,python,
olympiadbench-317,3,inconclusive,
olympiadbench-317,4,inconclusive,
olympiadbench-317,5,inconclusive,
olympiadbench-317,6,python,
olympiadbench-317,7,python,
olympiadbench-317,8,inconclusive,
olympiadbench-317,9,inconclusive,
olympiadbench-318,0,inconclusive,
olympiadbench-318,1,neither,
olympiadbench-318,10,inconclusive,
olympiadbench-318,11,inconclusive,
olympiadbench-318,2,python,
olympiadbench-318,3,inconclusive,
olympiadbench-318,4,python,
olympiadbench-318,5,python,
olympiadbench-318,6,python,
olympiadbench-318,7,python,
olympiadbench-318,8,inconclusive,
olympiadbench-318,9,inconclusive,
olympiadbench-319,0,lean,
olympiadbench-319,1,lean,
olympiadbench-319,2,python,
olympiadbench-319,3,neither,
olympiadbench-319,4,neither,
olympiadbench-319,5,neither,
olympiadbench-319,6,inconclusive,
olympiadbench-319,7,inconclusive,
olympiadbench-319,8,python,
olympiadbench-31,0,inconclusive,
olympiadbench-31,1,python,
olympiadbench-31,2,inconclusive,
olympiadbench-31,3,python,
olympiadbench-31,4,inconclusive,
olympiadbench-31,5,inconclusive,
olympiadbench-31,6,neither,
olympiadbench-31,7,python,
olympiadbench-320,0,inconclusive,
olympiadbench-320,1,lean,
olympiadbench-320,2,python,
olympiadbench-320,3,python,
olympiadbench-320,4,python,
olympiadbench-320,5,python,
olympiadbench-321,0,inconclusive,
olympiadbench-321,1,neither,
olympiadbench-321,10,neither,
olympiadbench-321,11,python,
olympiadbench-321,12,python,
olympiadbench-321,13,inconclusive,
olympiadbench-321,14,neither,
olympiadbench-321,15,neither,
olympiadbench-321,16,neither,
olympiadbench-321,17,python,
olympiadbench-321,18,neither,
olympiadbench-321,19,inconclusive,
olympiadbench-321,2,python,
olympiadbench-321,3,lean,
olympiadbench-321,4,inconclusive,
olympiadbench-321,5,inconclusive,
olympiadbench-321,6,neither,
olympiadbench-321,7,neither,
olympiadbench-321,8,neither,
olympiadbench-321,9,inconclusive,
olympiadbench-322,0,inconclusive,
olympiadbench-322,1,neither,
olympiadbench-322,2,lean,
olympiadbench-322,3,lean,
olympiadbench-322,4,python,
olympiadbench-322,5,lean,
olympiadbench-322,6,inconclusive,
olympiadbench-322,7,inconclusive,
olympiadbench-322,8,neither,
olympiadbench-323,0,inconclusive,
olympiadbench-323,1,python,
olympiadbench-323,2,neither,
olympiadbench-323,3,python,
olympiadbench-323,4,neither,
olympiadbench-323,5,inconclusive,
olympiadbench-324,0,python,
olympiadbench-324,1,python,
olympiadbench-324,2,python,
olympiadbench-324,3,python,
olympiadbench-325,0,python,
olympiadbench-325,1,python,
olympiadbench-325,2,inconclusive,
olympiadbench-325,3,neither,
olympiadbench-325,4,neither,
olympiadbench-326,0,inconclusive,
olympiadbench-326,1,python,
olympiadbench-326,2,python,
olympiadbench-326,3,python,
olympiadbench-326,4,python,
olympiadbench-326,5,python,
olympiadbench-326,6,python,
olympiadbench-326,7,python,
olympiadbench-326,8,python,
olympiadbench-327,0,inconclusive,
olympiadbench-327,1,neither,
olympiadbench-327,2,python,
olympiadbench-327,3,python,
olympiadbench-327,4,python,
olympiadbench-327,5,neither,
olympiadbench-327,6,inconclusive,
olympiadbench-327,7,python,
olympiadbench-328,0,python,
olympiadbench-328,1,python,
olympiadbench-328,10,neither,
olympiadbench-328,11,python,
olympiadbench-328,2,inconclusive,
olympiadbench-328,3,python,
olympiadbench-328,4,neither,
olympiadbench-328,5,python,
olympiadbench-328,6,neither,
olympiadbench-328,7,neither,
olympiadbench-328,8,inconclusive,
olympiadbench-328,9,inconclusive,
olympiadbench-329,0,python,
olympiadbench-329,1,neither,
olympiadbench-329,2,neither,
olympiadbench-329,3,python,
olympiadbench-329,4,inconclusive,
olympiadbench-32,0,inconclusive,
olympiadbench-32,1,python,
olympiadbench-32,2,python,
olympiadbench-32,3,python,
olympiadbench-32,4,python,
olympiadbench-32,5,inconclusive,
olympiadbench-330,0,inconclusive,
olympiadbench-330,1,neither,
olympiadbench-330,2,python,
olympiadbench-330,3,python,
olympiadbench-330,4,inconclusive,
olympiadbench-330,5,python,
olympiadbench-331,0,inconclusive,
olympiadbench-331,1,inconclusive,
olympiadbench-331,2,inconclusive,
olympiadbench-331,3,inconclusive,
olympiadbench-331,4,neither,
olympiadbench-331,5,neither,
olympiadbench-331,6,lean,
olympiadbench-331,7,python,
olympiadbench-332,0,neither,
olympiadbench-332,1,python,
olympiadbench-332,2,lean,
olympiadbench-332,3,lean,
olympiadbench-333,0,inconclusive,
olympiadbench-333,1,python,
olympiadbench-333,2,neither,
olympiadbench-333,3,neither,
olympiadbench-333,4,python,
olympiadbench-333,5,python,
olympiadbench-333,6,python,
olympiadbench-334,0,python,
olympiadbench-334,1,python,
olympiadbench-334,2,python,
olympiadbench-334,3,python,
olympiadbench-335,0,inconclusive,
olympiadbench-335,1,inconclusive,
olympiadbench-335,2,neither,
olympiadbench-335,3,neither,
olympiadbench-335,4,neither,
olympiadbench-335,5,inconclusive,
olympiadbench-336,0,neither,
olympiadbench-336,1,python,
olympiadbench-336,2,python,
olympiadbench-337,0,python,
olympiadbench-337,1,python,
olympiadbench-337,10,python,
olympiadbench-337,11,python,
olympiadbench-337,12,python,
olympiadbench-337,13,python,
olympiadbench-337,14,python,
olympiadbench-337,2,python,
olympiadbench-337,3,inconclusive,
olympiadbench-337,4,inconclusive,
olympiadbench-337,5,python,
olympiadbench-337,6,inconclusive,
olympiadbench-337,7,python,
olympiadbench-337,8,tie,
olympiadbench-337,9,python,
olympiadbench-338,0,python,
olympiadbench-338,1,python,
olympiadbench-338,10,python,
olympiadbench-338,11,python,
olympiadbench-338,12,inconclusive,
olympiadbench-338,13,python,
olympiadbench-338,14,python,
olympiadbench-338,15,neither,
olympiadbench-338,16,python,
olympiadbench-338,17,python,
olympiadbench-338,18,python,
olympiadbench-338,19,python,
olympiadbench-338,2,inconclusive,
olympiadbench-338,20,python,
olympiadbench-338,21,python,
olympiadbench-338,22,neither,
olympiadbench-338,23,inconclusive,
olympiadbench-338,24,neither,
olympiadbench-338,25,python,
olympiadbench-338,26,python,
olympiadbench-338,3,neither,
olympiadbench-338,4,inconclusive,
olympiadbench-338,5,inconclusive,
olympiadbench-338,6,inconclusive,
olympiadbench-338,7,inconclusive,
olympiadbench-338,8,inconclusive,
olympiadbench-338,9,inconclusive,
olympiadbench-339,0,neither,
olympiadbench-339,1,neither,
olympiadbench-339,2,neither,
olympiadbench-339,3,python,
olympiadbench-339,4,python,
olympiadbench-339,5,python,
olympiadbench-339,6,python,
olympiadbench-339,7,neither,
olympiadbench-339,8,python,
olympiadbench-33,0,inconclusive,
olympiadbench-33,1,inconclusive,
olympiadbench-33,10,python,
olympiadbench-33,11,python,
olympiadbench-33,2,python,
olympiadbench-33,3,python,
olympiadbench-33,4,python,
olympiadbench-33,5,python,
olympiadbench-33,6,inconclusive,
olympiadbench-33,7,python,
olympiadbench-33,8,inconclusive,
olympiadbench-33,9,python,
olympiadbench-340,0,python,
olympiadbench-340,1,inconclusive,
olympiadbench-340,2,neither,
olympiadbench-340,3,neither,
olympiadbench-340,4,neither,
olympiadbench-340,5,python,
olympiadbench-340,6,neither,
olympiadbench-340,7,neither,
olympiadbench-340,8,neither,
olympiadbench-341,0,inconclusive,
olympiadbench-341,1,python,
olympiadbench-341,2,python,
olympiadbench-341,3,inconclusive,
olympiadbench-341,4,inconclusive,
olympiadbench-342,0,inconclusive,
olympiadbench-342,1,inconclusive,
olympiadbench-342,2,inconclusive,
olympiadbench-342,3,neither,
olympiadbench-342,4,inconclusive,
olympiadbench-342,5,inconclusive,
olympiadbench-343,0,inconclusive,
olympiadbench-343,1,lean,
olympiadbench-343,2,neither,
olympiadbench-343,3,neither,
olympiadbench-343,4,inconclusive,
olympiadbench-343,5,python,
olympiadbench-343,6,python,
olympiadbench-343,7,neither,
olympiadbench-343,8,inconclusive,
olympiadbench-344,0,inconclusive,
olympiadbench-344,1,inconclusive,
olympiadbench-344,2,python,
olympiadbench-344,3,python,
olympiadbench-344,4,python,
olympiadbench-345,0,inconclusive,
olympiadbench-345,1,lean,
olympiadbench-345,2,lean,
olympiadbench-345,3,neither,
olympiadbench-345,4,python,
olympiadbench-345,5,python,
olympiadbench-345,6,inconclusive,
olympiadbench-345,7,inconclusive,
olympiadbench-345,8,python,
olympiadbench-346,0,python,
olympiadbench-346,1,python,
olympiadbench-346,2,neither,
olympiadbench-346,3,neither,
olympiadbench-346,4,python,
olympiadbench-346,5,python,
olympiadbench-346,6,python,
olympiadbench-347,0,inconclusive,
olympiadbench-347,1,python,
olympiadbench-347,2,inconclusive,
olympiadbench-347,3,python,
olympiadbench-347,4,neither,
olympiadbench-347,5,python,
olympiadbench-347,6,python,
olympiadbench-347,7,python,
olympiadbench-347,8,python,
olympiadbench-347,9,python,
olympiadbench-348,0,inconclusive,
olympiadbench-348,1,neither,
olympiadbench-348,2,python,
olympiadbench-348,3,python,
olympiadbench-348,4,python,
olympiadbench-348,5,neither,
olympiadbench-349,0,inconclusive,
olympiadbench-349,1,python,
olympiadbench-349,2,python,
olympiadbench-349,3,python,
olympiadbench-349,4,neither,
olympiadbench-349,5,python,
olympiadbench-349,6,inconclusive,
olympiadbench-34,0,inconclusive,
olympiadbench-34,1,inconclusive,
olympiadbench-34,2,neither,
olympiadbench-34,3,neither,
olympiadbench-34,4,neither,
olympiadbench-34,5,neither,
olympiadbench-34,6,python,
olympiadbench-34,7,python,
olympiadbench-34,8,inconclusive,
olympiadbench-34,9,neither,
olympiadbench-350,0,lean,
olympiadbench-350,1,neither,
olympiadbench-350,2,python,
olympiadbench-350,3,python,
olympiadbench-350,4,inconclusive,
olympiadbench-351,0,python,
olympiadbench-351,1,inconclusive,
olympiadbench-351,2,python,
olympiadbench-351,3,python,
olympiadbench-351,4,neither,
olympiadbench-351,5,python,
olympiadbench-352,0,inconclusive,
olympiadbench-352,1,neither,
olympiadbench-352,2,python,
olympiadbench-352,3,python,
olympiadbench-352,4,neither,
olympiadbench-352,5,neither,
olympiadbench-353,0,python,
olympiadbench-353,1,python,
olympiadbench-353,2,inconclusive,
olympiadbench-353,3,inconclusive,
olympiadbench-354,0,inconclusive,
olympiadbench-354,1,inconclusive,
olympiadbench-354,10,neither,
olympiadbench-354,11,neither,
olympiadbench-354,12,neither,
olympiadbench-354,13,inconclusive,
olympiadbench-354,2,python,
olympiadbench-354,3,python,
olympiadbench-354,4,python,
olympiadbench-354,5,python,
olympiadbench-354,6,neither,
olympiadbench-354,7,neither,
olympiadbench-354,8,inconclusive,
olympiadbench-354,9,inconclusive,
olympiadbench-355,0,python,
olympiadbench-355,1,inconclusive,
olympiadbench-355,2,python,
olympiadbench-355,3,python,
olympiadbench-355,4,inconclusive,
olympiadbench-355,5,python,
olympiadbench-356,0,python,
olympiadbench-356,1,python,
olympiadbench-356,10,python,
olympiadbench-356,2,inconclusive,
olympiadbench-356,3,lean,
olympiadbench-356,4,python,
olympiadbench-356,5,neither,
olympiadbench-356,6,python,
olympiadbench-356,7,python,
olympiadbench-356,8,python,
olympiadbench-356,9,python,
olympiadbench-357,0,python,
olympiadbench-357,1,python,
olympiadbench-357,2,python,
olympiadbench-357,3,neither,
olympiadbench-357,4,lean,
olympiadbench-357,5,python,
olympiadbench-357,6,python,
olympiadbench-357,7,python,
olympiadbench-357,8,inconclusive,
olympiadbench-358,0,inconclusive,
olympiadbench-358,1,python,
olympiadbench-358,2,python,
olympiadbench-358,3,python,
olympiadbench-358,4,python,
olympiadbench-358,5,python,
olympiadbench-358,6,python,
olympiadbench-358,7,python,
olympiadbench-358,8,python,
olympiadbench-359,0,inconclusive,
olympiadbench-359,1,neither,
olympiadbench-359,2,python,
olympiadbench-359,3,inconclusive,
olympiadbench-359,4,python,
olympiadbench-359,5,python,
olympiadbench-35,0,python,
olympiadbench-35,1,inconclusive,
olympiadbench-35,10,python,
olympiadbench-35,11,inconclusive,
olympiadbench-35,12,python,
olympiadbench-35,13,python,
olympiadbench-35,14,python,
olympiadbench-35,2,inconclusive,
olympiadbench-35,3,python,
olympiadbench-35,4,python,
olympiadbench-35,5,python,
olympiadbench-35,6,python,
olympiadbench-35,7,python,
olympiadbench-35,8,python,
olympiadbench-35,9,neither,
olympiadbench-360,0,python,
olympiadbench-360,1,inconclusive,
olympiadbench-361,0,inconclusive,
olympiadbench-361,1,lean,
olympiadbench-361,2,python,
olympiadbench-361,3,python,
olympiadbench-361,4,python,
olympiadbench-362,0,python,
olympiadbench-362,1,inconclusive,
olympiadbench-362,2,python,
olympiadbench-362,3,python,
olympiadbench-362,4,python,
olympiadbench-362,5,inconclusive,
olympiadbench-362,6,python,
olympiadbench-362,7,neither,
olympiadbench-363,0,inconclusive,
olympiadbench-363,1,lean,
olympiadbench-363,10,python,
olympiadbench-363,11,neither,
olympiadbench-363,2,python,
olympiadbench-363,3,python,
olympiadbench-363,4,neither,
olympiadbench-363,5,neither,
olympiadbench-363,6,inconclusive,
olympiadbench-363,7,inconclusive,
olympiadbench-363,8,python,
olympiadbench-363,9,python,
olympiadbench-364,0,lean,
olympiadbench-364,1,neither,
olympiadbench-364,2,python,
olympiadbench-364,3,python,
olympiadbench-364,4,python,
olympiadbench-364,5,python,
olympiadbench-365,0,inconclusive,
olympiadbench-365,1,python,
olympiadbench-365,10,python,
olympiadbench-365,11,python,
olympiadbench-365,12,python,
olympiadbench-365,13,inconclusive,
olympiadbench-365,2,lean,
olympiadbench-365,3,python,
olympiadbench-365,4,inconclusive,
olympiadbench-365,5,python,
olympiadbench-365,6,inconclusive,
olympiadbench-365,7,inconclusive,
olympiadbench-365,8,python,
olympiadbench-365,9,python,
olympiadbench-366,0,inconclusive,
olympiadbench-366,1,inconclusive,
olympiadbench-366,10,inconclusive,
olympiadbench-366,11,inconclusive,
olympiadbench-366,12,inconclusive,
olympiadbench-366,2,inconclusive,
olympiadbench-366,3,inconclusive,
olympiadbench-366,4,inconclusive,
olympiadbench-366,5,lean,
olympiadbench-366,6,neither,
olympiadbench-366,7,python,
olympiadbench-366,8,inconclusive,
olympiadbench-366,9,inconclusive,
olympiadbench-367,0,inconclusive,
olympiadbench-367,1,python,
olympiadbench-367,2,inconclusive,
olympiadbench-367,3,python,
olympiadbench-367,4,python,
olympiadbench-367,5,python,
olympiadbench-367,6,lean,
olympiadbench-367,7,python,
olympiadbench-367,8,python,
olympiadbench-367,9,inconclusive,
olympiadbench-368,0,inconclusive,
olympiadbench-368,1,python,
olympiadbench-368,2,neither,
olympiadbench-368,3,python,
olympiadbench-368,4,python,
olympiadbench-369,0,python,
olympiadbench-369,1,inconclusive,
olympiadbench-369,2,neither,
olympiadbench-369,3,inconclusive,
olympiadbench-369,4,neither,
olympiadbench-369,5,neither,
olympiadbench-36,0,inconclusive,
olympiadbench-36,1,neither,
olympiadbench-36,2,inconclusive,
olympiadbench-36,3,inconclusive,
olympiadbench-36,4,python,
olympiadbench-36,5,inconclusive,
olympiadbench-36,6,neither,
olympiadbench-370,0,inconclusive,
olympiadbench-370,1,python,
olympiadbench-370,2,python,
olympiadbench-370,3,neither,
olympiadbench-370,4,inconclusive,
olympiadbench-370,5,neither,
olympiadbench-370,6,neither,
olympiadbench-370,7,neither,
olympiadbench-370,8,python,
olympiadbench-370,9,python,
olympiadbench-371,0,python,
olympiadbench-371,1,lean,
olympiadbench-371,10,python,
olympiadbench-371,11,python,
olympiadbench-371,12,python,
olympiadbench-371,13,python,
olympiadbench-371,14,neither,
olympiadbench-371,2,inconclusive,
olympiadbench-371,3,lean,
olympiadbench-371,4,inconclusive,
olympiadbench-371,5,inconclusive,
olympiadbench-371,6,python,
olympiadbench-371,7,python,
olympiadbench-371,8,inconclusive,
olympiadbench-371,9,python,
olympiadbench-372,0,inconclusive,
olympiadbench-372,1,python,
olympiadbench-372,2,neither,
olympiadbench-372,3,neither,
olympiadbench-372,4,inconclusive,
olympiadbench-372,5,neither,
olympiadbench-372,6,neither,
olympiadbench-372,7,neither,
olympiadbench-372,8,neither,
olympiadbench-373,0,inconclusive,
olympiadbench-373,1,inconclusive,
olympiadbench-373,2,python,
olympiadbench-373,3,python,
olympiadbench-373,4,neither,
olympiadbench-374,0,inconclusive,
olympiadbench-374,1,neither,
olympiadbench-374,10,inconclusive,
olympiadbench-374,11,inconclusive,
olympiadbench-374,12,python,
olympiadbench-374,13,neither,
olympiadbench-374,14,python,
olympiadbench-374,2,inconclusive,
olympiadbench-374,3,python,
olympiadbench-374,4,inconclusive,
olympiadbench-374,5,inconclusive,
olympiadbench-374,6,inconclusive,
olympiadbench-374,7,inconclusive,
olympiadbench-374,8,python,
olympiadbench-374,9,python,
olympiadbench-375,0,inconclusive,
olympiadbench-375,1,neither,
olympiadbench-375,2,python,
olympiadbench-375,3,python,
olympiadbench-375,4,python,
olympiadbench-375,5,python,
olympiadbench-376,0,python,
olympiadbench-376,1,inconclusive,
olympiadbench-376,2,python,
olympiadbench-376,3,python,
olympiadbench-376,4,python,
olympiadbench-376,5,inconclusive,
olympiadbench-376,6,neither,
olympiadbench-377,0,python,
olympiadbench-377,1,inconclusive,
olympiadbench-377,10,python,
olympiadbench-377,2,python,
olympiadbench-377,3,python,
olympiadbench-377,4,inconclusive,
olympiadbench-377,5,python,
olympiadbench-377,6,python,
olympiadbench-377,7,python,
olympiadbench-377,8,neither,
olympiadbench-377,9,python,
olympiadbench-378,0,python,
olympiadbench-378,1,lean,
olympiadbench-378,2,python,
olympiadbench-378,3,python,
olympiadbench-378,4,python,
olympiadbench-378,5,lean,
olympiadbench-378,6,python,
olympiadbench-378,7,python,
olympiadbench-378,8,python,
olympiadbench-379,0,inconclusive,
olympiadbench-379,1,inconclusive,
olympiadbench-379,2,python,
olympiadbench-379,3,python,
olympiadbench-379,4,python,
olympiadbench-379,5,python,
olympiadbench-37,0,inconclusive,
olympiadbench-37,1,python,
olympiadbench-37,2,inconclusive,
olympiadbench-37,3,inconclusive,
olympiadbench-37,4,lean,
olympiadbench-37,5,inconclusive,
olympiadbench-37,6,inconclusive,
olympiadbench-37,7,python,
olympiadbench-37,8,inconclusive,
olympiadbench-37,9,inconclusive,
olympiadbench-380,0,neither,
olympiadbench-380,1,neither,
olympiadbench-380,2,python,
olympiadbench-380,3,neither,
olympiadbench-380,4,python,
olympiadbench-380,5,python,
olympiadbench-381,0,inconclusive,
olympiadbench-381,1,lean,
olympiadbench-381,2,neither,
olympiadbench-381,3,neither,
olympiadbench-381,4,python,
olympiadbench-381,5,python,
olympiadbench-381,6,python,
olympiadbench-382,0,inconclusive,
olympiadbench-382,1,inconclusive,
olympiadbench-382,2,neither,
olympiadbench-382,3,,request_failed
olympiadbench-383,0,python,
olympiadbench-383,1,tie,
olympiadbench-383,2,python,
olympiadbench-383,3,python,
olympiadbench-383,4,python,
olympiadbench-383,5,python,
olympiadbench-384,0,lean,
olympiadbench-384,1,python,
olympiadbench-384,2,python,
olympiadbench-384,3,neither,
olympiadbench-384,4,python,
olympiadbench-384,5,neither,
olympiadbench-384,6,python,
olympiadbench-384,7,python,
olympiadbench-385,0,inconclusive,
olympiadbench-385,1,python,
olympiadbench-385,10,neither,
olympiadbench-385,11,inconclusive,
olympiadbench-385,12,inconclusive,
olympiadbench-385,13,neither,
olympiadbench-385,14,python,
olympiadbench-385,15,neither,
olympiadbench-385,2,python,
olympiadbench-385,3,inconclusive,
olympiadbench-385,4,python,
olympiadbench-385,5,python,
olympiadbench-385,6,inconclusive,
olympiadbench-385,7,inconclusive,
olympiadbench-385,8,python,
olympiadbench-385,9,inconclusive,
olympiadbench-386,0,python,
olympiadbench-386,1,inconclusive,
olympiadbench-386,2,inconclusive,
olympiadbench-387,0,python,
olympiadbench-387,1,python,
olympiadbench-387,2,python,
olympiadbench-387,3,python,
olympiadbench-387,4,python,
olympiadbench-387,5,python,
olympiadbench-387,6,inconclusive,
olympiadbench-388,0,inconclusive,
olympiadbench-388,1,inconclusive,
olympiadbench-388,10,neither,
olympiadbench-388,2,lean,
olympiadbench-388,3,python,
olympiadbench-388,4,python,
olympiadbench-388,5,python,
olympiadbench-388,6,inconclusive,
olympiadbench-388,7,python,
olympiadbench-388,8,python,
olympiadbench-388,9,python,
olympiadbench-389,0,inconclusive,
olympiadbench-389,1,inconclusive,
olympiadbench-389,2,python,
olympiadbench-389,3,python,
olympiadbench-389,4,python,
olympiadbench-389,5,inconclusive,
olympiadbench-389,6,python,
olympiadbench-389,7,inconclusive,
olympiadbench-389,8,inconclusive,
olympiadbench-389,9,inconclusive,
olympiadbench-38,0,inconclusive,
olympiadbench-38,1,inconclusive,
olympiadbench-38,2,python,
olympiadbench-38,3,python,
olympiadbench-38,4,python,
olympiadbench-390,0,inconclusive,
olympiadbench-390,1,inconclusive,
olympiadbench-390,10,python,
olympiadbench-390,11,lean,
olympiadbench-390,12,neither,
olympiadbench-390,13,inconclusive,
olympiadbench-390,2,inconclusive,
olympiadbench-390,3,python,
olympiadbench-390,4,python,
olympiadbench-390,5,neither,
olympiadbench-390,6,inconclusive,
olympiadbench-390,7,neither,
olympiadbench-390,8,neither,
olympiadbench-390,9,python,
olympiadbench-391,0,python,
olympiadbench-391,1,python,
olympiadbench-391,10,neither,
olympiadbench-391,2,inconclusive,
olympiadbench-391,3,inconclusive,
olympiadbench-391,4,neither,
olympiadbench-391,5,python,
olympiadbench-391,6,neither,
olympiadbench-391,7,python,
olympiadbench-391,8,python,
olympiadbench-391,9,inconclusive,
olympiadbench-392,0,python,
olympiadbench-392,1,python,
olympiadbench-392,2,python,
olympiadbench-392,3,python,
olympiadbench-392,4,python,
olympiadbench-393,0,python,
olympiadbench-393,1,python,
olympiadbench-393,2,neither,
olympiadbench-393,3,neither,
olympiadbench-393,4,neither,
olympiadbench-393,5,python,
olympiadbench-393,6,python,
olympiadbench-393,7,neither,
olympiadbench-393,8,lean,
olympiadbench-393,9,python,
olympiadbench-394,0,neither,
olympiadbench-394,1,python,
olympiadbench-394,2,python,
olympiadbench-394,3,python,
olympiadbench-395,0,lean,
olympiadbench-395,1,lean,
olympiadbench-395,10,inconclusive,
olympiadbench-395,11,python,
olympiadbench-395,12,python,
olympiadbench-395,13,inconclusive,
olympiadbench-395,14,inconclusive,
olympiadbench-395,15,python,
olympiadbench-395,16,neither,
olympiadbench-395,17,python,
olympiadbench-395,18,python,
olympiadbench-395,2,lean,
olympiadbench-395,3,python,
olympiadbench-395,4,lean,
olympiadbench-395,5,inconclusive,
olympiadbench-395,6,inconclusive,
olympiadbench-395,7,python,
olympiadbench-395,8,python,
olympiadbench-395,9,python,
olympiadbench-396,0,neither,
olympiadbench-396,1,neither,
olympiadbench-396,2,python,
olympiadbench-396,3,python,
olympiadbench-396,4,neither,
olympiadbench-396,5,python,
olympiadbench-397,0,python,
olympiadbench-397,1,neither,
olympiadbench-397,2,python,
olympiadbench-397,3,lean,
olympiadbench-397,4,python,
olympiadbench-397,5,neither,
olympiadbench-397,6,neither,
olympiadbench-397,7,inconclusive,
olympiadbench-398,0,inconclusive,
olympiadbench-398,1,python,
olympiadbench-398,2,python,
olympiadbench-398,3,python,
olympiadbench-398,4,python,
olympiadbench-399,0,inconclusive,
olympiadbench-399,1,python,
olympiadbench-399,2,python,
olympiadbench-399,3,python,
olympiadbench-399,4,python,
olympiadbench-399,5,lean,
olympiadbench-399,6,python,
olympiadbench-399,7,python,
olympiadbench-399,8,neither,
olympiadbench-399,9,python,
olympiadbench-39,0,inconclusive,
olympiadbench-39,1,inconclusive,
olympiadbench-39,2,inconclusive,
olympiadbench-39,3,lean,
olympiadbench-39,4,python,
olympiadbench-3,0,inconclusive,
olympiadbench-3,1,python,
olympiadbench-3,2,lean,
olympiadbench-3,3,neither,
olympiadbench-3,4,neither,
olympiadbench-3,5,neither,
olympiadbench-400,0,inconclusive,
olympiadbench-400,1,neither,
olympiadbench-400,10,inconclusive,
olympiadbench-400,11,python,
olympiadbench-400,12,neither,
olympiadbench-400,13,neither,
olympiadbench-400,14,python,
olympiadbench-400,2,python,
olympiadbench-400,3,python,
olympiadbench-400,4,neither,
olympiadbench-400,5,neither,
olympiadbench-400,6,inconclusive,
olympiadbench-400,7,neither,
olympiadbench-400,8,inconclusive,
olympiadbench-400,9,inconclusive,
olympiadbench-401,0,inconclusive,
olympiadbench-401,1,python,
olympiadbench-401,2,inconclusive,
olympiadbench-401,3,inconclusive,
olympiadbench-401,4,neither,
olympiadbench-401,5,lean,
olympiadbench-401,6,lean,
olympiadbench-401,7,python,
olympiadbench-401,8,python,
olympiadbench-402,0,inconclusive,
olympiadbench-402,1,neither,
olympiadbench-402,2,inconclusive,
olympiadbench-402,3,neither,
olympiadbench-402,4,neither,
olympiadbench-402,5,neither,
olympiadbench-403,0,neither,
olympiadbench-403,1,inconclusive,
olympiadbench-403,2,inconclusive,
olympiadbench-403,3,python,
olympiadbench-404,0,inconclusive,
olympiadbench-404,1,python,
olympiadbench-404,2,python,
olympiadbench-404,3,neither,
olympiadbench-404,4,python,
olympiadbench-405,0,python,
olympiadbench-405,1,neither,
olympiadbench-405,2,inconclusive,
olympiadbench-405,3,python,
olympiadbench-405,4,python,
olympiadbench-405,5,python,
olympiadbench-405,6,python,
olympiadbench-405,7,python,
olympiadbench-405,8,inconclusive,
olympiadbench-406,0,neither,
olympiadbench-406,1,lean,
olympiadbench-406,2,inconclusive,
olympiadbench-406,3,neither,
olympiadbench-406,4,python,
olympiadbench-407,0,inconclusive,
olympiadbench-407,1,python,
olympiadbench-407,2,neither,
olympiadbench-407,3,neither,
olympiadbench-407,4,inconclusive,
olympiadbench-407,5,python,
olympiadbench-408,0,inconclusive,
olympiadbench-408,1,python,
olympiadbench-408,2,python,
olympiadbench-408,3,python,
olympiadbench-408,4,inconclusive,
olympiadbench-408,5,python,
olympiadbench-408,6,neither,
olympiadbench-408,7,lean,
olympiadbench-408,8,inconclusive,
olympiadbench-409,0,python,
olympiadbench-409,1,python,
olympiadbench-409,2,python,
olympiadbench-409,3,python,
olympiadbench-409,4,neither,
olympiadbench-409,5,python,
olympiadbench-409,6,python,
olympiadbench-409,7,python,
olympiadbench-40,0,inconclusive,
olympiadbench-40,1,python,
olympiadbench-40,10,neither,
olympiadbench-40,2,neither,
olympiadbench-40,3,python,
olympiadbench-40,4,python,
olympiadbench-40,5,python,
olympiadbench-40,6,python,
olympiadbench-40,7,neither,
olympiadbench-40,8,python,
olympiadbench-40,9,python,
olympiadbench-410,0,inconclusive,
olympiadbench-410,1,lean,
olympiadbench-410,2,python,
olympiadbench-410,3,python,
olympiadbench-410,4,inconclusive,
olympiadbench-410,5,python,
olympiadbench-410,6,python,
olympiadbench-410,7,inconclusive,
olympiadbench-410,8,inconclusive,
olympiadbench-410,9,python,
olympiadbench-411,0,inconclusive,
olympiadbench-411,1,inconclusive,
olympiadbench-411,2,neither,
olympiadbench-411,3,python,
olympiadbench-411,4,python,
olympiadbench-411,5,neither,
olympiadbench-411,6,neither,
olympiadbench-412,0,python,
olympiadbench-412,1,neither,
olympiadbench-412,2,python,
olympiadbench-412,3,neither,
olympiadbench-412,4,lean,
olympiadbench-412,5,python,
olympiadbench-412,6,inconclusive,
olympiadbench-413,0,python,
olympiadbench-413,1,neither,
olympiadbench-413,2,python,
olympiadbench-413,3,python,
olympiadbench-413,4,lean,
olympiadbench-413,5,lean,
olympiadbench-413,6,inconclusive,
olympiadbench-414,0,python,
olympiadbench-414,1,python,
olympiadbench-414,2,neither,
olympiadbench-414,3,neither,
olympiadbench-414,4,python,
olympiadbench-414,5,python,
olympiadbench-415,0,inconclusive,
olympiadbench-415,1,neither,
olympiadbench-415,2,python,
olympiadbench-415,3,neither,
olympiadbench-416,0,inconclusive,
olympiadbench-416,1,python,
olympiadbench-416,2,inconclusive,
olympiadbench-416,3,python,
olympiadbench-416,4,neither,
olympiadbench-416,5,neither,
olympiadbench-416,6,inconclusive,
olympiadbench-417,0,python,
olympiadbench-417,1,lean,
olympiadbench-417,2,inconclusive,
olympiadbench-417,3,neither,
olympiadbench-417,4,neither,
olympiadbench-417,5,python,
olympiadbench-417,6,neither,
olympiadbench-418,0,inconclusive,
olympiadbench-418,1,neither,
olympiadbench-418,2,neither,
olympiadbench-418,3,neither,
olympiadbench-418,4,neither,
olympiadbench-418,5,neither,
olympiadbench-418,6,python,
olympiadbench-419,0,python,
olympiadbench-419,1,python,
olympiadbench-419,2,python,
olympiadbench-419,3,neither,
olympiadbench-419,4,python,
olympiadbench-419,5,python,
olympiadbench-419,6,neither,
olympiadbench-419,7,python,
olympiadbench-419,8,python,
olympiadbench-41,0,inconclusive,
olympiadbench-41,1,inconclusive,
olympiadbench-41,2,neither,
olympiadbench-41,3,inconclusive,
olympiadbench-41,4,neither,
olympiadbench-41,5,inconclusive,
olympiadbench-420,0,inconclusive,
olympiadbench-420,1,python,
olympiadbench-420,2,neither,
olympiadbench-420,3,python,
olympiadbench-420,4,python,
olympiadbench-420,5,neither,
olympiadbench-420,6,python,
olympiadbench-421,0,inconclusive,
olympiadbench-421,1,python,
olympiadbench-421,2,neither,
olympiadbench-421,3,neither,
olympiadbench-421,4,inconclusive,
olympiadbench-422,0,python,
olympiadbench-422,1,inconclusive,
olympiadbench-422,2,neither,
olympiadbench-422,3,inconclusive,
olympiadbench-422,4,python,
olympiadbench-422,5,neither,
olympiadbench-422,6,python,
olympiadbench-422,7,neither,
olympiadbench-422,8,neither,
olympiadbench-422,9,neither,
olympiadbench-423,0,inconclusive,
olympiadbench-423,1,inconclusive,
olympiadbench-423,2,inconclusive,
olympiadbench-423,3,python,
olympiadbench-424,0,python,
olympiadbench-424,1,inconclusive,
olympiadbench-424,10,neither,
olympiadbench-424,11,inconclusive,
olympiadbench-424,12,inconclusive,
olympiadbench-424,2,python,
olympiadbench-424,3,lean,
olympiadbench-424,4,python,
olympiadbench-424,5,lean,
olympiadbench-424,6,python,
olympiadbench-424,7,python,
olympiadbench-424,8,python,
olympiadbench-424,9,python,
olympiadbench-425,0,tie,
olympiadbench-425,1,lean,
olympiadbench-425,10,inconclusive,
olympiadbench-425,11,python,
olympiadbench-425,12,python,
olympiadbench-425,2,lean,
olympiadbench-425,3,inconclusive,
olympiadbench-425,4,neither,
olympiadbench-425,5,inconclusive,
olympiadbench-425,6,neither,
olympiadbench-425,7,inconclusive,
olympiadbench-425,8,python,
olympiadbench-425,9,python,
olympiadbench-426,0,inconclusive,
olympiadbench-426,1,python,
olympiadbench-426,10,python,
olympiadbench-426,2,python,
olympiadbench-426,3,lean,
olympiadbench-426,4,python,
olympiadbench-426,5,python,
olympiadbench-426,6,python,
olympiadbench-426,7,python,
olympiadbench-426,8,python,
olympiadbench-426,9,inconclusive,
olympiadbench-427,0,inconclusive,
olympiadbench-427,1,python,
olympiadbench-427,10,inconclusive,
olympiadbench-427,11,inconclusive,
olympiadbench-427,2,neither,
olympiadbench-427,3,python,
olympiadbench-427,4,python,
olympiadbench-427,5,python,
olympiadbench-427,6,python,
olympiadbench-427,7,python,
olympiadbench-427,8,inconclusive,
olympiadbench-427,9,inconclusive,
olympiadbench-428,0,inconclusive,
olympiadbench-428,1,neither,
olympiadbench-428,2,python,
olympiadbench-428,3,python,
olympiadbench-429,0,neither,
olympiadbench-429,1,neither,
olympiadbench-429,2,inconclusive,
olympiadbench-429,3,,request_failed
olympiadbench-429,4,inconclusive,
olympiadbench-429,5,inconclusive,
olympiadbench-429,6,neither,
olympiadbench-429,7,inconclusive,
olympiadbench-42,0,inconclusive,
olympiadbench-42,1,neither,
olympiadbench-42,10,inconclusive,
olympiadbench-42,11,inconclusive,
olympiadbench-42,12,inconclusive,
olympiadbench-42,13,python,
olympiadbench-42,14,inconclusive,
olympiadbench-42,15,neither,
olympiadbench-42,16,inconclusive,
olympiadbench-42,17,inconclusive,
olympiadbench-42,18,neither,
olympiadbench-42,19,python,
olympiadbench-42,2,inconclusive,
olympiadbench-42,20,neither,
olympiadbench-42,21,python,
olympiadbench-42,22,python,
olympiadbench-42,23,inconclusive,
olympiadbench-42,24,inconclusive,
olympiadbench-42,3,inconclusive,
olympiadbench-42,4,inconclusive,
olympiadbench-42,5,inconclusive,
olympiadbench-42,6,neither,
olympiadbench-42,7,python,
olympiadbench-42,8,inconclusive,
olympiadbench-42,9,inconclusive,
olympiadbench-430,0,inconclusive,
olympiadbench-430,1,python,
olympiadbench-430,2,python,
olympiadbench-430,3,python,
olympiadbench-430,4,python,
olympiadbench-430,5,inconclusive,
olympiadbench-431,0,inconclusive,
olympiadbench-431,1,inconclusive,
olympiadbench-431,10,inconclusive,
olympiadbench-431,11,inconclusive,
olympiadbench-431,12,python,
olympiadbench-431,13,python,
olympiadbench-431,2,python,
olympiadbench-431,3,python,
olympiadbench-431,4,python,
olympiadbench-431,5,python,
olympiadbench-431,6,python,
olympiadbench-431,7,inconclusive,
olympiadbench-431,8,python,
olympiadbench-431,9,python,
olympiadbench-432,0,python,
olympiadbench-432,1,python,
olympiadbench-432,2,python,
olympiadbench-432,3,python,
olympiadbench-432,4,python,
olympiadbench-432,5,python,
olympiadbench-433,0,inconclusive,
olympiadbench-433,1,neither,
olympiadbench-433,2,inconclusive,
olympiadbench-433,3,inconclusive,
olympiadbench-433,4,python,
olympiadbench-433,5,python,
olympiadbench-433,6,python,
olympiadbench-433,7,python,
olympiadbench-433,8,inconclusive,
olympiadbench-434,0,inconclusive,
olympiadbench-434,1,python,
olympiadbench-434,2,python,
olympiadbench-434,3,python,
olympiadbench-434,4,python,
olympiadbench-434,5,python,
olympiadbench-434,6,python,
olympiadbench-434,7,python,
olympiadbench-434,8,python,
olympiadbench-435,0,python,
olympiadbench-435,1,python,
olympiadbench-435,2,lean,
olympiadbench-435,3,inconclusive,
olympiadbench-435,4,inconclusive,
olympiadbench-435,5,python,
olympiadbench-435,6,inconclusive,
olympiadbench-436,0,lean,
olympiadbench-436,1,inconclusive,
olympiadbench-436,2,python,
olympiadbench-436,3,python,
olympiadbench-436,4,python,
olympiadbench-436,5,neither,
olympiadbench-437,0,neither,
olympiadbench-437,1,neither,
olympiadbench-437,2,neither,
olympiadbench-437,3,inconclusive,
olympiadbench-438,0,neither,
olympiadbench-438,1,neither,
olympiadbench-438,2,neither,
olympiadbench-438,3,neither,
olympiadbench-438,4,inconclusive,
olympiadbench-438,5,inconclusive,
olympiadbench-439,0,python,
olympiadbench-439,1,python,
olympiadbench-439,2,python,
olympiadbench-439,3,python,
olympiadbench-439,4,python,
olympiadbench-439,5,python,
olympiadbench-43,0,python,
olympiadbench-43,1,neither,
olympiadbench-43,2,inconclusive,
olympiadbench-43,3,neither,
olympiadbench-43,4,inconclusive,
olympiadbench-43,5,python,
olympiadbench-440,0,neither,
olympiadbench-440,1,neither,
olympiadbench-440,10,python,
olympiadbench-440,2,neither,
olympiadbench-440,3,python,
olympiadbench-440,4,inconclusive,
olympiadbench-440,5,neither,
olympiadbench-440,6,python,
olympiadbench-440,7,python,
olympiadbench-440,8,python,
olympiadbench-440,9,python,
olympiadbench-441,0,inconclusive,
olympiadbench-441,1,python,
olympiadbench-441,10,python,
olympiadbench-441,11,python,
olympiadbench-441,12,python,
olympiadbench-441,13,python,
olympiadbench-441,14,python,
olympiadbench-441,15,python,
olympiadbench-441,16,inconclusive,
olympiadbench-441,17,python,
olympiadbench-441,18,python,
olympiadbench-441,19,python,
olympiadbench-441,2,inconclusive,
olympiadbench-441,20,python,
olympiadbench-441,21,python,
olympiadbench-441,22,lean,
olympiadbench-441,23,python,
olympiadbench-441,24,python,
olympiadbench-441,25,python,
olympiadbench-441,26,python,
olympiadbench-441,27,python,
olympiadbench-441,28,python,
olympiadbench-441,29,inconclusive,
olympiadbench-441,3,python,
olympiadbench-441,30,inconclusive,
olympiadbench-441,31,neither,
olympiadbench-441,32,inconclusive,
olympiadbench-441,33,neither,
olympiadbench-441,34,neither,
olympiadbench-441,35,python,
olympiadbench-441,36,python,
olympiadbench-441,37,python,
olympiadbench-441,38,python,
olympiadbench-441,39,python,
olympiadbench-441,4,python,
olympiadbench-441,40,neither,
olympiadbench-441,41,python,
olympiadbench-441,42,python,
olympiadbench-441,43,python,
olympiadbench-441,44,python,
olympiadbench-441,45,inconclusive,
olympiadbench-441,46,python,
olympiadbench-441,5,inconclusive,
olympiadbench-441,6,python,
olympiadbench-441,7,inconclusive,
olympiadbench-441,8,python,
olympiadbench-441,9,python,
olympiadbench-442,0,python,
olympiadbench-442,1,lean,
olympiadbench-442,2,python,
olympiadbench-442,3,lean,
olympiadbench-442,4,inconclusive,
olympiadbench-442,5,inconclusive,
olympiadbench-442,6,inconclusive,
olympiadbench-442,7,inconclusive,
olympiadbench-443,0,python,
olympiadbench-443,1,inconclusive,
olympiadbench-443,10,inconclusive,
olympiadbench-443,2,inconclusive,
olympiadbench-443,3,inconclusive,
olympiadbench-443,4,neither,
olympiadbench-443,5,neither,
olympiadbench-443,6,python,
olympiadbench-443,7,neither,
olympiadbench-443,8,neither,
olympiadbench-443,9,inconclusive,
olympiadbench-444,0,inconclusive,
olympiadbench-444,1,lean,
olympiadbench-444,2,lean,
olympiadbench-444,3,lean,
olympiadbench-444,4,lean,
olympiadbench-444,5,lean,
olympiadbench-444,6,inconclusive,
olympiadbench-444,7,neither,
olympiadbench-444,8,inconclusive,
olympiadbench-445,0,inconclusive,
olympiadbench-445,1,neither,
olympiadbench-445,10,inconclusive,
olympiadbench-445,11,neither,
olympiadbench-445,2,neither,
olympiadbench-445,3,neither,
olympiadbench-445,4,neither,
olympiadbench-445,5,neither,
olympiadbench-445,6,inconclusive,
olympiadbench-445,7,inconclusive,
olympiadbench-445,8,python,
olympiadbench-445,9,neither,
olympiadbench-446,0,python,
olympiadbench-446,1,neither,
olympiadbench-446,2,python,
olympiadbench-446,3,python,
olympiadbench-446,4,python,
olympiadbench-446,5,neither,
olympiadbench-447,0,python,
olympiadbench-447,1,lean,
olympiadbench-447,2,inconclusive,
olympiadbench-447,3,python,
olympiadbench-447,4,inconclusive,
olympiadbench-447,5,neither,
olympiadbench-447,6,neither,
olympiadbench-447,7,python,
olympiadbench-447,8,inconclusive,
olympiadbench-448,0,inconclusive,
olympiadbench-448,1,neither,
olympiadbench-448,2,inconclusive,
olympiadbench-448,3,neither,
olympiadbench-448,4,inconclusive,
olympiadbench-448,5,lean,
olympiadbench-448,6,python,
olympiadbench-448,7,python,
olympiadbench-448,8,python,
olympiadbench-449,0,inconclusive,
olympiadbench-449,1,python,
olympiadbench-449,2,neither,
olympiadbench-449,3,neither,
olympiadbench-449,4,inconclusive,
olympiadbench-449,5,inconclusive,
olympiadbench-449,6,neither,
olympiadbench-44,0,lean,
olympiadbench-44,1,python,
olympiadbench-44,2,python,
olympiadbench-44,3,python,
olympiadbench-44,4,python,
olympiadbench-44,5,python,
olympiadbench-44,6,python,
olympiadbench-44,7,python,
olympiadbench-44,8,python,
olympiadbench-450,0,python,
olympiadbench-450,1,python,
olympiadbench-450,2,neither,
olympiadbench-450,3,python,
olympiadbench-450,4,python,
olympiadbench-451,0,inconclusive,
olympiadbench-451,1,lean,
olympiadbench-451,2,neither,
olympiadbench-451,3,python,
olympiadbench-451,4,python,
olympiadbench-452,0,lean,
olympiadbench-452,1,python,
olympiadbench-452,2,python,
olympiadbench-452,3,inconclusive,
olympiadbench-452,4,python,
olympiadbench-452,5,neither,
olympiadbench-452,6,inconclusive,
olympiadbench-452,7,inconclusive,
olympiadbench-453,0,python,
olympiadbench-453,1,python,
olympiadbench-453,2,python,
olympiadbench-453,3,neither,
olympiadbench-453,4,inconclusive,
olympiadbench-454,0,inconclusive,
olympiadbench-454,1,inconclusive,
olympiadbench-454,2,python,
olympiadbench-454,3,python,
olympiadbench-454,4,neither,
olympiadbench-454,5,python,
olympiadbench-454,6,python,
olympiadbench-455,0,python,
olympiadbench-455,1,python,
olympiadbench-455,2,python,
olympiadbench-455,3,python,
olympiadbench-455,4,inconclusive,
olympiadbench-455,5,neither,
olympiadbench-455,6,neither,
olympiadbench-456,0,neither,
olympiadbench-456,1,python,
olympiadbench-456,10,python,
olympiadbench-456,11,python,
olympiadbench-456,12,inconclusive,
olympiadbench-456,13,inconclusive,
olympiadbench-456,14,lean,
olympiadbench-456,15,inconclusive,
olympiadbench-456,16,python,
olympiadbench-456,17,python,
olympiadbench-456,18,python,
olympiadbench-456,19,python,
olympiadbench-456,2,python,
olympiadbench-456,20,python,
olympiadbench-456,21,neither,
olympiadbench-456,22,python,
olympiadbench-456,3,neither,
olympiadbench-456,4,python,
olympiadbench-456,5,lean,
olympiadbench-456,6,python,
olympiadbench-456,7,python,
olympiadbench-456,8,python,
olympiadbench-456,9,inconclusive,
olympiadbench-457,0,inconclusive,
olympiadbench-457,1,lean,
olympiadbench-457,2,lean,
olympiadbench-457,3,python,
olympiadbench-457,4,python,
olympiadbench-457,5,neither,
olympiadbench-457,6,python,
olympiadbench-457,7,inconclusive,
olympiadbench-458,0,inconclusive,
olympiadbench-458,1,inconclusive,
olympiadbench-458,10,neither,
olympiadbench-458,11,inconclusive,
olympiadbench-458,12,inconclusive,
olympiadbench-458,2,inconclusive,
olympiadbench-458,3,python,
olympiadbench-458,4,neither,
olympiadbench-458,5,inconclusive,
olympiadbench-458,6,inconclusive,
olympiadbench-458,7,python,
olympiadbench-458,8,python,
olympiadbench-458,9,inconclusive,
olympiadbench-459,0,neither,
olympiadbench-459,1,inconclusive,
olympiadbench-459,10,python,
olympiadbench-459,2,inconclusive,
olympiadbench-459,3,python,
olympiadbench-459,4,neither,
olympiadbench-459,5,inconclusive,
olympiadbench-459,6,inconclusive,
olympiadbench-459,7,neither,
olympiadbench-459,8,neither,
olympiadbench-459,9,python,
olympiadbench-45,0,inconclusive,
olympiadbench-45,1,inconclusive,
olympiadbench-45,10,inconclusive,
olympiadbench-45,11,inconclusive,
olympiadbench-45,2,lean,
olympiadbench-45,3,python,
olympiadbench-45,4,inconclusive,
olympiadbench-45,5,inconclusive,
olympiadbench-45,6,neither,
olympiadbench-45,7,python,
olympiadbench-45,8,python,
olympiadbench-45,9,python,
olympiadbench-460,0,inconclusive,
olympiadbench-460,1,inconclusive,
olympiadbench-460,10,,request_failed
olympiadbench-460,2,inconclusive,
olympiadbench-460,3,neither,
olympiadbench-460,4,inconclusive,
olympiadbench-460,5,inconclusive,
olympiadbench-460,6,inconclusive,
olympiadbench-460,7,lean,
olympiadbench-460,8,lean,
olympiadbench-460,9,lean,
olympiadbench-461,0,inconclusive,
olympiadbench-461,1,inconclusive,
olympiadbench-461,2,inconclusive,
olympiadbench-461,3,neither,
olympiadbench-461,4,python,
olympiadbench-461,5,python,
olympiadbench-461,6,python,
olympiadbench-461,7,inconclusive,
olympiadbench-462,0,inconclusive,
olympiadbench-462,1,inconclusive,
olympiadbench-462,2,python,
olympiadbench-462,3,python,
olympiadbench-463,0,inconclusive,
olympiadbench-463,1,inconclusive,
olympiadbench-463,10,inconclusive,
olympiadbench-463,11,python,
olympiadbench-463,12,neither,
olympiadbench-463,2,inconclusive,
olympiadbench-463,3,inconclusive,
olympiadbench-463,4,lean,
olympiadbench-463,5,inconclusive,
olympiadbench-463,6,neither,
olympiadbench-463,7,python,
olympiadbench-463,8,inconclusive,
olympiadbench-463,9,neither,
olympiadbench-464,0,python,
olympiadbench-464,1,inconclusive,
olympiadbench-464,10,python,
olympiadbench-464,11,inconclusive,
olympiadbench-464,12,python,
olympiadbench-464,13,python,
olympiadbench-464,14,neither,
olympiadbench-464,15,inconclusive,
olympiadbench-464,16,python,
olympiadbench-464,17,inconclusive,
olympiadbench-464,18,neither,
olympiadbench-464,19,inconclusive,
olympiadbench-464,2,lean,
olympiadbench-464,3,lean,
olympiadbench-464,4,lean,
olympiadbench-464,5,lean,
olympiadbench-464,6,python,
olympiadbench-464,7,inconclusive,
olympiadbench-464,8,lean,
olympiadbench-464,9,neither,
olympiadbench-465,0,inconclusive,
olympiadbench-465,1,python,
olympiadbench-465,2,python,
olympiadbench-465,3,python,
olympiadbench-465,4,neither,
olympiadbench-465,5,python,
olympiadbench-466,0,python,
olympiadbench-466,1,python,
olympiadbench-466,10,python,
olympiadbench-466,11,python,
olympiadbench-466,12,python,
olympiadbench-466,13,neither,
olympiadbench-466,14,python,
olympiadbench-466,2,lean,
olympiadbench-466,3,neither,
olympiadbench-466,4,inconclusive,
olympiadbench-466,5,python,
olympiadbench-466,6,inconclusive,
olympiadbench-466,7,inconclusive,
olympiadbench-466,8,inconclusive,
olympiadbench-466,9,lean,
olympiadbench-467,0,python,
olympiadbench-467,1,neither,
olympiadbench-467,2,python,
olympiadbench-467,3,python,
olympiadbench-467,4,python,
olympiadbench-468,0,inconclusive,
olympiadbench-468,1,lean,
olympiadbench-468,10,neither,
olympiadbench-468,11,inconclusive,
olympiadbench-468,12,python,
olympiadbench-468,2,python,
olympiadbench-468,3,python,
olympiadbench-468,4,inconclusive,
olympiadbench-468,5,python,
olympiadbench-468,6,python,
olympiadbench-468,7,neither,
olympiadbench-468,8,python,
olympiadbench-468,9,inconclusive,
olympiadbench-469,0,inconclusive,
olympiadbench-469,1,inconclusive,
olympiadbench-469,2,neither,
olympiadbench-469,3,inconclusive,
olympiadbench-469,4,neither,
olympiadbench-469,5,inconclusive,
olympiadbench-46,0,neither,
olympiadbench-46,1,neither,
olympiadbench-46,2,inconclusive,
olympiadbench-46,3,neither,
olympiadbench-46,4,inconclusive,
olympiadbench-470,0,inconclusive,
olympiadbench-470,1,neither,
olympiadbench-470,2,python,
olympiadbench-470,3,neither,
olympiadbench-470,4,inconclusive,
olympiadbench-470,5,lean,
olympiadbench-470,6,python,
olympiadbench-471,0,inconclusive,
olympiadbench-471,1,python,
olympiadbench-471,2,inconclusive,
olympiadbench-471,3,inconclusive,
olympiadbench-471,4,neither,
olympiadbench-472,0,python,
olympiadbench-472,1,python,
olympiadbench-472,2,neither,
olympiadbench-472,3,neither,
olympiadbench-473,0,inconclusive,
olympiadbench-473,1,python,
olympiadbench-473,2,lean,
olympiadbench-473,3,python,
olympiadbench-473,4,python,
olympiadbench-473,5,python,
olympiadbench-473,6,inconclusive,
olympiadbench-473,7,python,
olympiadbench-473,8,python,
olympiadbench-473,9,python,
olympiadbench-474,0,inconclusive,
olympiadbench-474,1,neither,
olympiadbench-474,2,neither,
olympiadbench-474,3,neither,
olympiadbench-474,4,python,
olympiadbench-474,5,python,
olympiadbench-475,0,inconclusive,
olympiadbench-475,1,lean,
olympiadbench-475,10,inconclusive,
olympiadbench-475,11,inconclusive,
olympiadbench-475,12,inconclusive,
olympiadbench-475,13,inconclusive,
olympiadbench-475,14,inconclusive,
olympiadbench-475,2,python,
olympiadbench-475,3,inconclusive,
olympiadbench-475,4,neither,
olympiadbench-475,5,neither,
olympiadbench-475,6,inconclusive,
olympiadbench-475,7,inconclusive,
olympiadbench-475,8,inconclusive,
olympiadbench-475,9,inconclusive,
olympiadbench-476,0,inconclusive,
olympiadbench-476,1,inconclusive,
olympiadbench-476,2,inconclusive,
olympiadbench-476,3,inconclusive,
olympiadbench-476,4,inconclusive,
olympiadbench-476,5,inconclusive,
olympiadbench-476,6,python,
olympiadbench-477,0,python,
olympiadbench-477,1,neither,
olympiadbench-477,2,inconclusive,
olympiadbench-477,3,lean,
olympiadbench-477,4,inconclusive,
olympiadbench-477,5,inconclusive,
olympiadbench-477,6,neither,
olympiadbench-477,7,lean,
olympiadbench-477,8,lean,
olympiadbench-478,0,lean,
olympiadbench-478,1,inconclusive,
olympiadbench-478,2,inconclusive,
olympiadbench-478,3,lean,
olympiadbench-478,4,python,
olympiadbench-478,5,python,
olympiadbench-478,6,neither,
olympiadbench-478,7,python,
olympiadbench-478,8,inconclusive,
olympiadbench-479,0,python,
olympiadbench-479,1,python,
olympiadbench-479,2,lean,
olympiadbench-479,3,python,
olympiadbench-479,4,python,
olympiadbench-479,5,inconclusive,
olympiadbench-479,6,python,
olympiadbench-47,0,python,
olympiadbench-47,1,python,
olympiadbench-47,2,neither,
olympiadbench-47,3,inconclusive,
olympiadbench-47,4,python,
olympiadbench-47,5,python,
olympiadbench-480,0,inconclusive,
olympiadbench-480,1,inconclusive,
olympiadbench-480,2,python,
olympiadbench-480,3,neither,
olympiadbench-480,4,inconclusive,
olympiadbench-480,5,python,
olympiadbench-480,6,python,
olympiadbench-480,7,inconclusive,
olympiadbench-480,8,neither,
olympiadbench-481,0,inconclusive,
olympiadbench-481,1,tie,
olympiadbench-481,2,inconclusive,
olympiadbench-481,3,lean,
olympiadbench-481,4,python,
olympiadbench-481,5,inconclusive,
olympiadbench-481,6,inconclusive,
olympiadbench-481,7,python,
olympiadbench-481,8,inconclusive,
olympiadbench-481,9,inconclusive,
olympiadbench-482,0,lean,
olympiadbench-482,1,python,
olympiadbench-482,2,python,
olympiadbench-482,3,python,
olympiadbench-482,4,inconclusive,
olympiadbench-482,5,python,
olympiadbench-482,6,python,
olympiadbench-483,0,inconclusive,
olympiadbench-483,1,lean,
olympiadbench-483,2,inconclusive,
olympiadbench-483,3,neither,
olympiadbench-483,4,inconclusive,
olympiadbench-483,5,python,
olympiadbench-483,6,inconclusive,
olympiadbench-484,0,inconclusive,
olympiadbench-484,1,python,
olympiadbench-484,2,neither,
olympiadbench-484,3,neither,
olympiadbench-484,4,python,
olympiadbench-485,0,inconclusive,
olympiadbench-485,1,inconclusive,
olympiadbench-485,10,python,
olympiadbench-485,11,python,
olympiadbench-485,2,python,
olympiadbench-485,3,inconclusive,
olympiadbench-485,4,inconclusive,
olympiadbench-485,5,inconclusive,
olympiadbench-485,6,python,
olympiadbench-485,7,python,
olympiadbench-485,8,inconclusive,
olympiadbench-485,9,python,
olympiadbench-486,0,inconclusive,
olympiadbench-486,1,inconclusive,
olympiadbench-486,2,inconclusive,
olympiadbench-486,3,neither,
olympiadbench-486,4,inconclusive,
olympiadbench-486,5,inconclusive,
olympiadbench-487,0,lean,
olympiadbench-487,1,python,
olympiadbench-487,2,inconclusive,
olympiadbench-487,3,python,
olympiadbench-487,4,neither,
olympiadbench-487,5,neither,
olympiadbench-487,6,inconclusive,
olympiadbench-487,7,inconclusive,
olympiadbench-487,8,inconclusive,
olympiadbench-487,9,inconclusive,
olympiadbench-488,0,neither,
olympiadbench-488,1,inconclusive,
olympiadbench-488,10,python,
olympiadbench-488,11,python,
olympiadbench-488,2,python,
olympiadbench-488,3,python,
olympiadbench-488,4,inconclusive,
olympiadbench-488,5,python,
olympiadbench-488,6,python,
olympiadbench-488,7,inconclusive,
olympiadbench-488,8,python,
olympiadbench-488,9,python,
olympiadbench-489,0,inconclusive,
olympiadbench-489,1,inconclusive,
olympiadbench-489,10,inconclusive,
olympiadbench-489,2,inconclusive,
olympiadbench-489,3,python,
olympiadbench-489,4,neither,
olympiadbench-489,5,inconclusive,
olympiadbench-489,6,python,
olympiadbench-489,7,python,
olympiadbench-489,8,neither,
olympiadbench-489,9,inconclusive,
olympiadbench-48,0,inconclusive,
olympiadbench-48,1,python,
olympiadbench-48,2,neither,
olympiadbench-48,3,neither,
olympiadbench-490,0,python,
olympiadbench-490,1,python,
olympiadbench-490,2,neither,
olympiadbench-490,3,python,
olympiadbench-490,4,python,
olympiadbench-491,0,inconclusive,
olympiadbench-491,1,inconclusive,
olympiadbench-491,10,inconclusive,
olympiadbench-491,11,inconclusive,
olympiadbench-491,12,neither,
olympiadbench-491,13,inconclusive,
olympiadbench-491,14,python,
olympiadbench-491,15,neither,
olympiadbench-491,16,neither,
olympiadbench-491,17,inconclusive,
olympiadbench-491,2,inconclusive,
olympiadbench-491,3,python,
olympiadbench-491,4,inconclusive,
olympiadbench-491,5,inconclusive,
olympiadbench-491,6,inconclusive,
olympiadbench-491,7,lean,
olympiadbench-491,8,inconclusive,
olympiadbench-491,9,neither,
olympiadbench-492,0,python,
olympiadbench-492,1,lean,
olympiadbench-492,2,python,
olympiadbench-492,3,python,
olympiadbench-492,4,neither,
olympiadbench-492,5,python,
olympiadbench-492,6,python,
olympiadbench-492,7,python,
olympiadbench-492,8,neither,
olympiadbench-493,0,python,
olympiadbench-493,1,python,
olympiadbench-493,10,python,
olympiadbench-493,2,python,
olympiadbench-493,3,python,
olympiadbench-493,4,python,
olympiadbench-493,5,python,
olympiadbench-493,6,python,
olympiadbench-493,7,inconclusive,
olympiadbench-493,8,python,
olympiadbench-493,9,python,
olympiadbench-494,0,python,
olympiadbench-494,1,neither,
olympiadbench-494,10,python,
olympiadbench-494,2,python,
olympiadbench-494,3,python,
olympiadbench-494,4,python,
olympiadbench-494,5,python,
olympiadbench-494,6,python,
olympiadbench-494,7,python,
olympiadbench-494,8,python,
olympiadbench-494,9,python,
olympiadbench-495,0,lean,
olympiadbench-495,1,python,
olympiadbench-495,2,inconclusive,
olympiadbench-495,3,lean,
olympiadbench-495,4,python,
olympiadbench-495,5,python,
olympiadbench-495,6,python,
olympiadbench-495,7,neither,
olympiadbench-495,8,lean,
olympiadbench-496,0,inconclusive,
olympiadbench-496,1,python,
olympiadbench-496,2,python,
olympiadbench-496,3,neither,
olympiadbench-496,4,python,
olympiadbench-496,5,python,
olympiadbench-496,6,python,
olympiadbench-496,7,python,
olympiadbench-496,8,python,
olympiadbench-496,9,python,
olympiadbench-497,0,inconclusive,
olympiadbench-497,1,python,
olympiadbench-497,2,python,
olympiadbench-497,3,python,
olympiadbench-497,4,python,
olympiadbench-497,5,python,
olympiadbench-497,6,python,
olympiadbench-497,7,python,
olympiadbench-497,8,python,
olympiadbench-497,9,python,
olympiadbench-498,0,inconclusive,
olympiadbench-498,1,inconclusive,
olympiadbench-498,2,inconclusive,
olympiadbench-498,3,python,
olympiadbench-498,4,neither,
olympiadbench-498,5,python,
olympiadbench-498,6,python,
olympiadbench-498,7,python,
olympiadbench-499,0,python,
olympiadbench-499,1,python,
olympiadbench-499,2,python,
olympiadbench-499,3,python,
olympiadbench-499,4,python,
olympiadbench-499,5,python,
olympiadbench-49,0,python,
olympiadbench-49,1,python,
olympiadbench-49,2,lean,
olympiadbench-49,3,lean,
olympiadbench-49,4,lean,
olympiadbench-4,0,python,
olympiadbench-4,1,inconclusive,
olympiadbench-4,2,python,
olympiadbench-4,3,python,
olympiadbench-4,4,python,
olympiadbench-4,5,python,
olympiadbench-500,0,python,
olympiadbench-500,1,inconclusive,
olympiadbench-500,2,python,
olympiadbench-500,3,python,
olympiadbench-500,4,python,
olympiadbench-500,5,python,
olympiadbench-501,0,neither,
olympiadbench-501,1,python,
olympiadbench-501,2,python,
olympiadbench-501,3,python,
olympiadbench-502,0,inconclusive,
olympiadbench-502,1,python,
olympiadbench-502,2,python,
olympiadbench-502,3,neither,
olympiadbench-502,4,python,
olympiadbench-502,5,lean,
olympiadbench-503,0,inconclusive,
olympiadbench-503,1,inconclusive,
olympiadbench-503,10,python,
olympiadbench-503,11,python,
olympiadbench-503,12,inconclusive,
olympiadbench-503,13,python,
olympiadbench-503,14,python,
olympiadbench-503,15,python,
olympiadbench-503,16,lean,
olympiadbench-503,17,python,
olympiadbench-503,18,python,
olympiadbench-503,19,inconclusive,
olympiadbench-503,2,inconclusive,
olympiadbench-503,20,inconclusive,
olympiadbench-503,21,python,
olympiadbench-503,22,inconclusive,
olympiadbench-503,3,inconclusive,
olympiadbench-503,4,inconclusive,
olympiadbench-503,5,lean,
olympiadbench-503,6,inconclusive,
olympiadbench-503,7,python,
olympiadbench-503,8,python,
olympiadbench-503,9,python,
olympiadbench-504,0,inconclusive,
olympiadbench-504,1,inconclusive,
olympiadbench-504,2,python,
olympiadbench-504,3,inconclusive,
olympiadbench-504,4,python,
olympiadbench-504,5,python,
olympiadbench-504,6,python,
olympiadbench-504,7,python,
olympiadbench-504,8,python,
olympiadbench-505,0,python,
olympiadbench-505,1,python,
olympiadbench-505,2,python,
olympiadbench-505,3,python,
olympiadbench-505,4,python,
olympiadbench-505,5,python,
olympiadbench-506,0,inconclusive,
olympiadbench-506,1,lean,
olympiadbench-506,2,inconclusive,
olympiadbench-506,3,inconclusive,
olympiadbench-506,4,python,
olympiadbench-506,5,lean,
olympiadbench-507,0,inconclusive,
olympiadbench-507,1,python,
olympiadbench-507,2,inconclusive,
olympiadbench-507,3,lean,
olympiadbench-507,4,lean,
olympiadbench-507,5,lean,
olympiadbench-508,0,python,
olympiadbench-508,1,neither,
olympiadbench-508,2,neither,
olympiadbench-508,3,lean,
olympiadbench-508,4,python,
olympiadbench-508,5,python,
olympiadbench-508,6,python,
olympiadbench-509,0,python,
olympiadbench-509,1,python,
olympiadbench-509,10,python,
olympiadbench-509,11,python,
olympiadbench-509,12,python,
olympiadbench-509,13,python,
olympiadbench-509,14,python,
olympiadbench-509,15,python,
olympiadbench-509,16,python,
olympiadbench-509,17,python,
olympiadbench-509,2,lean,
olympiadbench-509,3,lean,
olympiadbench-509,4,lean,
olympiadbench-509,5,python,
olympiadbench-509,6,neither,
olympiadbench-509,7,inconclusive,
olympiadbench-509,8,python,
olympiadbench-509,9,tie,
olympiadbench-50,0,inconclusive,
olympiadbench-50,1,inconclusive,
olympiadbench-50,2,inconclusive,
olympiadbench-50,3,inconclusive,
olympiadbench-50,4,python,
olympiadbench-50,5,python,
olympiadbench-50,6,python,
olympiadbench-50,7,neither,
olympiadbench-50,8,neither,
olympiadbench-510,0,lean,
olympiadbench-510,1,neither,
olympiadbench-510,2,neither,
olympiadbench-510,3,python,
olympiadbench-510,4,inconclusive,
olympiadbench-510,5,,request_failed
olympiadbench-510,6,python,
olympiadbench-510,7,tie,
olympiadbench-510,8,python,
olympiadbench-510,9,python,
olympiadbench-511,0,lean,
olympiadbench-511,1,inconclusive,
olympiadbench-511,2,python,
olympiadbench-511,3,python,
olympiadbench-511,4,inconclusive,
olympiadbench-511,5,lean,
olympiadbench-512,0,python,
olympiadbench-512,1,lean,
olympiadbench-512,2,neither,
olympiadbench-512,3,python,
olympiadbench-512,4,python,
olympiadbench-512,5,python,
olympiadbench-512,6,python,
olympiadbench-513,0,inconclusive,
olympiadbench-513,1,inconclusive,
olympiadbench-513,2,python,
olympiadbench-513,3,python,
olympiadbench-513,4,python,
olympiadbench-514,0,python,
olympiadbench-514,1,python,
olympiadbench-514,2,python,
olympiadbench-514,3,python,
olympiadbench-514,4,python,
olympiadbench-514,5,inconclusive,
olympiadbench-514,6,tie,
olympiadbench-514,7,python,
olympiadbench-514,8,python,
olympiadbench-515,0,python,
olympiadbench-515,1,inconclusive,
olympiadbench-515,10,python,
olympiadbench-515,11,python,
olympiadbench-515,12,python,
olympiadbench-515,13,inconclusive,
olympiadbench-515,14,python,
olympiadbench-515,15,python,
olympiadbench-515,16,python,
olympiadbench-515,17,python,
olympiadbench-515,18,python,
olympiadbench-515,19,python,
olympiadbench-515,2,python,
olympiadbench-515,20,inconclusive,
olympiadbench-515,21,python,
olympiadbench-515,22,python,
olympiadbench-515,23,python,
olympiadbench-515,3,python,
olympiadbench-515,4,lean,
olympiadbench-515,5,inconclusive,
olympiadbench-515,6,neither,
olympiadbench-515,7,python,
olympiadbench-515,8,python,
olympiadbench-515,9,neither,
olympiadbench-516,0,neither,
olympiadbench-516,1,python,
olympiadbench-516,2,neither,
olympiadbench-516,3,inconclusive,
olympiadbench-516,4,neither,
olympiadbench-516,5,inconclusive,
olympiadbench-516,6,neither,
olympiadbench-516,7,inconclusive,
olympiadbench-516,8,lean,
olympiadbench-517,0,inconclusive,
olympiadbench-517,1,inconclusive,
olympiadbench-517,2,python,
olympiadbench-517,3,python,
olympiadbench-517,4,python,
olympiadbench-517,5,python,
olympiadbench-518,0,lean,
olympiadbench-518,1,python,
olympiadbench-518,2,lean,
olympiadbench-518,3,neither,
olympiadbench-518,4,neither,
olympiadbench-518,5,python,
olympiadbench-518,6,python,
olympiadbench-518,7,inconclusive,
olympiadbench-519,0,python,
olympiadbench-519,1,python,
olympiadbench-519,10,lean,
olympiadbench-519,2,python,
olympiadbench-519,3,python,
olympiadbench-519,4,python,
olympiadbench-519,5,python,
olympiadbench-519,6,lean,
olympiadbench-519,7,inconclusive,
olympiadbench-519,8,python,
olympiadbench-519,9,lean,
olympiadbench-51,0,inconclusive,
olympiadbench-51,1,python,
olympiadbench-51,2,neither,
olympiadbench-51,3,python,
olympiadbench-51,4,neither,
olympiadbench-51,5,inconclusive,
olympiadbench-51,6,python,
olympiadbench-51,7,inconclusive,
olympiadbench-520,0,inconclusive,
olympiadbench-520,1,lean,
olympiadbench-520,10,lean,
olympiadbench-520,11,lean,
olympiadbench-520,12,python,
olympiadbench-520,13,python,
olympiadbench-520,2,lean,
olympiadbench-520,3,lean,
olympiadbench-520,4,lean,
olympiadbench-520,5,lean,
olympiadbench-520,6,python,
olympiadbench-520,7,python,
olympiadbench-520,8,python,
olympiadbench-520,9,inconclusive,
olympiadbench-521,0,python,
olympiadbench-521,1,inconclusive,
olympiadbench-521,2,inconclusive,
olympiadbench-521,3,neither,
olympiadbench-521,4,neither,
olympiadbench-521,5,lean,
olympiadbench-521,6,lean,
olympiadbench-522,0,inconclusive,
olympiadbench-522,1,python,
olympiadbench-522,2,python,
olympiadbench-522,3,python,
olympiadbench-522,4,neither,
olympiadbench-522,5,python,
olympiadbench-522,6,python,
olympiadbench-522,7,neither,
olympiadbench-522,8,python,
olympiadbench-523,0,python,
olympiadbench-523,1,python,
olympiadbench-523,2,python,
olympiadbench-523,3,python,
olympiadbench-523,4,python,
olympiadbench-524,0,inconclusive,
olympiadbench-524,1,inconclusive,
olympiadbench-524,2,inconclusive,
olympiadbench-524,3,neither,
olympiadbench-524,4,neither,
olympiadbench-524,5,inconclusive,
olympiadbench-524,6,python,
olympiadbench-524,7,python,
olympiadbench-524,8,inconclusive,
olympiadbench-525,0,inconclusive,
olympiadbench-525,1,python,
olympiadbench-525,2,inconclusive,
olympiadbench-525,3,neither,
olympiadbench-525,4,inconclusive,
olympiadbench-525,5,inconclusive,
olympiadbench-525,6,inconclusive,
olympiadbench-526,0,inconclusive,
olympiadbench-526,1,neither,
olympiadbench-526,10,inconclusive,
olympiadbench-526,2,python,
olympiadbench-526,3,inconclusive,
olympiadbench-526,4,inconclusive,
olympiadbench-526,5,python,
olympiadbench-526,6,python,
olympiadbench-526,7,inconclusive,
olympiadbench-526,8,neither,
olympiadbench-526,9,inconclusive,
olympiadbench-527,0,python,
olympiadbench-527,1,python,
olympiadbench-527,10,inconclusive,
olympiadbench-527,11,python,
olympiadbench-527,2,inconclusive,
olympiadbench-527,3,python,
olympiadbench-527,4,neither,
olympiadbench-527,5,inconclusive,
olympiadbench-527,6,inconclusive,
olympiadbench-527,7,python,
olympiadbench-527,8,python,
olympiadbench-527,9,python,
olympiadbench-528,0,python,
olympiadbench-528,1,neither,
olympiadbench-528,10,python,
olympiadbench-528,2,python,
olympiadbench-528,3,neither,
olympiadbench-528,4,python,
olympiadbench-528,5,python,
olympiadbench-528,6,neither,
olympiadbench-528,7,python,
olympiadbench-528,8,python,
olympiadbench-528,9,python,
olympiadbench-529,0,lean,
olympiadbench-529,1,lean,
olympiadbench-529,2,python,
olympiadbench-52,0,inconclusive,
olympiadbench-52,1,inconclusive,
olympiadbench-52,2,inconclusive,
olympiadbench-52,3,neither,
olympiadbench-52,4,neither,
olympiadbench-52,5,inconclusive,
olympiadbench-52,6,inconclusive,
olympiadbench-52,7,neither,
olympiadbench-530,0,inconclusive,
olympiadbench-530,1,neither,
olympiadbench-530,2,inconclusive,
olympiadbench-530,3,neither,
olympiadbench-530,4,python,
olympiadbench-530,5,neither,
olympiadbench-530,6,neither,
olympiadbench-530,7,inconclusive,
olympiadbench-530,8,inconclusive,
olympiadbench-530,9,inconclusive,
olympiadbench-531,0,inconclusive,
olympiadbench-531,1,lean,
olympiadbench-531,2,python,
olympiadbench-531,3,python,
olympiadbench-531,4,inconclusive,
olympiadbench-531,5,python,
olympiadbench-531,6,python,
olympiadbench-531,7,lean,
olympiadbench-532,0,python,
olympiadbench-532,1,neither,
olympiadbench-532,2,inconclusive,
olympiadbench-532,3,inconclusive,
olympiadbench-532,4,inconclusive,
olympiadbench-532,5,python,
olympiadbench-533,0,inconclusive,
olympiadbench-533,1,python,
olympiadbench-533,2,python,
olympiadbench-533,3,lean,
olympiadbench-533,4,python,
olympiadbench-533,5,lean,
olympiadbench-533,6,lean,
olympiadbench-534,0,inconclusive,
olympiadbench-534,1,inconclusive,
olympiadbench-534,2,inconclusive,
olympiadbench-534,3,python,
olympiadbench-534,4,inconclusive,
olympiadbench-534,5,inconclusive,
olympiadbench-534,6,inconclusive,
olympiadbench-534,7,python,
olympiadbench-534,8,inconclusive,
olympiadbench-535,0,lean,
olympiadbench-535,1,lean,
olympiadbench-535,10,lean,
olympiadbench-535,2,lean,
olympiadbench-535,3,neither,
olympiadbench-535,4,python,
olympiadbench-535,5,lean,
olympiadbench-535,6,python,
olympiadbench-535,7,inconclusive,
olympiadbench-535,8,python,
olympiadbench-535,9,lean,
olympiadbench-536,0,python,
olympiadbench-536,1,inconclusive,
olympiadbench-536,2,inconclusive,
olympiadbench-536,3,inconclusive,
olympiadbench-536,4,neither,
olympiadbench-536,5,python,
olympiadbench-536,6,neither,
olympiadbench-536,7,inconclusive,
olympiadbench-537,0,inconclusive,
olympiadbench-537,1,inconclusive,
olympiadbench-537,2,inconclusive,
olympiadbench-537,3,python,
olympiadbench-537,4,python,
olympiadbench-537,5,python,
olympiadbench-537,6,python,
olympiadbench-537,7,python,
olympiadbench-537,8,python,
olympiadbench-537,9,python,
olympiadbench-538,0,neither,
olympiadbench-538,1,python,
olympiadbench-538,2,python,
olympiadbench-538,3,python,
olympiadbench-538,4,python,
olympiadbench-538,5,python,
olympiadbench-538,6,python,
olympiadbench-539,0,inconclusive,
olympiadbench-539,1,python,
olympiadbench-539,2,python,
olympiadbench-539,3,inconclusive,
olympiadbench-539,4,python,
olympiadbench-539,5,python,
olympiadbench-539,6,inconclusive,
olympiadbench-539,7,python,
olympiadbench-539,8,inconclusive,
olympiadbench-53,0,python,
olympiadbench-53,1,python,
olympiadbench-53,2,python,
olympiadbench-53,3,python,
olympiadbench-53,4,python,
olympiadbench-53,5,python,
olympiadbench-53,6,python,
olympiadbench-53,7,neither,
olympiadbench-540,0,inconclusive,
olympiadbench-540,1,inconclusive,
olympiadbench-540,10,lean,
olympiadbench-540,11,python,
olympiadbench-540,12,neither,
olympiadbench-540,13,inconclusive,
olympiadbench-540,14,inconclusive,
olympiadbench-540,15,inconclusive,
olympiadbench-540,16,lean,
olympiadbench-540,17,inconclusive,
olympiadbench-540,18,inconclusive,
olympiadbench-540,19,inconclusive,
olympiadbench-540,2,inconclusive,
olympiadbench-540,20,python,
olympiadbench-540,21,neither,
olympiadbench-540,3,neither,
olympiadbench-540,4,neither,
olympiadbench-540,5,inconclusive,
olympiadbench-540,6,lean,
olympiadbench-540,7,python,
olympiadbench-540,8,neither,
olympiadbench-540,9,python,
olympiadbench-541,0,lean,
olympiadbench-541,1,python,
olympiadbench-541,2,python,
olympiadbench-541,3,neither,
olympiadbench-541,4,inconclusive,
olympiadbench-541,5,lean,
olympiadbench-541,6,lean,
olympiadbench-541,7,python,
olympiadbench-541,8,inconclusive,
olympiadbench-542,0,python,
olympiadbench-542,1,lean,
olympiadbench-542,2,inconclusive,
olympiadbench-542,3,lean,
olympiadbench-542,4,lean,
olympiadbench-542,5,lean,
olympiadbench-542,6,lean,
olympiadbench-542,7,inconclusive,
olympiadbench-543,0,python,
olympiadbench-543,1,inconclusive,
olympiadbench-543,2,python,
olympiadbench-543,3,python,
olympiadbench-543,4,python,
olympiadbench-544,0,inconclusive,
olympiadbench-544,1,python,
olympiadbench-544,2,inconclusive,
olympiadbench-544,3,inconclusive,
olympiadbench-544,4,inconclusive,
olympiadbench-544,5,inconclusive,
olympiadbench-544,6,neither,
olympiadbench-544,7,inconclusive,
olympiadbench-544,8,inconclusive,
olympiadbench-544,9,python,
olympiadbench-545,0,python,
olympiadbench-545,1,inconclusive,
olympiadbench-545,2,neither,
olympiadbench-545,3,python,
olympiadbench-546,0,python,
olympiadbench-546,1,python,
olympiadbench-546,10,lean,
olympiadbench-546,2,python,
olympiadbench-546,3,lean,
olympiadbench-546,4,lean,
olympiadbench-546,5,lean,
olympiadbench-546,6,python,
olympiadbench-546,7,python,
olympiadbench-546,8,lean,
olympiadbench-546,9,python,
olympiadbench-547,0,neither,
olympiadbench-547,1,python,
olympiadbench-547,2,python,
olympiadbench-547,3,python,
olympiadbench-547,4,python,
olympiadbench-548,0,inconclusive,
olympiadbench-548,1,python,
olympiadbench-548,2,neither,
olympiadbench-548,3,inconclusive,
olympiadbench-548,4,neither,
olympiadbench-548,5,lean,
olympiadbench-548,6,python,
olympiadbench-548,7,python,
olympiadbench-549,0,lean,
olympiadbench-549,1,python,
olympiadbench-549,2,python,
olympiadbench-549,3,python,
olympiadbench-549,4,lean,
olympiadbench-549,5,python,
olympiadbench-54,0,inconclusive,
olympiadbench-54,1,inconclusive,
olympiadbench-54,2,neither,
olympiadbench-54,3,python,
olympiadbench-54,4,neither,
olympiadbench-54,5,neither,
olympiadbench-550,0,inconclusive,
olympiadbench-550,1,inconclusive,
olympiadbench-550,2,neither,
olympiadbench-550,3,inconclusive,
olympiadbench-550,4,python,
olympiadbench-550,5,python,
olympiadbench-550,6,python,
olympiadbench-550,7,python,
olympiadbench-551,0,lean,
olympiadbench-551,1,neither,
olympiadbench-551,2,neither,
olympiadbench-551,3,python,
olympiadbench-551,4,python,
olympiadbench-551,5,python,
olympiadbench-552,0,neither,
olympiadbench-552,1,python,
olympiadbench-552,10,python,
olympiadbench-552,2,python,
olympiadbench-552,3,python,
olympiadbench-552,4,python,
olympiadbench-552,5,python,
olympiadbench-552,6,neither,
olympiadbench-552,7,python,
olympiadbench-552,8,tie,
olympiadbench-552,9,python,
olympiadbench-553,0,inconclusive,
olympiadbench-553,1,lean,
olympiadbench-553,2,python,
olympiadbench-553,3,python,
olympiadbench-553,4,python,
olympiadbench-553,5,python,
olympiadbench-554,0,inconclusive,
olympiadbench-554,1,inconclusive,
olympiadbench-554,2,inconclusive,
olympiadbench-554,3,python,
olympiadbench-554,4,python,
olympiadbench-554,5,lean,
olympiadbench-554,6,python,
olympiadbench-554,7,python,
olympiadbench-555,0,python,
olympiadbench-555,1,python,
olympiadbench-555,2,python,
olympiadbench-555,3,python,
olympiadbench-555,4,python,
olympiadbench-555,5,lean,
olympiadbench-555,6,python,
olympiadbench-555,7,python,
olympiadbench-555,8,python,
olympiadbench-556,0,inconclusive,
olympiadbench-556,1,python,
olympiadbench-556,2,lean,
olympiadbench-556,3,python,
olympiadbench-556,4,python,
olympiadbench-556,5,python,
olympiadbench-556,6,python,
olympiadbench-556,7,python,
olympiadbench-557,0,inconclusive,
olympiadbench-557,1,python,
olympiadbench-557,2,python,
olympiadbench-557,3,python,
olympiadbench-558,0,inconclusive,
olympiadbench-558,1,lean,
olympiadbench-558,2,lean,
olympiadbench-558,3,lean,
olympiadbench-558,4,python,
olympiadbench-559,0,neither,
olympiadbench-559,1,lean,
olympiadbench-559,10,python,
olympiadbench-559,11,python,
olympiadbench-559,12,neither,
olympiadbench-559,13,neither,
olympiadbench-559,14,python,
olympiadbench-559,2,inconclusive,
olympiadbench-559,3,neither,
olympiadbench-559,4,python,
olympiadbench-559,5,inconclusive,
olympiadbench-559,6,inconclusive,
olympiadbench-559,7,lean,
olympiadbench-559,8,lean,
olympiadbench-559,9,lean,
olympiadbench-55,0,python,
olympiadbench-55,1,inconclusive,
olympiadbench-55,2,python,
olympiadbench-55,3,inconclusive,
olympiadbench-55,4,python,
olympiadbench-55,5,inconclusive,
olympiadbench-55,6,neither,
olympiadbench-55,7,python,
olympiadbench-55,8,python,
olympiadbench-560,0,python,
olympiadbench-560,1,python,
olympiadbench-560,2,python,
olympiadbench-560,3,python,
olympiadbench-560,4,lean,
olympiadbench-560,5,lean,
olympiadbench-560,6,python,
olympiadbench-560,7,python,
olympiadbench-560,8,python,
olympiadbench-561,0,python,
olympiadbench-561,1,neither,
olympiadbench-561,2,inconclusive,
olympiadbench-561,3,python,
olympiadbench-561,4,neither,
olympiadbench-561,5,python,
olympiadbench-562,0,python,
olympiadbench-562,1,lean,
olympiadbench-562,2,lean,
olympiadbench-562,3,lean,
olympiadbench-562,4,python,
olympiadbench-562,5,python,
olympiadbench-562,6,python,
olympiadbench-562,7,inconclusive,
olympiadbench-563,0,inconclusive,
olympiadbench-563,1,python,
olympiadbench-563,2,python,
olympiadbench-563,3,inconclusive,
olympiadbench-564,0,python,
olympiadbench-564,1,inconclusive,
olympiadbench-564,2,neither,
olympiadbench-564,3,neither,
olympiadbench-565,0,python,
olympiadbench-565,1,python,
olympiadbench-565,10,python,
olympiadbench-565,11,neither,
olympiadbench-565,2,python,
olympiadbench-565,3,neither,
olympiadbench-565,4,lean,
olympiadbench-565,5,python,
olympiadbench-565,6,python,
olympiadbench-565,7,python,
olympiadbench-565,8,python,
olympiadbench-565,9,python,
olympiadbench-566,0,python,
olympiadbench-566,1,python,
olympiadbench-566,10,python,
olympiadbench-566,2,python,
olympiadbench-566,3,python,
olympiadbench-566,4,python,
olympiadbench-566,5,python,
olympiadbench-566,6,python,
olympiadbench-566,7,python,
olympiadbench-566,8,python,
olympiadbench-566,9,python,
olympiadbench-567,0,neither,
olympiadbench-567,1,inconclusive,
olympiadbench-567,10,python,
olympiadbench-567,11,python,
olympiadbench-567,12,neither,
olympiadbench-567,13,python,
olympiadbench-567,2,python,
olympiadbench-567,3,python,
olympiadbench-567,4,python,
olympiadbench-567,5,lean,
olympiadbench-567,6,neither,
olympiadbench-567,7,inconclusive,
olympiadbench-567,8,inconclusive,
olympiadbench-567,9,python,
olympiadbench-568,0,lean,
olympiadbench-568,1,python,
olympiadbench-568,2,python,
olympiadbench-568,3,lean,
olympiadbench-568,4,neither,
olympiadbench-568,5,python,
olympiadbench-568,6,neither,
olympiadbench-568,7,python,
olympiadbench-568,8,neither,
olympiadbench-568,9,python,
olympiadbench-569,0,inconclusive,
olympiadbench-569,1,inconclusive,
olympiadbench-569,2,inconclusive,
olympiadbench-569,3,inconclusive,
olympiadbench-569,4,inconclusive,
olympiadbench-569,5,neither,
olympiadbench-569,6,neither,
olympiadbench-569,7,neither,
olympiadbench-56,0,inconclusive,
olympiadbench-56,1,python,
olympiadbench-56,2,inconclusive,
olympiadbench-56,3,python,
olympiadbench-56,4,python,
olympiadbench-56,5,python,
olympiadbench-570,0,python,
olympiadbench-570,1,inconclusive,
olympiadbench-570,2,inconclusive,
olympiadbench-570,3,inconclusive,
olympiadbench-570,4,inconclusive,
olympiadbench-570,5,python,
olympiadbench-570,6,inconclusive,
olympiadbench-571,0,inconclusive,
olympiadbench-571,1,neither,
olympiadbench-571,2,inconclusive,
olympiadbench-571,3,inconclusive,
olympiadbench-571,4,inconclusive,
olympiadbench-571,5,inconclusive,
olympiadbench-572,0,lean,
olympiadbench-572,1,python,
olympiadbench-572,2,python,
olympiadbench-572,3,python,
olympiadbench-572,4,python,
olympiadbench-573,0,inconclusive,
olympiadbench-573,1,inconclusive,
olympiadbench-573,2,neither,
olympiadbench-573,3,python,
olympiadbench-573,4,python,
olympiadbench-573,5,python,
olympiadbench-573,6,neither,
olympiadbench-573,7,lean,
olympiadbench-573,8,python,
olympiadbench-573,9,python,
olympiadbench-574,0,python,
olympiadbench-574,1,python,
olympiadbench-574,2,python,
olympiadbench-574,3,python,
olympiadbench-574,4,lean,
olympiadbench-574,5,python,
olympiadbench-574,6,python,
olympiadbench-575,0,inconclusive,
olympiadbench-575,1,python,
olympiadbench-575,2,python,
olympiadbench-575,3,python,
olympiadbench-575,4,python,
olympiadbench-575,5,python,
olympiadbench-576,0,python,
olympiadbench-576,1,inconclusive,
olympiadbench-576,2,neither,
olympiadbench-576,3,neither,
olympiadbench-576,4,lean,
olympiadbench-576,5,lean,
olympiadbench-576,6,python,
olympiadbench-577,0,inconclusive,
olympiadbench-577,1,inconclusive,
olympiadbench-577,2,python,
olympiadbench-577,3,lean,
olympiadbench-577,4,lean,
olympiadbench-577,5,python,
olympiadbench-578,0,inconclusive,
olympiadbench-578,1,inconclusive,
olympiadbench-578,2,python,
olympiadbench-578,3,python,
olympiadbench-578,4,neither,
olympiadbench-578,5,python,
olympiadbench-579,0,neither,
olympiadbench-579,1,lean,
olympiadbench-579,2,lean,
olympiadbench-579,3,neither,
olympiadbench-579,4,lean,
olympiadbench-579,5,lean,
olympiadbench-57,0,inconclusive,
olympiadbench-57,1,inconclusive,
olympiadbench-57,2,neither,
olympiadbench-57,3,neither,
olympiadbench-57,4,python,
olympiadbench-57,5,python,
olympiadbench-580,0,python,
olympiadbench-580,1,inconclusive,
olympiadbench-580,2,inconclusive,
olympiadbench-580,3,inconclusive,
olympiadbench-580,4,inconclusive,
olympiadbench-580,5,inconclusive,
olympiadbench-580,6,,request_failed
olympiadbench-580,7,inconclusive,
olympiadbench-581,0,neither,
olympiadbench-581,1,inconclusive,
olympiadbench-581,2,python,
olympiadbench-581,3,inconclusive,
olympiadbench-581,4,inconclusive,
olympiadbench-581,5,python,
olympiadbench-581,6,python,
olympiadbench-581,7,python,
olympiadbench-581,8,python,
olympiadbench-582,0,python,
olympiadbench-582,1,python,
olympiadbench-582,2,inconclusive,
olympiadbench-582,3,neither,
olympiadbench-582,4,python,
olympiadbench-583,0,lean,
olympiadbench-583,1,lean,
olympiadbench-583,10,python,
olympiadbench-583,11,inconclusive,
olympiadbench-583,2,lean,
olympiadbench-583,3,lean,
olympiadbench-583,4,python,
olympiadbench-583,5,python,
olympiadbench-583,6,python,
olympiadbench-583,7,lean,
olympiadbench-583,8,python,
olympiadbench-583,9,inconclusive,
olympiadbench-584,0,inconclusive,
olympiadbench-584,1,python,
olympiadbench-584,2,inconclusive,
olympiadbench-584,3,python,
olympiadbench-584,4,inconclusive,
olympiadbench-584,5,python,
olympiadbench-584,6,python,
olympiadbench-585,0,inconclusive,
olympiadbench-585,1,neither,
olympiadbench-585,2,neither,
olympiadbench-585,3,lean,
olympiadbench-585,4,inconclusive,
olympiadbench-585,5,lean,
olympiadbench-585,6,python,
olympiadbench-585,7,python,
olympiadbench-586,0,inconclusive,
olympiadbench-586,1,python,
olympiadbench-586,10,lean,
olympiadbench-586,11,neither,
olympiadbench-586,12,python,
olympiadbench-586,13,lean,
olympiadbench-586,14,python,
olympiadbench-586,2,lean,
olympiadbench-586,3,inconclusive,
olympiadbench-586,4,lean,
olympiadbench-586,5,lean,
olympiadbench-586,6,neither,
olympiadbench-586,7,lean,
olympiadbench-586,8,neither,
olympiadbench-586,9,inconclusive,
olympiadbench-587,0,inconclusive,
olympiadbench-587,1,inconclusive,
olympiadbench-587,2,python,
olympiadbench-587,3,python,
olympiadbench-587,4,python,
olympiadbench-587,5,inconclusive,
olympiadbench-587,6,python,
olympiadbench-587,7,python,
olympiadbench-588,0,python,
olympiadbench-588,1,neither,
olympiadbench-588,2,lean,
olympiadbench-588,3,python,
olympiadbench-588,4,python,
olympiadbench-588,5,python,
olympiadbench-589,0,inconclusive,
olympiadbench-589,1,python,
olympiadbench-589,2,python,
olympiadbench-589,3,python,
olympiadbench-589,4,lean,
olympiadbench-589,5,inconclusive,
olympiadbench-58,0,inconclusive,
olympiadbench-58,1,python,
olympiadbench-58,2,neither,
olympiadbench-58,3,neither,
olympiadbench-58,4,inconclusive,
olympiadbench-590,0,inconclusive,
olympiadbench-590,1,inconclusive,
olympiadbench-590,2,python,
olympiadbench-590,3,python,
olympiadbench-590,4,python,
olympiadbench-590,5,python,
olympiadbench-590,6,python,
olympiadbench-590,7,python,
olympiadbench-591,0,python,
olympiadbench-591,1,inconclusive,
olympiadbench-591,2,python,
olympiadbench-591,3,python,
olympiadbench-591,4,python,
olympiadbench-592,0,python,
olympiadbench-592,1,python,
olympiadbench-592,2,inconclusive,
olympiadbench-592,3,neither,
olympiadbench-592,4,python,
olympiadbench-592,5,python,
olympiadbench-592,6,python,
olympiadbench-592,7,inconclusive,
olympiadbench-592,8,inconclusive,
olympiadbench-593,0,inconclusive,
olympiadbench-593,1,python,
olympiadbench-593,2,python,
olympiadbench-593,3,python,
olympiadbench-593,4,python,
olympiadbench-593,5,python,
olympiadbench-594,0,inconclusive,
olympiadbench-594,1,inconclusive,
olympiadbench-594,10,python,
olympiadbench-594,11,neither,
olympiadbench-594,12,neither,
olympiadbench-594,13,inconclusive,
olympiadbench-594,14,neither,
olympiadbench-594,15,python,
olympiadbench-594,16,python,
olympiadbench-594,2,inconclusive,
olympiadbench-594,3,lean,
olympiadbench-594,4,inconclusive,
olympiadbench-594,5,inconclusive,
olympiadbench-594,6,python,
olympiadbench-594,7,inconclusive,
olympiadbench-594,8,python,
olympiadbench-594,9,inconclusive,
olympiadbench-595,0,inconclusive,
olympiadbench-595,1,inconclusive,
olympiadbench-595,10,python,
olympiadbench-595,11,python,
olympiadbench-595,12,inconclusive,
olympiadbench-595,13,python,
olympiadbench-595,2,inconclusive,
olympiadbench-595,3,lean,
olympiadbench-595,4,python,
olympiadbench-595,5,inconclusive,
olympiadbench-595,6,neither,
olympiadbench-595,7,inconclusive,
olympiadbench-595,8,neither,
olympiadbench-595,9,inconclusive,
olympiadbench-596,0,inconclusive,
olympiadbench-596,1,python,
olympiadbench-596,10,inconclusive,
olympiadbench-596,11,neither,
olympiadbench-596,12,python,
olympiadbench-596,13,python,
olympiadbench-596,14,python,
olympiadbench-596,15,,request_failed
olympiadbench-596,2,python,
olympiadbench-596,3,inconclusive,
olympiadbench-596,4,python,
olympiadbench-596,5,inconclusive,
olympiadbench-596,6,python,
olympiadbench-596,7,inconclusive,
olympiadbench-596,8,python,
olympiadbench-596,9,inconclusive,
olympiadbench-597,0,neither,
olympiadbench-597,1,neither,
olympiadbench-597,2,python,
olympiadbench-597,3,python,
olympiadbench-598,0,python,
olympiadbench-598,1,inconclusive,
olympiadbench-598,2,inconclusive,
olympiadbench-598,3,python,
olympiadbench-598,4,neither,
olympiadbench-598,5,lean,
olympiadbench-599,0,inconclusive,
olympiadbench-599,1,python,
olympiadbench-599,2,python,
olympiadbench-599,3,python,
olympiadbench-599,4,neither,
olympiadbench-59,0,python,
olympiadbench-59,1,python,
olympiadbench-59,2,python,
olympiadbench-59,3,python,
olympiadbench-59,4,python,
olympiadbench-59,5,python,
olympiadbench-5,0,inconclusive,
olympiadbench-5,1,neither,
olympiadbench-5,2,inconclusive,
olympiadbench-5,3,inconclusive,
olympiadbench-5,4,python,
olympiadbench-5,5,neither,
olympiadbench-5,6,inconclusive,
olympiadbench-600,0,python,
olympiadbench-600,1,inconclusive,
olympiadbench-600,2,python,
olympiadbench-600,3,python,
olympiadbench-600,4,python,
olympiadbench-600,5,neither,
olympiadbench-600,6,python,
olympiadbench-600,7,python,
olympiadbench-601,0,lean,
olympiadbench-601,1,lean,
olympiadbench-601,10,python,
olympiadbench-601,2,python,
olympiadbench-601,3,inconclusive,
olympiadbench-601,4,python,
olympiadbench-601,5,python,
olympiadbench-601,6,python,
olympiadbench-601,7,inconclusive,
olympiadbench-601,8,inconclusive,
olympiadbench-601,9,python,
olympiadbench-602,0,inconclusive,
olympiadbench-602,1,python,
olympiadbench-602,2,python,
olympiadbench-602,3,neither,
olympiadbench-602,4,neither,
olympiadbench-602,5,python,
olympiadbench-602,6,python,
olympiadbench-602,7,python,
olympiadbench-602,8,python,
olympiadbench-603,0,inconclusive,
olympiadbench-603,1,lean,
olympiadbench-603,2,python,
olympiadbench-603,3,inconclusive,
olympiadbench-603,4,inconclusive,
olympiadbench-603,5,lean,
olympiadbench-603,6,inconclusive,
olympiadbench-603,7,inconclusive,
olympiadbench-603,8,lean,
olympiadbench-603,9,python,
olympiadbench-604,0,inconclusive,
olympiadbench-604,1,inconclusive,
olympiadbench-604,10,inconclusive,
olympiadbench-604,2,python,
olympiadbench-604,3,python,
olympiadbench-604,4,neither,
olympiadbench-604,5,python,
olympiadbench-604,6,inconclusive,
olympiadbench-604,7,python,
olympiadbench-604,8,python,
olympiadbench-604,9,python,
olympiadbench-605,0,inconclusive,
olympiadbench-605,1,python,
olympiadbench-605,2,python,
olympiadbench-605,3,python,
olympiadbench-605,4,python,
olympiadbench-605,5,python,
olympiadbench-605,6,python,
olympiadbench-606,0,python,
olympiadbench-606,1,python,
olympiadbench-606,2,python,
olympiadbench-606,3,python,
olympiadbench-606,4,python,
olympiadbench-606,5,inconclusive,
olympiadbench-607,0,python,
olympiadbench-607,1,inconclusive,
olympiadbench-607,10,python,
olympiadbench-607,2,python,
olympiadbench-607,3,python,
olympiadbench-607,4,python,
olympiadbench-607,5,python,
olympiadbench-607,6,inconclusive,
olympiadbench-607,7,python,
olympiadbench-607,8,python,
olympiadbench-607,9,python,
olympiadbench-608,0,inconclusive,
olympiadbench-608,1,python,
olympiadbench-608,2,python,
olympiadbench-608,3,python,
olympiadbench-608,4,neither,
olympiadbench-608,5,python,
olympiadbench-608,6,lean,
olympiadbench-608,7,python,
olympiadbench-609,0,inconclusive,
olympiadbench-609,1,lean,
olympiadbench-609,2,lean,
olympiadbench-609,3,lean,
olympiadbench-609,4,lean,
olympiadbench-609,5,lean,
olympiadbench-609,6,lean,
olympiadbench-609,7,lean,
olympiadbench-60,0,inconclusive,
olympiadbench-60,1,neither,
olympiadbench-60,2,neither,
olympiadbench-60,3,python,
olympiadbench-60,4,python,
olympiadbench-60,5,neither,
olympiadbench-610,0,neither,
olympiadbench-610,1,python,
olympiadbench-610,2,python,
olympiadbench-610,3,python,
olympiadbench-611,0,python,
olympiadbench-611,1,inconclusive,
olympiadbench-611,2,neither,
olympiadbench-611,3,tie,
olympiadbench-611,4,python,
olympiadbench-611,5,python,
olympiadbench-611,6,neither,
olympiadbench-611,7,lean,
olympiadbench-611,8,python,
olympiadbench-611,9,python,
olympiadbench-612,0,neither,
olympiadbench-612,1,inconclusive,
olympiadbench-612,2,lean,
olympiadbench-612,3,inconclusive,
olympiadbench-612,4,python,
olympiadbench-612,5,lean,
olympiadbench-612,6,neither,
olympiadbench-612,7,python,
olympiadbench-612,8,neither,
olympiadbench-612,9,inconclusive,
olympiadbench-613,0,python,
olympiadbench-613,1,python,
olympiadbench-613,2,python,
olympiadbench-613,3,python,
olympiadbench-613,4,python,
olympiadbench-613,5,python,
olympiadbench-614,0,inconclusive,
olympiadbench-614,1,inconclusive,
olympiadbench-614,2,python,
olympiadbench-614,3,python,
olympiadbench-615,0,python,
olympiadbench-615,1,python,
olympiadbench-615,10,python,
olympiadbench-615,11,inconclusive,
olympiadbench-615,12,inconclusive,
olympiadbench-615,13,python,
olympiadbench-615,14,python,
olympiadbench-615,15,python,
olympiadbench-615,16,python,
olympiadbench-615,17,python,
olympiadbench-615,18,lean,
olympiadbench-615,2,python,
olympiadbench-615,3,inconclusive,
olympiadbench-615,4,python,
olympiadbench-615,5,inconclusive,
olympiadbench-615,6,lean,
olympiadbench-615,7,inconclusive,
olympiadbench-615,8,inconclusive,
olympiadbench-615,9,python,
olympiadbench-616,0,python,
olympiadbench-616,1,python,
olympiadbench-616,2,python,
olympiadbench-616,3,python,
olympiadbench-616,4,python,
olympiadbench-617,0,python,
olympiadbench-617,1,inconclusive,
olympiadbench-617,2,python,
olympiadbench-617,3,python,
olympiadbench-617,4,python,
olympiadbench-617,5,python,
olympiadbench-617,6,python,
olympiadbench-617,7,python,
olympiadbench-618,0,inconclusive,
olympiadbench-618,1,lean,
olympiadbench-618,2,lean,
olympiadbench-618,3,python,
olympiadbench-618,4,python,
olympiadbench-618,5,python,
olympiadbench-618,6,python,
olympiadbench-618,7,python,
olympiadbench-619,0,inconclusive,
olympiadbench-619,1,inconclusive,
olympiadbench-619,10,inconclusive,
olympiadbench-619,11,inconclusive,
olympiadbench-619,12,python,
olympiadbench-619,13,neither,
olympiadbench-619,14,python,
olympiadbench-619,15,inconclusive,
olympiadbench-619,16,python,
olympiadbench-619,17,neither,
olympiadbench-619,18,python,
olympiadbench-619,19,python,
olympiadbench-619,2,python,
olympiadbench-619,3,inconclusive,
olympiadbench-619,4,python,
olympiadbench-619,5,inconclusive,
olympiadbench-619,6,inconclusive,
olympiadbench-619,7,neither,
olympiadbench-619,8,neither,
olympiadbench-619,9,lean,
olympiadbench-61,0,python,
olympiadbench-61,1,neither,
olympiadbench-61,10,python,
olympiadbench-61,11,python,
olympiadbench-61,2,python,
olympiadbench-61,3,inconclusive,
olympiadbench-61,4,python,
olympiadbench-61,5,neither,
olympiadbench-61,6,python,
olympiadbench-61,7,neither,
olympiadbench-61,8,inconclusive,
olympiadbench-61,9,python,
olympiadbench-620,0,lean,
olympiadbench-620,1,lean,
olympiadbench-620,2,lean,
olympiadbench-620,3,python,
olympiadbench-620,4,inconclusive,
olympiadbench-620,5,inconclusive,
olympiadbench-620,6,inconclusive,
olympiadbench-620,7,python,
olympiadbench-621,0,python,
olympiadbench-621,1,python,
olympiadbench-621,2,inconclusive,
olympiadbench-621,3,python,
olympiadbench-621,4,python,
olympiadbench-621,5,python,
olympiadbench-621,6,neither,
olympiadbench-621,7,inconclusive,
olympiadbench-622,0,inconclusive,
olympiadbench-622,1,inconclusive,
olympiadbench-622,2,python,
olympiadbench-622,3,inconclusive,
olympiadbench-622,4,python,
olympiadbench-622,5,inconclusive,
olympiadbench-622,6,python,
olympiadbench-622,7,python,
olympiadbench-622,8,python,
olympiadbench-623,0,inconclusive,
olympiadbench-623,1,inconclusive,
olympiadbench-623,2,neither,
olympiadbench-623,3,inconclusive,
olympiadbench-623,4,lean,
olympiadbench-623,5,inconclusive,
olympiadbench-623,6,inconclusive,
olympiadbench-624,0,inconclusive,
olympiadbench-624,1,inconclusive,
olympiadbench-624,2,python,
olympiadbench-624,3,inconclusive,
olympiadbench-624,4,neither,
olympiadbench-624,5,python,
olympiadbench-624,6,neither,
olympiadbench-624,7,python,
olympiadbench-625,0,inconclusive,
olympiadbench-625,1,python,
olympiadbench-625,2,python,
olympiadbench-625,3,python,
olympiadbench-625,4,neither,
olympiadbench-626,0,lean,
olympiadbench-626,1,lean,
olympiadbench-626,2,lean,
olympiadbench-626,3,python,
olympiadbench-626,4,python,
olympiadbench-626,5,inconclusive,
olympiadbench-626,6,python,
olympiadbench-626,7,python,
olympiadbench-626,8,python,
olympiadbench-627,0,python,
olympiadbench-627,1,inconclusive,
olympiadbench-627,2,python,
olympiadbench-627,3,python,
olympiadbench-627,4,python,
olympiadbench-627,5,python,
olympiadbench-628,0,inconclusive,
olympiadbench-628,1,python,
olympiadbench-628,2,python,
olympiadbench-628,3,python,
olympiadbench-628,4,lean,
olympiadbench-628,5,python,
olympiadbench-628,6,python,
olympiadbench-628,7,python,
olympiadbench-628,8,python,
olympiadbench-628,9,lean,
olympiadbench-629,0,inconclusive,
olympiadbench-629,1,inconclusive,
olympiadbench-629,10,python,
olympiadbench-629,11,python,
olympiadbench-629,12,python,
olympiadbench-629,13,python,
olympiadbench-629,2,python,
olympiadbench-629,3,python,
olympiadbench-629,4,python,
olympiadbench-629,5,python,
olympiadbench-629,6,tie,
olympiadbench-629,7,lean,
olympiadbench-629,8,python,
olympiadbench-629,9,python,
olympiadbench-62,0,python,
olympiadbench-62,1,python,
olympiadbench-62,2,neither,
olympiadbench-62,3,inconclusive,
olympiadbench-62,4,neither,
olympiadbench-62,5,inconclusive,
olympiadbench-62,6,python,
olympiadbench-62,7,python,
olympiadbench-62,8,neither,
olympiadbench-62,9,inconclusive,
olympiadbench-630,0,neither,
olympiadbench-630,1,lean,
olympiadbench-630,10,python,
olympiadbench-630,11,python,
olympiadbench-630,12,python,
olympiadbench-630,13,lean,
olympiadbench-630,14,python,
olympiadbench-630,15,python,
olympiadbench-630,16,python,
olympiadbench-630,17,python,
olympiadbench-630,18,python,
olympiadbench-630,2,lean,
olympiadbench-630,3,python,
olympiadbench-630,4,python,
olympiadbench-630,5,inconclusive,
olympiadbench-630,6,lean,
olympiadbench-630,7,lean,
olympiadbench-630,8,python,
olympiadbench-630,9,python,
olympiadbench-631,0,inconclusive,
olympiadbench-631,1,inconclusive,
olympiadbench-631,2,inconclusive,
olympiadbench-631,3,inconclusive,
olympiadbench-631,4,lean,
olympiadbench-631,5,inconclusive,
olympiadbench-631,6,inconclusive,
olympiadbench-631,7,lean,
olympiadbench-631,8,python,
olympiadbench-631,9,lean,
olympiadbench-632,0,python,
olympiadbench-632,1,python,
olympiadbench-632,2,lean,
olympiadbench-632,3,python,
olympiadbench-632,4,python,
olympiadbench-632,5,python,
olympiadbench-633,0,neither,
olympiadbench-633,1,lean,
olympiadbench-633,2,inconclusive,
olympiadbench-633,3,python,
olympiadbench-633,4,neither,
olympiadbench-633,5,python,
olympiadbench-633,6,python,
olympiadbench-633,7,python,
olympiadbench-633,8,python,
olympiadbench-634,0,python,
olympiadbench-634,1,python,
olympiadbench-634,2,python,
olympiadbench-634,3,python,
olympiadbench-634,4,python,
olympiadbench-634,5,python,
olympiadbench-634,6,python,
olympiadbench-635,0,,request_failed
olympiadbench-635,1,inconclusive,
olympiadbench-635,2,inconclusive,
olympiadbench-635,3,python,
olympiadbench-635,4,inconclusive,
olympiadbench-635,5,inconclusive,
olympiadbench-636,0,python,
olympiadbench-636,1,neither,
olympiadbench-636,2,python,
olympiadbench-636,3,python,
olympiadbench-636,4,python,
olympiadbench-636,5,python,
olympiadbench-636,6,python,
olympiadbench-637,0,python,
olympiadbench-637,1,python,
olympiadbench-637,2,inconclusive,
olympiadbench-637,3,tie,
olympiadbench-637,4,tie,
olympiadbench-637,5,python,
olympiadbench-637,6,python,
olympiadbench-637,7,python,
olympiadbench-638,0,python,
olympiadbench-638,1,inconclusive,
olympiadbench-638,2,python,
olympiadbench-638,3,inconclusive,
olympiadbench-638,4,inconclusive,
olympiadbench-638,5,python,
olympiadbench-638,6,inconclusive,
olympiadbench-638,7,lean,
olympiadbench-638,8,lean,
olympiadbench-639,0,neither,
olympiadbench-639,1,python,
olympiadbench-639,2,python,
olympiadbench-639,3,python,
olympiadbench-639,4,neither,
olympiadbench-639,5,python,
olympiadbench-639,6,python,
olympiadbench-639,7,python,
olympiadbench-63,0,inconclusive,
olympiadbench-63,1,neither,
olympiadbench-63,2,neither,
olympiadbench-63,3,python,
olympiadbench-63,4,inconclusive,
olympiadbench-63,5,neither,
olympiadbench-63,6,inconclusive,
olympiadbench-63,7,python,
olympiadbench-640,0,inconclusive,
olympiadbench-640,1,,request_failed
olympiadbench-640,2,lean,
olympiadbench-640,3,lean,
olympiadbench-641,0,inconclusive,
olympiadbench-641,1,python,
olympiadbench-641,2,python,
olympiadbench-641,3,python,
olympiadbench-641,4,python,
olympiadbench-641,5,python,
olympiadbench-641,6,python,
olympiadbench-641,7,python,
olympiadbench-642,0,neither,
olympiadbench-642,1,inconclusive,
olympiadbench-642,2,python,
olympiadbench-642,3,neither,
olympiadbench-642,4,python,
olympiadbench-643,0,inconclusive,
olympiadbench-643,1,python,
olympiadbench-643,2,python,
olympiadbench-643,3,inconclusive,
olympiadbench-643,4,python,
olympiadbench-643,5,inconclusive,
olympiadbench-643,6,python,
olympiadbench-643,7,python,
olympiadbench-643,8,inconclusive,
olympiadbench-643,9,python,
olympiadbench-644,0,lean,
olympiadbench-644,1,inconclusive,
olympiadbench-644,2,lean,
olympiadbench-644,3,lean,
olympiadbench-644,4,python,
olympiadbench-644,5,python,
olympiadbench-644,6,python,
olympiadbench-645,0,inconclusive,
olympiadbench-645,1,lean,
olympiadbench-645,10,python,
olympiadbench-645,11,inconclusive,
olympiadbench-645,12,inconclusive,
olympiadbench-645,2,inconclusive,
olympiadbench-645,3,inconclusive,
olympiadbench-645,4,python,
olympiadbench-645,5,python,
olympiadbench-645,6,python,
olympiadbench-645,7,inconclusive,
olympiadbench-645,8,python,
olympiadbench-645,9,inconclusive,
olympiadbench-646,0,neither,
olympiadbench-646,1,neither,
olympiadbench-646,2,neither,
olympiadbench-646,3,inconclusive,
olympiadbench-646,4,inconclusive,
olympiadbench-646,5,neither,
olympiadbench-646,6,neither,
olympiadbench-646,7,neither,
olympiadbench-647,0,inconclusive,
olympiadbench-647,1,neither,
olympiadbench-647,2,neither,
olympiadbench-647,3,python,
olympiadbench-647,4,python,
olympiadbench-647,5,inconclusive,
olympiadbench-648,0,neither,
olympiadbench-648,1,inconclusive,
olympiadbench-648,2,inconclusive,
olympiadbench-649,0,python,
olympiadbench-649,1,python,
olympiadbench-649,2,python,
olympiadbench-649,3,python,
olympiadbench-649,4,python,
olympiadbench-649,5,inconclusive,
olympiadbench-649,6,neither,
olympiadbench-649,7,neither,
olympiadbench-64,0,inconclusive,
olympiadbench-64,1,lean,
olympiadbench-64,2,inconclusive,
olympiadbench-64,3,python,
olympiadbench-64,4,python,
olympiadbench-650,0,inconclusive,
olympiadbench-650,1,neither,
olympiadbench-650,2,inconclusive,
olympiadbench-650,3,lean,
olympiadbench-650,4,inconclusive,
olympiadbench-650,5,neither,
olympiadbench-650,6,python,
olympiadbench-650,7,python,
olympiadbench-650,8,inconclusive,
olympiadbench-650,9,python,
olympiadbench-651,0,lean,
olympiadbench-651,1,lean,
olympiadbench-651,2,lean,
olympiadbench-651,3,lean,
olympiadbench-651,4,lean,
olympiadbench-651,5,lean,
olympiadbench-652,0,inconclusive,
olympiadbench-652,1,python,
olympiadbench-652,2,inconclusive,
olympiadbench-652,3,python,
olympiadbench-652,4,python,
olympiadbench-652,5,lean,
olympiadbench-653,0,lean,
olympiadbench-653,1,python,
olympiadbench-653,10,neither,
olympiadbench-653,11,lean,
olympiadbench-653,12,lean,
olympiadbench-653,13,lean,
olympiadbench-653,14,inconclusive,
olympiadbench-653,15,python,
olympiadbench-653,16,inconclusive,
olympiadbench-653,17,neither,
olympiadbench-653,18,inconclusive,
olympiadbench-653,19,python,
olympiadbench-653,2,inconclusive,
olympiadbench-653,20,python,
olympiadbench-653,3,inconclusive,
olympiadbench-653,4,lean,
olympiadbench-653,5,lean,
olympiadbench-653,6,lean,
olympiadbench-653,7,python,
olympiadbench-653,8,lean,
olympiadbench-653,9,lean,
olympiadbench-654,0,neither,
olympiadbench-654,1,python,
olympiadbench-654,2,lean,
olympiadbench-654,3,lean,
olympiadbench-655,0,inconclusive,
olympiadbench-655,1,inconclusive,
olympiadbench-655,10,python,
olympiadbench-655,2,inconclusive,
olympiadbench-655,3,python,
olympiadbench-655,4,lean,
olympiadbench-655,5,python,
olympiadbench-655,6,python,
olympiadbench-655,7,neither,
olympiadbench-655,8,neither,
olympiadbench-655,9,neither,
olympiadbench-656,0,inconclusive,
olympiadbench-656,1,inconclusive,
olympiadbench-656,2,inconclusive,
olympiadbench-656,3,python,
olympiadbench-656,4,python,
olympiadbench-656,5,python,
olympiadbench-656,6,python,
olympiadbench-657,0,inconclusive,
olympiadbench-657,1,neither,
olympiadbench-657,2,inconclusive,
olympiadbench-657,3,python,
olympiadbench-657,4,neither,
olympiadbench-658,0,inconclusive,
olympiadbench-658,1,inconclusive,
olympiadbench-658,2,python,
olympiadbench-658,3,python,
olympiadbench-658,4,python,
olympiadbench-658,5,lean,
olympiadbench-658,6,lean,
olympiadbench-659,0,inconclusive,
olympiadbench-659,1,python,
olympiadbench-659,2,python,
olympiadbench-659,3,inconclusive,
olympiadbench-659,4,neither,
olympiadbench-659,5,python,
olympiadbench-659,6,python,
olympiadbench-659,7,python,
olympiadbench-659,8,python,
olympiadbench-659,9,neither,
olympiadbench-65,0,inconclusive,
olympiadbench-65,1,python,
olympiadbench-65,2,python,
olympiadbench-65,3,python,
olympiadbench-65,4,python,
olympiadbench-65,5,python,
olympiadbench-660,0,python,
olympiadbench-660,1,inconclusive,
olympiadbench-660,10,neither,
olympiadbench-660,11,inconclusive,
olympiadbench-660,12,inconclusive,
olympiadbench-660,13,inconclusive,
olympiadbench-660,2,inconclusive,
olympiadbench-660,3,inconclusive,
olympiadbench-660,4,python,
olympiadbench-660,5,inconclusive,
olympiadbench-660,6,python,
olympiadbench-660,7,neither,
olympiadbench-660,8,neither,
olympiadbench-660,9,neither,
olympiadbench-661,0,inconclusive,
olympiadbench-661,1,inconclusive,
olympiadbench-661,2,lean,
olympiadbench-661,3,lean,
olympiadbench-661,4,lean,
olympiadbench-661,5,inconclusive,
olympiadbench-661,6,python,
olympiadbench-661,7,lean,
olympiadbench-662,0,python,
olympiadbench-662,1,inconclusive,
olympiadbench-662,2,,request_failed
olympiadbench-662,3,python,
olympiadbench-662,4,python,
olympiadbench-662,5,python,
olympiadbench-662,6,python,
olympiadbench-662,7,python,
olympiadbench-663,0,inconclusive,
olympiadbench-663,1,python,
olympiadbench-663,2,inconclusive,
olympiadbench-663,3,python,
olympiadbench-663,4,python,
olympiadbench-663,5,inconclusive,
olympiadbench-664,0,inconclusive,
olympiadbench-664,1,lean,
olympiadbench-664,2,lean,
olympiadbench-664,3,neither,
olympiadbench-664,4,lean,
olympiadbench-665,0,inconclusive,
olympiadbench-665,1,python,
olympiadbench-665,2,neither,
olympiadbench-665,3,neither,
olympiadbench-665,4,inconclusive,
olympiadbench-665,5,inconclusive,
olympiadbench-665,6,python,
olympiadbench-665,7,python,
olympiadbench-665,8,python,
olympiadbench-666,0,inconclusive,
olympiadbench-666,1,inconclusive,
olympiadbench-666,10,inconclusive,
olympiadbench-666,11,python,
olympiadbench-666,12,lean,
olympiadbench-666,13,python,
olympiadbench-666,14,python,
olympiadbench-666,15,python,
olympiadbench-666,16,python,
olympiadbench-666,17,python,
olympiadbench-666,18,python,
olympiadbench-666,19,python,
olympiadbench-666,2,inconclusive,
olympiadbench-666,20,python,
olympiadbench-666,3,python,
olympiadbench-666,4,inconclusive,
olympiadbench-666,5,neither,
olympiadbench-666,6,neither,
olympiadbench-666,7,neither,
olympiadbench-666,8,lean,
olympiadbench-666,9,neither,
olympiadbench-667,0,python,
olympiadbench-667,1,inconclusive,
olympiadbench-667,2,python,
olympiadbench-667,3,python,
olympiadbench-667,4,inconclusive,
olympiadbench-668,0,python,
olympiadbench-668,1,python,
olympiadbench-668,2,python,
olympiadbench-668,3,python,
olympiadbench-668,4,python,
olympiadbench-668,5,python,
olympiadbench-668,6,python,
olympiadbench-668,7,python,
olympiadbench-669,0,inconclusive,
olympiadbench-669,1,inconclusive,
olympiadbench-669,2,inconclusive,
olympiadbench-669,3,python,
olympiadbench-669,4,inconclusive,
olympiadbench-669,5,inconclusive,
olympiadbench-669,6,python,
olympiadbench-669,7,python,
olympiadbench-669,8,python,
olympiadbench-66,0,python,
olympiadbench-66,1,python,
olympiadbench-66,2,inconclusive,
olympiadbench-66,3,neither,
olympiadbench-66,4,python,
olympiadbench-66,5,python,
olympiadbench-66,6,python,
olympiadbench-66,7,python,
olympiadbench-670,0,inconclusive,
olympiadbench-670,1,python,
olympiadbench-670,2,python,
olympiadbench-670,3,inconclusive,
olympiadbench-670,4,inconclusive,
olympiadbench-670,5,python,
olympiadbench-671,0,inconclusive,
olympiadbench-671,1,inconclusive,
olympiadbench-671,2,inconclusive,
olympiadbench-671,3,python,
olympiadbench-671,4,python,
olympiadbench-671,5,python,
olympiadbench-671,6,python,
olympiadbench-672,0,python,
olympiadbench-672,1,python,
olympiadbench-673,0,inconclusive,
olympiadbench-673,1,lean,
olympiadbench-673,10,python,
olympiadbench-673,2,lean,
olympiadbench-673,3,inconclusive,
olympiadbench-673,4,python,
olympiadbench-673,5,python,
olympiadbench-673,6,lean,
olympiadbench-673,7,inconclusive,
olympiadbench-673,8,python,
olympiadbench-673,9,inconclusive,
olympiadbench-674,0,inconclusive,
olympiadbench-674,1,python,
olympiadbench-674,10,python,
olympiadbench-674,2,neither,
olympiadbench-674,3,inconclusive,
olympiadbench-674,4,python,
olympiadbench-674,5,python,
olympiadbench-674,6,inconclusive,
olympiadbench-674,7,python,
olympiadbench-674,8,python,
olympiadbench-674,9,python,
olympiadbench-675,0,tie,
olympiadbench-675,1,python,
olympiadbench-675,2,python,
olympiadbench-675,3,neither,
olympiadbench-675,4,python,
olympiadbench-675,5,neither,
olympiadbench-675,6,python,
olympiadbench-676,0,python,
olympiadbench-676,1,inconclusive,
olympiadbench-676,2,inconclusive,
olympiadbench-676,3,python,
olympiadbench-676,4,python,
olympiadbench-676,5,python,
olympiadbench-676,6,python,
olympiadbench-676,7,lean,
olympiadbench-677,0,inconclusive,
olympiadbench-677,1,neither,
olympiadbench-677,2,inconclusive,
olympiadbench-677,3,neither,
olympiadbench-677,4,python,
olympiadbench-678,0,inconclusive,
olympiadbench-678,1,inconclusive,
olympiadbench-678,2,lean,
olympiadbench-678,3,python,
olympiadbench-678,4,python,
olympiadbench-678,5,lean,
olympiadbench-678,6,python,
olympiadbench-678,7,python,
olympiadbench-678,8,python,
olympiadbench-679,0,inconclusive,
olympiadbench-679,1,inconclusive,
olympiadbench-679,10,lean,
olympiadbench-679,11,python,
olympiadbench-679,2,python,
olympiadbench-679,3,neither,
olympiadbench-679,4,inconclusive,
olympiadbench-679,5,lean,
olympiadbench-679,6,lean,
olympiadbench-679,7,lean,
olympiadbench-679,8,inconclusive,
olympiadbench-679,9,lean,
olympiadbench-67,0,inconclusive,
olympiadbench-67,1,python,
olympiadbench-67,2,neither,
olympiadbench-67,3,python,
olympiadbench-680,0,inconclusive,
olympiadbench-680,1,inconclusive,
olympiadbench-680,2,python,
olympiadbench-680,3,python,
olympiadbench-680,4,python,
olympiadbench-680,5,python,
olympiadbench-680,6,python,
olympiadbench-680,7,python,
olympiadbench-680,8,python,
olympiadbench-681,0,inconclusive,
olympiadbench-681,1,lean,
olympiadbench-681,2,lean,
olympiadbench-681,3,inconclusive,
olympiadbench-681,4,python,
olympiadbench-681,5,python,
olympiadbench-681,6,python,
olympiadbench-681,7,lean,
olympiadbench-681,8,inconclusive,
olympiadbench-682,0,inconclusive,
olympiadbench-682,1,inconclusive,
olympiadbench-682,2,neither,
olympiadbench-682,3,python,
olympiadbench-682,4,python,
olympiadbench-682,5,python,
olympiadbench-683,0,neither,
olympiadbench-683,1,python,
olympiadbench-683,10,neither,
olympiadbench-683,11,python,
olympiadbench-683,2,python,
olympiadbench-683,3,inconclusive,
olympiadbench-683,4,inconclusive,
olympiadbench-683,5,neither,
olympiadbench-683,6,neither,
olympiadbench-683,7,inconclusive,
olympiadbench-683,8,python,
olympiadbench-683,9,python,
olympiadbench-684,0,inconclusive,
olympiadbench-684,1,python,
olympiadbench-684,2,python,
olympiadbench-684,3,python,
olympiadbench-684,4,lean,
olympiadbench-685,0,inconclusive,
olympiadbench-685,1,lean,
olympiadbench-685,2,lean,
olympiadbench-685,3,lean,
olympiadbench-685,4,inconclusive,
olympiadbench-685,5,python,
olympiadbench-685,6,neither,
olympiadbench-685,7,inconclusive,
olympiadbench-685,8,lean,
olympiadbench-685,9,python,
olympiadbench-686,0,inconclusive,
olympiadbench-686,1,inconclusive,
olympiadbench-686,10,lean,
olympiadbench-686,11,inconclusive,
olympiadbench-686,12,python,
olympiadbench-686,13,python,
olympiadbench-686,14,python,
olympiadbench-686,15,inconclusive,
olympiadbench-686,2,lean,
olympiadbench-686,3,lean,
olympiadbench-686,4,lean,
olympiadbench-686,5,lean,
olympiadbench-686,6,lean,
olympiadbench-686,7,python,
olympiadbench-686,8,python,
olympiadbench-686,9,python,
olympiadbench-687,0,inconclusive,
olympiadbench-687,1,inconclusive,
olympiadbench-687,10,neither,
olympiadbench-687,11,inconclusive,
olympiadbench-687,12,inconclusive,
olympiadbench-687,2,python,
olympiadbench-687,3,neither,
olympiadbench-687,4,neither,
olympiadbench-687,5,python,
olympiadbench-687,6,python,
olympiadbench-687,7,inconclusive,
olympiadbench-687,8,neither,
olympiadbench-687,9,inconclusive,
olympiadbench-688,0,python,
olympiadbench-688,1,python,
olympiadbench-688,2,neither,
olympiadbench-688,3,neither,
olympiadbench-688,4,inconclusive,
olympiadbench-689,0,neither,
olympiadbench-689,1,neither,
olympiadbench-689,2,inconclusive,
olympiadbench-689,3,inconclusive,
olympiadbench-689,4,lean,
olympiadbench-689,5,inconclusive,
olympiadbench-689,6,python,
olympiadbench-689,7,python,
olympiadbench-689,8,lean,
olympiadbench-68,0,inconclusive,
olympiadbench-68,1,python,
olympiadbench-68,2,inconclusive,
olympiadbench-68,3,neither,
olympiadbench-68,4,python,
olympiadbench-68,5,inconclusive,
olympiadbench-690,0,inconclusive,
olympiadbench-690,1,inconclusive,
olympiadbench-690,10,python,
olympiadbench-690,11,python,
olympiadbench-690,2,lean,
olympiadbench-690,3,lean,
olympiadbench-690,4,lean,
olympiadbench-690,5,lean,
olympiadbench-690,6,python,
olympiadbench-690,7,python,
olympiadbench-690,8,inconclusive,
olympiadbench-690,9,python,
olympiadbench-691,0,inconclusive,
olympiadbench-691,1,inconclusive,
olympiadbench-691,2,python,
olympiadbench-691,3,python,
olympiadbench-691,4,inconclusive,
olympiadbench-691,5,python,
olympiadbench-691,6,neither,
olympiadbench-691,7,neither,
olympiadbench-691,8,python,
olympiadbench-692,0,lean,
olympiadbench-692,1,inconclusive,
olympiadbench-692,2,python,
olympiadbench-692,3,inconclusive,
olympiadbench-692,4,python,
olympiadbench-692,5,python,
olympiadbench-692,6,python,
olympiadbench-692,7,python,
olympiadbench-692,8,python,
olympiadbench-693,0,inconclusive,
olympiadbench-693,1,python,
olympiadbench-693,10,inconclusive,
olympiadbench-693,11,neither,
olympiadbench-693,12,inconclusive,
olympiadbench-693,13,inconclusive,
olympiadbench-693,14,inconclusive,
olympiadbench-693,15,inconclusive,
olympiadbench-693,16,inconclusive,
olympiadbench-693,17,inconclusive,
olympiadbench-693,18,inconclusive,
olympiadbench-693,19,neither,
olympiadbench-693,2,neither,
olympiadbench-693,3,inconclusive,
olympiadbench-693,4,neither,
olympiadbench-693,5,python,
olympiadbench-693,6,inconclusive,
olympiadbench-693,7,inconclusive,
olympiadbench-693,8,inconclusive,
olympiadbench-693,9,inconclusive,
olympiadbench-694,0,inconclusive,
olympiadbench-694,1,python,
olympiadbench-694,10,inconclusive,
olympiadbench-694,11,python,
olympiadbench-694,2,python,
olympiadbench-694,3,inconclusive,
olympiadbench-694,4,python,
olympiadbench-694,5,python,
olympiadbench-694,6,python,
olympiadbench-694,7,neither,
olympiadbench-694,8,inconclusive,
olympiadbench-694,9,python,
olympiadbench-695,0,neither,
olympiadbench-695,1,python,
olympiadbench-695,2,python,
olympiadbench-695,3,python,
olympiadbench-695,4,python,
olympiadbench-695,5,python,
olympiadbench-696,0,inconclusive,
olympiadbench-696,1,inconclusive,
olympiadbench-696,2,inconclusive,
olympiadbench-696,3,python,
olympiadbench-696,4,python,
olympiadbench-696,5,inconclusive,
olympiadbench-696,6,python,
olympiadbench-697,0,inconclusive,
olympiadbench-697,1,python,
olympiadbench-697,2,python,
olympiadbench-697,3,inconclusive,
olympiadbench-697,4,python,
olympiadbench-697,5,neither,
olympiadbench-698,0,neither,
olympiadbench-698,1,lean,
olympiadbench-698,2,python,
olympiadbench-698,3,inconclusive,
olympiadbench-698,4,neither,
olympiadbench-698,5,inconclusive,
olympiadbench-699,0,python,
olympiadbench-699,1,python,
olympiadbench-699,2,python,
olympiadbench-699,3,python,
olympiadbench-69,0,inconclusive,
olympiadbench-69,1,python,
olympiadbench-69,2,inconclusive,
olympiadbench-69,3,inconclusive,
olympiadbench-69,4,inconclusive,
olympiadbench-69,5,python,
olympiadbench-69,6,python,
olympiadbench-69,7,python,
olympiadbench-69,8,lean,
olympiadbench-69,9,neither,
olympiadbench-6,0,python,
olympiadbench-6,1,lean,
olympiadbench-6,2,python,
olympiadbench-6,3,lean,
olympiadbench-6,4,python,
olympiadbench-6,5,neither,
olympiadbench-700,0,inconclusive,
olympiadbench-700,1,python,
olympiadbench-700,2,neither,
olympiadbench-700,3,inconclusive,
olympiadbench-700,4,neither,
olympiadbench-700,5,inconclusive,
olympiadbench-700,6,python,
olympiadbench-700,7,python,
olympiadbench-700,8,neither,
olympiadbench-701,0,python,
olympiadbench-701,1,inconclusive,
olympiadbench-701,2,inconclusive,
olympiadbench-701,3,inconclusive,
olympiadbench-701,4,inconclusive,
olympiadbench-701,5,python,
olympiadbench-702,0,python,
olympiadbench-702,1,python,
olympiadbench-702,10,python,
olympiadbench-702,11,python,
olympiadbench-702,2,python,
olympiadbench-702,3,python,
olympiadbench-702,4,lean,
olympiadbench-702,5,python,
olympiadbench-702,6,python,
olympiadbench-702,7,python,
olympiadbench-702,8,python,
olympiadbench-702,9,python,
olympiadbench-703,0,python,
olympiadbench-703,1,lean,
olympiadbench-703,10,neither,
olympiadbench-703,11,inconclusive,
olympiadbench-703,12,inconclusive,
olympiadbench-703,13,python,
olympiadbench-703,14,python,
olympiadbench-703,15,python,
olympiadbench-703,16,python,
olympiadbench-703,17,python,
olympiadbench-703,18,python,
olympiadbench-703,19,python,
olympiadbench-703,2,lean,
olympiadbench-703,20,python,
olympiadbench-703,21,python,
olympiadbench-703,22,python,
olympiadbench-703,23,lean,
olympiadbench-703,24,inconclusive,
olympiadbench-703,25,neither,
olympiadbench-703,26,lean,
olympiadbench-703,27,lean,
olympiadbench-703,3,lean,
olympiadbench-703,4,python,
olympiadbench-703,5,lean,
olympiadbench-703,6,python,
olympiadbench-703,7,lean,
olympiadbench-703,8,python,
olympiadbench-703,9,python,
olympiadbench-704,0,python,
olympiadbench-704,1,neither,
olympiadbench-704,2,inconclusive,
olympiadbench-704,3,inconclusive,
olympiadbench-704,4,python,
olympiadbench-704,5,python,
olympiadbench-704,6,python,
olympiadbench-704,7,python,
olympiadbench-704,8,python,
olympiadbench-705,0,inconclusive,
olympiadbench-705,1,python,
olympiadbench-705,2,python,
olympiadbench-706,0,python,
olympiadbench-706,1,inconclusive,
olympiadbench-706,2,neither,
olympiadbench-706,3,inconclusive,
olympiadbench-706,4,inconclusive,
olympiadbench-706,5,neither,
olympiadbench-706,6,python,
olympiadbench-706,7,lean,
olympiadbench-706,8,python,
olympiadbench-706,9,lean,
olympiadbench-707,0,inconclusive,
olympiadbench-707,1,python,
olympiadbench-707,2,python,
olympiadbench-707,3,neither,
olympiadbench-707,4,python,
olympiadbench-708,0,inconclusive,
olympiadbench-708,1,lean,
olympiadbench-708,2,lean,
olympiadbench-708,3,lean,
olympiadbench-708,4,lean,
olympiadbench-708,5,python,
olympiadbench-708,6,lean,
olympiadbench-708,7,lean,
olympiadbench-708,8,python,
olympiadbench-709,0,inconclusive,
olympiadbench-709,1,inconclusive,
olympiadbench-709,2,lean,
olympiadbench-709,3,lean,
olympiadbench-709,4,inconclusive,
olympiadbench-70,0,lean,
olympiadbench-70,1,lean,
olympiadbench-70,10,inconclusive,
olympiadbench-70,2,lean,
olympiadbench-70,3,python,
olympiadbench-70,4,lean,
olympiadbench-70,5,python,
olympiadbench-70,6,python,
olympiadbench-70,7,python,
olympiadbench-70,8,python,
olympiadbench-70,9,inconclusive,
olympiadbench-710,0,inconclusive,
olympiadbench-710,1,inconclusive,
olympiadbench-710,2,inconclusive,
olympiadbench-710,3,neither,
olympiadbench-710,4,inconclusive,
olympiadbench-711,0,lean,
olympiadbench-711,1,neither,
olympiadbench-711,2,python,
olympiadbench-711,3,python,
olympiadbench-711,4,python,
olympiadbench-711,5,lean,
olympiadbench-712,0,python,
olympiadbench-712,1,lean,
olympiadbench-712,2,python,
olympiadbench-712,3,python,
olympiadbench-713,0,inconclusive,
olympiadbench-713,1,inconclusive,
olympiadbench-713,2,neither,
olympiadbench-713,3,neither,
olympiadbench-713,4,lean,
olympiadbench-713,5,neither,
olympiadbench-713,6,python,
olympiadbench-713,7,python,
olympiadbench-713,8,python,
olympiadbench-714,0,python,
olympiadbench-714,1,python,
olympiadbench-714,10,lean,
olympiadbench-714,11,lean,
olympiadbench-714,12,python,
olympiadbench-714,13,python,
olympiadbench-714,14,python,
olympiadbench-714,2,lean,
olympiadbench-714,3,python,
olympiadbench-714,4,lean,
olympiadbench-714,5,python,
olympiadbench-714,6,python,
olympiadbench-714,7,inconclusive,
olympiadbench-714,8,lean,
olympiadbench-714,9,lean,
olympiadbench-715,0,inconclusive,
olympiadbench-715,1,inconclusive,
olympiadbench-715,2,inconclusive,
olympiadbench-715,3,inconclusive,
olympiadbench-715,4,lean,
olympiadbench-715,5,python,
olympiadbench-715,6,python,
olympiadbench-716,0,python,
olympiadbench-716,1,lean,
olympiadbench-716,10,inconclusive,
olympiadbench-716,11,lean,
olympiadbench-716,12,python,
olympiadbench-716,13,python,
olympiadbench-716,14,python,
olympiadbench-716,2,python,
olympiadbench-716,3,python,
olympiadbench-716,4,python,
olympiadbench-716,5,neither,
olympiadbench-716,6,python,
olympiadbench-716,7,neither,
olympiadbench-716,8,lean,
olympiadbench-716,9,python,
olympiadbench-717,0,python,
olympiadbench-717,1,python,
olympiadbench-717,2,lean,
olympiadbench-717,3,lean,
olympiadbench-717,4,python,
olympiadbench-717,5,python,
olympiadbench-717,6,python,
olympiadbench-717,7,python,
olympiadbench-718,0,inconclusive,
olympiadbench-718,1,python,
olympiadbench-718,2,inconclusive,
olympiadbench-718,3,python,
olympiadbench-718,4,python,
olympiadbench-718,5,inconclusive,
olympiadbench-718,6,python,
olympiadbench-718,7,python,
olympiadbench-718,8,python,
olympiadbench-719,0,python,
olympiadbench-719,1,python,
olympiadbench-719,2,python,
olympiadbench-719,3,python,
olympiadbench-71,0,inconclusive,
olympiadbench-71,1,neither,
olympiadbench-71,10,python,
olympiadbench-71,2,python,
olympiadbench-71,3,inconclusive,
olympiadbench-71,4,inconclusive,
olympiadbench-71,5,neither,
olympiadbench-71,6,inconclusive,
olympiadbench-71,7,python,
olympiadbench-71,8,python,
olympiadbench-71,9,python,
olympiadbench-720,0,inconclusive,
olympiadbench-720,1,lean,
olympiadbench-720,10,python,
olympiadbench-720,11,python,
olympiadbench-720,12,python,
olympiadbench-720,2,python,
olympiadbench-720,3,python,
olympiadbench-720,4,python,
olympiadbench-720,5,neither,
olympiadbench-720,6,python,
olympiadbench-720,7,inconclusive,
olympiadbench-720,8,python,
olympiadbench-720,9,python,
olympiadbench-721,0,neither,
olympiadbench-721,1,inconclusive,
olympiadbench-721,2,python,
olympiadbench-721,3,inconclusive,
olympiadbench-721,4,python,
olympiadbench-722,0,inconclusive,
olympiadbench-722,1,inconclusive,
olympiadbench-722,2,inconclusive,
olympiadbench-722,3,inconclusive,
olympiadbench-722,4,python,
olympiadbench-722,5,inconclusive,
olympiadbench-722,6,lean,
olympiadbench-722,7,inconclusive,
olympiadbench-722,8,neither,
olympiadbench-722,9,inconclusive,
olympiadbench-723,0,lean,
olympiadbench-723,1,python,
olympiadbench-723,2,neither,
olympiadbench-723,3,inconclusive,
olympiadbench-723,4,inconclusive,
olympiadbench-723,5,python,
olympiadbench-723,6,neither,
olympiadbench-723,7,neither,
olympiadbench-724,0,python,
olympiadbench-724,1,python,
olympiadbench-725,0,inconclusive,
olympiadbench-725,1,python,
olympiadbench-725,2,python,
olympiadbench-725,3,inconclusive,
olympiadbench-725,4,python,
olympiadbench-725,5,inconclusive,
olympiadbench-725,6,python,
olympiadbench-725,7,lean,
olympiadbench-726,0,inconclusive,
olympiadbench-726,1,inconclusive,
olympiadbench-726,2,neither,
olympiadbench-726,3,neither,
olympiadbench-726,4,neither,
olympiadbench-726,5,python,
olympiadbench-726,6,neither,
olympiadbench-727,0,inconclusive,
olympiadbench-727,1,python,
olympiadbench-727,2,python,
olympiadbench-727,3,lean,
olympiadbench-727,4,python,
olympiadbench-727,5,python,
olympiadbench-727,6,python,
olympiadbench-728,0,inconclusive,
olympiadbench-728,1,inconclusive,
olympiadbench-728,2,neither,
olympiadbench-728,3,python,
olympiadbench-728,4,python,
olympiadbench-728,5,inconclusive,
olympiadbench-729,0,python,
olympiadbench-729,1,python,
olympiadbench-729,2,inconclusive,
olympiadbench-729,3,python,
olympiadbench-729,4,inconclusive,
olympiadbench-72,0,inconclusive,
olympiadbench-72,1,python,
olympiadbench-72,2,inconclusive,
olympiadbench-72,3,python,
olympiadbench-72,4,neither,
olympiadbench-730,0,inconclusive,
olympiadbench-730,1,python,
olympiadbench-730,2,python,
olympiadbench-730,3,python,
olympiadbench-731,0,python,
olympiadbench-731,1,python,
olympiadbench-731,2,lean,
olympiadbench-731,3,python,
olympiadbench-731,4,python,
olympiadbench-731,5,tie,
olympiadbench-731,6,python,
olympiadbench-732,0,python,
olympiadbench-732,1,tie,
olympiadbench-732,2,inconclusive,
olympiadbench-732,3,python,
olympiadbench-732,4,python,
olympiadbench-732,5,python,
olympiadbench-732,6,python,
olympiadbench-732,7,python,
olympiadbench-733,0,inconclusive,
olympiadbench-733,1,python,
olympiadbench-733,2,python,
olympiadbench-733,3,python,
olympiadbench-734,0,inconclusive,
olympiadbench-734,1,inconclusive,
olympiadbench-734,2,inconclusive,
olympiadbench-734,3,neither,
olympiadbench-734,4,inconclusive,
olympiadbench-734,5,python,
olympiadbench-734,6,python,
olympiadbench-734,7,inconclusive,
olympiadbench-734,8,python,
olympiadbench-735,0,lean,
olympiadbench-735,1,lean,
olympiadbench-735,2,lean,
olympiadbench-735,3,lean,
olympiadbench-735,4,inconclusive,
olympiadbench-735,5,lean,
olympiadbench-735,6,lean,
olympiadbench-736,0,python,
olympiadbench-736,1,inconclusive,
olympiadbench-736,2,python,
olympiadbench-736,3,python,
olympiadbench-736,4,inconclusive,
olympiadbench-736,5,neither,
olympiadbench-736,6,inconclusive,
olympiadbench-736,7,neither,
olympiadbench-737,0,neither,
olympiadbench-737,1,python,
olympiadbench-737,2,lean,
olympiadbench-737,3,inconclusive,
olympiadbench-737,4,python,
olympiadbench-737,5,python,
olympiadbench-737,6,python,
olympiadbench-737,7,python,
olympiadbench-737,8,lean,
olympiadbench-738,0,python,
olympiadbench-738,1,lean,
olympiadbench-738,2,python,
olympiadbench-738,3,python,
olympiadbench-738,4,python,
olympiadbench-738,5,python,
olympiadbench-739,0,inconclusive,
olympiadbench-739,1,neither,
olympiadbench-739,2,neither,
olympiadbench-739,3,inconclusive,
olympiadbench-739,4,python,
olympiadbench-739,5,neither,
olympiadbench-739,6,neither,
olympiadbench-73,0,inconclusive,
olympiadbench-73,1,neither,
olympiadbench-73,10,inconclusive,
olympiadbench-73,2,lean,
olympiadbench-73,3,python,
olympiadbench-73,4,inconclusive,
olympiadbench-73,5,inconclusive,
olympiadbench-73,6,inconclusive,
olympiadbench-73,7,python,
olympiadbench-73,8,lean,
olympiadbench-73,9,python,
olympiadbench-740,0,inconclusive,
olympiadbench-740,1,inconclusive,
olympiadbench-740,10,python,
olympiadbench-740,2,inconclusive,
olympiadbench-740,3,inconclusive,
olympiadbench-740,4,python,
olympiadbench-740,5,python,
olympiadbench-740,6,python,
olympiadbench-740,7,python,
olympiadbench-740,8,python,
olympiadbench-740,9,python,
olympiadbench-741,0,python,
olympiadbench-741,1,lean,
olympiadbench-741,10,inconclusive,
olympiadbench-741,11,python,
olympiadbench-741,12,python,
olympiadbench-741,13,inconclusive,
olympiadbench-741,14,python,
olympiadbench-741,15,python,
olympiadbench-741,16,python,
olympiadbench-741,17,python,
olympiadbench-741,18,python,
olympiadbench-741,19,python,
olympiadbench-741,2,neither,
olympiadbench-741,20,tie,
olympiadbench-741,3,inconclusive,
olympiadbench-741,4,python,
olympiadbench-741,5,inconclusive,
olympiadbench-741,6,inconclusive,
olympiadbench-741,7,python,
olympiadbench-741,8,python,
olympiadbench-741,9,inconclusive,
olympiadbench-742,0,inconclusive,
olympiadbench-742,1,inconclusive,
olympiadbench-742,2,inconclusive,
olympiadbench-742,3,python,
olympiadbench-742,4,inconclusive,
olympiadbench-742,5,inconclusive,
olympiadbench-742,6,python,
olympiadbench-742,7,python,
olympiadbench-742,8,python,
olympiadbench-743,0,python,
olympiadbench-743,1,python,
olympiadbench-743,2,python,
olympiadbench-743,3,lean,
olympiadbench-743,4,python,
olympiadbench-743,5,python,
olympiadbench-744,0,inconclusive,
olympiadbench-744,1,python,
olympiadbench-744,2,inconclusive,
olympiadbench-744,3,python,
olympiadbench-744,4,python,
olympiadbench-744,5,neither,
olympiadbench-744,6,python,
olympiadbench-744,7,neither,
olympiadbench-745,0,inconclusive,
olympiadbench-745,1,python,
olympiadbench-745,10,python,
olympiadbench-745,11,inconclusive,
olympiadbench-745,12,python,
olympiadbench-745,13,python,
olympiadbench-745,14,python,
olympiadbench-745,15,python,
olympiadbench-745,16,neither,
olympiadbench-745,2,python,
olympiadbench-745,3,inconclusive,
olympiadbench-745,4,inconclusive,
olympiadbench-745,5,neither,
olympiadbench-745,6,python,
olympiadbench-745,7,python,
olympiadbench-745,8,neither,
olympiadbench-745,9,python,
olympiadbench-746,0,inconclusive,
olympiadbench-746,1,inconclusive,
olympiadbench-746,2,python,
olympiadbench-746,3,python,
olympiadbench-746,4,python,
olympiadbench-746,5,lean,
olympiadbench-747,0,neither,
olympiadbench-747,1,neither,
olympiadbench-747,2,inconclusive,
olympiadbench-747,3,inconclusive,
olympiadbench-747,4,python,
olympiadbench-748,0,inconclusive,
olympiadbench-748,1,python,
olympiadbench-748,2,inconclusive,
olympiadbench-748,3,python,
olympiadbench-748,4,python,
olympiadbench-748,5,python,
olympiadbench-748,6,python,
olympiadbench-748,7,python,
olympiadbench-748,8,inconclusive,
olympiadbench-749,0,neither,
olympiadbench-749,1,inconclusive,
olympiadbench-749,10,lean,
olympiadbench-749,11,inconclusive,
olympiadbench-749,12,neither,
olympiadbench-749,13,python,
olympiadbench-749,14,python,
olympiadbench-749,15,python,
olympiadbench-749,2,inconclusive,
olympiadbench-749,3,neither,
olympiadbench-749,4,lean,
olympiadbench-749,5,python,
olympiadbench-749,6,python,
olympiadbench-749,7,lean,
olympiadbench-749,8,python,
olympiadbench-749,9,inconclusive,
olympiadbench-74,0,python,
olympiadbench-74,1,inconclusive,
olympiadbench-74,10,inconclusive,
olympiadbench-74,11,inconclusive,
olympiadbench-74,2,neither,
olympiadbench-74,3,python,
olympiadbench-74,4,neither,
olympiadbench-74,5,inconclusive,
olympiadbench-74,6,inconclusive,
olympiadbench-74,7,python,
olympiadbench-74,8,inconclusive,
olympiadbench-74,9,python,
olympiadbench-750,0,python,
olympiadbench-750,1,python,
olympiadbench-750,2,python,
olympiadbench-750,3,python,
olympiadbench-750,4,python,
olympiadbench-750,5,python,
olympiadbench-750,6,lean,
olympiadbench-750,7,lean,
olympiadbench-751,0,inconclusive,
olympiadbench-751,1,python,
olympiadbench-751,10,python,
olympiadbench-751,11,python,
olympiadbench-751,12,python,
olympiadbench-751,13,python,
olympiadbench-751,14,python,
olympiadbench-751,15,python,
olympiadbench-751,16,python,
olympiadbench-751,17,neither,
olympiadbench-751,18,python,
olympiadbench-751,19,python,
olympiadbench-751,2,neither,
olympiadbench-751,3,python,
olympiadbench-751,4,lean,
olympiadbench-751,5,lean,
olympiadbench-751,6,lean,
olympiadbench-751,7,python,
olympiadbench-751,8,python,
olympiadbench-751,9,python,
olympiadbench-752,0,inconclusive,
olympiadbench-752,1,python,
olympiadbench-752,10,python,
olympiadbench-752,11,python,
olympiadbench-752,12,python,
olympiadbench-752,13,python,
olympiadbench-752,14,python,
olympiadbench-752,15,python,
olympiadbench-752,16,python,
olympiadbench-752,17,python,
olympiadbench-752,18,python,
olympiadbench-752,19,python,
olympiadbench-752,2,python,
olympiadbench-752,20,python,
olympiadbench-752,21,inconclusive,
olympiadbench-752,3,python,
olympiadbench-752,4,python,
olympiadbench-752,5,python,
olympiadbench-752,6,python,
olympiadbench-752,7,python,
olympiadbench-752,8,python,
olympiadbench-752,9,python,
olympiadbench-753,0,python,
olympiadbench-753,1,python,
olympiadbench-753,10,python,
olympiadbench-753,11,python,
olympiadbench-753,12,python,
olympiadbench-753,13,python,
olympiadbench-753,14,python,
olympiadbench-753,15,python,
olympiadbench-753,16,inconclusive,
olympiadbench-753,17,python,
olympiadbench-753,18,python,
olympiadbench-753,19,python,
olympiadbench-753,2,python,
olympiadbench-753,20,inconclusive,
olympiadbench-753,21,python,
olympiadbench-753,22,python,
olympiadbench-753,23,python,
olympiadbench-753,24,python,
olympiadbench-753,25,neither,
olympiadbench-753,26,python,
olympiadbench-753,27,inconclusive,
olympiadbench-753,28,python,
olympiadbench-753,29,python,
olympiadbench-753,3,lean,
olympiadbench-753,30,python,
olympiadbench-753,31,python,
olympiadbench-753,32,python,
olympiadbench-753,33,python,
olympiadbench-753,34,python,
olympiadbench-753,4,neither,
olympiadbench-753,5,python,
olympiadbench-753,6,python,
olympiadbench-753,7,python,
olympiadbench-753,8,python,
olympiadbench-753,9,python,
olympiadbench-754,0,inconclusive,
olympiadbench-754,1,neither,
olympiadbench-754,2,inconclusive,
olympiadbench-754,3,inconclusive,
olympiadbench-755,0,inconclusive,
olympiadbench-755,1,inconclusive,
olympiadbench-755,10,inconclusive,
olympiadbench-755,11,inconclusive,
olympiadbench-755,2,lean,
olympiadbench-755,3,lean,
olympiadbench-755,4,python,
olympiadbench-755,5,neither,
olympiadbench-755,6,lean,
olympiadbench-755,7,inconclusive,
olympiadbench-755,8,python,
olympiadbench-755,9,neither,
olympiadbench-756,0,python,
olympiadbench-756,1,python,
olympiadbench-756,2,python,
olympiadbench-756,3,python,
olympiadbench-756,4,python,
olympiadbench-756,5,python,
olympiadbench-756,6,python,
olympiadbench-756,7,python,
olympiadbench-757,0,python,
olympiadbench-757,1,python,
olympiadbench-757,2,lean,
olympiadbench-757,3,lean,
olympiadbench-757,4,lean,
olympiadbench-757,5,lean,
olympiadbench-757,6,inconclusive,
olympiadbench-758,0,inconclusive,
olympiadbench-758,1,neither,
olympiadbench-758,2,neither,
olympiadbench-758,3,python,
olympiadbench-758,4,python,
olympiadbench-758,5,python,
olympiadbench-759,0,inconclusive,
olympiadbench-759,1,python,
olympiadbench-759,2,inconclusive,
olympiadbench-759,3,python,
olympiadbench-759,4,python,
olympiadbench-759,5,python,
olympiadbench-759,6,lean,
olympiadbench-759,7,lean,
olympiadbench-75,0,python,
olympiadbench-75,1,python,
olympiadbench-75,2,python,
olympiadbench-75,3,inconclusive,
olympiadbench-75,4,inconclusive,
olympiadbench-75,5,python,
olympiadbench-75,6,inconclusive,
olympiadbench-760,0,neither,
olympiadbench-760,1,python,
olympiadbench-760,2,python,
olympiadbench-760,3,python,
olympiadbench-760,4,python,
olympiadbench-761,0,inconclusive,
olympiadbench-761,1,inconclusive,
olympiadbench-761,2,lean,
olympiadbench-761,3,lean,
olympiadbench-761,4,python,
olympiadbench-761,5,lean,
olympiadbench-761,6,lean,
olympiadbench-761,7,python,
olympiadbench-762,0,python,
olympiadbench-762,1,python,
olympiadbench-762,2,python,
olympiadbench-762,3,python,
olympiadbench-762,4,python,
olympiadbench-763,0,inconclusive,
olympiadbench-763,1,inconclusive,
olympiadbench-763,10,inconclusive,
olympiadbench-763,11,,request_failed
olympiadbench-763,2,inconclusive,
olympiadbench-763,3,python,
olympiadbench-763,4,inconclusive,
olympiadbench-763,5,inconclusive,
olympiadbench-763,6,python,
olympiadbench-763,7,neither,
olympiadbench-763,8,lean,
olympiadbench-763,9,inconclusive,
olympiadbench-764,0,inconclusive,
olympiadbench-764,1,inconclusive,
olympiadbench-764,2,python,
olympiadbench-764,3,inconclusive,
olympiadbench-764,4,python,
olympiadbench-764,5,python,
olympiadbench-765,0,lean,
olympiadbench-765,1,python,
olympiadbench-765,2,inconclusive,
olympiadbench-765,3,lean,
olympiadbench-765,4,neither,
olympiadbench-765,5,python,
olympiadbench-765,6,python,
olympiadbench-766,0,neither,
olympiadbench-766,1,inconclusive,
olympiadbench-766,2,lean,
olympiadbench-766,3,lean,
olympiadbench-766,4,lean,
olympiadbench-766,5,lean,
olympiadbench-767,0,python,
olympiadbench-767,1,inconclusive,
olympiadbench-767,2,neither,
olympiadbench-767,3,inconclusive,
olympiadbench-768,0,python,
olympiadbench-768,1,lean,
olympiadbench-768,10,python,
olympiadbench-768,2,lean,
olympiadbench-768,3,lean,
olympiadbench-768,4,lean,
olympiadbench-768,5,python,
olympiadbench-768,6,python,
olympiadbench-768,7,lean,
olympiadbench-768,8,lean,
olympiadbench-768,9,python,
olympiadbench-769,0,inconclusive,
olympiadbench-769,1,inconclusive,
olympiadbench-769,10,inconclusive,
olympiadbench-769,11,python,
olympiadbench-769,12,neither,
olympiadbench-769,13,inconclusive,
olympiadbench-769,14,neither,
olympiadbench-769,2,inconclusive,
olympiadbench-769,3,lean,
olympiadbench-769,4,inconclusive,
olympiadbench-769,5,lean,
olympiadbench-769,6,inconclusive,
olympiadbench-769,7,python,
olympiadbench-769,8,,request_failed
olympiadbench-769,9,inconclusive,
olympiadbench-76,0,python,
olympiadbench-76,1,python,
olympiadbench-76,10,neither,
olympiadbench-76,11,python,
olympiadbench-76,12,python,
olympiadbench-76,13,inconclusive,
olympiadbench-76,2,inconclusive,
olympiadbench-76,3,inconclusive,
olympiadbench-76,4,python,
olympiadbench-76,5,lean,
olympiadbench-76,6,inconclusive,
olympiadbench-76,7,neither,
olympiadbench-76,8,python,
olympiadbench-76,9,inconclusive,
olympiadbench-770,0,python,
olympiadbench-770,1,tie,
olympiadbench-770,2,python,
olympiadbench-770,3,python,
olympiadbench-770,4,python,
olympiadbench-770,5,python,
olympiadbench-770,6,python,
olympiadbench-771,0,python,
olympiadbench-771,1,neither,
olympiadbench-771,2,python,
olympiadbench-771,3,inconclusive,
olympiadbench-771,4,python,
olympiadbench-771,5,python,
olympiadbench-771,6,python,
olympiadbench-772,0,python,
olympiadbench-772,1,neither,
olympiadbench-772,2,python,
olympiadbench-772,3,python,
olympiadbench-772,4,neither,
olympiadbench-772,5,inconclusive,
olympiadbench-772,6,python,
olympiadbench-773,0,lean,
olympiadbench-773,1,lean,
olympiadbench-773,2,inconclusive,
olympiadbench-773,3,lean,
olympiadbench-774,0,inconclusive,
olympiadbench-774,1,python,
olympiadbench-774,2,neither,
olympiadbench-774,3,inconclusive,
olympiadbench-774,4,python,
olympiadbench-774,5,python,
olympiadbench-775,0,neither,
olympiadbench-775,1,inconclusive,
olympiadbench-775,2,python,
olympiadbench-775,3,python,
olympiadbench-775,4,python,
olympiadbench-775,5,python,
olympiadbench-775,6,neither,
olympiadbench-775,7,neither,
olympiadbench-776,0,python,
olympiadbench-776,1,python,
olympiadbench-776,2,python,
olympiadbench-776,3,python,
olympiadbench-776,4,python,
olympiadbench-777,0,python,
olympiadbench-777,1,inconclusive,
olympiadbench-777,10,python,
olympiadbench-777,11,python,
olympiadbench-777,12,python,
olympiadbench-777,13,python,
olympiadbench-777,14,python,
olympiadbench-777,15,python,
olympiadbench-777,16,python,
olympiadbench-777,17,python,
olympiadbench-777,2,python,
olympiadbench-777,3,python,
olympiadbench-777,4,python,
olympiadbench-777,5,python,
olympiadbench-777,6,python,
olympiadbench-777,7,lean,
olympiadbench-777,8,inconclusive,
olympiadbench-777,9,inconclusive,
olympiadbench-778,0,python,
olympiadbench-778,1,lean,
olympiadbench-778,2,python,
olympiadbench-778,3,python,
olympiadbench-778,4,lean,
olympiadbench-778,5,python,
olympiadbench-779,0,lean,
olympiadbench-779,1,neither,
olympiadbench-779,2,python,
olympiadbench-779,3,python,
olympiadbench-779,4,lean,
olympiadbench-779,5,python,
olympiadbench-779,6,python,
olympiadbench-779,7,python,
olympiadbench-779,8,python,
olympiadbench-77,0,python,
olympiadbench-77,1,python,
olympiadbench-77,2,python,
olympiadbench-77,3,neither,
olympiadbench-77,4,neither,
olympiadbench-77,5,neither,
olympiadbench-77,6,neither,
olympiadbench-77,7,neither,
olympiadbench-77,8,inconclusive,
olympiadbench-77,9,python,
olympiadbench-780,0,inconclusive,
olympiadbench-780,1,python,
olympiadbench-780,10,inconclusive,
olympiadbench-780,11,inconclusive,
olympiadbench-780,2,inconclusive,
olympiadbench-780,3,python,
olympiadbench-780,4,python,
olympiadbench-780,5,python,
olympiadbench-780,6,python,
olympiadbench-780,7,python,
olympiadbench-780,8,python,
olympiadbench-780,9,lean,
olympiadbench-781,0,lean,
olympiadbench-781,1,python,
olympiadbench-781,2,python,
olympiadbench-781,3,python,
olympiadbench-781,4,python,
olympiadbench-782,0,inconclusive,
olympiadbench-782,1,lean,
olympiadbench-782,2,inconclusive,
olympiadbench-782,3,python,
olympiadbench-782,4,lean,
olympiadbench-782,5,neither,
olympiadbench-782,6,inconclusive,
olympiadbench-782,7,inconclusive,
olympiadbench-783,0,lean,
olympiadbench-783,1,lean,
olympiadbench-783,2,python,
olympiadbench-783,3,lean,
olympiadbench-783,4,python,
olympiadbench-783,5,inconclusive,
olympiadbench-783,6,python,
olympiadbench-783,7,python,
olympiadbench-783,8,python,
olympiadbench-784,0,inconclusive,
olympiadbench-784,1,inconclusive,
olympiadbench-784,2,lean,
olympiadbench-784,3,neither,
olympiadbench-784,4,python,
olympiadbench-784,5,inconclusive,
olympiadbench-784,6,neither,
olympiadbench-784,7,python,
olympiadbench-784,8,lean,
olympiadbench-785,0,inconclusive,
olympiadbench-785,1,inconclusive,
olympiadbench-785,2,lean,
olympiadbench-785,3,lean,
olympiadbench-785,4,lean,
olympiadbench-786,0,inconclusive,
olympiadbench-786,1,lean,
olympiadbench-786,2,lean,
olympiadbench-786,3,python,
olympiadbench-786,4,python,
olympiadbench-786,5,python,
olympiadbench-786,6,lean,
olympiadbench-787,0,python,
olympiadbench-787,1,lean,
olympiadbench-787,10,python,
olympiadbench-787,11,python,
olympiadbench-787,12,python,
olympiadbench-787,13,python,
olympiadbench-787,14,python,
olympiadbench-787,15,python,
olympiadbench-787,16,python,
olympiadbench-787,17,python,
olympiadbench-787,18,python,
olympiadbench-787,19,python,
olympiadbench-787,2,inconclusive,
olympiadbench-787,20,python,
olympiadbench-787,21,neither,
olympiadbench-787,22,lean,
olympiadbench-787,23,python,
olympiadbench-787,24,python,
olympiadbench-787,25,python,
olympiadbench-787,3,inconclusive,
olympiadbench-787,4,neither,
olympiadbench-787,5,python,
olympiadbench-787,6,neither,
olympiadbench-787,7,inconclusive,
olympiadbench-787,8,python,
olympiadbench-787,9,inconclusive,
olympiadbench-788,0,inconclusive,
olympiadbench-788,1,python,
olympiadbench-788,2,python,
olympiadbench-788,3,python,
olympiadbench-788,4,python,
olympiadbench-788,5,inconclusive,
olympiadbench-789,0,inconclusive,
olympiadbench-789,1,inconclusive,
olympiadbench-789,10,inconclusive,
olympiadbench-789,11,inconclusive,
olympiadbench-789,2,python,
olympiadbench-789,3,python,
olympiadbench-789,4,python,
olympiadbench-789,5,python,
olympiadbench-789,6,inconclusive,
olympiadbench-789,7,inconclusive,
olympiadbench-789,8,inconclusive,
olympiadbench-789,9,python,
olympiadbench-78,0,inconclusive,
olympiadbench-78,1,lean,
olympiadbench-78,2,lean,
olympiadbench-78,3,neither,
olympiadbench-78,4,neither,
olympiadbench-78,5,python,
olympiadbench-78,6,python,
olympiadbench-78,7,python,
olympiadbench-790,0,python,
olympiadbench-790,1,tie,
olympiadbench-790,2,python,
olympiadbench-790,3,python,
olympiadbench-790,4,python,
olympiadbench-791,0,python,
olympiadbench-791,1,neither,
olympiadbench-791,2,inconclusive,
olympiadbench-791,3,neither,
olympiadbench-791,4,python,
olympiadbench-791,5,python,
olympiadbench-791,6,neither,
olympiadbench-792,0,inconclusive,
olympiadbench-792,1,python,
olympiadbench-792,2,python,
olympiadbench-792,3,python,
olympiadbench-792,4,neither,
olympiadbench-792,5,python,
olympiadbench-792,6,lean,
olympiadbench-792,7,inconclusive,
olympiadbench-792,8,neither,
olympiadbench-793,0,python,
olympiadbench-793,1,python,
olympiadbench-793,10,python,
olympiadbench-793,11,python,
olympiadbench-793,12,python,
olympiadbench-793,13,python,
olympiadbench-793,14,python,
olympiadbench-793,2,python,
olympiadbench-793,3,python,
olympiadbench-793,4,python,
olympiadbench-793,5,inconclusive,
olympiadbench-793,6,inconclusive,
olympiadbench-793,7,lean,
olympiadbench-793,8,python,
olympiadbench-793,9,neither,
olympiadbench-794,0,python,
olympiadbench-794,1,python,
olympiadbench-794,2,python,
olympiadbench-794,3,python,
olympiadbench-794,4,python,
olympiadbench-794,5,python,
olympiadbench-795,0,inconclusive,
olympiadbench-795,1,inconclusive,
olympiadbench-795,2,python,
olympiadbench-795,3,python,
olympiadbench-795,4,tie,
olympiadbench-795,5,lean,
olympiadbench-795,6,python,
olympiadbench-796,0,lean,
olympiadbench-796,1,neither,
olympiadbench-796,2,lean,
olympiadbench-796,3,python,
olympiadbench-796,4,python,
olympiadbench-796,5,python,
olympiadbench-796,6,python,
olympiadbench-797,0,inconclusive,
olympiadbench-797,1,python,
olympiadbench-797,2,python,
olympiadbench-797,3,inconclusive,
olympiadbench-797,4,neither,
olympiadbench-797,5,python,
olympiadbench-797,6,lean,
olympiadbench-797,7,inconclusive,
olympiadbench-798,0,lean,
olympiadbench-798,1,python,
olympiadbench-798,2,lean,
olympiadbench-798,3,inconclusive,
olympiadbench-798,4,python,
olympiadbench-799,0,inconclusive,
olympiadbench-799,1,python,
olympiadbench-799,2,inconclusive,
olympiadbench-799,3,neither,
olympiadbench-799,4,inconclusive,
olympiadbench-799,5,inconclusive,
olympiadbench-799,6,inconclusive,
olympiadbench-799,7,inconclusive,
olympiadbench-79,0,python,
olympiadbench-79,1,neither,
olympiadbench-79,10,python,
olympiadbench-79,11,inconclusive,
olympiadbench-79,12,python,
olympiadbench-79,2,python,
olympiadbench-79,3,python,
olympiadbench-79,4,python,
olympiadbench-79,5,python,
olympiadbench-79,6,python,
olympiadbench-79,7,python,
olympiadbench-79,8,python,
olympiadbench-79,9,python,
olympiadbench-7,0,python,
olympiadbench-7,1,neither,
olympiadbench-7,2,python,
olympiadbench-7,3,python,
olympiadbench-7,4,python,
olympiadbench-7,5,python,
olympiadbench-800,0,inconclusive,
olympiadbench-800,1,python,
olympiadbench-800,2,python,
olympiadbench-800,3,python,
olympiadbench-800,4,neither,
olympiadbench-800,5,python,
olympiadbench-800,6,python,
olympiadbench-800,7,python,
olympiadbench-800,8,python,
olympiadbench-800,9,lean,
olympiadbench-801,0,python,
olympiadbench-801,1,inconclusive,
olympiadbench-801,10,python,
olympiadbench-801,11,python,
olympiadbench-801,2,python,
olympiadbench-801,3,lean,
olympiadbench-801,4,lean,
olympiadbench-801,5,lean,
olympiadbench-801,6,python,
olympiadbench-801,7,python,
olympiadbench-801,8,inconclusive,
olympiadbench-801,9,python,
olympiadbench-802,0,inconclusive,
olympiadbench-802,1,python,
olympiadbench-802,10,python,
olympiadbench-802,11,neither,
olympiadbench-802,12,python,
olympiadbench-802,13,python,
olympiadbench-802,2,python,
olympiadbench-802,3,neither,
olympiadbench-802,4,python,
olympiadbench-802,5,python,
olympiadbench-802,6,python,
olympiadbench-802,7,python,
olympiadbench-802,8,python,
olympiadbench-802,9,python,
olympiadbench-803,0,python,
olympiadbench-803,1,neither,
olympiadbench-803,2,lean,
olympiadbench-803,3,neither,
olympiadbench-803,4,python,
olympiadbench-803,5,python,
olympiadbench-803,6,python,
olympiadbench-804,0,python,
olympiadbench-804,1,python,
olympiadbench-804,10,python,
olympiadbench-804,11,neither,
olympiadbench-804,12,python,
olympiadbench-804,13,inconclusive,
olympiadbench-804,14,python,
olympiadbench-804,2,lean,
olympiadbench-804,3,inconclusive,
olympiadbench-804,4,inconclusive,
olympiadbench-804,5,python,
olympiadbench-804,6,neither,
olympiadbench-804,7,neither,
olympiadbench-804,8,inconclusive,
olympiadbench-804,9,inconclusive,
olympiadbench-805,0,python,
olympiadbench-805,1,inconclusive,
olympiadbench-805,10,python,
olympiadbench-805,11,python,
olympiadbench-805,12,python,
olympiadbench-805,2,inconclusive,
olympiadbench-805,3,inconclusive,
olympiadbench-805,4,lean,
olympiadbench-805,5,lean,
olympiadbench-805,6,neither,
olympiadbench-805,7,python,
olympiadbench-805,8,python,
olympiadbench-805,9,python,
olympiadbench-806,0,inconclusive,
olympiadbench-806,1,neither,
olympiadbench-806,10,inconclusive,
olympiadbench-806,11,inconclusive,
olympiadbench-806,12,inconclusive,
olympiadbench-806,2,python,
olympiadbench-806,3,neither,
olympiadbench-806,4,lean,
olympiadbench-806,5,inconclusive,
olympiadbench-806,6,inconclusive,
olympiadbench-806,7,inconclusive,
olympiadbench-806,8,python,
olympiadbench-806,9,inconclusive,
olympiadbench-807,0,python,
olympiadbench-807,1,lean,
olympiadbench-807,2,lean,
olympiadbench-807,3,python,
olympiadbench-807,4,inconclusive,
olympiadbench-808,0,neither,
olympiadbench-808,1,python,
olympiadbench-808,2,python,
olympiadbench-808,3,lean,
olympiadbench-808,4,python,
olympiadbench-809,0,python,
olympiadbench-809,1,python,
olympiadbench-809,2,python,
olympiadbench-809,3,python,
olympiadbench-80,0,lean,
olympiadbench-80,1,tie,
olympiadbench-80,10,neither,
olympiadbench-80,11,python,
olympiadbench-80,2,lean,
olympiadbench-80,3,python,
olympiadbench-80,4,lean,
olympiadbench-80,5,neither,
olympiadbench-80,6,lean,
olympiadbench-80,7,python,
olympiadbench-80,8,python,
olympiadbench-80,9,python,
olympiadbench-810,0,inconclusive,
olympiadbench-810,1,neither,
olympiadbench-810,2,neither,
olympiadbench-810,3,python,
olympiadbench-810,4,inconclusive,
olympiadbench-811,0,inconclusive,
olympiadbench-811,1,inconclusive,
olympiadbench-811,2,inconclusive,
olympiadbench-811,3,neither,
olympiadbench-811,4,neither,
olympiadbench-811,5,inconclusive,
olympiadbench-812,0,inconclusive,
olympiadbench-812,1,neither,
olympiadbench-812,2,lean,
olympiadbench-812,3,inconclusive,
olympiadbench-812,4,python,
olympiadbench-812,5,python,
olympiadbench-812,6,python,
olympiadbench-812,7,python,
olympiadbench-813,0,inconclusive,
olympiadbench-813,1,inconclusive,
olympiadbench-813,2,python,
olympiadbench-813,3,python,
olympiadbench-813,4,python,
olympiadbench-813,5,python,
olympiadbench-814,0,lean,
olympiadbench-814,1,inconclusive,
olympiadbench-814,2,inconclusive,
olympiadbench-814,3,neither,
olympiadbench-814,4,python,
olympiadbench-814,5,python,
olympiadbench-814,6,inconclusive,
olympiadbench-815,0,python,
olympiadbench-815,1,python,
olympiadbench-815,2,python,
olympiadbench-815,3,python,
olympiadbench-815,4,python,
olympiadbench-815,5,python,
olympiadbench-815,6,python,
olympiadbench-816,0,python,
olympiadbench-816,1,python,
olympiadbench-816,2,inconclusive,
olympiadbench-816,3,python,
olympiadbench-816,4,python,
olympiadbench-816,5,python,
olympiadbench-817,0,python,
olympiadbench-817,1,lean,
olympiadbench-817,2,python,
olympiadbench-817,3,lean,
olympiadbench-817,4,inconclusive,
olympiadbench-817,5,inconclusive,
olympiadbench-817,6,inconclusive,
olympiadbench-817,7,lean,
olympiadbench-817,8,inconclusive,
olympiadbench-817,9,inconclusive,
olympiadbench-818,0,python,
olympiadbench-818,1,python,
olympiadbench-818,10,python,
olympiadbench-818,11,python,
olympiadbench-818,2,python,
olympiadbench-818,3,python,
olympiadbench-818,4,lean,
olympiadbench-818,5,python,
olympiadbench-818,6,lean,
olympiadbench-818,7,python,
olympiadbench-818,8,lean,
olympiadbench-818,9,python,
olympiadbench-819,0,python,
olympiadbench-819,1,python,
olympiadbench-819,10,python,
olympiadbench-819,11,python,
olympiadbench-819,2,python,
olympiadbench-819,3,python,
olympiadbench-819,4,python,
olympiadbench-819,5,python,
olympiadbench-819,6,python,
olympiadbench-819,7,inconclusive,
olympiadbench-819,8,python,
olympiadbench-819,9,tie,
olympiadbench-81,0,neither,
olympiadbench-81,1,python,
olympiadbench-81,2,inconclusive,
olympiadbench-81,3,neither,
olympiadbench-81,4,neither,
olympiadbench-81,5,neither,
olympiadbench-81,6,python,
olympiadbench-820,0,inconclusive,
olympiadbench-820,1,python,
olympiadbench-820,2,python,
olympiadbench-820,3,neither,
olympiadbench-820,4,neither,
olympiadbench-820,5,inconclusive,
olympiadbench-820,6,python,
olympiadbench-820,7,python,
olympiadbench-821,0,python,
olympiadbench-821,1,inconclusive,
olympiadbench-821,2,inconclusive,
olympiadbench-821,3,python,
olympiadbench-821,4,python,
olympiadbench-821,5,python,
olympiadbench-821,6,lean,
olympiadbench-822,0,python,
olympiadbench-822,1,python,
olympiadbench-822,2,python,
olympiadbench-822,3,python,
olympiadbench-823,0,inconclusive,
olympiadbench-823,1,python,
olympiadbench-823,10,inconclusive,
olympiadbench-823,2,python,
olympiadbench-823,3,neither,
olympiadbench-823,4,inconclusive,
olympiadbench-823,5,python,
olympiadbench-823,6,python,
olympiadbench-823,7,lean,
olympiadbench-823,8,python,
olympiadbench-823,9,lean,
olympiadbench-824,0,inconclusive,
olympiadbench-824,1,inconclusive,
olympiadbench-824,2,python,
olympiadbench-824,3,python,
olympiadbench-824,4,python,
olympiadbench-824,5,python,
olympiadbench-824,6,python,
olympiadbench-824,7,python,
olympiadbench-824,8,python,
olympiadbench-825,0,inconclusive,
olympiadbench-825,1,python,
olympiadbench-825,2,python,
olympiadbench-825,3,lean,
olympiadbench-825,4,python,
olympiadbench-825,5,lean,
olympiadbench-825,6,python,
olympiadbench-825,7,python,
olympiadbench-825,8,python,
olympiadbench-825,9,python,
olympiadbench-826,0,inconclusive,
olympiadbench-826,1,inconclusive,
olympiadbench-826,2,python,
olympiadbench-826,3,python,
olympiadbench-826,4,python,
olympiadbench-826,5,python,
olympiadbench-826,6,neither,
olympiadbench-826,7,python,
olympiadbench-826,8,,request_failed
olympiadbench-826,9,python,
olympiadbench-827,0,inconclusive,
olympiadbench-827,1,inconclusive,
olympiadbench-827,2,inconclusive,
olympiadbench-827,3,python,
olympiadbench-827,4,python,
olympiadbench-827,5,neither,
olympiadbench-827,6,inconclusive,
olympiadbench-828,0,inconclusive,
olympiadbench-828,1,lean,
olympiadbench-828,2,python,
olympiadbench-828,3,python,
olympiadbench-828,4,python,
olympiadbench-829,0,inconclusive,
olympiadbench-829,1,inconclusive,
olympiadbench-829,2,python,
olympiadbench-829,3,python,
olympiadbench-829,4,python,
olympiadbench-82,0,python,
olympiadbench-82,1,inconclusive,
olympiadbench-82,2,inconclusive,
olympiadbench-82,3,neither,
olympiadbench-82,4,python,
olympiadbench-82,5,python,
olympiadbench-82,6,lean,
olympiadbench-82,7,inconclusive,
olympiadbench-82,8,neither,
olympiadbench-82,9,python,
olympiadbench-830,0,neither,
olympiadbench-830,1,python,
olympiadbench-830,2,inconclusive,
olympiadbench-830,3,python,
olympiadbench-830,4,inconclusive,
olympiadbench-830,5,inconclusive,
olympiadbench-830,6,python,
olympiadbench-830,7,python,
olympiadbench-830,8,python,
olympiadbench-831,0,neither,
olympiadbench-831,1,lean,
olympiadbench-831,2,python,
olympiadbench-831,3,python,
olympiadbench-831,4,lean,
olympiadbench-831,5,lean,
olympiadbench-831,6,inconclusive,
olympiadbench-831,7,neither,
olympiadbench-831,8,python,
olympiadbench-832,0,python,
olympiadbench-832,1,python,
olympiadbench-832,2,neither,
olympiadbench-832,3,python,
olympiadbench-833,0,python,
olympiadbench-833,1,,request_failed
olympiadbench-833,10,python,
olympiadbench-833,11,python,
olympiadbench-833,12,python,
olympiadbench-833,13,python,
olympiadbench-833,14,python,
olympiadbench-833,15,python,
olympiadbench-833,16,python,
olympiadbench-833,17,python,
olympiadbench-833,18,python,
olympiadbench-833,19,python,
olympiadbench-833,2,python,
olympiadbench-833,20,python,
olympiadbench-833,21,python,
olympiadbench-833,22,python,
olympiadbench-833,3,inconclusive,
olympiadbench-833,4,python,
olympiadbench-833,5,inconclusive,
olympiadbench-833,6,python,
olympiadbench-833,7,python,
olympiadbench-833,8,python,
olympiadbench-833,9,python,
olympiadbench-834,0,lean,
olympiadbench-834,1,neither,
olympiadbench-834,2,python,
olympiadbench-834,3,inconclusive,
olympiadbench-834,4,python,
olympiadbench-835,0,inconclusive,
olympiadbench-835,1,inconclusive,
olympiadbench-835,10,python,
olympiadbench-835,11,neither,
olympiadbench-835,12,python,
olympiadbench-835,13,python,
olympiadbench-835,14,python,
olympiadbench-835,15,python,
olympiadbench-835,16,python,
olympiadbench-835,17,,request_failed
olympiadbench-835,18,python,
olympiadbench-835,2,lean,
olympiadbench-835,3,neither,
olympiadbench-835,4,python,
olympiadbench-835,5,python,
olympiadbench-835,6,neither,
olympiadbench-835,7,python,
olympiadbench-835,8,neither,
olympiadbench-835,9,python,
olympiadbench-836,0,inconclusive,
olympiadbench-836,1,python,
olympiadbench-836,2,python,
olympiadbench-836,3,inconclusive,
olympiadbench-836,4,python,
olympiadbench-836,5,inconclusive,
olympiadbench-836,6,python,
olympiadbench-837,0,python,
olympiadbench-837,1,python,
olympiadbench-837,2,python,
olympiadbench-837,3,python,
olympiadbench-837,4,python,
olympiadbench-838,0,inconclusive,
olympiadbench-838,1,inconclusive,
olympiadbench-838,2,inconclusive,
olympiadbench-838,3,inconclusive,
olympiadbench-838,4,neither,
olympiadbench-838,5,neither,
olympiadbench-838,6,neither,
olympiadbench-838,7,python,
olympiadbench-838,8,inconclusive,
olympiadbench-839,0,inconclusive,
olympiadbench-839,1,python,
olympiadbench-839,2,python,
olympiadbench-839,3,python,
olympiadbench-839,4,lean,
olympiadbench-839,5,python,
olympiadbench-83,0,inconclusive,
olympiadbench-83,1,python,
olympiadbench-83,10,inconclusive,
olympiadbench-83,11,python,
olympiadbench-83,2,python,
olympiadbench-83,3,python,
olympiadbench-83,4,inconclusive,
olympiadbench-83,5,neither,
olympiadbench-83,6,python,
olympiadbench-83,7,python,
olympiadbench-83,8,python,
olympiadbench-83,9,neither,
olympiadbench-840,0,python,
olympiadbench-840,1,inconclusive,
olympiadbench-840,2,python,
olympiadbench-840,3,python,
olympiadbench-841,0,inconclusive,
olympiadbench-841,1,inconclusive,
olympiadbench-841,2,lean,
olympiadbench-841,3,lean,
olympiadbench-841,4,neither,
olympiadbench-841,5,python,
olympiadbench-841,6,python,
olympiadbench-842,0,inconclusive,
olympiadbench-842,1,inconclusive,
olympiadbench-842,10,inconclusive,
olympiadbench-842,11,neither,
olympiadbench-842,2,python,
olympiadbench-842,3,neither,
olympiadbench-842,4,neither,
olympiadbench-842,5,python,
olympiadbench-842,6,inconclusive,
olympiadbench-842,7,inconclusive,
olympiadbench-842,8,inconclusive,
olympiadbench-842,9,neither,
olympiadbench-843,0,inconclusive,
olympiadbench-843,1,python,
olympiadbench-843,10,python,
olympiadbench-843,11,python,
olympiadbench-843,12,python,
olympiadbench-843,2,inconclusive,
olympiadbench-843,3,inconclusive,
olympiadbench-843,4,python,
olympiadbench-843,5,python,
olympiadbench-843,6,python,
olympiadbench-843,7,python,
olympiadbench-843,8,python,
olympiadbench-843,9,inconclusive,
olympiadbench-844,0,inconclusive,
olympiadbench-844,1,python,
olympiadbench-844,2,python,
olympiadbench-844,3,python,
olympiadbench-844,4,lean,
olympiadbench-844,5,neither,
olympiadbench-845,0,inconclusive,
olympiadbench-845,1,neither,
olympiadbench-845,10,lean,
olympiadbench-845,11,inconclusive,
olympiadbench-845,12,neither,
olympiadbench-845,13,neither,
olympiadbench-845,14,python,
olympiadbench-845,15,python,
olympiadbench-845,16,python,
olympiadbench-845,17,neither,
olympiadbench-845,18,python,
olympiadbench-845,19,neither,
olympiadbench-845,2,python,
olympiadbench-845,20,python,
olympiadbench-845,21,,request_failed
olympiadbench-845,22,,request_failed
olympiadbench-845,23,inconclusive,
olympiadbench-845,24,inconclusive,
olympiadbench-845,3,inconclusive,
olympiadbench-845,4,inconclusive,
olympiadbench-845,5,inconclusive,
olympiadbench-845,6,neither,
olympiadbench-845,7,inconclusive,
olympiadbench-845,8,neither,
olympiadbench-845,9,inconclusive,
olympiadbench-846,0,python,
olympiadbench-846,1,python,
olympiadbench-846,2,python,
olympiadbench-846,3,python,
olympiadbench-846,4,python,
olympiadbench-847,0,python,
olympiadbench-847,1,neither,
olympiadbench-847,10,python,
olympiadbench-847,11,neither,
olympiadbench-847,2,inconclusive,
olympiadbench-847,3,inconclusive,
olympiadbench-847,4,inconclusive,
olympiadbench-847,5,inconclusive,
olympiadbench-847,6,python,
olympiadbench-847,7,inconclusive,
olympiadbench-847,8,neither,
olympiadbench-847,9,python,
olympiadbench-848,0,neither,
olympiadbench-848,1,python,
olympiadbench-848,2,python,
olympiadbench-848,3,python,
olympiadbench-848,4,python,
olympiadbench-848,5,python,
olympiadbench-849,0,python,
olympiadbench-849,1,python,
olympiadbench-849,2,python,
olympiadbench-849,3,python,
olympiadbench-849,4,python,
olympiadbench-849,5,python,
olympiadbench-849,6,lean,
olympiadbench-849,7,python,
olympiadbench-849,8,python,
olympiadbench-84,0,lean,
olympiadbench-84,1,inconclusive,
olympiadbench-84,10,python,
olympiadbench-84,11,,request_failed
olympiadbench-84,12,python,
olympiadbench-84,13,lean,
olympiadbench-84,14,inconclusive,
olympiadbench-84,15,neither,
olympiadbench-84,16,python,
olympiadbench-84,17,neither,
olympiadbench-84,18,inconclusive,
olympiadbench-84,19,inconclusive,
olympiadbench-84,2,inconclusive,
olympiadbench-84,20,neither,
olympiadbench-84,21,neither,
olympiadbench-84,22,neither,
olympiadbench-84,23,neither,
olympiadbench-84,3,lean,
olympiadbench-84,4,lean,
olympiadbench-84,5,inconclusive,
olympiadbench-84,6,python,
olympiadbench-84,7,lean,
olympiadbench-84,8,inconclusive,
olympiadbench-84,9,inconclusive,
olympiadbench-850,0,inconclusive,
olympiadbench-850,1,lean,
olympiadbench-850,10,python,
olympiadbench-850,11,lean,
olympiadbench-850,12,python,
olympiadbench-850,2,python,
olympiadbench-850,3,python,
olympiadbench-850,4,python,
olympiadbench-850,5,inconclusive,
olympiadbench-850,6,lean,
olympiadbench-850,7,lean,
olympiadbench-850,8,python,
olympiadbench-850,9,inconclusive,
olympiadbench-851,0,neither,
olympiadbench-851,1,inconclusive,
olympiadbench-851,2,neither,
olympiadbench-851,3,python,
olympiadbench-851,4,inconclusive,
olympiadbench-851,5,inconclusive,
olympiadbench-851,6,inconclusive,
olympiadbench-851,7,python,
olympiadbench-851,8,inconclusive,
olympiadbench-852,0,inconclusive,
olympiadbench-852,1,inconclusive,
olympiadbench-852,10,inconclusive,
olympiadbench-852,11,inconclusive,
olympiadbench-852,12,inconclusive,
olympiadbench-852,13,python,
olympiadbench-852,14,python,
olympiadbench-852,15,lean,
olympiadbench-852,16,lean,
olympiadbench-852,2,lean,
olympiadbench-852,3,lean,
olympiadbench-852,4,lean,
olympiadbench-852,5,lean,
olympiadbench-852,6,python,
olympiadbench-852,7,python,
olympiadbench-852,8,inconclusive,
olympiadbench-852,9,inconclusive,
olympiadbench-853,0,python,
olympiadbench-853,1,python,
olympiadbench-853,2,python,
olympiadbench-853,3,python,
olympiadbench-854,0,inconclusive,
olympiadbench-854,1,lean,
olympiadbench-854,2,lean,
olympiadbench-854,3,python,
olympiadbench-854,4,inconclusive,
olympiadbench-854,5,neither,
olympiadbench-855,0,python,
olympiadbench-855,1,python,
olympiadbench-855,2,python,
olympiadbench-855,3,inconclusive,
olympiadbench-855,4,python,
olympiadbench-855,5,python,
olympiadbench-855,6,neither,
olympiadbench-855,7,python,
olympiadbench-856,0,inconclusive,
olympiadbench-856,1,lean,
olympiadbench-856,2,inconclusive,
olympiadbench-856,3,inconclusive,
olympiadbench-856,4,lean,
olympiadbench-856,5,python,
olympiadbench-856,6,python,
olympiadbench-856,7,lean,
olympiadbench-857,0,inconclusive,
olympiadbench-857,1,python,
olympiadbench-857,10,inconclusive,
olympiadbench-857,11,python,
olympiadbench-857,12,lean,
olympiadbench-857,13,python,
olympiadbench-857,2,neither,
olympiadbench-857,3,python,
olympiadbench-857,4,inconclusive,
olympiadbench-857,5,inconclusive,
olympiadbench-857,6,lean,
olympiadbench-857,7,python,
olympiadbench-857,8,python,
olympiadbench-857,9,python,
olympiadbench-858,0,neither,
olympiadbench-858,1,python,
olympiadbench-858,2,python,
olympiadbench-858,3,python,
olympiadbench-858,4,inconclusive,
olympiadbench-858,5,python,
olympiadbench-859,0,inconclusive,
olympiadbench-859,1,inconclusive,
olympiadbench-859,10,python,
olympiadbench-859,11,inconclusive,
olympiadbench-859,12,inconclusive,
olympiadbench-859,13,python,
olympiadbench-859,14,inconclusive,
olympiadbench-859,2,inconclusive,
olympiadbench-859,3,python,
olympiadbench-859,4,inconclusive,
olympiadbench-859,5,inconclusive,
olympiadbench-859,6,inconclusive,
olympiadbench-859,7,inconclusive,
olympiadbench-859,8,inconclusive,
olympiadbench-859,9,inconclusive,
olympiadbench-85,0,python,
olympiadbench-85,1,neither,
olympiadbench-85,2,python,
olympiadbench-85,3,neither,
olympiadbench-860,0,python,
olympiadbench-860,1,inconclusive,
olympiadbench-860,2,python,
olympiadbench-860,3,neither,
olympiadbench-860,4,inconclusive,
olympiadbench-860,5,python,
olympiadbench-860,6,neither,
olympiadbench-861,0,inconclusive,
olympiadbench-861,1,python,
olympiadbench-861,2,python,
olympiadbench-861,3,python,
olympiadbench-861,4,python,
olympiadbench-861,5,inconclusive,
olympiadbench-861,6,python,
olympiadbench-861,7,python,
olympiadbench-862,0,python,
olympiadbench-862,1,python,
olympiadbench-862,2,inconclusive,
olympiadbench-862,3,lean,
olympiadbench-862,4,python,
olympiadbench-863,0,python,
olympiadbench-863,1,python,
olympiadbench-863,2,python,
olympiadbench-863,3,python,
olympiadbench-863,4,python,
olympiadbench-863,5,python,
olympiadbench-864,0,inconclusive,
olympiadbench-864,1,python,
olympiadbench-864,2,inconclusive,
olympiadbench-864,3,python,
olympiadbench-864,4,python,
olympiadbench-864,5,python,
olympiadbench-865,0,inconclusive,
olympiadbench-865,1,lean,
olympiadbench-865,10,python,
olympiadbench-865,2,lean,
olympiadbench-865,3,python,
olympiadbench-865,4,lean,
olympiadbench-865,5,python,
olympiadbench-865,6,python,
olympiadbench-865,7,inconclusive,
olympiadbench-865,8,python,
olympiadbench-865,9,python,
olympiadbench-866,0,python,
olympiadbench-866,1,python,
olympiadbench-866,10,python,
olympiadbench-866,11,python,
olympiadbench-866,12,neither,
olympiadbench-866,13,python,
olympiadbench-866,14,python,
olympiadbench-866,15,python,
olympiadbench-866,2,python,
olympiadbench-866,3,python,
olympiadbench-866,4,python,
olympiadbench-866,5,python,
olympiadbench-866,6,python,
olympiadbench-866,7,python,
olympiadbench-866,8,python,
olympiadbench-866,9,python,
olympiadbench-867,0,inconclusive,
olympiadbench-867,1,inconclusive,
olympiadbench-867,2,lean,
olympiadbench-867,3,inconclusive,
olympiadbench-867,4,python,
olympiadbench-867,5,inconclusive,
olympiadbench-867,6,neither,
olympiadbench-867,7,inconclusive,
olympiadbench-867,8,inconclusive,
olympiadbench-868,0,inconclusive,
olympiadbench-868,1,python,
olympiadbench-868,10,inconclusive,
olympiadbench-868,11,python,
olympiadbench-868,12,inconclusive,
olympiadbench-868,2,neither,
olympiadbench-868,3,neither,
olympiadbench-868,4,python,
olympiadbench-868,5,inconclusive,
olympiadbench-868,6,python,
olympiadbench-868,7,python,
olympiadbench-868,8,python,
olympiadbench-868,9,python,
olympiadbench-869,0,inconclusive,
olympiadbench-869,1,inconclusive,
olympiadbench-869,2,neither,
olympiadbench-869,3,python,
olympiadbench-869,4,python,
olympiadbench-869,5,python,
olympiadbench-869,6,python,
olympiadbench-86,0,python,
olympiadbench-86,1,python,
olympiadbench-86,10,python,
olympiadbench-86,11,python,
olympiadbench-86,12,python,
olympiadbench-86,13,python,
olympiadbench-86,14,python,
olympiadbench-86,15,python,
olympiadbench-86,2,python,
olympiadbench-86,3,python,
olympiadbench-86,4,python,
olympiadbench-86,5,python,
olympiadbench-86,6,python,
olympiadbench-86,7,python,
olympiadbench-86,8,inconclusive,
olympiadbench-86,9,lean,
olympiadbench-870,0,python,
olympiadbench-870,1,lean,
olympiadbench-870,2,lean,
olympiadbench-870,3,python,
olympiadbench-870,4,neither,
olympiadbench-870,5,python,
olympiadbench-870,6,python,
olympiadbench-871,0,inconclusive,
olympiadbench-871,1,inconclusive,
olympiadbench-871,2,inconclusive,
olympiadbench-871,3,inconclusive,
olympiadbench-871,4,neither,
olympiadbench-871,5,inconclusive,
olympiadbench-871,6,python,
olympiadbench-871,7,python,
olympiadbench-872,0,inconclusive,
olympiadbench-872,1,neither,
olympiadbench-872,2,lean,
olympiadbench-872,3,python,
olympiadbench-872,4,python,
olympiadbench-872,5,python,
olympiadbench-873,0,python,
olympiadbench-873,1,python,
olympiadbench-873,10,python,
olympiadbench-873,11,python,
olympiadbench-873,12,inconclusive,
olympiadbench-873,2,python,
olympiadbench-873,3,lean,
olympiadbench-873,4,lean,
olympiadbench-873,5,python,
olympiadbench-873,6,python,
olympiadbench-873,7,lean,
olympiadbench-873,8,python,
olympiadbench-873,9,inconclusive,
olympiadbench-874,0,inconclusive,
olympiadbench-874,1,python,
olympiadbench-874,2,python,
olympiadbench-874,3,python,
olympiadbench-874,4,python,
olympiadbench-874,5,python,
olympiadbench-875,0,inconclusive,
olympiadbench-875,1,python,
olympiadbench-875,10,lean,
olympiadbench-875,11,lean,
olympiadbench-875,12,lean,
olympiadbench-875,13,python,
olympiadbench-875,14,neither,
olympiadbench-875,15,neither,
olympiadbench-875,16,neither,
olympiadbench-875,17,inconclusive,
olympiadbench-875,18,python,
olympiadbench-875,2,python,
olympiadbench-875,3,lean,
olympiadbench-875,4,lean,
olympiadbench-875,5,lean,
olympiadbench-875,6,python,
olympiadbench-875,7,python,
olympiadbench-875,8,python,
olympiadbench-875,9,lean,
olympiadbench-876,0,inconclusive,
olympiadbench-876,1,inconclusive,
olympiadbench-876,10,python,
olympiadbench-876,11,python,
olympiadbench-876,12,python,
olympiadbench-876,13,python,
olympiadbench-876,14,inconclusive,
olympiadbench-876,15,python,
olympiadbench-876,16,lean,
olympiadbench-876,2,python,
olympiadbench-876,3,inconclusive,
olympiadbench-876,4,lean,
olympiadbench-876,5,inconclusive,
olympiadbench-876,6,inconclusive,
olympiadbench-876,7,python,
olympiadbench-876,8,python,
olympiadbench-876,9,python,
olympiadbench-877,0,inconclusive,
olympiadbench-877,1,python,
olympiadbench-877,2,python,
olympiadbench-877,3,python,
olympiadbench-877,4,python,
olympiadbench-878,0,inconclusive,
olympiadbench-878,1,inconclusive,
olympiadbench-878,2,inconclusive,
olympiadbench-878,3,python,
olympiadbench-878,4,python,
olympiadbench-878,5,python,
olympiadbench-879,0,lean,
olympiadbench-879,1,python,
olympiadbench-879,10,python,
olympiadbench-879,11,inconclusive,
olympiadbench-879,2,inconclusive,
olympiadbench-879,3,inconclusive,
olympiadbench-879,4,inconclusive,
olympiadbench-879,5,inconclusive,
olympiadbench-879,6,lean,
olympiadbench-879,7,python,
olympiadbench-879,8,python,
olympiadbench-879,9,python,
olympiadbench-87,0,python,
olympiadbench-87,1,inconclusive,
olympiadbench-87,2,inconclusive,
olympiadbench-87,3,inconclusive,
olympiadbench-87,4,neither,
olympiadbench-87,5,inconclusive,
olympiadbench-87,6,neither,
olympiadbench-880,0,python,
olympiadbench-880,1,python,
olympiadbench-880,2,python,
olympiadbench-880,3,python,
olympiadbench-880,4,lean,
olympiadbench-880,5,python,
olympiadbench-881,0,neither,
olympiadbench-881,1,python,
olympiadbench-881,2,python,
olympiadbench-881,3,python,
olympiadbench-881,4,neither,
olympiadbench-882,0,python,
olympiadbench-882,1,neither,
olympiadbench-882,2,neither,
olympiadbench-882,3,inconclusive,
olympiadbench-882,4,python,
olympiadbench-882,5,neither,
olympiadbench-882,6,python,
olympiadbench-882,7,python,
olympiadbench-883,0,lean,
olympiadbench-883,1,python,
olympiadbench-883,2,inconclusive,
olympiadbench-883,3,python,
olympiadbench-883,4,python,
olympiadbench-884,0,python,
olympiadbench-884,1,python,
olympiadbench-884,2,python,
olympiadbench-884,3,python,
olympiadbench-884,4,python,
olympiadbench-884,5,inconclusive,
olympiadbench-884,6,python,
olympiadbench-884,7,python,
olympiadbench-884,8,lean,
olympiadbench-884,9,python,
olympiadbench-885,0,inconclusive,
olympiadbench-885,1,python,
olympiadbench-885,2,python,
olympiadbench-885,3,python,
olympiadbench-886,0,inconclusive,
olympiadbench-886,1,python,
olympiadbench-886,2,lean,
olympiadbench-886,3,python,
olympiadbench-886,4,python,
olympiadbench-886,5,python,
olympiadbench-887,0,neither,
olympiadbench-887,1,python,
olympiadbench-887,2,python,
olympiadbench-887,3,inconclusive,
olympiadbench-887,4,python,
olympiadbench-887,5,python,
olympiadbench-888,0,lean,
olympiadbench-888,1,inconclusive,
olympiadbench-888,2,lean,
olympiadbench-888,3,lean,
olympiadbench-888,4,python,
olympiadbench-888,5,inconclusive,
olympiadbench-888,6,inconclusive,
olympiadbench-889,0,inconclusive,
olympiadbench-889,1,python,
olympiadbench-889,2,neither,
olympiadbench-889,3,lean,
olympiadbench-889,4,inconclusive,
olympiadbench-88,0,python,
olympiadbench-88,1,python,
olympiadbench-88,2,inconclusive,
olympiadbench-88,3,python,
olympiadbench-88,4,inconclusive,
olympiadbench-88,5,python,
olympiadbench-88,6,neither,
olympiadbench-88,7,inconclusive,
olympiadbench-88,8,inconclusive,
olympiadbench-88,9,neither,
olympiadbench-890,0,inconclusive,
olympiadbench-890,1,lean,
olympiadbench-890,2,inconclusive,
olympiadbench-890,3,python,
olympiadbench-890,4,python,
olympiadbench-890,5,python,
olympiadbench-890,6,inconclusive,
olympiadbench-890,7,lean,
olympiadbench-890,8,python,
olympiadbench-891,0,neither,
olympiadbench-891,1,python,
olympiadbench-891,10,python,
olympiadbench-891,11,python,
olympiadbench-891,12,python,
olympiadbench-891,13,python,
olympiadbench-891,2,lean,
olympiadbench-891,3,tie,
olympiadbench-891,4,python,
olympiadbench-891,5,neither,
olympiadbench-891,6,inconclusive,
olympiadbench-891,7,python,
olympiadbench-891,8,python,
olympiadbench-891,9,python,
olympiadbench-892,0,python,
olympiadbench-892,1,python,
olympiadbench-892,2,inconclusive,
olympiadbench-892,3,python,
olympiadbench-892,4,python,
olympiadbench-892,5,python,
olympiadbench-892,6,python,
olympiadbench-892,7,python,
olympiadbench-892,8,python,
olympiadbench-893,0,inconclusive,
olympiadbench-893,1,lean,
olympiadbench-893,2,inconclusive,
olympiadbench-893,3,lean,
olympiadbench-893,4,lean,
olympiadbench-893,5,python,
olympiadbench-893,6,python,
olympiadbench-894,0,neither,
olympiadbench-894,1,python,
olympiadbench-894,2,python,
olympiadbench-895,0,lean,
olympiadbench-895,1,python,
olympiadbench-895,2,neither,
olympiadbench-895,3,python,
olympiadbench-895,4,python,
olympiadbench-895,5,lean,
olympiadbench-895,6,lean,
olympiadbench-895,7,neither,
olympiadbench-896,0,python,
olympiadbench-896,1,inconclusive,
olympiadbench-896,2,python,
olympiadbench-896,3,python,
olympiadbench-896,4,neither,
olympiadbench-896,5,neither,
olympiadbench-896,6,inconclusive,
olympiadbench-897,0,inconclusive,
olympiadbench-897,1,lean,
olympiadbench-897,2,lean,
olympiadbench-897,3,python,
olympiadbench-897,4,python,
olympiadbench-897,5,python,
olympiadbench-898,0,inconclusive,
olympiadbench-898,1,inconclusive,
olympiadbench-898,2,inconclusive,
olympiadbench-898,3,python,
olympiadbench-898,4,inconclusive,
olympiadbench-898,5,inconclusive,
olympiadbench-898,6,neither,
olympiadbench-898,7,inconclusive,
olympiadbench-898,8,neither,
olympiadbench-899,0,python,
olympiadbench-899,1,python,
olympiadbench-899,2,inconclusive,
olympiadbench-89,0,python,
olympiadbench-89,1,python,
olympiadbench-89,2,python,
olympiadbench-89,3,python,
olympiadbench-89,4,inconclusive,
olympiadbench-89,5,neither,
olympiadbench-8,0,lean,
olympiadbench-8,1,inconclusive,
olympiadbench-8,2,neither,
olympiadbench-8,3,neither,
olympiadbench-900,0,python,
olympiadbench-900,1,neither,
olympiadbench-900,2,python,
olympiadbench-900,3,neither,
olympiadbench-900,4,python,
olympiadbench-901,0,inconclusive,
olympiadbench-901,1,python,
olympiadbench-901,10,lean,
olympiadbench-901,11,inconclusive,
olympiadbench-901,12,python,
olympiadbench-901,13,lean,
olympiadbench-901,2,python,
olympiadbench-901,3,inconclusive,
olympiadbench-901,4,python,
olympiadbench-901,5,inconclusive,
olympiadbench-901,6,lean,
olympiadbench-901,7,lean,
olympiadbench-901,8,inconclusive,
olympiadbench-901,9,neither,
olympiadbench-902,0,python,
olympiadbench-902,1,python,
olympiadbench-902,2,python,
olympiadbench-902,3,python,
olympiadbench-902,4,neither,
olympiadbench-902,5,python,
olympiadbench-902,6,python,
olympiadbench-902,7,python,
olympiadbench-903,0,inconclusive,
olympiadbench-903,1,lean,
olympiadbench-903,2,python,
olympiadbench-903,3,python,
olympiadbench-904,0,inconclusive,
olympiadbench-904,1,python,
olympiadbench-904,2,python,
olympiadbench-904,3,python,
olympiadbench-904,4,python,
olympiadbench-905,0,python,
olympiadbench-905,1,python,
olympiadbench-905,2,neither,
olympiadbench-905,3,inconclusive,
olympiadbench-905,4,python,
olympiadbench-905,5,python,
olympiadbench-905,6,python,
olympiadbench-905,7,python,
olympiadbench-906,0,inconclusive,
olympiadbench-906,1,python,
olympiadbench-906,10,inconclusive,
olympiadbench-906,2,inconclusive,
olympiadbench-906,3,neither,
olympiadbench-906,4,python,
olympiadbench-906,5,inconclusive,
olympiadbench-906,6,inconclusive,
olympiadbench-906,7,neither,
olympiadbench-906,8,python,
olympiadbench-906,9,,request_failed
olympiadbench-907,0,lean,
olympiadbench-907,1,python,
olympiadbench-907,10,python,
olympiadbench-907,2,lean,
olympiadbench-907,3,neither,
olympiadbench-907,4,lean,
olympiadbench-907,5,python,
olympiadbench-907,6,python,
olympiadbench-907,7,neither,
olympiadbench-907,8,python,
olympiadbench-907,9,python,
olympiadbench-908,0,python,
olympiadbench-908,1,inconclusive,
olympiadbench-908,2,neither,
olympiadbench-908,3,python,
olympiadbench-908,4,python,
olympiadbench-909,0,inconclusive,
olympiadbench-909,1,inconclusive,
olympiadbench-909,2,inconclusive,
olympiadbench-909,3,python,
olympiadbench-909,4,python,
olympiadbench-909,5,python,
olympiadbench-909,6,python,
olympiadbench-909,7,neither,
olympiadbench-909,8,python,
olympiadbench-909,9,python,
olympiadbench-90,0,python,
olympiadbench-90,1,inconclusive,
olympiadbench-90,2,inconclusive,
olympiadbench-90,3,inconclusive,
olympiadbench-90,4,neither,
olympiadbench-90,5,inconclusive,
olympiadbench-90,6,python,
olympiadbench-90,7,python,
olympiadbench-90,8,python,
olympiadbench-910,0,inconclusive,
olympiadbench-910,1,neither,
olympiadbench-910,10,lean,
olympiadbench-910,11,python,
olympiadbench-910,2,inconclusive,
olympiadbench-910,3,inconclusive,
olympiadbench-910,4,neither,
olympiadbench-910,5,python,
olympiadbench-910,6,neither,
olympiadbench-910,7,python,
olympiadbench-910,8,neither,
olympiadbench-910,9,neither,
olympiadbench-911,0,python,
olympiadbench-911,1,neither,
olympiadbench-911,10,python,
olympiadbench-911,11,python,
olympiadbench-911,12,lean,
olympiadbench-911,13,python,
olympiadbench-911,14,python,
olympiadbench-911,15,python,
olympiadbench-911,2,inconclusive,
olympiadbench-911,3,neither,
olympiadbench-911,4,python,
olympiadbench-911,5,python,
olympiadbench-911,6,python,
olympiadbench-911,7,python,
olympiadbench-911,8,python,
olympiadbench-911,9,python,
olympiadbench-912,0,python,
olympiadbench-912,1,python,
olympiadbench-912,2,python,
olympiadbench-912,3,python,
olympiadbench-912,4,inconclusive,
olympiadbench-912,5,python,
olympiadbench-912,6,python,
olympiadbench-912,7,neither,
olympiadbench-912,8,python,
olympiadbench-912,9,inconclusive,
olympiadbench-913,0,python,
olympiadbench-913,1,python,
olympiadbench-913,2,neither,
olympiadbench-913,3,lean,
olympiadbench-913,4,python,
olympiadbench-913,5,python,
olympiadbench-913,6,python,
olympiadbench-913,7,lean,
olympiadbench-914,0,inconclusive,
olympiadbench-914,1,python,
olympiadbench-914,2,neither,
olympiadbench-914,3,lean,
olympiadbench-914,4,,request_failed
olympiadbench-914,5,inconclusive,
olympiadbench-914,6,python,
olympiadbench-914,7,python,
olympiadbench-914,8,python,
olympiadbench-915,0,neither,
olympiadbench-915,1,lean,
olympiadbench-915,2,lean,
olympiadbench-915,3,lean,
olympiadbench-915,4,inconclusive,
olympiadbench-915,5,inconclusive,
olympiadbench-915,6,inconclusive,
olympiadbench-915,7,inconclusive,
olympiadbench-915,8,neither,
olympiadbench-915,9,lean,
olympiadbench-916,0,inconclusive,
olympiadbench-916,1,lean,
olympiadbench-916,2,neither,
olympiadbench-916,3,lean,
olympiadbench-916,4,python,
olympiadbench-916,5,neither,
olympiadbench-917,0,lean,
olympiadbench-917,1,lean,
olympiadbench-917,10,python,
olympiadbench-917,11,lean,
olympiadbench-917,12,lean,
olympiadbench-917,2,lean,
olympiadbench-917,3,lean,
olympiadbench-917,4,tie,
olympiadbench-917,5,inconclusive,
olympiadbench-917,6,python,
olympiadbench-917,7,python,
olympiadbench-917,8,python,
olympiadbench-917,9,python,
olympiadbench-918,0,inconclusive,
olympiadbench-918,1,lean,
olympiadbench-918,10,python,
olympiadbench-918,11,lean,
olympiadbench-918,12,python,
olympiadbench-918,13,python,
olympiadbench-918,14,python,
olympiadbench-918,2,python,
olympiadbench-918,3,inconclusive,
olympiadbench-918,4,inconclusive,
olympiadbench-918,5,lean,
olympiadbench-918,6,python,
olympiadbench-918,7,python,
olympiadbench-918,8,lean,
olympiadbench-918,9,lean,
olympiadbench-919,0,inconclusive,
olympiadbench-919,1,lean,
olympiadbench-919,2,inconclusive,
olympiadbench-919,3,lean,
olympiadbench-919,4,neither,
olympiadbench-919,5,python,
olympiadbench-919,6,lean,
olympiadbench-919,7,python,
olympiadbench-919,8,python,
olympiadbench-91,0,neither,
olympiadbench-91,1,inconclusive,
olympiadbench-91,10,inconclusive,
olympiadbench-91,11,python,
olympiadbench-91,2,lean,
olympiadbench-91,3,neither,
olympiadbench-91,4,inconclusive,
olympiadbench-91,5,neither,
olympiadbench-91,6,neither,
olympiadbench-91,7,python,
olympiadbench-91,8,python,
olympiadbench-91,9,python,
olympiadbench-920,0,inconclusive,
olympiadbench-920,1,inconclusive,
olympiadbench-920,2,inconclusive,
olympiadbench-920,3,inconclusive,
olympiadbench-920,4,inconclusive,
olympiadbench-920,5,,request_failed
olympiadbench-920,6,neither,
olympiadbench-920,7,neither,
olympiadbench-921,0,inconclusive,
olympiadbench-921,1,inconclusive,
olympiadbench-921,2,inconclusive,
olympiadbench-921,3,python,
olympiadbench-921,4,neither,
olympiadbench-921,5,python,
olympiadbench-921,6,python,
olympiadbench-921,7,python,
olympiadbench-921,8,python,
olympiadbench-922,0,inconclusive,
olympiadbench-922,1,python,
olympiadbench-922,2,lean,
olympiadbench-922,3,python,
olympiadbench-922,4,python,
olympiadbench-923,0,python,
olympiadbench-923,1,python,
olympiadbench-923,2,python,
olympiadbench-923,3,python,
olympiadbench-923,4,python,
olympiadbench-923,5,python,
olympiadbench-924,0,python,
olympiadbench-924,1,inconclusive,
olympiadbench-924,2,python,
olympiadbench-924,3,inconclusive,
olympiadbench-925,0,python,
olympiadbench-925,1,lean,
olympiadbench-925,2,inconclusive,
olympiadbench-925,3,python,
olympiadbench-925,4,python,
olympiadbench-925,5,python,
olympiadbench-925,6,inconclusive,
olympiadbench-926,0,neither,
olympiadbench-926,1,inconclusive,
olympiadbench-926,2,inconclusive,
olympiadbench-926,3,neither,
olympiadbench-926,4,python,
olympiadbench-926,5,lean,
olympiadbench-926,6,python,
olympiadbench-926,7,lean,
olympiadbench-926,8,inconclusive,
olympiadbench-927,0,lean,
olympiadbench-927,1,python,
olympiadbench-927,10,neither,
olympiadbench-927,11,python,
olympiadbench-927,12,python,
olympiadbench-927,13,neither,
olympiadbench-927,14,inconclusive,
olympiadbench-927,15,neither,
olympiadbench-927,16,inconclusive,
olympiadbench-927,17,neither,
olympiadbench-927,2,inconclusive,
olympiadbench-927,3,lean,
olympiadbench-927,4,inconclusive,
olympiadbench-927,5,lean,
olympiadbench-927,6,python,
olympiadbench-927,7,neither,
olympiadbench-927,8,neither,
olympiadbench-927,9,python,
olympiadbench-928,0,python,
olympiadbench-928,1,neither,
olympiadbench-928,10,python,
olympiadbench-928,11,python,
olympiadbench-928,2,neither,
olympiadbench-928,3,python,
olympiadbench-928,4,inconclusive,
olympiadbench-928,5,inconclusive,
olympiadbench-928,6,inconclusive,
olympiadbench-928,7,inconclusive,
olympiadbench-928,8,python,
olympiadbench-928,9,inconclusive,
olympiadbench-929,0,lean,
olympiadbench-929,1,python,
olympiadbench-929,2,lean,
olympiadbench-929,3,lean,
olympiadbench-929,4,python,
olympiadbench-929,5,lean,
olympiadbench-92,0,python,
olympiadbench-92,1,inconclusive,
olympiadbench-92,10,inconclusive,
olympiadbench-92,11,inconclusive,
olympiadbench-92,2,inconclusive,
olympiadbench-92,3,python,
olympiadbench-92,4,inconclusive,
olympiadbench-92,5,python,
olympiadbench-92,6,python,
olympiadbench-92,7,python,
olympiadbench-92,8,inconclusive,
olympiadbench-92,9,neither,
olympiadbench-930,0,lean,
olympiadbench-930,1,neither,
olympiadbench-930,10,lean,
olympiadbench-930,2,inconclusive,
olympiadbench-930,3,neither,
olympiadbench-930,4,neither,
olympiadbench-930,5,neither,
olympiadbench-930,6,neither,
olympiadbench-930,7,python,
olympiadbench-930,8,python,
olympiadbench-930,9,lean,
olympiadbench-931,0,inconclusive,
olympiadbench-931,1,lean,
olympiadbench-931,2,inconclusive,
olympiadbench-931,3,lean,
olympiadbench-931,4,python,
olympiadbench-931,5,python,
olympiadbench-931,6,python,
olympiadbench-931,7,python,
olympiadbench-932,0,neither,
olympiadbench-932,1,python,
olympiadbench-932,2,inconclusive,
olympiadbench-932,3,inconclusive,
olympiadbench-932,4,neither,
olympiadbench-932,5,python,
olympiadbench-932,6,python,
olympiadbench-932,7,python,
olympiadbench-932,8,python,
olympiadbench-932,9,python,
olympiadbench-933,0,python,
olympiadbench-933,1,lean,
olympiadbench-933,2,lean,
olympiadbench-933,3,python,
olympiadbench-933,4,inconclusive,
olympiadbench-933,5,python,
olympiadbench-933,6,inconclusive,
olympiadbench-934,0,lean,
olympiadbench-934,1,inconclusive,
olympiadbench-934,2,python,
olympiadbench-934,3,python,
olympiadbench-934,4,python,
olympiadbench-934,5,python,
olympiadbench-934,6,lean,
olympiadbench-935,0,inconclusive,
olympiadbench-935,1,inconclusive,
olympiadbench-935,10,python,
olympiadbench-935,11,python,
olympiadbench-935,2,lean,
olympiadbench-935,3,lean,
olympiadbench-935,4,python,
olympiadbench-935,5,python,
olympiadbench-935,6,python,
olympiadbench-935,7,python,
olympiadbench-935,8,python,
olympiadbench-935,9,python,
olympiadbench-936,0,inconclusive,
olympiadbench-936,1,python,
olympiadbench-936,2,python,
olympiadbench-936,3,python,
olympiadbench-936,4,python,
olympiadbench-936,5,python,
olympiadbench-936,6,python,
olympiadbench-936,7,neither,
olympiadbench-937,0,inconclusive,
olympiadbench-937,1,inconclusive,
olympiadbench-937,2,python,
olympiadbench-937,3,python,
olympiadbench-937,4,python,
olympiadbench-938,0,inconclusive,
olympiadbench-938,1,lean,
olympiadbench-938,10,python,
olympiadbench-938,11,python,
olympiadbench-938,12,python,
olympiadbench-938,13,python,
olympiadbench-938,14,python,
olympiadbench-938,2,python,
olympiadbench-938,3,inconclusive,
olympiadbench-938,4,python,
olympiadbench-938,5,python,
olympiadbench-938,6,python,
olympiadbench-938,7,python,
olympiadbench-938,8,python,
olympiadbench-938,9,python,
olympiadbench-939,0,inconclusive,
olympiadbench-939,1,inconclusive,
olympiadbench-939,2,inconclusive,
olympiadbench-939,3,inconclusive,
olympiadbench-939,4,inconclusive,
olympiadbench-939,5,python,
olympiadbench-939,6,python,
olympiadbench-939,7,python,
olympiadbench-93,0,python,
olympiadbench-93,1,inconclusive,
olympiadbench-93,10,neither,
olympiadbench-93,11,inconclusive,
olympiadbench-93,2,inconclusive,
olympiadbench-93,3,,request_failed
olympiadbench-93,4,python,
olympiadbench-93,5,python,
olympiadbench-93,6,python,
olympiadbench-93,7,python,
olympiadbench-93,8,inconclusive,
olympiadbench-93,9,neither,
olympiadbench-940,0,python,
olympiadbench-940,1,inconclusive,
olympiadbench-940,2,python,
olympiadbench-940,3,python,
olympiadbench-940,4,python,
olympiadbench-940,5,inconclusive,
olympiadbench-940,6,python,
olympiadbench-940,7,python,
olympiadbench-940,8,python,
olympiadbench-940,9,python,
olympiadbench-941,0,inconclusive,
olympiadbench-941,1,neither,
olympiadbench-941,2,neither,
olympiadbench-941,3,neither,
olympiadbench-941,4,neither,
olympiadbench-941,5,neither,
olympiadbench-942,0,python,
olympiadbench-942,1,inconclusive,
olympiadbench-942,10,tie,
olympiadbench-942,11,python,
olympiadbench-942,2,python,
olympiadbench-942,3,inconclusive,
olympiadbench-942,4,lean,
olympiadbench-942,5,inconclusive,
olympiadbench-942,6,lean,
olympiadbench-942,7,python,
olympiadbench-942,8,python,
olympiadbench-942,9,python,
olympiadbench-943,0,inconclusive,
olympiadbench-943,1,lean,
olympiadbench-943,10,python,
olympiadbench-943,11,python,
olympiadbench-943,12,python,
olympiadbench-943,13,python,
olympiadbench-943,2,lean,
olympiadbench-943,3,python,
olympiadbench-943,4,lean,
olympiadbench-943,5,python,
olympiadbench-943,6,lean,
olympiadbench-943,7,inconclusive,
olympiadbench-943,8,inconclusive,
olympiadbench-943,9,python,
olympiadbench-944,0,python,
olympiadbench-944,1,python,
olympiadbench-944,10,python,
olympiadbench-944,11,python,
olympiadbench-944,12,python,
olympiadbench-944,2,inconclusive,
olympiadbench-944,3,python,
olympiadbench-944,4,python,
olympiadbench-944,5,python,
olympiadbench-944,6,python,
olympiadbench-944,7,python,
olympiadbench-944,8,python,
olympiadbench-944,9,python,
olympiadbench-945,0,lean,
olympiadbench-945,1,lean,
olympiadbench-945,2,lean,
olympiadbench-945,3,lean,
olympiadbench-945,4,python,
olympiadbench-945,5,inconclusive,
olympiadbench-945,6,lean,
olympiadbench-945,7,inconclusive,
olympiadbench-945,8,python,
olympiadbench-946,0,lean,
olympiadbench-946,1,inconclusive,
olympiadbench-946,2,neither,
olympiadbench-946,3,inconclusive,
olympiadbench-946,4,python,
olympiadbench-946,5,python,
olympiadbench-946,6,python,
olympiadbench-946,7,python,
olympiadbench-947,0,python,
olympiadbench-947,1,neither,
olympiadbench-947,10,python,
olympiadbench-947,2,neither,
olympiadbench-947,3,neither,
olympiadbench-947,4,neither,
olympiadbench-947,5,python,
olympiadbench-947,6,python,
olympiadbench-947,7,inconclusive,
olympiadbench-947,8,python,
olympiadbench-947,9,python,
olympiadbench-948,0,inconclusive,
olympiadbench-948,1,neither,
olympiadbench-948,2,python,
olympiadbench-948,3,python,
olympiadbench-949,0,lean,
olympiadbench-949,1,python,
olympiadbench-949,2,inconclusive,
olympiadbench-949,3,lean,
olympiadbench-949,4,python,
olympiadbench-949,5,python,
olympiadbench-949,6,python,
olympiadbench-94,0,inconclusive,
olympiadbench-94,1,python,
olympiadbench-94,2,inconclusive,
olympiadbench-94,3,lean,
olympiadbench-94,4,python,
olympiadbench-94,5,neither,
olympiadbench-94,6,python,
olympiadbench-94,7,python,
olympiadbench-950,0,inconclusive,
olympiadbench-950,1,inconclusive,
olympiadbench-950,2,inconclusive,
olympiadbench-950,3,python,
olympiadbench-950,4,inconclusive,
olympiadbench-950,5,python,
olympiadbench-950,6,python,
olympiadbench-950,7,neither,
olympiadbench-951,0,python,
olympiadbench-951,1,python,
olympiadbench-951,2,python,
olympiadbench-951,3,python,
olympiadbench-951,4,python,
olympiadbench-951,5,neither,
olympiadbench-951,6,python,
olympiadbench-952,0,inconclusive,
olympiadbench-952,1,neither,
olympiadbench-952,2,inconclusive,
olympiadbench-952,3,python,
olympiadbench-952,4,inconclusive,
olympiadbench-952,5,python,
olympiadbench-952,6,inconclusive,
olympiadbench-952,7,inconclusive,
olympiadbench-952,8,python,
olympiadbench-953,0,python,
olympiadbench-953,1,python,
olympiadbench-953,2,python,
olympiadbench-953,3,python,
olympiadbench-954,0,inconclusive,
olympiadbench-954,1,python,
olympiadbench-954,10,python,
olympiadbench-954,11,python,
olympiadbench-954,12,python,
olympiadbench-954,13,python,
olympiadbench-954,14,python,
olympiadbench-954,15,neither,
olympiadbench-954,2,inconclusive,
olympiadbench-954,3,neither,
olympiadbench-954,4,inconclusive,
olympiadbench-954,5,neither,
olympiadbench-954,6,python,
olympiadbench-954,7,python,
olympiadbench-954,8,python,
olympiadbench-954,9,python,
olympiadbench-955,0,python,
olympiadbench-955,1,python,
olympiadbench-955,2,python,
olympiadbench-955,3,neither,
olympiadbench-955,4,python,
olympiadbench-955,5,lean,
olympiadbench-955,6,lean,
olympiadbench-955,7,python,
olympiadbench-956,0,inconclusive,
olympiadbench-956,1,neither,
olympiadbench-956,10,neither,
olympiadbench-956,2,python,
olympiadbench-956,3,neither,
olympiadbench-956,4,python,
olympiadbench-956,5,python,
olympiadbench-956,6,inconclusive,
olympiadbench-956,7,inconclusive,
olympiadbench-956,8,neither,
olympiadbench-956,9,lean,
olympiadbench-957,0,python,
olympiadbench-957,1,python,
olympiadbench-957,2,python,
olympiadbench-957,3,python,
olympiadbench-958,0,python,
olympiadbench-958,1,lean,
olympiadbench-958,2,python,
olympiadbench-958,3,neither,
olympiadbench-958,4,python,
olympiadbench-958,5,lean,
olympiadbench-958,6,inconclusive,
olympiadbench-958,7,inconclusive,
olympiadbench-959,0,python,
olympiadbench-959,1,inconclusive,
olympiadbench-959,10,python,
olympiadbench-959,11,python,
olympiadbench-959,2,python,
olympiadbench-959,3,python,
olympiadbench-959,4,inconclusive,
olympiadbench-959,5,python,
olympiadbench-959,6,python,
olympiadbench-959,7,python,
olympiadbench-959,8,python,
olympiadbench-959,9,python,
olympiadbench-95,0,inconclusive,
olympiadbench-95,1,inconclusive,
olympiadbench-95,2,neither,
olympiadbench-95,3,python,
olympiadbench-95,4,python,
olympiadbench-95,5,inconclusive,
olympiadbench-95,6,inconclusive,
olympiadbench-95,7,inconclusive,
olympiadbench-960,0,inconclusive,
olympiadbench-960,1,inconclusive,
olympiadbench-960,2,inconclusive,
olympiadbench-960,3,lean,
olympiadbench-960,4,python,
olympiadbench-960,5,lean,
olympiadbench-960,6,lean,
olympiadbench-961,0,neither,
olympiadbench-961,1,neither,
olympiadbench-961,2,python,
olympiadbench-961,3,python,
olympiadbench-961,4,inconclusive,
olympiadbench-962,0,python,
olympiadbench-962,1,inconclusive,
olympiadbench-962,2,neither,
olympiadbench-962,3,inconclusive,
olympiadbench-962,4,neither,
olympiadbench-962,5,inconclusive,
olympiadbench-963,0,lean,
olympiadbench-963,1,python,
olympiadbench-963,2,lean,
olympiadbench-963,3,neither,
olympiadbench-963,4,python,
olympiadbench-964,0,neither,
olympiadbench-964,1,lean,
olympiadbench-964,2,lean,
olympiadbench-964,3,lean,
olympiadbench-964,4,lean,
olympiadbench-964,5,lean,
olympiadbench-964,6,lean,
olympiadbench-964,7,lean,
olympiadbench-965,0,python,
olympiadbench-965,1,python,
olympiadbench-965,2,python,
olympiadbench-965,3,python,
olympiadbench-965,4,python,
olympiadbench-965,5,python,
olympiadbench-965,6,python,
olympiadbench-965,7,python,
olympiadbench-966,0,python,
olympiadbench-966,1,python,
olympiadbench-966,2,python,
olympiadbench-966,3,python,
olympiadbench-966,4,python,
olympiadbench-966,5,lean,
olympiadbench-967,0,inconclusive,
olympiadbench-967,1,neither,
olympiadbench-967,10,inconclusive,
olympiadbench-967,2,python,
olympiadbench-967,3,neither,
olympiadbench-967,4,neither,
olympiadbench-967,5,inconclusive,
olympiadbench-967,6,inconclusive,
olympiadbench-967,7,neither,
olympiadbench-967,8,neither,
olympiadbench-967,9,python,
olympiadbench-968,0,inconclusive,
olympiadbench-968,1,inconclusive,
olympiadbench-968,2,lean,
olympiadbench-968,3,python,
olympiadbench-968,4,lean,
olympiadbench-968,5,lean,
olympiadbench-968,6,python,
olympiadbench-968,7,inconclusive,
olympiadbench-968,8,lean,
olympiadbench-969,0,inconclusive,
olympiadbench-969,1,python,
olympiadbench-969,10,inconclusive,
olympiadbench-969,11,lean,
olympiadbench-969,12,python,
olympiadbench-969,13,python,
olympiadbench-969,14,inconclusive,
olympiadbench-969,15,python,
olympiadbench-969,16,python,
olympiadbench-969,17,python,
olympiadbench-969,18,inconclusive,
olympiadbench-969,19,lean,
olympiadbench-969,2,inconclusive,
olympiadbench-969,3,neither,
olympiadbench-969,4,python,
olympiadbench-969,5,lean,
olympiadbench-969,6,python,
olympiadbench-969,7,python,
olympiadbench-969,8,python,
olympiadbench-969,9,lean,
olympiadbench-96,0,python,
olympiadbench-96,1,inconclusive,
olympiadbench-96,10,inconclusive,
olympiadbench-96,11,neither,
olympiadbench-96,12,inconclusive,
olympiadbench-96,13,inconclusive,
olympiadbench-96,14,inconclusive,
olympiadbench-96,15,inconclusive,
olympiadbench-96,16,lean,
olympiadbench-96,17,inconclusive,
olympiadbench-96,18,python,
olympiadbench-96,19,python,
olympiadbench-96,2,neither,
olympiadbench-96,20,inconclusive,
olympiadbench-96,21,inconclusive,
olympiadbench-96,22,inconclusive,
olympiadbench-96,23,inconclusive,
olympiadbench-96,24,python,
olympiadbench-96,25,python,
olympiadbench-96,26,python,
olympiadbench-96,3,inconclusive,
olympiadbench-96,4,python,
olympiadbench-96,5,inconclusive,
olympiadbench-96,6,python,
olympiadbench-96,7,python,
olympiadbench-96,8,inconclusive,
olympiadbench-96,9,neither,
olympiadbench-970,0,python,
olympiadbench-970,1,python,
olympiadbench-970,2,neither,
olympiadbench-970,3,inconclusive,
olympiadbench-970,4,python,
olympiadbench-970,5,python,
olympiadbench-970,6,python,
olympiadbench-971,0,inconclusive,
olympiadbench-971,1,python,
olympiadbench-971,10,python,
olympiadbench-971,11,inconclusive,
olympiadbench-971,12,python,
olympiadbench-971,2,python,
olympiadbench-971,3,inconclusive,
olympiadbench-971,4,python,
olympiadbench-971,5,lean,
olympiadbench-971,6,lean,
olympiadbench-971,7,python,
olympiadbench-971,8,python,
olympiadbench-971,9,python,
olympiadbench-972,0,inconclusive,
olympiadbench-972,1,lean,
olympiadbench-972,2,lean,
olympiadbench-972,3,python,
olympiadbench-972,4,inconclusive,
olympiadbench-972,5,lean,
olympiadbench-972,6,python,
olympiadbench-973,0,python,
olympiadbench-973,1,lean,
olympiadbench-973,2,python,
olympiadbench-973,3,python,
olympiadbench-973,4,python,
olympiadbench-973,5,python,
olympiadbench-974,0,python,
olympiadbench-974,1,python,
olympiadbench-974,2,inconclusive,
olympiadbench-974,3,lean,
olympiadbench-974,4,lean,
olympiadbench-974,5,neither,
olympiadbench-974,6,python,
olympiadbench-974,7,neither,
olympiadbench-974,8,python,
olympiadbench-975,0,neither,
olympiadbench-975,1,python,
olympiadbench-975,2,lean,
olympiadbench-975,3,python,
olympiadbench-975,4,python,
olympiadbench-975,5,python,
olympiadbench-975,6,python,
olympiadbench-975,7,inconclusive,
olympiadbench-976,0,python,
olympiadbench-976,1,python,
olympiadbench-976,2,python,
olympiadbench-976,3,python,
olympiadbench-976,4,lean,
olympiadbench-976,5,inconclusive,
olympiadbench-976,6,python,
olympiadbench-976,7,python,
olympiadbench-976,8,python,
olympiadbench-976,9,python,
olympiadbench-977,0,lean,
olympiadbench-977,1,lean,
olympiadbench-977,2,python,
olympiadbench-977,3,python,
olympiadbench-977,4,inconclusive,
olympiadbench-977,5,inconclusive,
olympiadbench-978,0,inconclusive,
olympiadbench-978,1,python,
olympiadbench-978,10,neither,
olympiadbench-978,11,python,
olympiadbench-978,12,tie,
olympiadbench-978,13,python,
olympiadbench-978,14,python,
olympiadbench-978,15,python,
olympiadbench-978,2,lean,
olympiadbench-978,3,neither,
olympiadbench-978,4,python,
olympiadbench-978,5,inconclusive,
olympiadbench-978,6,inconclusive,
olympiadbench-978,7,lean,
olympiadbench-978,8,python,
olympiadbench-978,9,neither,
olympiadbench-979,0,neither,
olympiadbench-979,1,neither,
olympiadbench-979,2,inconclusive,
olympiadbench-979,3,python,
olympiadbench-979,4,inconclusive,
olympiadbench-97,0,inconclusive,
olympiadbench-97,1,inconclusive,
olympiadbench-97,10,python,
olympiadbench-97,2,inconclusive,
olympiadbench-97,3,inconclusive,
olympiadbench-97,4,inconclusive,
olympiadbench-97,5,inconclusive,
olympiadbench-97,6,inconclusive,
olympiadbench-97,7,python,
olympiadbench-97,8,python,
olympiadbench-97,9,python,
olympiadbench-980,0,python,
olympiadbench-980,1,inconclusive,
olympiadbench-980,2,python,
olympiadbench-980,3,python,
olympiadbench-980,4,python,
olympiadbench-980,5,python,
olympiadbench-980,6,python,
olympiadbench-981,0,lean,
olympiadbench-981,1,python,
olympiadbench-981,2,python,
olympiadbench-981,3,python,
olympiadbench-981,4,python,
olympiadbench-981,5,python,
olympiadbench-982,0,inconclusive,
olympiadbench-982,1,inconclusive,
olympiadbench-982,2,python,
olympiadbench-982,3,python,
olympiadbench-982,4,python,
olympiadbench-983,0,inconclusive,
olympiadbench-983,1,python,
olympiadbench-983,10,python,
olympiadbench-983,11,python,
olympiadbench-983,12,inconclusive,
olympiadbench-983,13,inconclusive,
olympiadbench-983,14,neither,
olympiadbench-983,15,python,
olympiadbench-983,16,python,
olympiadbench-983,2,neither,
olympiadbench-983,3,neither,
olympiadbench-983,4,neither,
olympiadbench-983,5,python,
olympiadbench-983,6,python,
olympiadbench-983,7,neither,
olympiadbench-983,8,neither,
olympiadbench-983,9,python,
olympiadbench-984,0,python,
olympiadbench-984,1,lean,
olympiadbench-984,2,inconclusive,
olympiadbench-984,3,inconclusive,
olympiadbench-984,4,python,
olympiadbench-984,5,python,
olympiadbench-984,6,python,
olympiadbench-984,7,neither,
olympiadbench-985,0,inconclusive,
olympiadbench-985,1,inconclusive,
olympiadbench-985,2,lean,
olympiadbench-985,3,neither,
olympiadbench-985,4,python,
olympiadbench-985,5,python,
olympiadbench-985,6,python,
olympiadbench-986,0,inconclusive,
olympiadbench-986,1,python,
olympiadbench-986,10,python,
olympiadbench-986,11,python,
olympiadbench-986,12,python,
olympiadbench-986,13,python,
olympiadbench-986,2,lean,
olympiadbench-986,3,lean,
olympiadbench-986,4,lean,
olympiadbench-986,5,lean,
olympiadbench-986,6,lean,
olympiadbench-986,7,lean,
olympiadbench-986,8,python,
olympiadbench-986,9,python,
olympiadbench-987,0,inconclusive,
olympiadbench-987,1,python,
olympiadbench-987,2,python,
olympiadbench-987,3,python,
olympiadbench-987,4,python,
olympiadbench-987,5,python,
olympiadbench-988,0,tie,
olympiadbench-988,1,python,
olympiadbench-988,2,neither,
olympiadbench-989,0,python,
olympiadbench-989,1,python,
olympiadbench-989,10,python,
olympiadbench-989,11,python,
olympiadbench-989,12,python,
olympiadbench-989,2,python,
olympiadbench-989,3,python,
olympiadbench-989,4,python,
olympiadbench-989,5,lean,
olympiadbench-989,6,python,
olympiadbench-989,7,inconclusive,
olympiadbench-989,8,python,
olympiadbench-989,9,python,
olympiadbench-98,0,inconclusive,
olympiadbench-98,1,python,
olympiadbench-98,2,python,
olympiadbench-98,3,neither,
olympiadbench-98,4,neither,
olympiadbench-98,5,neither,
olympiadbench-98,6,neither,
olympiadbench-98,7,neither,
olympiadbench-990,0,inconclusive,
olympiadbench-990,1,python,
olympiadbench-990,2,neither,
olympiadbench-990,3,python,
olympiadbench-990,4,lean,
olympiadbench-990,5,lean,
olympiadbench-991,0,inconclusive,
olympiadbench-991,1,python,
olympiadbench-991,10,python,
olympiadbench-991,11,python,
olympiadbench-991,12,python,
olympiadbench-991,13,inconclusive,
olympiadbench-991,2,python,
olympiadbench-991,3,inconclusive,
olympiadbench-991,4,neither,
olympiadbench-991,5,inconclusive,
olympiadbench-991,6,inconclusive,
olympiadbench-991,7,inconclusive,
olympiadbench-991,8,tie,
olympiadbench-991,9,lean,
olympiadbench-992,0,inconclusive,
olympiadbench-992,1,python,
olympiadbench-992,2,neither,
olympiadbench-992,3,lean,
olympiadbench-992,4,python,
olympiadbench-992,5,python,
olympiadbench-993,0,python,
olympiadbench-993,1,python,
olympiadbench-993,2,lean,
olympiadbench-993,3,python,
olympiadbench-993,4,python,
olympiadbench-993,5,python,
olympiadbench-994,0,lean,
olympiadbench-994,1,inconclusive,
olympiadbench-994,2,lean,
olympiadbench-994,3,neither,
olympiadbench-994,4,python,
olympiadbench-994,5,inconclusive,
olympiadbench-994,6,neither,
olympiadbench-994,7,python,
olympiadbench-994,8,inconclusive,
olympiadbench-994,9,neither,
olympiadbench-995,0,python,
olympiadbench-995,1,neither,
olympiadbench-995,10,python,
olympiadbench-995,11,python,
olympiadbench-995,12,python,
olympiadbench-995,13,python,
olympiadbench-995,14,python,
olympiadbench-995,15,neither,
olympiadbench-995,16,python,
olympiadbench-995,17,python,
olympiadbench-995,18,python,
olympiadbench-995,19,python,
olympiadbench-995,2,python,
olympiadbench-995,20,lean,
olympiadbench-995,21,python,
olympiadbench-995,22,python,
olympiadbench-995,3,,request_failed
olympiadbench-995,4,lean,
olympiadbench-995,5,lean,
olympiadbench-995,6,python,
olympiadbench-995,7,lean,
olympiadbench-995,8,python,
olympiadbench-995,9,python,
olympiadbench-996,0,inconclusive,
olympiadbench-996,1,inconclusive,
olympiadbench-996,10,python,
olympiadbench-996,2,inconclusive,
olympiadbench-996,3,lean,
olympiadbench-996,4,python,
olympiadbench-996,5,inconclusive,
olympiadbench-996,6,python,
olympiadbench-996,7,python,
olympiadbench-996,8,python,
olympiadbench-996,9,python,
olympiadbench-997,0,python,
olympiadbench-997,1,python,
olympiadbench-997,2,python,
olympiadbench-997,3,python,
olympiadbench-997,4,lean,
olympiadbench-998,0,python,
olympiadbench-998,1,inconclusive,
olympiadbench-998,2,python,
olympiadbench-998,3,python,
olympiadbench-998,4,python,
olympiadbench-998,5,python,
olympiadbench-998,6,python,
olympiadbench-998,7,python,
olympiadbench-999,0,neither,
olympiadbench-999,1,neither,
olympiadbench-999,10,python,
olympiadbench-999,2,inconclusive,
olympiadbench-999,3,lean,
olympiadbench-999,4,python,
olympiadbench-999,5,python,
olympiadbench-999,6,python,
olympiadbench-999,7,python,
olympiadbench-999,8,python,
olympiadbench-999,9,python,
olympiadbench-99,0,python,
olympiadbench-99,1,python,
olympiadbench-99,2,python,
olympiadbench-99,3,neither,
olympiadbench-9,0,inconclusive,
olympiadbench-9,1,inconclusive,
olympiadbench-9,2,inconclusive,
olympiadbench-9,3,inconclusive,
olympiadbench-9,4,inconclusive,
olympiadbench-9,5,inconclusive,
olympiadbench-9,6,neither,
olympiadbench-9,7,neither,
omnimath-0,0,inconclusive,
omnimath-0,1,inconclusive,
omnimath-0,2,python,
omnimath-0,3,python,
omnimath-0,4,inconclusive,
omnimath-0,5,inconclusive,
omnimath-100,0,inconclusive,
omnimath-100,1,python,
omnimath-100,2,python,
omnimath-100,3,inconclusive,
omnimath-100,4,inconclusive,
omnimath-100,5,python,
omnimath-100,6,python,
omnimath-100,7,python,
omnimath-101,0,python,
omnimath-101,1,python,
omnimath-101,2,neither,
omnimath-101,3,neither,
omnimath-101,4,python,
omnimath-101,5,python,
omnimath-101,6,lean,
omnimath-101,7,python,
omnimath-102,0,inconclusive,
omnimath-102,1,python,
omnimath-102,2,python,
omnimath-102,3,python,
omnimath-103,0,inconclusive,
omnimath-103,1,python,
omnimath-103,10,python,
omnimath-103,11,python,
omnimath-103,12,neither,
omnimath-103,13,lean,
omnimath-103,2,python,
omnimath-103,3,python,
omnimath-103,4,python,
omnimath-103,5,python,
omnimath-103,6,python,
omnimath-103,7,python,
omnimath-103,8,python,
omnimath-103,9,python,
omnimath-104,0,neither,
omnimath-104,1,inconclusive,
omnimath-104,2,inconclusive,
omnimath-104,3,python,
omnimath-104,4,python,
omnimath-104,5,inconclusive,
omnimath-104,6,python,
omnimath-104,7,neither,
omnimath-104,8,python,
omnimath-105,0,inconclusive,
omnimath-105,1,neither,
omnimath-105,2,inconclusive,
omnimath-105,3,neither,
omnimath-105,4,inconclusive,
omnimath-105,5,neither,
omnimath-105,6,neither,
omnimath-106,0,lean,
omnimath-106,1,neither,
omnimath-106,2,neither,
omnimath-106,3,inconclusive,
omnimath-106,4,inconclusive,
omnimath-106,5,neither,
omnimath-106,6,python,
omnimath-107,0,inconclusive,
omnimath-107,1,python,
omnimath-107,2,python,
omnimath-107,3,python,
omnimath-107,4,neither,
omnimath-107,5,neither,
omnimath-107,6,inconclusive,
omnimath-108,0,inconclusive,
omnimath-108,1,lean,
omnimath-108,2,python,
omnimath-108,3,python,
omnimath-108,4,python,
omnimath-108,5,neither,
omnimath-108,6,python,
omnimath-109,0,inconclusive,
omnimath-109,1,neither,
omnimath-109,2,inconclusive,
omnimath-109,3,inconclusive,
omnimath-109,4,python,
omnimath-109,5,python,
omnimath-109,6,python,
omnimath-109,7,neither,
omnimath-109,8,inconclusive,
omnimath-10,0,inconclusive,
omnimath-10,1,neither,
omnimath-10,2,neither,
omnimath-10,3,python,
omnimath-10,4,inconclusive,
omnimath-10,5,inconclusive,
omnimath-10,6,inconclusive,
omnimath-10,7,neither,
omnimath-110,0,inconclusive,
omnimath-110,1,inconclusive,
omnimath-110,10,inconclusive,
omnimath-110,11,neither,
omnimath-110,12,,request_failed
omnimath-110,2,inconclusive,
omnimath-110,3,inconclusive,
omnimath-110,4,inconclusive,
omnimath-110,5,neither,
omnimath-110,6,inconclusive,
omnimath-110,7,inconclusive,
omnimath-110,8,inconclusive,
omnimath-110,9,inconclusive,
omnimath-111,0,inconclusive,
omnimath-111,1,neither,
omnimath-111,10,inconclusive,
omnimath-111,11,neither,
omnimath-111,2,neither,
omnimath-111,3,inconclusive,
omnimath-111,4,python,
omnimath-111,5,lean,
omnimath-111,6,inconclusive,
omnimath-111,7,inconclusive,
omnimath-111,8,neither,
omnimath-111,9,neither,
omnimath-112,0,inconclusive,
omnimath-112,1,neither,
omnimath-112,2,python,
omnimath-112,3,lean,
omnimath-112,4,python,
omnimath-113,0,neither,
omnimath-113,1,lean,
omnimath-113,2,inconclusive,
omnimath-113,3,inconclusive,
omnimath-113,4,neither,
omnimath-113,5,inconclusive,
omnimath-113,6,python,
omnimath-113,7,python,
omnimath-113,8,inconclusive,
omnimath-114,0,inconclusive,
omnimath-114,1,inconclusive,
omnimath-114,10,inconclusive,
omnimath-114,2,inconclusive,
omnimath-114,3,inconclusive,
omnimath-114,4,inconclusive,
omnimath-114,5,inconclusive,
omnimath-114,6,inconclusive,
omnimath-114,7,inconclusive,
omnimath-114,8,,request_failed
omnimath-114,9,inconclusive,
omnimath-115,0,python,
omnimath-115,1,python,
omnimath-115,2,python,
omnimath-115,3,inconclusive,
omnimath-115,4,inconclusive,
omnimath-115,5,neither,
omnimath-115,6,python,
omnimath-116,0,inconclusive,
omnimath-116,1,neither,
omnimath-116,2,python,
omnimath-116,3,neither,
omnimath-116,4,inconclusive,
omnimath-116,5,python,
omnimath-117,0,python,
omnimath-117,1,inconclusive,
omnimath-117,10,python,
omnimath-117,11,python,
omnimath-117,12,python,
omnimath-117,13,neither,
omnimath-117,2,python,
omnimath-117,3,inconclusive,
omnimath-117,4,python,
omnimath-117,5,lean,
omnimath-117,6,python,
omnimath-117,7,python,
omnimath-117,8,python,
omnimath-117,9,lean,
omnimath-118,0,neither,
omnimath-118,1,python,
omnimath-118,2,neither,
omnimath-118,3,inconclusive,
omnimath-119,0,inconclusive,
omnimath-119,1,neither,
omnimath-119,2,neither,
omnimath-119,3,neither,
omnimath-119,4,inconclusive,
omnimath-119,5,neither,
omnimath-119,6,inconclusive,
omnimath-119,7,neither,
omnimath-119,8,inconclusive,
omnimath-119,9,neither,
omnimath-11,0,inconclusive,
omnimath-11,1,inconclusive,
omnimath-11,10,python,
omnimath-11,11,python,
omnimath-11,12,python,
omnimath-11,2,python,
omnimath-11,3,python,
omnimath-11,4,lean,
omnimath-11,5,inconclusive,
omnimath-11,6,neither,
omnimath-11,7,neither,
omnimath-11,8,inconclusive,
omnimath-11,9,neither,
omnimath-120,0,inconclusive,
omnimath-120,1,inconclusive,
omnimath-120,2,python,
omnimath-120,3,neither,
omnimath-120,4,inconclusive,
omnimath-120,5,python,
omnimath-121,0,inconclusive,
omnimath-121,1,python,
omnimath-121,2,inconclusive,
omnimath-121,3,python,
omnimath-121,4,inconclusive,
omnimath-121,5,inconclusive,
omnimath-121,6,inconclusive,
omnimath-121,7,neither,
omnimath-122,0,python,
omnimath-122,1,python,
omnimath-122,2,python,
omnimath-122,3,python,
omnimath-122,4,python,
omnimath-122,5,neither,
omnimath-122,6,python,
omnimath-123,0,python,
omnimath-123,1,neither,
omnimath-123,2,lean,
omnimath-123,3,inconclusive,
omnimath-123,4,python,
omnimath-123,5,lean,
omnimath-123,6,python,
omnimath-123,7,python,
omnimath-123,8,python,
omnimath-124,0,inconclusive,
omnimath-124,1,python,
omnimath-124,2,neither,
omnimath-124,3,python,
omnimath-124,4,lean,
omnimath-124,5,inconclusive,
omnimath-125,0,inconclusive,
omnimath-125,1,python,
omnimath-125,2,python,
omnimath-125,3,neither,
omnimath-125,4,python,
omnimath-125,5,python,
omnimath-125,6,python,
omnimath-125,7,python,
omnimath-126,0,inconclusive,
omnimath-126,1,neither,
omnimath-126,2,python,
omnimath-126,3,python,
omnimath-126,4,inconclusive,
omnimath-126,5,python,
omnimath-127,0,inconclusive,
omnimath-127,1,inconclusive,
omnimath-127,10,neither,
omnimath-127,11,neither,
omnimath-127,12,neither,
omnimath-127,2,python,
omnimath-127,3,neither,
omnimath-127,4,inconclusive,
omnimath-127,5,inconclusive,
omnimath-127,6,inconclusive,
omnimath-127,7,inconclusive,
omnimath-127,8,lean,
omnimath-127,9,neither,
omnimath-128,0,inconclusive,
omnimath-128,1,inconclusive,
omnimath-128,2,inconclusive,
omnimath-128,3,inconclusive,
omnimath-128,4,python,
omnimath-128,5,python,
omnimath-128,6,neither,
omnimath-128,7,neither,
omnimath-128,8,inconclusive,
omnimath-128,9,inconclusive,
omnimath-129,0,inconclusive,
omnimath-129,1,neither,
omnimath-129,10,inconclusive,
omnimath-129,2,python,
omnimath-129,3,neither,
omnimath-129,4,inconclusive,
omnimath-129,5,python,
omnimath-129,6,python,
omnimath-129,7,python,
omnimath-129,8,neither,
omnimath-129,9,python,
omnimath-12,0,python,
omnimath-12,1,inconclusive,
omnimath-12,2,python,
omnimath-12,3,python,
omnimath-12,4,python,
omnimath-12,5,inconclusive,
omnimath-130,0,inconclusive,
omnimath-130,1,neither,
omnimath-130,2,inconclusive,
omnimath-130,3,python,
omnimath-130,4,inconclusive,
omnimath-130,5,python,
omnimath-130,6,python,
omnimath-130,7,inconclusive,
omnimath-130,8,inconclusive,
omnimath-130,9,inconclusive,
omnimath-131,0,inconclusive,
omnimath-131,1,inconclusive,
omnimath-131,2,lean,
omnimath-131,3,python,
omnimath-131,4,inconclusive,
omnimath-132,0,python,
omnimath-132,1,neither,
omnimath-132,2,python,
omnimath-132,3,neither,
omnimath-132,4,python,
omnimath-132,5,neither,
omnimath-132,6,inconclusive,
omnimath-132,7,,request_failed
omnimath-132,8,python,
omnimath-133,0,python,
omnimath-133,1,inconclusive,
omnimath-133,10,python,
omnimath-133,2,python,
omnimath-133,3,neither,
omnimath-133,4,inconclusive,
omnimath-133,5,neither,
omnimath-133,6,python,
omnimath-133,7,python,
omnimath-133,8,python,
omnimath-133,9,inconclusive,
omnimath-134,0,inconclusive,
omnimath-134,1,inconclusive,
omnimath-134,2,python,
omnimath-134,3,python,
omnimath-134,4,python,
omnimath-134,5,python,
omnimath-134,6,inconclusive,
omnimath-134,7,inconclusive,
omnimath-134,8,inconclusive,
omnimath-134,9,inconclusive,
omnimath-135,0,neither,
omnimath-135,1,python,
omnimath-135,10,neither,
omnimath-135,11,lean,
omnimath-135,12,lean,
omnimath-135,13,lean,
omnimath-135,14,neither,
omnimath-135,15,neither,
omnimath-135,16,neither,
omnimath-135,17,python,
omnimath-135,18,inconclusive,
omnimath-135,19,neither,
omnimath-135,2,lean,
omnimath-135,3,inconclusive,
omnimath-135,4,lean,
omnimath-135,5,neither,
omnimath-135,6,neither,
omnimath-135,7,python,
omnimath-135,8,neither,
omnimath-135,9,inconclusive,
omnimath-136,0,python,
omnimath-136,1,python,
omnimath-136,10,python,
omnimath-136,11,neither,
omnimath-136,12,inconclusive,
omnimath-136,13,python,
omnimath-136,14,python,
omnimath-136,15,python,
omnimath-136,2,neither,
omnimath-136,3,inconclusive,
omnimath-136,4,neither,
omnimath-136,5,python,
omnimath-136,6,python,
omnimath-136,7,python,
omnimath-136,8,inconclusive,
omnimath-136,9,neither,
omnimath-137,0,inconclusive,
omnimath-137,1,neither,
omnimath-137,2,inconclusive,
omnimath-137,3,neither,
omnimath-137,4,python,
omnimath-137,5,inconclusive,
omnimath-137,6,neither,
omnimath-137,7,inconclusive,
omnimath-138,0,neither,
omnimath-138,1,python,
omnimath-138,2,inconclusive,
omnimath-138,3,neither,
omnimath-138,4,inconclusive,
omnimath-138,5,inconclusive,
omnimath-139,0,lean,
omnimath-139,1,inconclusive,
omnimath-139,10,lean,
omnimath-139,11,inconclusive,
omnimath-139,12,inconclusive,
omnimath-139,13,python,
omnimath-139,2,python,
omnimath-139,3,python,
omnimath-139,4,python,
omnimath-139,5,python,
omnimath-139,6,lean,
omnimath-139,7,python,
omnimath-139,8,lean,
omnimath-139,9,python,
omnimath-13,0,python,
omnimath-13,1,python,
omnimath-13,2,python,
omnimath-13,3,neither,
omnimath-13,4,python,
omnimath-13,5,python,
omnimath-13,6,python,
omnimath-140,0,python,
omnimath-140,1,inconclusive,
omnimath-140,10,inconclusive,
omnimath-140,11,inconclusive,
omnimath-140,12,inconclusive,
omnimath-140,13,inconclusive,
omnimath-140,14,inconclusive,
omnimath-140,15,inconclusive,
omnimath-140,16,inconclusive,
omnimath-140,17,inconclusive,
omnimath-140,18,inconclusive,
omnimath-140,19,lean,
omnimath-140,2,lean,
omnimath-140,20,inconclusive,
omnimath-140,21,inconclusive,
omnimath-140,22,inconclusive,
omnimath-140,23,inconclusive,
omnimath-140,24,inconclusive,
omnimath-140,25,python,
omnimath-140,26,inconclusive,
omnimath-140,27,inconclusive,
omnimath-140,28,python,
omnimath-140,29,neither,
omnimath-140,3,lean,
omnimath-140,4,neither,
omnimath-140,5,inconclusive,
omnimath-140,6,lean,
omnimath-140,7,neither,
omnimath-140,8,inconclusive,
omnimath-140,9,neither,
omnimath-141,0,neither,
omnimath-141,1,lean,
omnimath-141,2,inconclusive,
omnimath-141,3,python,
omnimath-141,4,python,
omnimath-141,5,,request_failed
omnimath-141,6,python,
omnimath-141,7,python,
omnimath-141,8,neither,
omnimath-141,9,lean,
omnimath-142,0,python,
omnimath-142,1,neither,
omnimath-142,10,inconclusive,
omnimath-142,2,python,
omnimath-142,3,neither,
omnimath-142,4,inconclusive,
omnimath-142,5,neither,
omnimath-142,6,neither,
omnimath-142,7,neither,
omnimath-142,8,neither,
omnimath-142,9,neither,
omnimath-143,0,python,
omnimath-143,1,python,
omnimath-143,10,python,
omnimath-143,2,inconclusive,
omnimath-143,3,neither,
omnimath-143,4,neither,
omnimath-143,5,python,
omnimath-143,6,python,
omnimath-143,7,python,
omnimath-143,8,neither,
omnimath-143,9,python,
omnimath-144,0,lean,
omnimath-144,1,inconclusive,
omnimath-144,2,neither,
omnimath-144,3,neither,
omnimath-144,4,python,
omnimath-144,5,neither,
omnimath-144,6,neither,
omnimath-144,7,python,
omnimath-144,8,python,
omnimath-144,9,python,
omnimath-145,0,inconclusive,
omnimath-145,1,neither,
omnimath-145,2,neither,
omnimath-145,3,python,
omnimath-145,4,python,
omnimath-146,0,inconclusive,
omnimath-146,1,inconclusive,
omnimath-146,2,lean,
omnimath-146,3,lean,
omnimath-146,4,lean,
omnimath-146,5,neither,
omnimath-146,6,python,
omnimath-146,7,python,
omnimath-146,8,python,
omnimath-146,9,neither,
omnimath-147,0,inconclusive,
omnimath-147,1,inconclusive,
omnimath-147,2,python,
omnimath-147,3,neither,
omnimath-147,4,neither,
omnimath-147,5,inconclusive,
omnimath-148,0,python,
omnimath-148,1,inconclusive,
omnimath-148,10,neither,
omnimath-148,2,neither,
omnimath-148,3,neither,
omnimath-148,4,python,
omnimath-148,5,inconclusive,
omnimath-148,6,neither,
omnimath-148,7,python,
omnimath-148,8,python,
omnimath-148,9,python,
omnimath-149,0,inconclusive,
omnimath-149,1,inconclusive,
omnimath-149,2,python,
omnimath-149,3,neither,
omnimath-149,4,neither,
omnimath-149,5,neither,
omnimath-149,6,inconclusive,
omnimath-14,0,inconclusive,
omnimath-14,1,python,
omnimath-14,2,lean,
omnimath-14,3,neither,
omnimath-14,4,python,
omnimath-14,5,python,
omnimath-14,6,inconclusive,
omnimath-14,7,inconclusive,
omnimath-14,8,neither,
omnimath-14,9,python,
omnimath-150,0,python,
omnimath-150,1,lean,
omnimath-150,10,lean,
omnimath-150,11,python,
omnimath-150,12,python,
omnimath-150,2,lean,
omnimath-150,3,lean,
omnimath-150,4,python,
omnimath-150,5,lean,
omnimath-150,6,lean,
omnimath-150,7,inconclusive,
omnimath-150,8,neither,
omnimath-150,9,python,
omnimath-151,0,inconclusive,
omnimath-151,1,neither,
omnimath-151,2,python,
omnimath-151,3,python,
omnimath-151,4,neither,
omnimath-152,0,python,
omnimath-152,1,lean,
omnimath-152,2,python,
omnimath-152,3,neither,
omnimath-152,4,neither,
omnimath-153,0,python,
omnimath-153,1,inconclusive,
omnimath-153,2,python,
omnimath-153,3,python,
omnimath-153,4,python,
omnimath-153,5,python,
omnimath-153,6,python,
omnimath-153,7,python,
omnimath-153,8,python,
omnimath-153,9,python,
omnimath-154,0,inconclusive,
omnimath-154,1,neither,
omnimath-154,2,neither,
omnimath-154,3,neither,
omnimath-154,4,neither,
omnimath-154,5,neither,
omnimath-154,6,neither,
omnimath-154,7,neither,
omnimath-154,8,neither,
omnimath-154,9,neither,
omnimath-155,0,python,
omnimath-155,1,neither,
omnimath-155,2,inconclusive,
omnimath-155,3,python,
omnimath-155,4,python,
omnimath-155,5,inconclusive,
omnimath-155,6,python,
omnimath-155,7,neither,
omnimath-155,8,inconclusive,
omnimath-156,0,neither,
omnimath-156,1,,request_failed
omnimath-156,2,python,
omnimath-156,3,inconclusive,
omnimath-156,4,inconclusive,
omnimath-156,5,inconclusive,
omnimath-156,6,inconclusive,
omnimath-156,7,python,
omnimath-156,8,neither,
omnimath-157,0,python,
omnimath-157,1,neither,
omnimath-157,10,neither,
omnimath-157,2,inconclusive,
omnimath-157,3,inconclusive,
omnimath-157,4,python,
omnimath-157,5,python,
omnimath-157,6,neither,
omnimath-157,7,neither,
omnimath-157,8,python,
omnimath-157,9,neither,
omnimath-158,0,lean,
omnimath-158,1,python,
omnimath-158,2,python,
omnimath-159,0,python,
omnimath-159,1,neither,
omnimath-159,2,python,
omnimath-159,3,lean,
omnimath-159,4,neither,
omnimath-159,5,python,
omnimath-159,6,neither,
omnimath-15,0,lean,
omnimath-15,1,python,
omnimath-15,2,lean,
omnimath-15,3,neither,
omnimath-15,4,lean,
omnimath-15,5,lean,
omnimath-15,6,python,
omnimath-15,7,neither,
omnimath-15,8,neither,
omnimath-160,0,neither,
omnimath-160,1,python,
omnimath-160,10,inconclusive,
omnimath-160,11,neither,
omnimath-160,12,neither,
omnimath-160,2,python,
omnimath-160,3,python,
omnimath-160,4,neither,
omnimath-160,5,python,
omnimath-160,6,lean,
omnimath-160,7,neither,
omnimath-160,8,neither,
omnimath-160,9,python,
omnimath-161,0,inconclusive,
omnimath-161,1,inconclusive,
omnimath-161,2,inconclusive,
omnimath-161,3,neither,
omnimath-161,4,neither,
omnimath-161,5,neither,
omnimath-161,6,neither,
omnimath-162,0,inconclusive,
omnimath-162,1,inconclusive,
omnimath-162,2,inconclusive,
omnimath-162,3,neither,
omnimath-162,4,neither,
omnimath-162,5,inconclusive,
omnimath-162,6,neither,
omnimath-162,7,python,
omnimath-162,8,python,
omnimath-163,0,python,
omnimath-163,1,python,
omnimath-163,2,python,
omnimath-163,3,neither,
omnimath-163,4,python,
omnimath-163,5,inconclusive,
omnimath-163,6,lean,
omnimath-163,7,python,
omnimath-163,8,neither,
omnimath-164,0,inconclusive,
omnimath-164,1,neither,
omnimath-164,2,lean,
omnimath-164,3,python,
omnimath-164,4,python,
omnimath-164,5,inconclusive,
omnimath-164,6,neither,
omnimath-165,0,inconclusive,
omnimath-165,1,python,
omnimath-165,2,python,
omnimath-166,0,inconclusive,
omnimath-166,1,lean,
omnimath-166,2,python,
omnimath-166,3,python,
omnimath-166,4,neither,
omnimath-166,5,python,
omnimath-166,6,neither,
omnimath-166,7,inconclusive,
omnimath-166,8,neither,
omnimath-167,0,python,
omnimath-167,1,python,
omnimath-167,2,python,
omnimath-167,3,tie,
omnimath-167,4,tie,
omnimath-167,5,python,
omnimath-167,6,inconclusive,
omnimath-167,7,python,
omnimath-167,8,python,
omnimath-168,0,inconclusive,
omnimath-168,1,neither,
omnimath-168,2,neither,
omnimath-168,3,inconclusive,
omnimath-168,4,neither,
omnimath-168,5,inconclusive,
omnimath-168,6,neither,
omnimath-168,7,inconclusive,
omnimath-169,0,neither,
omnimath-169,1,neither,
omnimath-169,10,inconclusive,
omnimath-169,11,python,
omnimath-169,12,python,
omnimath-169,13,neither,
omnimath-169,14,python,
omnimath-169,15,python,
omnimath-169,2,python,
omnimath-169,3,neither,
omnimath-169,4,neither,
omnimath-169,5,inconclusive,
omnimath-169,6,inconclusive,
omnimath-169,7,neither,
omnimath-169,8,inconclusive,
omnimath-169,9,neither,
omnimath-16,0,python,
omnimath-16,1,inconclusive,
omnimath-16,10,neither,
omnimath-16,11,python,
omnimath-16,12,python,
omnimath-16,13,inconclusive,
omnimath-16,14,lean,
omnimath-16,15,neither,
omnimath-16,16,neither,
omnimath-16,17,neither,
omnimath-16,18,python,
omnimath-16,19,python,
omnimath-16,2,python,
omnimath-16,20,python,
omnimath-16,21,python,
omnimath-16,22,python,
omnimath-16,3,neither,
omnimath-16,4,python,
omnimath-16,5,neither,
omnimath-16,6,inconclusive,
omnimath-16,7,python,
omnimath-16,8,python,
omnimath-16,9,python,
omnimath-170,0,inconclusive,
omnimath-170,1,inconclusive,
omnimath-170,2,inconclusive,
omnimath-170,3,inconclusive,
omnimath-170,4,inconclusive,
omnimath-170,5,neither,
omnimath-170,6,neither,
omnimath-171,0,inconclusive,
omnimath-171,1,lean,
omnimath-171,2,inconclusive,
omnimath-171,3,lean,
omnimath-171,4,lean,
omnimath-171,5,lean,
omnimath-171,6,lean,
omnimath-171,7,python,
omnimath-171,8,lean,
omnimath-171,9,lean,
omnimath-172,0,python,
omnimath-172,1,neither,
omnimath-172,10,python,
omnimath-172,11,inconclusive,
omnimath-172,2,neither,
omnimath-172,3,inconclusive,
omnimath-172,4,python,
omnimath-172,5,inconclusive,
omnimath-172,6,inconclusive,
omnimath-172,7,neither,
omnimath-172,8,python,
omnimath-172,9,neither,
omnimath-173,0,neither,
omnimath-173,1,neither,
omnimath-173,2,neither,
omnimath-173,3,neither,
omnimath-173,4,python,
omnimath-174,0,python,
omnimath-174,1,inconclusive,
omnimath-174,10,python,
omnimath-174,11,python,
omnimath-174,12,python,
omnimath-174,13,python,
omnimath-174,14,python,
omnimath-174,15,python,
omnimath-174,16,python,
omnimath-174,17,python,
omnimath-174,18,python,
omnimath-174,19,python,
omnimath-174,2,inconclusive,
omnimath-174,20,python,
omnimath-174,21,neither,
omnimath-174,22,python,
omnimath-174,23,python,
omnimath-174,24,python,
omnimath-174,25,tie,
omnimath-174,26,python,
omnimath-174,27,python,
omnimath-174,28,python,
omnimath-174,29,python,
omnimath-174,3,python,
omnimath-174,4,inconclusive,
omnimath-174,5,python,
omnimath-174,6,python,
omnimath-174,7,python,
omnimath-174,8,python,
omnimath-174,9,python,
omnimath-175,0,python,
omnimath-175,1,neither,
omnimath-175,2,python,
omnimath-175,3,python,
omnimath-176,0,inconclusive,
omnimath-176,1,python,
omnimath-176,2,inconclusive,
omnimath-176,3,neither,
omnimath-176,4,neither,
omnimath-176,5,neither,
omnimath-176,6,inconclusive,
omnimath-176,7,lean,
omnimath-176,8,neither,
omnimath-176,9,neither,
omnimath-177,0,inconclusive,
omnimath-177,1,lean,
omnimath-177,2,lean,
omnimath-177,3,neither,
omnimath-177,4,neither,
omnimath-177,5,python,
omnimath-177,6,python,
omnimath-178,0,inconclusive,
omnimath-178,1,python,
omnimath-178,2,inconclusive,
omnimath-178,3,inconclusive,
omnimath-178,4,python,
omnimath-178,5,python,
omnimath-178,6,python,
omnimath-178,7,python,
omnimath-178,8,inconclusive,
omnimath-178,9,python,
omnimath-179,0,inconclusive,
omnimath-179,1,python,
omnimath-179,2,neither,
omnimath-179,3,python,
omnimath-179,4,python,
omnimath-179,5,neither,
omnimath-179,6,python,
omnimath-17,0,inconclusive,
omnimath-17,1,lean,
omnimath-17,2,inconclusive,
omnimath-17,3,python,
omnimath-17,4,inconclusive,
omnimath-17,5,python,
omnimath-17,6,neither,
omnimath-17,7,neither,
omnimath-17,8,inconclusive,
omnimath-180,0,inconclusive,
omnimath-180,1,python,
omnimath-180,10,neither,
omnimath-180,11,inconclusive,
omnimath-180,12,neither,
omnimath-180,2,python,
omnimath-180,3,inconclusive,
omnimath-180,4,inconclusive,
omnimath-180,5,python,
omnimath-180,6,neither,
omnimath-180,7,inconclusive,
omnimath-180,8,inconclusive,
omnimath-180,9,inconclusive,
omnimath-181,0,inconclusive,
omnimath-181,1,inconclusive,
omnimath-181,10,neither,
omnimath-181,11,lean,
omnimath-181,12,python,
omnimath-181,13,neither,
omnimath-181,14,neither,
omnimath-181,15,neither,
omnimath-181,2,lean,
omnimath-181,3,neither,
omnimath-181,4,neither,
omnimath-181,5,neither,
omnimath-181,6,neither,
omnimath-181,7,neither,
omnimath-181,8,neither,
omnimath-181,9,inconclusive,
omnimath-182,0,python,
omnimath-182,1,python,
omnimath-182,2,python,
omnimath-182,3,neither,
omnimath-182,4,neither,
omnimath-183,0,inconclusive,
omnimath-183,1,inconclusive,
omnimath-183,2,inconclusive,
omnimath-183,3,neither,
omnimath-183,4,inconclusive,
omnimath-183,5,inconclusive,
omnimath-183,6,neither,
omnimath-184,0,neither,
omnimath-184,1,lean,
omnimath-184,2,python,
omnimath-184,3,neither,
omnimath-184,4,neither,
omnimath-184,5,python,
omnimath-185,0,python,
omnimath-185,1,python,
omnimath-185,2,python,
omnimath-185,3,inconclusive,
omnimath-185,4,inconclusive,
omnimath-185,5,inconclusive,
omnimath-185,6,inconclusive,
omnimath-185,7,python,
omnimath-185,8,python,
omnimath-186,0,python,
omnimath-186,1,inconclusive,
omnimath-186,2,neither,
omnimath-186,3,python,
omnimath-186,4,python,
omnimath-186,5,python,
omnimath-186,6,python,
omnimath-187,0,inconclusive,
omnimath-187,1,inconclusive,
omnimath-187,10,python,
omnimath-187,11,python,
omnimath-187,12,python,
omnimath-187,13,python,
omnimath-187,14,python,
omnimath-187,15,python,
omnimath-187,16,python,
omnimath-187,2,python,
omnimath-187,3,python,
omnimath-187,4,python,
omnimath-187,5,python,
omnimath-187,6,python,
omnimath-187,7,python,
omnimath-187,8,python,
omnimath-187,9,python,
omnimath-188,0,inconclusive,
omnimath-188,1,python,
omnimath-188,10,neither,
omnimath-188,11,neither,
omnimath-188,12,python,
omnimath-188,13,python,
omnimath-188,14,python,
omnimath-188,2,neither,
omnimath-188,3,inconclusive,
omnimath-188,4,inconclusive,
omnimath-188,5,inconclusive,
omnimath-188,6,neither,
omnimath-188,7,inconclusive,
omnimath-188,8,neither,
omnimath-188,9,python,
omnimath-189,0,python,
omnimath-189,1,python,
omnimath-189,2,inconclusive,
omnimath-189,3,python,
omnimath-18,0,neither,
omnimath-18,1,python,
omnimath-18,2,python,
omnimath-18,3,python,
omnimath-18,4,neither,
omnimath-18,5,neither,
omnimath-18,6,python,
omnimath-190,0,inconclusive,
omnimath-190,1,python,
omnimath-190,2,neither,
omnimath-190,3,neither,
omnimath-190,4,neither,
omnimath-190,5,neither,
omnimath-191,0,inconclusive,
omnimath-191,1,python,
omnimath-191,10,python,
omnimath-191,11,python,
omnimath-191,12,inconclusive,
omnimath-191,13,neither,
omnimath-191,14,neither,
omnimath-191,15,neither,
omnimath-191,2,python,
omnimath-191,3,lean,
omnimath-191,4,inconclusive,
omnimath-191,5,neither,
omnimath-191,6,neither,
omnimath-191,7,inconclusive,
omnimath-191,8,inconclusive,
omnimath-191,9,inconclusive,
omnimath-192,0,inconclusive,
omnimath-192,1,python,
omnimath-192,2,python,
omnimath-192,3,inconclusive,
omnimath-192,4,inconclusive,
omnimath-192,5,inconclusive,
omnimath-192,6,python,
omnimath-192,7,python,
omnimath-193,0,inconclusive,
omnimath-193,1,lean,
omnimath-193,2,neither,
omnimath-193,3,neither,
omnimath-193,4,inconclusive,
omnimath-194,0,python,
omnimath-194,1,python,
omnimath-194,2,python,
omnimath-194,3,python,
omnimath-194,4,python,
omnimath-195,0,neither,
omnimath-195,1,lean,
omnimath-195,2,neither,
omnimath-195,3,inconclusive,
omnimath-195,4,python,
omnimath-195,5,inconclusive,
omnimath-195,6,inconclusive,
omnimath-195,7,inconclusive,
omnimath-196,0,inconclusive,
omnimath-196,1,lean,
omnimath-196,2,inconclusive,
omnimath-196,3,neither,
omnimath-196,4,python,
omnimath-196,5,python,
omnimath-197,0,neither,
omnimath-197,1,inconclusive,
omnimath-197,2,neither,
omnimath-197,3,neither,
omnimath-197,4,neither,
omnimath-197,5,neither,
omnimath-197,6,neither,
omnimath-197,7,inconclusive,
omnimath-197,8,python,
omnimath-197,9,python,
omnimath-198,0,inconclusive,
omnimath-198,1,inconclusive,
omnimath-198,2,neither,
omnimath-198,3,neither,
omnimath-198,4,inconclusive,
omnimath-199,0,inconclusive,
omnimath-199,1,python,
omnimath-199,2,python,
omnimath-199,3,python,
omnimath-19,0,inconclusive,
omnimath-19,1,python,
omnimath-19,2,python,
omnimath-19,3,neither,
omnimath-19,4,python,
omnimath-19,5,inconclusive,
omnimath-1,0,inconclusive,
omnimath-1,1,lean,
omnimath-1,10,neither,
omnimath-1,11,python,
omnimath-1,2,inconclusive,
omnimath-1,3,inconclusive,
omnimath-1,4,python,
omnimath-1,5,python,
omnimath-1,6,python,
omnimath-1,7,python,
omnimath-1,8,python,
omnimath-1,9,python,
omnimath-200,0,inconclusive,
omnimath-200,1,neither,
omnimath-200,2,lean,
omnimath-200,3,neither,
omnimath-200,4,inconclusive,
omnimath-201,0,neither,
omnimath-201,1,python,
omnimath-201,2,python,
omnimath-201,3,python,
omnimath-201,4,python,
omnimath-201,5,python,
omnimath-202,0,neither,
omnimath-202,1,python,
omnimath-202,2,neither,
omnimath-202,3,neither,
omnimath-202,4,inconclusive,
omnimath-202,5,python,
omnimath-202,6,neither,
omnimath-203,0,inconclusive,
omnimath-203,1,inconclusive,
omnimath-203,2,inconclusive,
omnimath-203,3,lean,
omnimath-203,4,lean,
omnimath-203,5,neither,
omnimath-203,6,neither,
omnimath-203,7,,request_failed
omnimath-203,8,lean,
omnimath-203,9,neither,
omnimath-204,0,python,
omnimath-204,1,neither,
omnimath-204,2,inconclusive,
omnimath-205,0,python,
omnimath-205,1,inconclusive,
omnimath-205,2,inconclusive,
omnimath-205,3,inconclusive,
omnimath-205,4,,request_failed
omnimath-205,5,inconclusive,
omnimath-205,6,inconclusive,
omnimath-206,0,python,
omnimath-206,1,neither,
omnimath-206,2,neither,
omnimath-206,3,neither,
omnimath-206,4,neither,
omnimath-206,5,python,
omnimath-206,6,python,
omnimath-207,0,inconclusive,
omnimath-207,1,neither,
omnimath-207,10,neither,
omnimath-207,11,neither,
omnimath-207,12,inconclusive,
omnimath-207,13,neither,
omnimath-207,14,python,
omnimath-207,15,neither,
omnimath-207,16,neither,
omnimath-207,17,inconclusive,
omnimath-207,18,neither,
omnimath-207,19,python,
omnimath-207,2,neither,
omnimath-207,20,neither,
omnimath-207,3,inconclusive,
omnimath-207,4,lean,
omnimath-207,5,python,
omnimath-207,6,inconclusive,
omnimath-207,7,neither,
omnimath-207,8,neither,
omnimath-207,9,neither,
omnimath-208,0,inconclusive,
omnimath-208,1,inconclusive,
omnimath-208,2,inconclusive,
omnimath-208,3,python,
omnimath-208,4,neither,
omnimath-208,5,neither,
omnimath-208,6,neither,
omnimath-208,7,python,
omnimath-208,8,neither,
omnimath-209,0,inconclusive,
omnimath-209,1,python,
omnimath-209,2,lean,
omnimath-209,3,neither,
omnimath-209,4,neither,
omnimath-209,5,neither,
omnimath-209,6,neither,
omnimath-20,0,inconclusive,
omnimath-20,1,python,
omnimath-20,2,inconclusive,
omnimath-20,3,inconclusive,
omnimath-20,4,neither,
omnimath-210,0,inconclusive,
omnimath-210,1,python,
omnimath-210,2,python,
omnimath-210,3,python,
omnimath-210,4,python,
omnimath-210,5,inconclusive,
omnimath-210,6,python,
omnimath-211,0,neither,
omnimath-211,1,python,
omnimath-211,2,python,
omnimath-211,3,python,
omnimath-211,4,python,
omnimath-211,5,python,
omnimath-211,6,neither,
omnimath-211,7,python,
omnimath-211,8,neither,
omnimath-212,0,python,
omnimath-212,1,python,
omnimath-212,10,inconclusive,
omnimath-212,11,inconclusive,
omnimath-212,12,python,
omnimath-212,2,python,
omnimath-212,3,neither,
omnimath-212,4,python,
omnimath-212,5,inconclusive,
omnimath-212,6,neither,
omnimath-212,7,python,
omnimath-212,8,inconclusive,
omnimath-212,9,inconclusive,
omnimath-213,0,inconclusive,
omnimath-213,1,python,
omnimath-213,2,python,
omnimath-213,3,python,
omnimath-213,4,python,
omnimath-213,5,python,
omnimath-213,6,python,
omnimath-214,0,inconclusive,
omnimath-214,1,neither,
omnimath-214,2,inconclusive,
omnimath-214,3,python,
omnimath-214,4,python,
omnimath-214,5,python,
omnimath-214,6,python,
omnimath-215,0,inconclusive,
omnimath-215,1,inconclusive,
omnimath-215,2,neither,
omnimath-215,3,neither,
omnimath-215,4,python,
omnimath-215,5,python,
omnimath-216,0,inconclusive,
omnimath-216,1,inconclusive,
omnimath-216,2,inconclusive,
omnimath-216,3,neither,
omnimath-216,4,python,
omnimath-216,5,inconclusive,
omnimath-217,0,inconclusive,
omnimath-217,1,inconclusive,
omnimath-217,2,python,
omnimath-217,3,inconclusive,
omnimath-217,4,python,
omnimath-217,5,python,
omnimath-217,6,python,
omnimath-217,7,python,
omnimath-217,8,python,
omnimath-217,9,python,
omnimath-218,0,inconclusive,
omnimath-218,1,python,
omnimath-218,2,python,
omnimath-218,3,python,
omnimath-218,4,neither,
omnimath-218,5,python,
omnimath-219,0,inconclusive,
omnimath-219,1,python,
omnimath-219,2,python,
omnimath-219,3,python,
omnimath-219,4,python,
omnimath-219,5,python,
omnimath-21,0,inconclusive,
omnimath-21,1,inconclusive,
omnimath-21,2,inconclusive,
omnimath-21,3,inconclusive,
omnimath-21,4,inconclusive,
omnimath-21,5,neither,
omnimath-21,6,inconclusive,
omnimath-21,7,inconclusive,
omnimath-21,8,inconclusive,
omnimath-21,9,neither,
omnimath-220,0,python,
omnimath-220,1,python,
omnimath-220,2,neither,
omnimath-220,3,python,
omnimath-221,0,python,
omnimath-221,1,python,
omnimath-221,2,python,
omnimath-221,3,python,
omnimath-221,4,python,
omnimath-221,5,python,
omnimath-221,6,python,
omnimath-221,7,inconclusive,
omnimath-222,0,neither,
omnimath-222,1,lean,
omnimath-222,2,neither,
omnimath-222,3,python,
omnimath-222,4,python,
omnimath-222,5,python,
omnimath-223,0,python,
omnimath-223,1,python,
omnimath-223,2,inconclusive,
omnimath-223,3,python,
omnimath-223,4,python,
omnimath-223,5,python,
omnimath-224,0,python,
omnimath-224,1,inconclusive,
omnimath-224,2,inconclusive,
omnimath-224,3,python,
omnimath-224,4,neither,
omnimath-224,5,neither,
omnimath-224,6,python,
omnimath-224,7,python,
omnimath-225,0,inconclusive,
omnimath-225,1,lean,
omnimath-225,10,python,
omnimath-225,2,python,
omnimath-225,3,lean,
omnimath-225,4,neither,
omnimath-225,5,neither,
omnimath-225,6,neither,
omnimath-225,7,inconclusive,
omnimath-225,8,python,
omnimath-225,9,python,
omnimath-226,0,inconclusive,
omnimath-226,1,neither,
omnimath-226,2,neither,
omnimath-226,3,neither,
omnimath-226,4,inconclusive,
omnimath-227,0,neither,
omnimath-227,1,neither,
omnimath-227,2,inconclusive,
omnimath-227,3,neither,
omnimath-227,4,neither,
omnimath-227,5,inconclusive,
omnimath-227,6,inconclusive,
omnimath-227,7,inconclusive,
omnimath-227,8,neither,
omnimath-228,0,inconclusive,
omnimath-228,1,python,
omnimath-228,2,python,
omnimath-228,3,python,
omnimath-228,4,python,
omnimath-228,5,python,
omnimath-228,6,python,
omnimath-228,7,python,
omnimath-228,8,inconclusive,
omnimath-229,0,inconclusive,
omnimath-229,1,inconclusive,
omnimath-229,2,python,
omnimath-229,3,neither,
omnimath-229,4,inconclusive,
omnimath-229,5,inconclusive,
omnimath-229,6,inconclusive,
omnimath-229,7,inconclusive,
omnimath-22,0,inconclusive,
omnimath-22,1,python,
omnimath-22,10,neither,
omnimath-22,11,neither,
omnimath-22,2,neither,
omnimath-22,3,neither,
omnimath-22,4,inconclusive,
omnimath-22,5,inconclusive,
omnimath-22,6,inconclusive,
omnimath-22,7,inconclusive,
omnimath-22,8,python,
omnimath-22,9,neither,
omnimath-230,0,python,
omnimath-230,1,python,
omnimath-230,2,inconclusive,
omnimath-230,3,inconclusive,
omnimath-230,4,inconclusive,
omnimath-230,5,inconclusive,
omnimath-230,6,inconclusive,
omnimath-231,0,inconclusive,
omnimath-231,1,inconclusive,
omnimath-231,2,python,
omnimath-231,3,python,
omnimath-231,4,neither,
omnimath-231,5,python,
omnimath-232,0,inconclusive,
omnimath-232,1,python,
omnimath-232,2,python,
omnimath-232,3,inconclusive,
omnimath-233,0,python,
omnimath-233,1,python,
omnimath-233,2,neither,
omnimath-233,3,python,
omnimath-233,4,inconclusive,
omnimath-233,5,python,
omnimath-233,6,python,
omnimath-233,7,python,
omnimath-233,8,python,
omnimath-234,0,python,
omnimath-234,1,python,
omnimath-234,2,python,
omnimath-234,3,inconclusive,
omnimath-234,4,python,
omnimath-234,5,python,
omnimath-234,6,python,
omnimath-235,0,inconclusive,
omnimath-235,1,python,
omnimath-235,10,inconclusive,
omnimath-235,2,inconclusive,
omnimath-235,3,inconclusive,
omnimath-235,4,python,
omnimath-235,5,inconclusive,
omnimath-235,6,neither,
omnimath-235,7,inconclusive,
omnimath-235,8,inconclusive,
omnimath-235,9,inconclusive,
omnimath-236,0,inconclusive,
omnimath-236,1,python,
omnimath-236,2,python,
omnimath-236,3,neither,
omnimath-236,4,neither,
omnimath-236,5,inconclusive,
omnimath-237,0,python,
omnimath-237,1,python,
omnimath-237,10,neither,
omnimath-237,11,python,
omnimath-237,12,neither,
omnimath-237,13,python,
omnimath-237,14,python,
omnimath-237,2,lean,
omnimath-237,3,neither,
omnimath-237,4,inconclusive,
omnimath-237,5,neither,
omnimath-237,6,neither,
omnimath-237,7,neither,
omnimath-237,8,neither,
omnimath-237,9,python,
omnimath-238,0,inconclusive,
omnimath-238,1,python,
omnimath-238,2,python,
omnimath-238,3,python,
omnimath-238,4,python,
omnimath-238,5,python,
omnimath-238,6,python,
omnimath-238,7,python,
omnimath-238,8,python,
omnimath-239,0,inconclusive,
omnimath-239,1,neither,
omnimath-239,2,python,
omnimath-239,3,python,
omnimath-239,4,neither,
omnimath-239,5,neither,
omnimath-239,6,inconclusive,
omnimath-239,7,neither,
omnimath-23,0,lean,
omnimath-23,1,inconclusive,
omnimath-23,2,neither,
omnimath-23,3,neither,
omnimath-23,4,python,
omnimath-240,0,inconclusive,
omnimath-240,1,lean,
omnimath-240,10,python,
omnimath-240,11,python,
omnimath-240,12,neither,
omnimath-240,13,inconclusive,
omnimath-240,14,inconclusive,
omnimath-240,15,python,
omnimath-240,16,inconclusive,
omnimath-240,17,neither,
omnimath-240,18,,request_failed
omnimath-240,19,inconclusive,
omnimath-240,2,inconclusive,
omnimath-240,20,inconclusive,
omnimath-240,3,python,
omnimath-240,4,python,
omnimath-240,5,python,
omnimath-240,6,python,
omnimath-240,7,python,
omnimath-240,8,python,
omnimath-240,9,neither,
omnimath-241,0,inconclusive,
omnimath-241,1,neither,
omnimath-241,2,inconclusive,
omnimath-241,3,python,
omnimath-241,4,python,
omnimath-242,0,inconclusive,
omnimath-242,1,inconclusive,
omnimath-242,2,python,
omnimath-242,3,inconclusive,
omnimath-243,0,neither,
omnimath-243,1,inconclusive,
omnimath-243,2,neither,
omnimath-243,3,python,
omnimath-243,4,python,
omnimath-243,5,inconclusive,
omnimath-243,6,neither,
omnimath-243,7,neither,
omnimath-243,8,python,
omnimath-244,0,inconclusive,
omnimath-244,1,python,
omnimath-244,2,python,
omnimath-244,3,python,
omnimath-245,0,inconclusive,
omnimath-245,1,inconclusive,
omnimath-245,2,neither,
omnimath-245,3,inconclusive,
omnimath-245,4,python,
omnimath-245,5,inconclusive,
omnimath-245,6,inconclusive,
omnimath-245,7,python,
omnimath-245,8,neither,
omnimath-246,0,python,
omnimath-246,1,python,
omnimath-246,2,neither,
omnimath-246,3,python,
omnimath-246,4,python,
omnimath-246,5,python,
omnimath-247,0,inconclusive,
omnimath-247,1,inconclusive,
omnimath-247,10,python,
omnimath-247,11,python,
omnimath-247,12,neither,
omnimath-247,13,neither,
omnimath-247,2,python,
omnimath-247,3,python,
omnimath-247,4,inconclusive,
omnimath-247,5,neither,
omnimath-247,6,inconclusive,
omnimath-247,7,neither,
omnimath-247,8,python,
omnimath-247,9,inconclusive,
omnimath-248,0,inconclusive,
omnimath-248,1,neither,
omnimath-248,2,python,
omnimath-248,3,python,
omnimath-248,4,inconclusive,
omnimath-248,5,inconclusive,
omnimath-248,6,inconclusive,
omnimath-248,7,neither,
omnimath-248,8,neither,
omnimath-248,9,neither,
omnimath-249,0,inconclusive,
omnimath-249,1,python,
omnimath-249,10,inconclusive,
omnimath-249,11,inconclusive,
omnimath-249,2,inconclusive,
omnimath-249,3,inconclusive,
omnimath-249,4,python,
omnimath-249,5,python,
omnimath-249,6,python,
omnimath-249,7,python,
omnimath-249,8,inconclusive,
omnimath-249,9,python,
omnimath-24,0,python,
omnimath-24,1,neither,
omnimath-24,2,inconclusive,
omnimath-24,3,neither,
omnimath-24,4,python,
omnimath-24,5,neither,
omnimath-250,0,neither,
omnimath-250,1,inconclusive,
omnimath-250,2,neither,
omnimath-250,3,python,
omnimath-250,4,python,
omnimath-251,0,inconclusive,
omnimath-251,1,inconclusive,
omnimath-251,2,inconclusive,
omnimath-251,3,neither,
omnimath-251,4,python,
omnimath-251,5,neither,
omnimath-251,6,python,
omnimath-252,0,inconclusive,
omnimath-252,1,inconclusive,
omnimath-252,2,inconclusive,
omnimath-252,3,inconclusive,
omnimath-252,4,python,
omnimath-252,5,python,
omnimath-252,6,neither,
omnimath-252,7,inconclusive,
omnimath-253,0,inconclusive,
omnimath-253,1,inconclusive,
omnimath-253,2,lean,
omnimath-253,3,neither,
omnimath-253,4,python,
omnimath-253,5,tie,
omnimath-253,6,python,
omnimath-254,0,inconclusive,
omnimath-254,1,python,
omnimath-254,2,inconclusive,
omnimath-254,3,lean,
omnimath-254,4,neither,
omnimath-254,5,lean,
omnimath-254,6,neither,
omnimath-254,7,inconclusive,
omnimath-254,8,inconclusive,
omnimath-255,0,inconclusive,
omnimath-255,1,inconclusive,
omnimath-255,10,inconclusive,
omnimath-255,2,neither,
omnimath-255,3,inconclusive,
omnimath-255,4,python,
omnimath-255,5,inconclusive,
omnimath-255,6,inconclusive,
omnimath-255,7,inconclusive,
omnimath-255,8,inconclusive,
omnimath-255,9,python,
omnimath-256,0,python,
omnimath-256,1,inconclusive,
omnimath-256,10,inconclusive,
omnimath-256,2,neither,
omnimath-256,3,python,
omnimath-256,4,python,
omnimath-256,5,inconclusive,
omnimath-256,6,python,
omnimath-256,7,inconclusive,
omnimath-256,8,inconclusive,
omnimath-256,9,inconclusive,
omnimath-257,0,inconclusive,
omnimath-257,1,inconclusive,
omnimath-257,2,python,
omnimath-257,3,inconclusive,
omnimath-257,4,neither,
omnimath-257,5,inconclusive,
omnimath-257,6,inconclusive,
omnimath-257,7,neither,
omnimath-257,8,python,
omnimath-258,0,python,
omnimath-258,1,inconclusive,
omnimath-258,2,python,
omnimath-258,3,neither,
omnimath-258,4,python,
omnimath-259,0,inconclusive,
omnimath-259,1,inconclusive,
omnimath-259,2,inconclusive,
omnimath-259,3,neither,
omnimath-259,4,inconclusive,
omnimath-259,5,neither,
omnimath-259,6,python,
omnimath-259,7,neither,
omnimath-25,0,inconclusive,
omnimath-25,1,inconclusive,
omnimath-25,2,inconclusive,
omnimath-25,3,python,
omnimath-25,4,python,
omnimath-25,5,python,
omnimath-25,6,python,
omnimath-25,7,python,
omnimath-25,8,python,
omnimath-25,9,python,
omnimath-260,0,inconclusive,
omnimath-260,1,inconclusive,
omnimath-260,10,neither,
omnimath-260,11,,request_failed
omnimath-260,12,python,
omnimath-260,13,python,
omnimath-260,14,neither,
omnimath-260,15,python,
omnimath-260,16,python,
omnimath-260,2,neither,
omnimath-260,3,python,
omnimath-260,4,python,
omnimath-260,5,neither,
omnimath-260,6,python,
omnimath-260,7,neither,
omnimath-260,8,python,
omnimath-260,9,inconclusive,
omnimath-261,0,inconclusive,
omnimath-261,1,lean,
omnimath-261,10,inconclusive,
omnimath-261,11,python,
omnimath-261,12,python,
omnimath-261,13,python,
omnimath-261,14,neither,
omnimath-261,15,python,
omnimath-261,16,python,
omnimath-261,17,lean,
omnimath-261,18,neither,
omnimath-261,2,lean,
omnimath-261,3,lean,
omnimath-261,4,python,
omnimath-261,5,inconclusive,
omnimath-261,6,python,
omnimath-261,7,python,
omnimath-261,8,python,
omnimath-261,9,python,
omnimath-262,0,neither,
omnimath-262,1,neither,
omnimath-262,2,python,
omnimath-262,3,python,
omnimath-262,4,neither,
omnimath-263,0,python,
omnimath-263,1,python,
omnimath-263,2,neither,
omnimath-263,3,python,
omnimath-263,4,python,
omnimath-263,5,python,
omnimath-264,0,inconclusive,
omnimath-264,1,python,
omnimath-264,2,python,
omnimath-264,3,python,
omnimath-264,4,neither,
omnimath-265,0,inconclusive,
omnimath-265,1,neither,
omnimath-265,10,neither,
omnimath-265,11,neither,
omnimath-265,12,neither,
omnimath-265,2,inconclusive,
omnimath-265,3,lean,
omnimath-265,4,neither,
omnimath-265,5,python,
omnimath-265,6,neither,
omnimath-265,7,neither,
omnimath-265,8,neither,
omnimath-265,9,python,
omnimath-266,0,neither,
omnimath-266,1,lean,
omnimath-266,2,python,
omnimath-266,3,lean,
omnimath-266,4,python,
omnimath-266,5,neither,
omnimath-266,6,neither,
omnimath-266,7,python,
omnimath-266,8,neither,
omnimath-266,9,inconclusive,
omnimath-267,0,inconclusive,
omnimath-267,1,python,
omnimath-267,2,python,
omnimath-267,3,python,
omnimath-267,4,python,
omnimath-267,5,python,
omnimath-267,6,python,
omnimath-268,0,neither,
omnimath-268,1,inconclusive,
omnimath-268,2,inconclusive,
omnimath-268,3,python,
omnimath-268,4,neither,
omnimath-268,5,inconclusive,
omnimath-268,6,neither,
omnimath-268,7,neither,
omnimath-269,0,python,
omnimath-269,1,inconclusive,
omnimath-269,2,neither,
omnimath-269,3,python,
omnimath-26,0,inconclusive,
omnimath-26,1,inconclusive,
omnimath-26,10,neither,
omnimath-26,2,neither,
omnimath-26,3,neither,
omnimath-26,4,inconclusive,
omnimath-26,5,inconclusive,
omnimath-26,6,python,
omnimath-26,7,neither,
omnimath-26,8,inconclusive,
omnimath-26,9,inconclusive,
omnimath-270,0,inconclusive,
omnimath-270,1,python,
omnimath-270,2,python,
omnimath-270,3,python,
omnimath-270,4,python,
omnimath-270,5,python,
omnimath-270,6,python,
omnimath-271,0,inconclusive,
omnimath-271,1,inconclusive,
omnimath-271,2,inconclusive,
omnimath-271,3,python,
omnimath-271,4,python,
omnimath-271,5,python,
omnimath-271,6,neither,
omnimath-271,7,neither,
omnimath-271,8,inconclusive,
omnimath-272,0,python,
omnimath-272,1,inconclusive,
omnimath-272,2,inconclusive,
omnimath-272,3,inconclusive,
omnimath-272,4,python,
omnimath-272,5,inconclusive,
omnimath-272,6,neither,
omnimath-272,7,neither,
omnimath-273,0,python,
omnimath-273,1,inconclusive,
omnimath-273,2,inconclusive,
omnimath-273,3,neither,
omnimath-273,4,neither,
omnimath-274,0,inconclusive,
omnimath-274,1,neither,
omnimath-274,2,neither,
omnimath-274,3,inconclusive,
omnimath-274,4,python,
omnimath-275,0,inconclusive,
omnimath-275,1,inconclusive,
omnimath-275,10,python,
omnimath-275,11,python,
omnimath-275,12,python,
omnimath-275,13,inconclusive,
omnimath-275,14,python,
omnimath-275,15,inconclusive,
omnimath-275,16,python,
omnimath-275,17,python,
omnimath-275,18,inconclusive,
omnimath-275,19,python,
omnimath-275,2,python,
omnimath-275,20,python,
omnimath-275,3,python,
omnimath-275,4,inconclusive,
omnimath-275,5,inconclusive,
omnimath-275,6,lean,
omnimath-275,7,python,
omnimath-275,8,inconclusive,
omnimath-275,9,inconclusive,
omnimath-276,0,inconclusive,
omnimath-276,1,python,
omnimath-276,10,python,
omnimath-276,11,python,
omnimath-276,12,neither,
omnimath-276,13,python,
omnimath-276,14,inconclusive,
omnimath-276,2,inconclusive,
omnimath-276,3,neither,
omnimath-276,4,inconclusive,
omnimath-276,5,inconclusive,
omnimath-276,6,python,
omnimath-276,7,inconclusive,
omnimath-276,8,neither,
omnimath-276,9,neither,
omnimath-277,0,neither,
omnimath-277,1,python,
omnimath-277,2,inconclusive,
omnimath-277,3,python,
omnimath-277,4,python,
omnimath-277,5,inconclusive,
omnimath-277,6,neither,
omnimath-278,0,inconclusive,
omnimath-278,1,neither,
omnimath-278,2,python,
omnimath-278,3,lean,
omnimath-278,4,python,
omnimath-278,5,python,
omnimath-278,6,neither,
omnimath-278,7,neither,
omnimath-279,0,inconclusive,
omnimath-279,1,neither,
omnimath-279,2,neither,
omnimath-279,3,python,
omnimath-279,4,inconclusive,
omnimath-279,5,neither,
omnimath-279,6,neither,
omnimath-27,0,inconclusive,
omnimath-27,1,neither,
omnimath-27,2,inconclusive,
omnimath-27,3,inconclusive,
omnimath-27,4,neither,
omnimath-27,5,neither,
omnimath-27,6,inconclusive,
omnimath-280,0,inconclusive,
omnimath-280,1,neither,
omnimath-280,2,neither,
omnimath-280,3,python,
omnimath-280,4,inconclusive,
omnimath-281,0,inconclusive,
omnimath-281,1,lean,
omnimath-281,2,python,
omnimath-281,3,python,
omnimath-281,4,lean,
omnimath-281,5,inconclusive,
omnimath-281,6,neither,
omnimath-281,7,neither,
omnimath-281,8,inconclusive,
omnimath-282,0,neither,
omnimath-282,1,neither,
omnimath-282,2,neither,
omnimath-282,3,neither,
omnimath-282,4,neither,
omnimath-282,5,python,
omnimath-282,6,python,
omnimath-283,0,neither,
omnimath-283,1,python,
omnimath-283,10,inconclusive,
omnimath-283,2,inconclusive,
omnimath-283,3,neither,
omnimath-283,4,python,
omnimath-283,5,neither,
omnimath-283,6,neither,
omnimath-283,7,inconclusive,
omnimath-283,8,inconclusive,
omnimath-283,9,neither,
omnimath-284,0,python,
omnimath-284,1,neither,
omnimath-284,2,inconclusive,
omnimath-284,3,python,
omnimath-284,4,python,
omnimath-284,5,neither,
omnimath-284,6,python,
omnimath-285,0,inconclusive,
omnimath-285,1,python,
omnimath-285,2,python,
omnimath-285,3,lean,
omnimath-285,4,python,
omnimath-285,5,python,
omnimath-285,6,python,
omnimath-285,7,python,
omnimath-286,0,inconclusive,
omnimath-286,1,inconclusive,
omnimath-286,10,inconclusive,
omnimath-286,11,inconclusive,
omnimath-286,2,inconclusive,
omnimath-286,3,lean,
omnimath-286,4,inconclusive,
omnimath-286,5,lean,
omnimath-286,6,neither,
omnimath-286,7,python,
omnimath-286,8,neither,
omnimath-286,9,inconclusive,
omnimath-287,0,inconclusive,
omnimath-287,1,neither,
omnimath-287,2,neither,
omnimath-287,3,python,
omnimath-288,0,inconclusive,
omnimath-288,1,inconclusive,
omnimath-288,10,python,
omnimath-288,11,python,
omnimath-288,12,inconclusive,
omnimath-288,2,python,
omnimath-288,3,neither,
omnimath-288,4,neither,
omnimath-288,5,python,
omnimath-288,6,neither,
omnimath-288,7,inconclusive,
omnimath-288,8,python,
omnimath-288,9,python,
omnimath-289,0,lean,
omnimath-289,1,inconclusive,
omnimath-289,2,neither,
omnimath-289,3,neither,
omnimath-289,4,python,
omnimath-28,0,python,
omnimath-28,1,inconclusive,
omnimath-28,10,neither,
omnimath-28,11,neither,
omnimath-28,12,inconclusive,
omnimath-28,13,neither,
omnimath-28,14,inconclusive,
omnimath-28,15,neither,
omnimath-28,16,neither,
omnimath-28,17,inconclusive,
omnimath-28,18,inconclusive,
omnimath-28,19,inconclusive,
omnimath-28,2,inconclusive,
omnimath-28,20,inconclusive,
omnimath-28,21,neither,
omnimath-28,22,neither,
omnimath-28,23,inconclusive,
omnimath-28,24,inconclusive,
omnimath-28,3,inconclusive,
omnimath-28,4,inconclusive,
omnimath-28,5,neither,
omnimath-28,6,inconclusive,
omnimath-28,7,inconclusive,
omnimath-28,8,neither,
omnimath-28,9,python,
omnimath-290,0,python,
omnimath-290,1,python,
omnimath-290,2,inconclusive,
omnimath-290,3,python,
omnimath-290,4,python,
omnimath-290,5,python,
omnimath-291,0,inconclusive,
omnimath-291,1,neither,
omnimath-291,2,python,
omnimath-291,3,inconclusive,
omnimath-291,4,neither,
omnimath-291,5,inconclusive,
omnimath-291,6,inconclusive,
omnimath-291,7,python,
omnimath-291,8,neither,
omnimath-292,0,neither,
omnimath-292,1,neither,
omnimath-292,2,inconclusive,
omnimath-292,3,neither,
omnimath-292,4,inconclusive,
omnimath-292,5,lean,
omnimath-292,6,tie,
omnimath-292,7,python,
omnimath-293,0,inconclusive,
omnimath-293,1,python,
omnimath-293,10,python,
omnimath-293,2,inconclusive,
omnimath-293,3,python,
omnimath-293,4,inconclusive,
omnimath-293,5,python,
omnimath-293,6,inconclusive,
omnimath-293,7,neither,
omnimath-293,8,inconclusive,
omnimath-293,9,python,
omnimath-294,0,inconclusive,
omnimath-294,1,neither,
omnimath-294,2,neither,
omnimath-294,3,python,
omnimath-294,4,,request_failed
omnimath-294,5,neither,
omnimath-294,6,inconclusive,
omnimath-294,7,python,
omnimath-295,0,inconclusive,
omnimath-295,1,python,
omnimath-295,10,python,
omnimath-295,2,inconclusive,
omnimath-295,3,python,
omnimath-295,4,lean,
omnimath-295,5,lean,
omnimath-295,6,python,
omnimath-295,7,python,
omnimath-295,8,lean,
omnimath-295,9,python,
omnimath-296,0,inconclusive,
omnimath-296,1,inconclusive,
omnimath-296,2,inconclusive,
omnimath-296,3,neither,
omnimath-296,4,neither,
omnimath-297,0,python,
omnimath-297,1,inconclusive,
omnimath-297,2,neither,
omnimath-297,3,inconclusive,
omnimath-297,4,inconclusive,
omnimath-297,5,python,
omnimath-297,6,neither,
omnimath-297,7,python,
omnimath-298,0,inconclusive,
omnimath-298,1,python,
omnimath-298,2,neither,
omnimath-298,3,neither,
omnimath-298,4,lean,
omnimath-298,5,lean,
omnimath-298,6,neither,
omnimath-298,7,neither,
omnimath-298,8,inconclusive,
omnimath-298,9,inconclusive,
omnimath-299,0,python,
omnimath-299,1,lean,
omnimath-299,2,python,
omnimath-299,3,python,
omnimath-299,4,neither,
omnimath-299,5,python,
omnimath-29,0,inconclusive,
omnimath-29,1,python,
omnimath-29,2,inconclusive,
omnimath-29,3,python,
omnimath-29,4,inconclusive,
omnimath-29,5,inconclusive,
omnimath-29,6,inconclusive,
omnimath-2,0,inconclusive,
omnimath-2,1,inconclusive,
omnimath-2,2,python,
omnimath-2,3,inconclusive,
omnimath-2,4,inconclusive,
omnimath-300,0,python,
omnimath-300,1,python,
omnimath-300,10,inconclusive,
omnimath-300,11,inconclusive,
omnimath-300,12,python,
omnimath-300,13,inconclusive,
omnimath-300,14,inconclusive,
omnimath-300,15,python,
omnimath-300,16,inconclusive,
omnimath-300,17,inconclusive,
omnimath-300,18,inconclusive,
omnimath-300,19,inconclusive,
omnimath-300,2,inconclusive,
omnimath-300,20,inconclusive,
omnimath-300,21,inconclusive,
omnimath-300,22,python,
omnimath-300,3,inconclusive,
omnimath-300,4,neither,
omnimath-300,5,inconclusive,
omnimath-300,6,python,
omnimath-300,7,python,
omnimath-300,8,inconclusive,
omnimath-300,9,inconclusive,
omnimath-301,0,lean,
omnimath-301,1,lean,
omnimath-301,10,inconclusive,
omnimath-301,11,inconclusive,
omnimath-301,12,neither,
omnimath-301,2,neither,
omnimath-301,3,lean,
omnimath-301,4,python,
omnimath-301,5,lean,
omnimath-301,6,lean,
omnimath-301,7,lean,
omnimath-301,8,neither,
omnimath-301,9,inconclusive,
omnimath-302,0,python,
omnimath-302,1,python,
omnimath-302,10,neither,
omnimath-302,11,python,
omnimath-302,12,python,
omnimath-302,13,python,
omnimath-302,14,python,
omnimath-302,2,inconclusive,
omnimath-302,3,inconclusive,
omnimath-302,4,python,
omnimath-302,5,python,
omnimath-302,6,python,
omnimath-302,7,python,
omnimath-302,8,python,
omnimath-302,9,python,
omnimath-303,0,inconclusive,
omnimath-303,1,inconclusive,
omnimath-303,2,inconclusive,
omnimath-303,3,neither,
omnimath-304,0,inconclusive,
omnimath-304,1,inconclusive,
omnimath-304,10,neither,
omnimath-304,11,inconclusive,
omnimath-304,12,neither,
omnimath-304,13,neither,
omnimath-304,14,neither,
omnimath-304,15,inconclusive,
omnimath-304,16,neither,
omnimath-304,17,neither,
omnimath-304,18,neither,
omnimath-304,19,neither,
omnimath-304,2,python,
omnimath-304,3,inconclusive,
omnimath-304,4,inconclusive,
omnimath-304,5,lean,
omnimath-304,6,inconclusive,
omnimath-304,7,neither,
omnimath-304,8,neither,
omnimath-304,9,neither,
omnimath-305,0,python,
omnimath-305,1,python,
omnimath-305,10,python,
omnimath-305,11,inconclusive,
omnimath-305,12,python,
omnimath-305,13,python,
omnimath-305,14,python,
omnimath-305,15,neither,
omnimath-305,2,inconclusive,
omnimath-305,3,inconclusive,
omnimath-305,4,inconclusive,
omnimath-305,5,python,
omnimath-305,6,python,
omnimath-305,7,python,
omnimath-305,8,python,
omnimath-305,9,python,
omnimath-306,0,inconclusive,
omnimath-306,1,inconclusive,
omnimath-306,10,neither,
omnimath-306,11,python,
omnimath-306,12,python,
omnimath-306,2,neither,
omnimath-306,3,inconclusive,
omnimath-306,4,python,
omnimath-306,5,python,
omnimath-306,6,neither,
omnimath-306,7,inconclusive,
omnimath-306,8,python,
omnimath-306,9,neither,
omnimath-307,0,python,
omnimath-307,1,inconclusive,
omnimath-307,10,neither,
omnimath-307,11,neither,
omnimath-307,12,inconclusive,
omnimath-307,2,neither,
omnimath-307,3,inconclusive,
omnimath-307,4,neither,
omnimath-307,5,python,
omnimath-307,6,python,
omnimath-307,7,python,
omnimath-307,8,neither,
omnimath-307,9,neither,
omnimath-308,0,python,
omnimath-308,1,python,
omnimath-308,2,lean,
omnimath-309,0,inconclusive,
omnimath-309,1,lean,
omnimath-309,10,inconclusive,
omnimath-309,2,neither,
omnimath-309,3,inconclusive,
omnimath-309,4,inconclusive,
omnimath-309,5,neither,
omnimath-309,6,neither,
omnimath-309,7,inconclusive,
omnimath-309,8,neither,
omnimath-309,9,inconclusive,
omnimath-30,0,python,
omnimath-30,1,python,
omnimath-30,2,python,
omnimath-30,3,python,
omnimath-30,4,python,
omnimath-30,5,python,
omnimath-30,6,python,
omnimath-30,7,python,
omnimath-310,0,python,
omnimath-310,1,python,
omnimath-310,2,inconclusive,
omnimath-310,3,neither,
omnimath-310,4,python,
omnimath-310,5,python,
omnimath-310,6,neither,
omnimath-310,7,python,
omnimath-310,8,neither,
omnimath-311,0,lean,
omnimath-311,1,lean,
omnimath-311,2,neither,
omnimath-311,3,python,
omnimath-311,4,lean,
omnimath-311,5,python,
omnimath-311,6,neither,
omnimath-311,7,inconclusive,
omnimath-312,0,inconclusive,
omnimath-312,1,lean,
omnimath-312,2,lean,
omnimath-312,3,python,
omnimath-313,0,inconclusive,
omnimath-313,1,python,
omnimath-313,10,python,
omnimath-313,11,inconclusive,
omnimath-313,12,python,
omnimath-313,13,python,
omnimath-313,14,python,
omnimath-313,15,python,
omnimath-313,16,python,
omnimath-313,17,inconclusive,
omnimath-313,18,inconclusive,
omnimath-313,19,inconclusive,
omnimath-313,2,neither,
omnimath-313,20,inconclusive,
omnimath-313,3,python,
omnimath-313,4,inconclusive,
omnimath-313,5,python,
omnimath-313,6,python,
omnimath-313,7,neither,
omnimath-313,8,python,
omnimath-313,9,inconclusive,
omnimath-314,0,inconclusive,
omnimath-314,1,python,
omnimath-314,10,neither,
omnimath-314,11,python,
omnimath-314,12,inconclusive,
omnimath-314,13,neither,
omnimath-314,2,inconclusive,
omnimath-314,3,inconclusive,
omnimath-314,4,inconclusive,
omnimath-314,5,inconclusive,
omnimath-314,6,python,
omnimath-314,7,inconclusive,
omnimath-314,8,lean,
omnimath-314,9,python,
omnimath-315,0,inconclusive,
omnimath-315,1,python,
omnimath-315,10,neither,
omnimath-315,11,python,
omnimath-315,12,python,
omnimath-315,13,python,
omnimath-315,14,neither,
omnimath-315,15,python,
omnimath-315,16,neither,
omnimath-315,17,neither,
omnimath-315,18,neither,
omnimath-315,19,python,
omnimath-315,2,neither,
omnimath-315,20,neither,
omnimath-315,21,inconclusive,
omnimath-315,22,neither,
omnimath-315,23,neither,
omnimath-315,24,neither,
omnimath-315,25,python,
omnimath-315,26,python,
omnimath-315,27,neither,
omnimath-315,28,python,
omnimath-315,29,python,
omnimath-315,3,neither,
omnimath-315,30,neither,
omnimath-315,31,neither,
omnimath-315,32,neither,
omnimath-315,33,neither,
omnimath-315,34,neither,
omnimath-315,4,neither,
omnimath-315,5,neither,
omnimath-315,6,neither,
omnimath-315,7,python,
omnimath-315,8,neither,
omnimath-315,9,neither,
omnimath-316,0,inconclusive,
omnimath-316,1,neither,
omnimath-316,2,,request_failed
omnimath-316,3,neither,
omnimath-316,4,neither,
omnimath-316,5,neither,
omnimath-316,6,inconclusive,
omnimath-317,0,inconclusive,
omnimath-317,1,inconclusive,
omnimath-317,2,neither,
omnimath-317,3,python,
omnimath-317,4,python,
omnimath-317,5,inconclusive,
omnimath-317,6,inconclusive,
omnimath-317,7,python,
omnimath-318,0,python,
omnimath-318,1,inconclusive,
omnimath-318,10,inconclusive,
omnimath-318,11,neither,
omnimath-318,12,neither,
omnimath-318,13,python,
omnimath-318,14,neither,
omnimath-318,15,neither,
omnimath-318,16,python,
omnimath-318,17,python,
omnimath-318,2,lean,
omnimath-318,3,inconclusive,
omnimath-318,4,inconclusive,
omnimath-318,5,inconclusive,
omnimath-318,6,inconclusive,
omnimath-318,7,inconclusive,
omnimath-318,8,inconclusive,
omnimath-318,9,inconclusive,
omnimath-319,0,inconclusive,
omnimath-319,1,python,
omnimath-319,2,python,
omnimath-319,3,neither,
omnimath-319,4,lean,
omnimath-319,5,lean,
omnimath-319,6,python,
omnimath-31,0,python,
omnimath-31,1,python,
omnimath-31,2,python,
omnimath-31,3,inconclusive,
omnimath-31,4,python,
omnimath-320,0,inconclusive,
omnimath-320,1,inconclusive,
omnimath-320,10,neither,
omnimath-320,11,python,
omnimath-320,12,inconclusive,
omnimath-320,13,neither,
omnimath-320,14,neither,
omnimath-320,2,neither,
omnimath-320,3,lean,
omnimath-320,4,python,
omnimath-320,5,python,
omnimath-320,6,inconclusive,
omnimath-320,7,python,
omnimath-320,8,neither,
omnimath-320,9,neither,
omnimath-321,0,neither,
omnimath-321,1,python,
omnimath-321,2,python,
omnimath-322,0,inconclusive,
omnimath-322,1,inconclusive,
omnimath-322,2,lean,
omnimath-322,3,inconclusive,
omnimath-322,4,inconclusive,
omnimath-322,5,inconclusive,
omnimath-322,6,inconclusive,
omnimath-322,7,inconclusive,
omnimath-322,8,inconclusive,
omnimath-322,9,python,
omnimath-323,0,neither,
omnimath-323,1,neither,
omnimath-323,2,python,
omnimath-323,3,python,
omnimath-324,0,python,
omnimath-324,1,inconclusive,
omnimath-324,2,python,
omnimath-324,3,python,
omnimath-324,4,python,
omnimath-324,5,python,
omnimath-324,6,python,
omnimath-324,7,python,
omnimath-325,0,inconclusive,
omnimath-325,1,inconclusive,
omnimath-325,2,python,
omnimath-325,3,lean,
omnimath-325,4,neither,
omnimath-325,5,python,
omnimath-325,6,tie,
omnimath-325,7,python,
omnimath-325,8,tie,
omnimath-325,9,python,
omnimath-326,0,python,
omnimath-326,1,neither,
omnimath-326,10,inconclusive,
omnimath-326,11,python,
omnimath-326,12,python,
omnimath-326,2,inconclusive,
omnimath-326,3,python,
omnimath-326,4,python,
omnimath-326,5,neither,
omnimath-326,6,inconclusive,
omnimath-326,7,python,
omnimath-326,8,python,
omnimath-326,9,python,
omnimath-327,0,python,
omnimath-327,1,neither,
omnimath-327,2,python,
omnimath-327,3,python,
omnimath-327,4,lean,
omnimath-327,5,neither,
omnimath-327,6,inconclusive,
omnimath-327,7,python,
omnimath-327,8,inconclusive,
omnimath-328,0,python,
omnimath-328,1,python,
omnimath-328,2,python,
omnimath-328,3,python,
omnimath-328,4,python,
omnimath-328,5,inconclusive,
omnimath-328,6,neither,
omnimath-329,0,inconclusive,
omnimath-329,1,python,
omnimath-329,10,neither,
omnimath-329,2,lean,
omnimath-329,3,lean,
omnimath-329,4,python,
omnimath-329,5,lean,
omnimath-329,6,python,
omnimath-329,7,python,
omnimath-329,8,inconclusive,
omnimath-329,9,inconclusive,
omnimath-32,0,neither,
omnimath-32,1,neither,
omnimath-32,2,neither,
omnimath-32,3,neither,
omnimath-32,4,python,
omnimath-32,5,python,
omnimath-32,6,python,
omnimath-330,0,python,
omnimath-330,1,python,
omnimath-330,2,neither,
omnimath-330,3,python,
omnimath-330,4,inconclusive,
omnimath-331,0,lean,
omnimath-331,1,python,
omnimath-331,2,python,
omnimath-331,3,python,
omnimath-331,4,inconclusive,
omnimath-331,5,inconclusive,
omnimath-332,0,inconclusive,
omnimath-332,1,neither,
omnimath-332,2,python,
omnimath-332,3,python,
omnimath-332,4,python,
omnimath-333,0,inconclusive,
omnimath-333,1,python,
omnimath-333,2,inconclusive,
omnimath-333,3,neither,
omnimath-333,4,neither,
omnimath-333,5,python,
omnimath-333,6,lean,
omnimath-333,7,python,
omnimath-334,0,python,
omnimath-334,1,python,
omnimath-334,10,python,
omnimath-334,11,inconclusive,
omnimath-334,2,python,
omnimath-334,3,python,
omnimath-334,4,python,
omnimath-334,5,python,
omnimath-334,6,inconclusive,
omnimath-334,7,inconclusive,
omnimath-334,8,python,
omnimath-334,9,inconclusive,
omnimath-335,0,python,
omnimath-335,1,neither,
omnimath-335,2,neither,
omnimath-335,3,neither,
omnimath-335,4,python,
omnimath-335,5,python,
omnimath-336,0,inconclusive,
omnimath-336,1,python,
omnimath-336,2,inconclusive,
omnimath-336,3,inconclusive,
omnimath-336,4,inconclusive,
omnimath-337,0,lean,
omnimath-337,1,neither,
omnimath-337,2,neither,
omnimath-337,3,python,
omnimath-337,4,python,
omnimath-337,5,python,
omnimath-338,0,inconclusive,
omnimath-338,1,python,
omnimath-338,2,neither,
omnimath-338,3,python,
omnimath-338,4,python,
omnimath-338,5,inconclusive,
omnimath-339,0,inconclusive,
omnimath-339,1,neither,
omnimath-339,2,python,
omnimath-339,3,python,
omnimath-339,4,python,
omnimath-33,0,inconclusive,
omnimath-33,1,python,
omnimath-33,2,inconclusive,
omnimath-33,3,python,
omnimath-33,4,inconclusive,
omnimath-33,5,python,
omnimath-340,0,inconclusive,
omnimath-340,1,lean,
omnimath-340,10,python,
omnimath-340,11,neither,
omnimath-340,12,inconclusive,
omnimath-340,13,neither,
omnimath-340,14,python,
omnimath-340,2,python,
omnimath-340,3,lean,
omnimath-340,4,inconclusive,
omnimath-340,5,neither,
omnimath-340,6,neither,
omnimath-340,7,neither,
omnimath-340,8,neither,
omnimath-340,9,neither,
omnimath-341,0,inconclusive,
omnimath-341,1,neither,
omnimath-341,10,python,
omnimath-341,11,python,
omnimath-341,12,neither,
omnimath-341,13,inconclusive,
omnimath-341,14,python,
omnimath-341,2,inconclusive,
omnimath-341,3,python,
omnimath-341,4,inconclusive,
omnimath-341,5,inconclusive,
omnimath-341,6,neither,
omnimath-341,7,lean,
omnimath-341,8,python,
omnimath-341,9,python,
omnimath-342,0,inconclusive,
omnimath-342,1,inconclusive,
omnimath-342,2,neither,
omnimath-342,3,python,
omnimath-342,4,neither,
omnimath-342,5,neither,
omnimath-342,6,neither,
omnimath-342,7,neither,
omnimath-342,8,python,
omnimath-342,9,neither,
omnimath-343,0,inconclusive,
omnimath-343,1,neither,
omnimath-343,2,python,
omnimath-343,3,neither,
omnimath-343,4,lean,
omnimath-343,5,python,
omnimath-343,6,python,
omnimath-344,0,inconclusive,
omnimath-344,1,python,
omnimath-344,2,inconclusive,
omnimath-344,3,lean,
omnimath-344,4,inconclusive,
omnimath-344,5,python,
omnimath-344,6,inconclusive,
omnimath-345,0,inconclusive,
omnimath-345,1,python,
omnimath-345,2,neither,
omnimath-345,3,neither,
omnimath-346,0,inconclusive,
omnimath-346,1,python,
omnimath-346,10,neither,
omnimath-346,11,python,
omnimath-346,12,inconclusive,
omnimath-346,13,neither,
omnimath-346,14,neither,
omnimath-346,15,python,
omnimath-346,16,python,
omnimath-346,2,lean,
omnimath-346,3,lean,
omnimath-346,4,inconclusive,
omnimath-346,5,inconclusive,
omnimath-346,6,neither,
omnimath-346,7,inconclusive,
omnimath-346,8,neither,
omnimath-346,9,python,
omnimath-347,0,neither,
omnimath-347,1,neither,
omnimath-347,2,neither,
omnimath-347,3,neither,
omnimath-347,4,inconclusive,
omnimath-347,5,neither,
omnimath-348,0,inconclusive,
omnimath-348,1,inconclusive,
omnimath-348,10,python,
omnimath-348,2,python,
omnimath-348,3,python,
omnimath-348,4,python,
omnimath-348,5,python,
omnimath-348,6,inconclusive,
omnimath-348,7,lean,
omnimath-348,8,inconclusive,
omnimath-348,9,python,
omnimath-349,0,neither,
omnimath-349,1,inconclusive,
omnimath-349,2,inconclusive,
omnimath-349,3,inconclusive,
omnimath-349,4,inconclusive,
omnimath-349,5,neither,
omnimath-349,6,python,
omnimath-349,7,inconclusive,
omnimath-34,0,python,
omnimath-34,1,lean,
omnimath-34,2,neither,
omnimath-34,3,neither,
omnimath-34,4,neither,
omnimath-34,5,neither,
omnimath-34,6,inconclusive,
omnimath-34,7,neither,
omnimath-34,8,lean,
omnimath-350,0,inconclusive,
omnimath-350,1,python,
omnimath-350,2,inconclusive,
omnimath-350,3,inconclusive,
omnimath-350,4,neither,
omnimath-350,5,python,
omnimath-350,6,python,
omnimath-350,7,inconclusive,
omnimath-350,8,inconclusive,
omnimath-351,0,inconclusive,
omnimath-351,1,python,
omnimath-351,10,,request_failed
omnimath-351,11,python,
omnimath-351,12,python,
omnimath-351,13,python,
omnimath-351,2,neither,
omnimath-351,3,python,
omnimath-351,4,python,
omnimath-351,5,python,
omnimath-351,6,python,
omnimath-351,7,python,
omnimath-351,8,python,
omnimath-351,9,python,
omnimath-352,0,inconclusive,
omnimath-352,1,inconclusive,
omnimath-352,2,neither,
omnimath-352,3,inconclusive,
omnimath-352,4,inconclusive,
omnimath-352,5,inconclusive,
omnimath-352,6,inconclusive,
omnimath-352,7,neither,
omnimath-352,8,neither,
omnimath-353,0,inconclusive,
omnimath-353,1,neither,
omnimath-353,2,inconclusive,
omnimath-353,3,neither,
omnimath-353,4,inconclusive,
omnimath-353,5,inconclusive,
omnimath-354,0,inconclusive,
omnimath-354,1,neither,
omnimath-354,2,neither,
omnimath-354,3,python,
omnimath-354,4,python,
omnimath-354,5,python,
omnimath-354,6,neither,
omnimath-354,7,inconclusive,
omnimath-354,8,inconclusive,
omnimath-355,0,neither,
omnimath-355,1,python,
omnimath-355,10,python,
omnimath-355,11,python,
omnimath-355,12,python,
omnimath-355,13,python,
omnimath-355,14,python,
omnimath-355,2,python,
omnimath-355,3,python,
omnimath-355,4,python,
omnimath-355,5,python,
omnimath-355,6,python,
omnimath-355,7,neither,
omnimath-355,8,inconclusive,
omnimath-355,9,python,
omnimath-356,0,python,
omnimath-356,1,neither,
omnimath-356,2,python,
omnimath-356,3,lean,
omnimath-356,4,python,
omnimath-356,5,python,
omnimath-357,0,inconclusive,
omnimath-357,1,python,
omnimath-357,2,python,
omnimath-357,3,inconclusive,
omnimath-357,4,inconclusive,
omnimath-357,5,inconclusive,
omnimath-358,0,inconclusive,
omnimath-358,1,python,
omnimath-358,2,python,
omnimath-358,3,lean,
omnimath-358,4,python,
omnimath-358,5,lean,
omnimath-359,0,inconclusive,
omnimath-359,1,inconclusive,
omnimath-359,2,inconclusive,
omnimath-359,3,python,
omnimath-359,4,neither,
omnimath-359,5,neither,
omnimath-35,0,inconclusive,
omnimath-35,1,inconclusive,
omnimath-35,2,inconclusive,
omnimath-35,3,inconclusive,
omnimath-35,4,inconclusive,
omnimath-35,5,inconclusive,
omnimath-35,6,inconclusive,
omnimath-360,0,inconclusive,
omnimath-360,1,python,
omnimath-360,2,inconclusive,
omnimath-360,3,inconclusive,
omnimath-360,4,neither,
omnimath-360,5,inconclusive,
omnimath-360,6,neither,
omnimath-360,7,python,
omnimath-360,8,inconclusive,
omnimath-360,9,neither,
omnimath-361,0,inconclusive,
omnimath-361,1,inconclusive,
omnimath-361,2,neither,
omnimath-361,3,neither,
omnimath-361,4,inconclusive,
omnimath-361,5,inconclusive,
omnimath-361,6,python,
omnimath-362,0,inconclusive,
omnimath-362,1,neither,
omnimath-362,2,python,
omnimath-362,3,python,
omnimath-362,4,neither,
omnimath-362,5,inconclusive,
omnimath-362,6,neither,
omnimath-362,7,neither,
omnimath-362,8,neither,
omnimath-362,9,inconclusive,
omnimath-363,0,lean,
omnimath-363,1,inconclusive,
omnimath-363,2,inconclusive,
omnimath-363,3,python,
omnimath-363,4,python,
omnimath-363,5,tie,
omnimath-363,6,python,
omnimath-363,7,python,
omnimath-364,0,inconclusive,
omnimath-364,1,python,
omnimath-364,10,neither,
omnimath-364,2,python,
omnimath-364,3,python,
omnimath-364,4,lean,
omnimath-364,5,python,
omnimath-364,6,neither,
omnimath-364,7,python,
omnimath-364,8,python,
omnimath-364,9,python,
omnimath-365,0,inconclusive,
omnimath-365,1,inconclusive,
omnimath-365,2,inconclusive,
omnimath-365,3,neither,
omnimath-365,4,inconclusive,
omnimath-365,5,neither,
omnimath-365,6,inconclusive,
omnimath-365,7,python,
omnimath-365,8,inconclusive,
omnimath-365,9,inconclusive,
omnimath-366,0,inconclusive,
omnimath-366,1,lean,
omnimath-366,2,python,
omnimath-366,3,python,
omnimath-366,4,python,
omnimath-366,5,python,
omnimath-367,0,inconclusive,
omnimath-367,1,python,
omnimath-367,2,python,
omnimath-368,0,inconclusive,
omnimath-368,1,python,
omnimath-368,2,inconclusive,
omnimath-368,3,python,
omnimath-368,4,neither,
omnimath-368,5,neither,
omnimath-369,0,inconclusive,
omnimath-369,1,inconclusive,
omnimath-369,2,python,
omnimath-369,3,inconclusive,
omnimath-369,4,inconclusive,
omnimath-369,5,neither,
omnimath-369,6,python,
omnimath-369,7,neither,
omnimath-36,0,neither,
omnimath-36,1,inconclusive,
omnimath-36,10,neither,
omnimath-36,2,python,
omnimath-36,3,python,
omnimath-36,4,python,
omnimath-36,5,python,
omnimath-36,6,neither,
omnimath-36,7,python,
omnimath-36,8,python,
omnimath-36,9,python,
omnimath-370,0,inconclusive,
omnimath-370,1,inconclusive,
omnimath-370,10,inconclusive,
omnimath-370,2,lean,
omnimath-370,3,inconclusive,
omnimath-370,4,inconclusive,
omnimath-370,5,lean,
omnimath-370,6,lean,
omnimath-370,7,lean,
omnimath-370,8,lean,
omnimath-370,9,inconclusive,
omnimath-371,0,inconclusive,
omnimath-371,1,lean,
omnimath-371,10,python,
omnimath-371,11,neither,
omnimath-371,12,python,
omnimath-371,13,inconclusive,
omnimath-371,14,neither,
omnimath-371,15,python,
omnimath-371,16,neither,
omnimath-371,2,inconclusive,
omnimath-371,3,lean,
omnimath-371,4,inconclusive,
omnimath-371,5,inconclusive,
omnimath-371,6,neither,
omnimath-371,7,inconclusive,
omnimath-371,8,inconclusive,
omnimath-371,9,inconclusive,
omnimath-372,0,python,
omnimath-372,1,python,
omnimath-372,10,lean,
omnimath-372,11,lean,
omnimath-372,2,python,
omnimath-372,3,python,
omnimath-372,4,inconclusive,
omnimath-372,5,python,
omnimath-372,6,inconclusive,
omnimath-372,7,inconclusive,
omnimath-372,8,inconclusive,
omnimath-372,9,python,
omnimath-373,0,neither,
omnimath-373,1,neither,
omnimath-373,2,inconclusive,
omnimath-373,3,python,
omnimath-373,4,python,
omnimath-374,0,neither,
omnimath-374,1,python,
omnimath-374,2,python,
omnimath-374,3,python,
omnimath-374,4,python,
omnimath-374,5,neither,
omnimath-374,6,python,
omnimath-374,7,python,
omnimath-375,0,inconclusive,
omnimath-375,1,inconclusive,
omnimath-375,10,inconclusive,
omnimath-375,11,inconclusive,
omnimath-375,12,inconclusive,
omnimath-375,2,python,
omnimath-375,3,inconclusive,
omnimath-375,4,python,
omnimath-375,5,inconclusive,
omnimath-375,6,inconclusive,
omnimath-375,7,inconclusive,
omnimath-375,8,inconclusive,
omnimath-375,9,neither,
omnimath-376,0,inconclusive,
omnimath-376,1,inconclusive,
omnimath-376,2,inconclusive,
omnimath-376,3,python,
omnimath-376,4,neither,
omnimath-376,5,inconclusive,
omnimath-376,6,neither,
omnimath-376,7,neither,
omnimath-377,0,inconclusive,
omnimath-377,1,python,
omnimath-377,2,python,
omnimath-377,3,neither,
omnimath-377,4,python,
omnimath-377,5,python,
omnimath-377,6,python,
omnimath-377,7,neither,
omnimath-377,8,neither,
omnimath-378,0,python,
omnimath-378,1,python,
omnimath-378,2,neither,
omnimath-378,3,python,
omnimath-378,4,inconclusive,
omnimath-378,5,python,
omnimath-378,6,python,
omnimath-378,7,python,
omnimath-378,8,python,
omnimath-379,0,python,
omnimath-379,1,python,
omnimath-379,10,python,
omnimath-379,2,neither,
omnimath-379,3,python,
omnimath-379,4,python,
omnimath-379,5,python,
omnimath-379,6,inconclusive,
omnimath-379,7,python,
omnimath-379,8,python,
omnimath-379,9,python,
omnimath-37,0,python,
omnimath-37,1,python,
omnimath-37,2,python,
omnimath-37,3,lean,
omnimath-380,0,python,
omnimath-380,1,inconclusive,
omnimath-380,2,neither,
omnimath-380,3,neither,
omnimath-381,0,inconclusive,
omnimath-381,1,python,
omnimath-381,2,inconclusive,
omnimath-381,3,python,
omnimath-381,4,python,
omnimath-381,5,python,
omnimath-381,6,python,
omnimath-381,7,python,
omnimath-382,0,inconclusive,
omnimath-382,1,neither,
omnimath-382,10,python,
omnimath-382,11,python,
omnimath-382,2,inconclusive,
omnimath-382,3,inconclusive,
omnimath-382,4,python,
omnimath-382,5,neither,
omnimath-382,6,python,
omnimath-382,7,python,
omnimath-382,8,inconclusive,
omnimath-382,9,inconclusive,
omnimath-383,0,inconclusive,
omnimath-383,1,python,
omnimath-383,2,inconclusive,
omnimath-383,3,python,
omnimath-383,4,python,
omnimath-383,5,neither,
omnimath-383,6,python,
omnimath-383,7,python,
omnimath-383,8,inconclusive,
omnimath-384,0,inconclusive,
omnimath-384,1,inconclusive,
omnimath-384,10,inconclusive,
omnimath-384,11,python,
omnimath-384,2,inconclusive,
omnimath-384,3,lean,
omnimath-384,4,inconclusive,
omnimath-384,5,inconclusive,
omnimath-384,6,inconclusive,
omnimath-384,7,lean,
omnimath-384,8,neither,
omnimath-384,9,neither,
omnimath-385,0,inconclusive,
omnimath-385,1,python,
omnimath-385,2,inconclusive,
omnimath-385,3,inconclusive,
omnimath-385,4,neither,
omnimath-385,5,neither,
omnimath-385,6,lean,
omnimath-385,7,neither,
omnimath-386,0,inconclusive,
omnimath-386,1,inconclusive,
omnimath-386,10,python,
omnimath-386,11,inconclusive,
omnimath-386,12,inconclusive,
omnimath-386,13,inconclusive,
omnimath-386,14,inconclusive,
omnimath-386,2,lean,
omnimath-386,3,neither,
omnimath-386,4,lean,
omnimath-386,5,inconclusive,
omnimath-386,6,neither,
omnimath-386,7,inconclusive,
omnimath-386,8,neither,
omnimath-386,9,inconclusive,
omnimath-387,0,python,
omnimath-387,1,inconclusive,
omnimath-387,2,neither,
omnimath-387,3,neither,
omnimath-388,0,inconclusive,
omnimath-388,1,python,
omnimath-388,2,lean,
omnimath-388,3,python,
omnimath-388,4,python,
omnimath-388,5,python,
omnimath-388,6,inconclusive,
omnimath-388,7,python,
omnimath-388,8,python,
omnimath-389,0,inconclusive,
omnimath-389,1,neither,
omnimath-389,2,neither,
omnimath-389,3,neither,
omnimath-389,4,neither,
omnimath-38,0,inconclusive,
omnimath-38,1,python,
omnimath-38,2,inconclusive,
omnimath-38,3,python,
omnimath-38,4,python,
omnimath-38,5,neither,
omnimath-390,0,inconclusive,
omnimath-390,1,inconclusive,
omnimath-390,2,lean,
omnimath-390,3,inconclusive,
omnimath-390,4,inconclusive,
omnimath-390,5,inconclusive,
omnimath-390,6,inconclusive,
omnimath-390,7,inconclusive,
omnimath-390,8,inconclusive,
omnimath-390,9,inconclusive,
omnimath-391,0,inconclusive,
omnimath-391,1,python,
omnimath-391,2,python,
omnimath-391,3,neither,
omnimath-391,4,inconclusive,
omnimath-391,5,inconclusive,
omnimath-391,6,inconclusive,
omnimath-392,0,inconclusive,
omnimath-392,1,neither,
omnimath-392,2,python,
omnimath-392,3,neither,
omnimath-392,4,python,
omnimath-392,5,python,
omnimath-392,6,python,
omnimath-392,7,neither,
omnimath-392,8,python,
omnimath-392,9,neither,
omnimath-393,0,python,
omnimath-393,1,neither,
omnimath-393,2,inconclusive,
omnimath-393,3,inconclusive,
omnimath-393,4,lean,
omnimath-393,5,inconclusive,
omnimath-393,6,inconclusive,
omnimath-393,7,neither,
omnimath-393,8,python,
omnimath-393,9,neither,
omnimath-394,0,inconclusive,
omnimath-394,1,neither,
omnimath-394,2,neither,
omnimath-394,3,neither,
omnimath-394,4,neither,
omnimath-394,5,inconclusive,
omnimath-395,0,inconclusive,
omnimath-395,1,tie,
omnimath-395,2,python,
omnimath-395,3,python,
omnimath-395,4,neither,
omnimath-395,5,python,
omnimath-396,0,inconclusive,
omnimath-396,1,inconclusive,
omnimath-396,2,lean,
omnimath-396,3,neither,
omnimath-396,4,neither,
omnimath-396,5,,request_failed
omnimath-396,6,neither,
omnimath-396,7,python,
omnimath-396,8,python,
omnimath-397,0,inconclusive,
omnimath-397,1,inconclusive,
omnimath-397,2,python,
omnimath-397,3,inconclusive,
omnimath-397,4,python,
omnimath-397,5,inconclusive,
omnimath-397,6,neither,
omnimath-397,7,python,
omnimath-397,8,inconclusive,
omnimath-398,0,inconclusive,
omnimath-398,1,python,
omnimath-398,10,lean,
omnimath-398,2,inconclusive,
omnimath-398,3,neither,
omnimath-398,4,neither,
omnimath-398,5,python,
omnimath-398,6,python,
omnimath-398,7,inconclusive,
omnimath-398,8,inconclusive,
omnimath-398,9,neither,
omnimath-399,0,python,
omnimath-399,1,lean,
omnimath-399,2,python,
omnimath-399,3,neither,
omnimath-399,4,python,
omnimath-399,5,python,
omnimath-399,6,lean,
omnimath-399,7,python,
omnimath-399,8,python,
omnimath-39,0,python,
omnimath-39,1,python,
omnimath-39,2,inconclusive,
omnimath-39,3,python,
omnimath-39,4,python,
omnimath-39,5,python,
omnimath-3,0,inconclusive,
omnimath-3,1,neither,
omnimath-3,2,inconclusive,
omnimath-3,3,inconclusive,
omnimath-3,4,inconclusive,
omnimath-3,5,inconclusive,
omnimath-3,6,inconclusive,
omnimath-3,7,inconclusive,
omnimath-400,0,python,
omnimath-400,1,python,
omnimath-400,2,python,
omnimath-400,3,python,
omnimath-400,4,python,
omnimath-400,5,python,
omnimath-401,0,inconclusive,
omnimath-401,1,python,
omnimath-401,2,neither,
omnimath-401,3,neither,
omnimath-401,4,python,
omnimath-401,5,python,
omnimath-401,6,inconclusive,
omnimath-401,7,inconclusive,
omnimath-401,8,neither,
omnimath-402,0,neither,
omnimath-402,1,python,
omnimath-402,10,inconclusive,
omnimath-402,11,python,
omnimath-402,12,inconclusive,
omnimath-402,13,neither,
omnimath-402,2,python,
omnimath-402,3,python,
omnimath-402,4,python,
omnimath-402,5,inconclusive,
omnimath-402,6,python,
omnimath-402,7,inconclusive,
omnimath-402,8,inconclusive,
omnimath-402,9,inconclusive,
omnimath-403,0,python,
omnimath-403,1,lean,
omnimath-403,10,lean,
omnimath-403,11,neither,
omnimath-403,12,python,
omnimath-403,13,,request_failed
omnimath-403,14,python,
omnimath-403,2,lean,
omnimath-403,3,lean,
omnimath-403,4,lean,
omnimath-403,5,inconclusive,
omnimath-403,6,lean,
omnimath-403,7,python,
omnimath-403,8,lean,
omnimath-403,9,inconclusive,
omnimath-404,0,lean,
omnimath-404,1,python,
omnimath-404,2,python,
omnimath-404,3,python,
omnimath-405,0,inconclusive,
omnimath-405,1,python,
omnimath-405,2,python,
omnimath-405,3,python,
omnimath-405,4,python,
omnimath-405,5,python,
omnimath-405,6,python,
omnimath-405,7,python,
omnimath-406,0,neither,
omnimath-406,1,python,
omnimath-406,2,python,
omnimath-406,3,python,
omnimath-406,4,python,
omnimath-406,5,python,
omnimath-407,0,python,
omnimath-407,1,inconclusive,
omnimath-407,2,inconclusive,
omnimath-407,3,inconclusive,
omnimath-407,4,python,
omnimath-407,5,python,
omnimath-407,6,python,
omnimath-407,7,python,
omnimath-408,0,inconclusive,
omnimath-408,1,inconclusive,
omnimath-408,2,neither,
omnimath-408,3,inconclusive,
omnimath-408,4,lean,
omnimath-408,5,inconclusive,
omnimath-408,6,python,
omnimath-409,0,lean,
omnimath-409,1,lean,
omnimath-409,10,inconclusive,
omnimath-409,11,neither,
omnimath-409,2,lean,
omnimath-409,3,lean,
omnimath-409,4,lean,
omnimath-409,5,inconclusive,
omnimath-409,6,python,
omnimath-409,7,neither,
omnimath-409,8,neither,
omnimath-409,9,lean,
omnimath-40,0,python,
omnimath-40,1,python,
omnimath-40,10,neither,
omnimath-40,2,neither,
omnimath-40,3,python,
omnimath-40,4,neither,
omnimath-40,5,neither,
omnimath-40,6,neither,
omnimath-40,7,neither,
omnimath-40,8,neither,
omnimath-40,9,neither,
omnimath-410,0,inconclusive,
omnimath-410,1,python,
omnimath-410,2,python,
omnimath-410,3,inconclusive,
omnimath-410,4,python,
omnimath-410,5,neither,
omnimath-410,6,neither,
omnimath-410,7,python,
omnimath-411,0,inconclusive,
omnimath-411,1,python,
omnimath-411,10,neither,
omnimath-411,2,neither,
omnimath-411,3,python,
omnimath-411,4,inconclusive,
omnimath-411,5,neither,
omnimath-411,6,neither,
omnimath-411,7,python,
omnimath-411,8,inconclusive,
omnimath-411,9,python,
omnimath-412,0,inconclusive,
omnimath-412,1,neither,
omnimath-412,2,python,
omnimath-412,3,python,
omnimath-412,4,python,
omnimath-412,5,python,
omnimath-413,0,inconclusive,
omnimath-413,1,inconclusive,
omnimath-413,10,neither,
omnimath-413,11,inconclusive,
omnimath-413,2,inconclusive,
omnimath-413,3,python,
omnimath-413,4,python,
omnimath-413,5,inconclusive,
omnimath-413,6,neither,
omnimath-413,7,neither,
omnimath-413,8,python,
omnimath-413,9,neither,
omnimath-414,0,inconclusive,
omnimath-414,1,python,
omnimath-414,2,neither,
omnimath-414,3,python,
omnimath-414,4,python,
omnimath-415,0,inconclusive,
omnimath-415,1,lean,
omnimath-415,10,neither,
omnimath-415,2,python,
omnimath-415,3,inconclusive,
omnimath-415,4,inconclusive,
omnimath-415,5,neither,
omnimath-415,6,python,
omnimath-415,7,inconclusive,
omnimath-415,8,python,
omnimath-415,9,python,
omnimath-416,0,inconclusive,
omnimath-416,1,inconclusive,
omnimath-416,10,inconclusive,
omnimath-416,11,neither,
omnimath-416,12,inconclusive,
omnimath-416,13,python,
omnimath-416,14,python,
omnimath-416,15,python,
omnimath-416,16,python,
omnimath-416,17,python,
omnimath-416,2,lean,
omnimath-416,3,inconclusive,
omnimath-416,4,inconclusive,
omnimath-416,5,inconclusive,
omnimath-416,6,lean,
omnimath-416,7,lean,
omnimath-416,8,inconclusive,
omnimath-416,9,inconclusive,
omnimath-417,0,inconclusive,
omnimath-417,1,neither,
omnimath-417,2,lean,
omnimath-417,3,python,
omnimath-417,4,python,
omnimath-417,5,python,
omnimath-418,0,inconclusive,
omnimath-418,1,python,
omnimath-418,2,python,
omnimath-418,3,python,
omnimath-418,4,python,
omnimath-418,5,neither,
omnimath-418,6,neither,
omnimath-418,7,neither,
omnimath-419,0,inconclusive,
omnimath-419,1,neither,
omnimath-419,2,python,
omnimath-419,3,inconclusive,
omnimath-419,4,inconclusive,
omnimath-419,5,python,
omnimath-419,6,python,
omnimath-419,7,lean,
omnimath-419,8,python,
omnimath-41,0,inconclusive,
omnimath-41,1,python,
omnimath-41,10,neither,
omnimath-41,2,inconclusive,
omnimath-41,3,python,
omnimath-41,4,python,
omnimath-41,5,,request_failed
omnimath-41,6,inconclusive,
omnimath-41,7,python,
omnimath-41,8,lean,
omnimath-41,9,inconclusive,
omnimath-420,0,inconclusive,
omnimath-420,1,lean,
omnimath-420,2,neither,
omnimath-420,3,lean,
omnimath-420,4,lean,
omnimath-421,0,python,
omnimath-421,1,neither,
omnimath-421,2,python,
omnimath-421,3,inconclusive,
omnimath-421,4,inconclusive,
omnimath-422,0,python,
omnimath-422,1,inconclusive,
omnimath-422,2,inconclusive,
omnimath-422,3,python,
omnimath-422,4,python,
omnimath-422,5,neither,
omnimath-422,6,inconclusive,
omnimath-423,0,inconclusive,
omnimath-423,1,python,
omnimath-423,2,inconclusive,
omnimath-423,3,python,
omnimath-423,4,python,
omnimath-424,0,inconclusive,
omnimath-424,1,inconclusive,
omnimath-424,2,python,
omnimath-424,3,neither,
omnimath-424,4,python,
omnimath-424,5,python,
omnimath-424,6,inconclusive,
omnimath-425,0,neither,
omnimath-425,1,inconclusive,
omnimath-425,2,neither,
omnimath-425,3,neither,
omnimath-425,4,inconclusive,
omnimath-425,5,python,
omnimath-425,6,python,
omnimath-425,7,neither,
omnimath-426,0,python,
omnimath-426,1,lean,
omnimath-426,10,python,
omnimath-426,2,lean,
omnimath-426,3,lean,
omnimath-426,4,inconclusive,
omnimath-426,5,neither,
omnimath-426,6,lean,
omnimath-426,7,python,
omnimath-426,8,python,
omnimath-426,9,python,
omnimath-427,0,inconclusive,
omnimath-427,1,inconclusive,
omnimath-427,2,inconclusive,
omnimath-427,3,python,
omnimath-427,4,neither,
omnimath-427,5,neither,
omnimath-427,6,inconclusive,
omnimath-427,7,python,
omnimath-428,0,inconclusive,
omnimath-428,1,python,
omnimath-428,2,neither,
omnimath-428,3,python,
omnimath-428,4,python,
omnimath-428,5,python,
omnimath-428,6,inconclusive,
omnimath-429,0,neither,
omnimath-429,1,python,
omnimath-429,2,inconclusive,
omnimath-429,3,neither,
omnimath-429,4,neither,
omnimath-429,5,inconclusive,
omnimath-429,6,python,
omnimath-429,7,neither,
omnimath-42,0,inconclusive,
omnimath-42,1,inconclusive,
omnimath-42,2,inconclusive,
omnimath-42,3,neither,
omnimath-42,4,neither,
omnimath-430,0,python,
omnimath-430,1,inconclusive,
omnimath-430,2,python,
omnimath-430,3,python,
omnimath-430,4,neither,
omnimath-430,5,neither,
omnimath-430,6,python,
omnimath-431,0,inconclusive,
omnimath-431,1,python,
omnimath-431,10,python,
omnimath-431,11,python,
omnimath-431,2,python,
omnimath-431,3,inconclusive,
omnimath-431,4,neither,
omnimath-431,5,neither,
omnimath-431,6,inconclusive,
omnimath-431,7,inconclusive,
omnimath-431,8,inconclusive,
omnimath-431,9,neither,
omnimath-432,0,inconclusive,
omnimath-432,1,python,
omnimath-432,10,neither,
omnimath-432,11,neither,
omnimath-432,12,inconclusive,
omnimath-432,13,neither,
omnimath-432,2,neither,
omnimath-432,3,python,
omnimath-432,4,inconclusive,
omnimath-432,5,neither,
omnimath-432,6,neither,
omnimath-432,7,inconclusive,
omnimath-432,8,neither,
omnimath-432,9,neither,
omnimath-433,0,inconclusive,
omnimath-433,1,neither,
omnimath-433,2,python,
omnimath-433,3,inconclusive,
omnimath-433,4,neither,
omnimath-433,5,python,
omnimath-433,6,python,
omnimath-434,0,inconclusive,
omnimath-434,1,python,
omnimath-434,10,python,
omnimath-434,11,python,
omnimath-434,12,inconclusive,
omnimath-434,13,inconclusive,
omnimath-434,14,python,
omnimath-434,15,python,
omnimath-434,16,python,
omnimath-434,17,neither,
omnimath-434,18,inconclusive,
omnimath-434,19,python,
omnimath-434,2,inconclusive,
omnimath-434,20,inconclusive,
omnimath-434,21,inconclusive,
omnimath-434,22,python,
omnimath-434,23,python,
omnimath-434,24,,request_failed
omnimath-434,25,python,
omnimath-434,26,neither,
omnimath-434,3,python,
omnimath-434,4,python,
omnimath-434,5,python,
omnimath-434,6,python,
omnimath-434,7,python,
omnimath-434,8,inconclusive,
omnimath-434,9,inconclusive,
omnimath-435,0,inconclusive,
omnimath-435,1,python,
omnimath-435,2,neither,
omnimath-435,3,python,
omnimath-435,4,neither,
omnimath-435,5,inconclusive,
omnimath-436,0,inconclusive,
omnimath-436,1,python,
omnimath-436,2,neither,
omnimath-436,3,python,
omnimath-437,0,inconclusive,
omnimath-437,1,inconclusive,
omnimath-437,2,inconclusive,
omnimath-437,3,python,
omnimath-437,4,python,
omnimath-437,5,neither,
omnimath-437,6,inconclusive,
omnimath-438,0,python,
omnimath-438,1,neither,
omnimath-438,2,python,
omnimath-438,3,python,
omnimath-438,4,inconclusive,
omnimath-438,5,neither,
omnimath-438,6,python,
omnimath-438,7,neither,
omnimath-438,8,python,
omnimath-438,9,python,
omnimath-439,0,inconclusive,
omnimath-439,1,lean,
omnimath-439,2,lean,
omnimath-439,3,python,
omnimath-439,4,neither,
omnimath-439,5,neither,
omnimath-439,6,python,
omnimath-439,7,neither,
omnimath-43,0,inconclusive,
omnimath-43,1,inconclusive,
omnimath-43,2,lean,
omnimath-43,3,neither,
omnimath-43,4,neither,
omnimath-43,5,python,
omnimath-43,6,inconclusive,
omnimath-43,7,python,
omnimath-440,0,python,
omnimath-440,1,python,
omnimath-440,10,neither,
omnimath-440,11,neither,
omnimath-440,2,python,
omnimath-440,3,python,
omnimath-440,4,lean,
omnimath-440,5,python,
omnimath-440,6,lean,
omnimath-440,7,lean,
omnimath-440,8,inconclusive,
omnimath-440,9,inconclusive,
omnimath-441,0,inconclusive,
omnimath-441,1,inconclusive,
omnimath-441,2,inconclusive,
omnimath-441,3,python,
omnimath-441,4,python,
omnimath-442,0,python,
omnimath-442,1,python,
omnimath-442,2,python,
omnimath-442,3,neither,
omnimath-442,4,neither,
omnimath-443,0,python,
omnimath-443,1,lean,
omnimath-443,2,lean,
omnimath-443,3,neither,
omnimath-443,4,python,
omnimath-443,5,neither,
omnimath-443,6,neither,
omnimath-443,7,neither,
omnimath-443,8,inconclusive,
omnimath-444,0,python,
omnimath-444,1,inconclusive,
omnimath-444,2,inconclusive,
omnimath-444,3,python,
omnimath-444,4,python,
omnimath-445,0,inconclusive,
omnimath-445,1,inconclusive,
omnimath-445,10,python,
omnimath-445,11,inconclusive,
omnimath-445,12,inconclusive,
omnimath-445,2,python,
omnimath-445,3,python,
omnimath-445,4,python,
omnimath-445,5,inconclusive,
omnimath-445,6,neither,
omnimath-445,7,inconclusive,
omnimath-445,8,neither,
omnimath-445,9,inconclusive,
omnimath-446,0,python,
omnimath-446,1,neither,
omnimath-446,2,python,
omnimath-446,3,python,
omnimath-446,4,neither,
omnimath-446,5,python,
omnimath-447,0,inconclusive,
omnimath-447,1,python,
omnimath-447,2,neither,
omnimath-447,3,python,
omnimath-447,4,python,
omnimath-447,5,python,
omnimath-448,0,python,
omnimath-448,1,neither,
omnimath-448,10,neither,
omnimath-448,11,inconclusive,
omnimath-448,12,inconclusive,
omnimath-448,13,python,
omnimath-448,14,python,
omnimath-448,15,python,
omnimath-448,16,python,
omnimath-448,17,python,
omnimath-448,18,python,
omnimath-448,19,tie,
omnimath-448,2,python,
omnimath-448,20,neither,
omnimath-448,21,neither,
omnimath-448,22,python,
omnimath-448,23,python,
omnimath-448,3,python,
omnimath-448,4,inconclusive,
omnimath-448,5,inconclusive,
omnimath-448,6,python,
omnimath-448,7,inconclusive,
omnimath-448,8,python,
omnimath-448,9,python,
omnimath-449,0,python,
omnimath-449,1,inconclusive,
omnimath-449,2,inconclusive,
omnimath-449,3,python,
omnimath-449,4,lean,
omnimath-449,5,python,
omnimath-44,0,inconclusive,
omnimath-44,1,python,
omnimath-44,2,lean,
omnimath-44,3,python,
omnimath-44,4,python,
omnimath-44,5,python,
omnimath-450,0,lean,
omnimath-450,1,python,
omnimath-450,2,inconclusive,
omnimath-450,3,python,
omnimath-450,4,lean,
omnimath-450,5,lean,
omnimath-450,6,python,
omnimath-450,7,inconclusive,
omnimath-450,8,inconclusive,
omnimath-451,0,inconclusive,
omnimath-451,1,inconclusive,
omnimath-451,2,inconclusive,
omnimath-451,3,inconclusive,
omnimath-452,0,python,
omnimath-452,1,python,
omnimath-452,2,lean,
omnimath-453,0,inconclusive,
omnimath-453,1,python,
omnimath-453,2,python,
omnimath-453,3,python,
omnimath-453,4,neither,
omnimath-454,0,inconclusive,
omnimath-454,1,inconclusive,
omnimath-454,10,python,
omnimath-454,2,inconclusive,
omnimath-454,3,lean,
omnimath-454,4,inconclusive,
omnimath-454,5,neither,
omnimath-454,6,neither,
omnimath-454,7,inconclusive,
omnimath-454,8,neither,
omnimath-454,9,python,
omnimath-455,0,inconclusive,
omnimath-455,1,neither,
omnimath-455,10,python,
omnimath-455,11,python,
omnimath-455,12,python,
omnimath-455,13,python,
omnimath-455,14,neither,
omnimath-455,15,python,
omnimath-455,17,python,
omnimath-455,18,python,
omnimath-455,19,neither,
omnimath-455,2,inconclusive,
omnimath-455,21,python,
omnimath-455,22,inconclusive,
omnimath-455,23,inconclusive,
omnimath-455,24,python,
omnimath-455,25,python,
omnimath-455,3,lean,
omnimath-455,4,python,
omnimath-455,5,python,
omnimath-455,6,python,
omnimath-455,7,python,
omnimath-455,8,python,
omnimath-455,9,python,
omnimath-456,0,inconclusive,
omnimath-456,1,python,
omnimath-456,2,python,
omnimath-456,3,python,
omnimath-456,4,inconclusive,
omnimath-456,5,inconclusive,
omnimath-456,6,python,
omnimath-456,7,inconclusive,
omnimath-457,0,python,
omnimath-457,1,python,
omnimath-457,10,python,
omnimath-457,11,python,
omnimath-457,12,python,
omnimath-457,13,python,
omnimath-457,2,python,
omnimath-457,3,lean,
omnimath-457,4,neither,
omnimath-457,5,inconclusive,
omnimath-457,6,python,
omnimath-457,7,python,
omnimath-457,8,python,
omnimath-457,9,inconclusive,
omnimath-458,0,inconclusive,
omnimath-458,1,lean,
omnimath-458,10,neither,
omnimath-458,11,python,
omnimath-458,12,python,
omnimath-458,2,python,
omnimath-458,3,lean,
omnimath-458,4,python,
omnimath-458,5,python,
omnimath-458,6,python,
omnimath-458,7,neither,
omnimath-458,8,lean,
omnimath-458,9,lean,
omnimath-459,0,python,
omnimath-459,1,inconclusive,
omnimath-459,2,inconclusive,
omnimath-459,3,inconclusive,
omnimath-459,4,python,
omnimath-459,5,python,
omnimath-459,6,python,
omnimath-459,7,python,
omnimath-459,8,inconclusive,
omnimath-459,9,inconclusive,
omnimath-45,0,lean,
omnimath-45,1,python,
omnimath-45,2,python,
omnimath-45,3,python,
omnimath-45,4,inconclusive,
omnimath-45,5,python,
omnimath-45,6,inconclusive,
omnimath-45,7,python,
omnimath-45,8,python,
omnimath-460,0,inconclusive,
omnimath-460,1,python,
omnimath-460,2,neither,
omnimath-460,3,inconclusive,
omnimath-460,4,inconclusive,
omnimath-460,5,inconclusive,
omnimath-460,6,inconclusive,
omnimath-460,7,neither,
omnimath-460,8,inconclusive,
omnimath-461,0,inconclusive,
omnimath-461,1,python,
omnimath-461,2,lean,
omnimath-461,3,python,
omnimath-461,4,python,
omnimath-461,5,python,
omnimath-462,0,python,
omnimath-462,1,python,
omnimath-462,2,python,
omnimath-462,3,inconclusive,
omnimath-462,4,python,
omnimath-462,5,python,
omnimath-462,6,python,
omnimath-463,0,inconclusive,
omnimath-463,1,python,
omnimath-463,2,python,
omnimath-463,3,inconclusive,
omnimath-463,4,inconclusive,
omnimath-463,5,python,
omnimath-463,6,neither,
omnimath-463,7,inconclusive,
omnimath-463,8,python,
omnimath-463,9,inconclusive,
omnimath-464,0,inconclusive,
omnimath-464,1,inconclusive,
omnimath-464,2,neither,
omnimath-464,3,python,
omnimath-464,4,neither,
omnimath-464,5,inconclusive,
omnimath-465,0,inconclusive,
omnimath-465,1,python,
omnimath-465,2,neither,
omnimath-465,3,inconclusive,
omnimath-465,4,inconclusive,
omnimath-465,5,neither,
omnimath-465,6,neither,
omnimath-466,0,python,
omnimath-466,1,python,
omnimath-466,2,python,
omnimath-466,3,python,
omnimath-467,0,inconclusive,
omnimath-467,1,lean,
omnimath-467,2,inconclusive,
omnimath-467,3,python,
omnimath-467,4,neither,
omnimath-467,5,neither,
omnimath-468,0,inconclusive,
omnimath-468,1,inconclusive,
omnimath-468,2,neither,
omnimath-468,3,python,
omnimath-468,4,inconclusive,
omnimath-468,5,neither,
omnimath-468,6,neither,
omnimath-469,0,inconclusive,
omnimath-469,1,inconclusive,
omnimath-469,10,inconclusive,
omnimath-469,11,inconclusive,
omnimath-469,12,python,
omnimath-469,13,inconclusive,
omnimath-469,14,inconclusive,
omnimath-469,15,python,
omnimath-469,16,python,
omnimath-469,17,inconclusive,
omnimath-469,18,python,
omnimath-469,19,python,
omnimath-469,2,inconclusive,
omnimath-469,20,python,
omnimath-469,21,python,
omnimath-469,22,inconclusive,
omnimath-469,3,python,
omnimath-469,4,neither,
omnimath-469,5,neither,
omnimath-469,6,inconclusive,
omnimath-469,7,inconclusive,
omnimath-469,8,inconclusive,
omnimath-469,9,python,
omnimath-46,0,neither,
omnimath-46,1,neither,
omnimath-46,10,neither,
omnimath-46,11,python,
omnimath-46,2,neither,
omnimath-46,3,neither,
omnimath-46,4,neither,
omnimath-46,5,inconclusive,
omnimath-46,6,neither,
omnimath-46,7,neither,
omnimath-46,8,python,
omnimath-46,9,neither,
omnimath-470,0,python,
omnimath-470,1,neither,
omnimath-470,2,inconclusive,
omnimath-470,3,python,
omnimath-470,4,neither,
omnimath-470,5,neither,
omnimath-470,6,python,
omnimath-470,7,inconclusive,
omnimath-471,0,inconclusive,
omnimath-471,1,python,
omnimath-471,2,neither,
omnimath-471,3,python,
omnimath-471,4,neither,
omnimath-472,0,python,
omnimath-472,1,python,
omnimath-472,2,python,
omnimath-472,3,lean,
omnimath-472,4,lean,
omnimath-472,5,python,
omnimath-473,0,inconclusive,
omnimath-473,1,neither,
omnimath-473,2,neither,
omnimath-473,3,python,
omnimath-473,4,python,
omnimath-473,5,python,
omnimath-474,0,inconclusive,
omnimath-474,1,inconclusive,
omnimath-474,2,inconclusive,
omnimath-474,3,inconclusive,
omnimath-474,4,inconclusive,
omnimath-475,0,inconclusive,
omnimath-475,1,neither,
omnimath-475,2,python,
omnimath-475,3,neither,
omnimath-475,4,neither,
omnimath-475,5,neither,
omnimath-475,6,inconclusive,
omnimath-475,7,neither,
omnimath-475,8,neither,
omnimath-475,9,python,
omnimath-476,0,python,
omnimath-476,1,inconclusive,
omnimath-476,2,python,
omnimath-476,3,python,
omnimath-476,4,python,
omnimath-477,0,inconclusive,
omnimath-477,1,lean,
omnimath-477,10,neither,
omnimath-477,11,inconclusive,
omnimath-477,2,lean,
omnimath-477,3,lean,
omnimath-477,4,inconclusive,
omnimath-477,5,neither,
omnimath-477,6,inconclusive,
omnimath-477,7,lean,
omnimath-477,8,neither,
omnimath-477,9,inconclusive,
omnimath-478,0,inconclusive,
omnimath-478,1,python,
omnimath-478,2,neither,
omnimath-478,3,inconclusive,
omnimath-478,4,neither,
omnimath-478,5,inconclusive,
omnimath-478,6,inconclusive,
omnimath-478,7,inconclusive,
omnimath-479,0,inconclusive,
omnimath-479,1,inconclusive,
omnimath-479,10,neither,
omnimath-479,2,neither,
omnimath-479,3,neither,
omnimath-479,4,python,
omnimath-479,5,python,
omnimath-479,6,python,
omnimath-479,7,inconclusive,
omnimath-479,8,lean,
omnimath-479,9,inconclusive,
omnimath-47,0,inconclusive,
omnimath-47,1,python,
omnimath-47,2,neither,
omnimath-47,3,python,
omnimath-47,4,neither,
omnimath-47,5,python,
omnimath-47,6,inconclusive,
omnimath-480,0,inconclusive,
omnimath-480,1,inconclusive,
omnimath-480,10,python,
omnimath-480,11,python,
omnimath-480,12,python,
omnimath-480,13,python,
omnimath-480,14,python,
omnimath-480,15,python,
omnimath-480,16,python,
omnimath-480,17,python,
omnimath-480,18,python,
omnimath-480,19,python,
omnimath-480,2,neither,
omnimath-480,20,python,
omnimath-480,21,python,
omnimath-480,22,python,
omnimath-480,23,python,
omnimath-480,24,neither,
omnimath-480,25,python,
omnimath-480,3,neither,
omnimath-480,4,python,
omnimath-480,5,python,
omnimath-480,6,python,
omnimath-480,7,python,
omnimath-480,8,python,
omnimath-480,9,python,
omnimath-481,0,inconclusive,
omnimath-481,1,python,
omnimath-481,2,python,
omnimath-481,3,python,
omnimath-481,4,python,
omnimath-482,0,inconclusive,
omnimath-482,1,inconclusive,
omnimath-482,2,inconclusive,
omnimath-482,3,inconclusive,
omnimath-482,4,python,
omnimath-482,5,neither,
omnimath-482,6,lean,
omnimath-482,7,inconclusive,
omnimath-482,8,neither,
omnimath-483,0,inconclusive,
omnimath-483,1,python,
omnimath-483,10,python,
omnimath-483,11,python,
omnimath-483,2,neither,
omnimath-483,3,python,
omnimath-483,4,inconclusive,
omnimath-483,5,inconclusive,
omnimath-483,6,neither,
omnimath-483,7,neither,
omnimath-483,8,python,
omnimath-483,9,inconclusive,
omnimath-484,0,python,
omnimath-484,1,python,
omnimath-484,2,python,
omnimath-484,3,python,
omnimath-484,4,inconclusive,
omnimath-484,5,python,
omnimath-484,6,python,
omnimath-484,7,,request_failed
omnimath-485,0,inconclusive,
omnimath-485,1,inconclusive,
omnimath-485,2,neither,
omnimath-485,3,neither,
omnimath-485,4,neither,
omnimath-485,5,inconclusive,
omnimath-486,0,python,
omnimath-486,1,neither,
omnimath-486,2,python,
omnimath-486,3,python,
omnimath-486,4,neither,
omnimath-486,5,neither,
omnimath-486,6,neither,
omnimath-486,7,neither,
omnimath-487,0,lean,
omnimath-487,1,lean,
omnimath-487,2,python,
omnimath-487,3,lean,
omnimath-488,0,inconclusive,
omnimath-488,1,python,
omnimath-488,2,neither,
omnimath-488,3,python,
omnimath-488,4,python,
omnimath-488,5,python,
omnimath-488,6,lean,
omnimath-488,7,inconclusive,
omnimath-489,0,neither,
omnimath-489,1,neither,
omnimath-489,2,neither,
omnimath-489,3,inconclusive,
omnimath-489,4,neither,
omnimath-489,5,python,
omnimath-489,6,python,
omnimath-48,0,inconclusive,
omnimath-48,1,inconclusive,
omnimath-48,2,python,
omnimath-48,3,inconclusive,
omnimath-48,4,inconclusive,
omnimath-48,5,python,
omnimath-48,6,lean,
omnimath-48,7,lean,
omnimath-48,8,inconclusive,
omnimath-490,0,inconclusive,
omnimath-490,1,python,
omnimath-490,2,neither,
omnimath-490,3,lean,
omnimath-490,4,neither,
omnimath-490,5,neither,
omnimath-490,6,inconclusive,
omnimath-491,0,inconclusive,
omnimath-491,1,neither,
omnimath-491,2,neither,
omnimath-491,3,inconclusive,
omnimath-491,4,neither,
omnimath-491,5,neither,
omnimath-491,6,python,
omnimath-492,0,inconclusive,
omnimath-492,1,python,
omnimath-492,2,python,
omnimath-492,3,python,
omnimath-492,4,inconclusive,
omnimath-492,6,python,
omnimath-493,0,lean,
omnimath-493,1,lean,
omnimath-493,2,inconclusive,
omnimath-493,3,python,
omnimath-493,4,python,
omnimath-493,5,inconclusive,
omnimath-493,6,python,
omnimath-493,7,python,
omnimath-493,8,inconclusive,
omnimath-493,9,python,
omnimath-494,0,neither,
omnimath-494,1,python,
omnimath-494,10,inconclusive,
omnimath-494,11,inconclusive,
omnimath-494,2,python,
omnimath-494,3,neither,
omnimath-494,4,inconclusive,
omnimath-494,5,inconclusive,
omnimath-494,6,inconclusive,
omnimath-494,7,python,
omnimath-494,8,inconclusive,
omnimath-494,9,inconclusive,
omnimath-495,0,inconclusive,
omnimath-495,1,python,
omnimath-495,2,python,
omnimath-495,3,python,
omnimath-495,4,python,
omnimath-495,5,neither,
omnimath-495,6,python,
omnimath-495,7,inconclusive,
omnimath-495,8,python,
omnimath-496,0,inconclusive,
omnimath-496,1,python,
omnimath-496,2,inconclusive,
omnimath-496,3,python,
omnimath-496,4,neither,
omnimath-496,5,inconclusive,
omnimath-496,6,neither,
omnimath-496,7,inconclusive,
omnimath-496,8,inconclusive,
omnimath-497,0,inconclusive,
omnimath-497,1,neither,
omnimath-497,2,inconclusive,
omnimath-497,3,neither,
omnimath-497,4,neither,
omnimath-497,5,inconclusive,
omnimath-497,6,neither,
omnimath-497,7,neither,
omnimath-497,8,neither,
omnimath-498,0,neither,
omnimath-498,1,neither,
omnimath-498,2,neither,
omnimath-498,3,inconclusive,
omnimath-498,4,neither,
omnimath-498,5,python,
omnimath-499,0,inconclusive,
omnimath-499,1,python,
omnimath-499,2,inconclusive,
omnimath-499,3,python,
omnimath-499,4,python,
omnimath-499,5,python,
omnimath-499,6,python,
omnimath-49,0,inconclusive,
omnimath-49,1,python,
omnimath-49,2,inconclusive,
omnimath-49,3,python,
omnimath-49,4,neither,
omnimath-49,5,neither,
omnimath-4,0,inconclusive,
omnimath-4,1,neither,
omnimath-4,2,inconclusive,
omnimath-4,3,python,
omnimath-500,0,inconclusive,
omnimath-500,1,python,
omnimath-500,2,python,
omnimath-500,3,inconclusive,
omnimath-500,4,python,
omnimath-500,5,python,
omnimath-500,6,lean,
omnimath-501,0,inconclusive,
omnimath-501,1,python,
omnimath-501,2,neither,
omnimath-501,3,python,
omnimath-501,4,python,
omnimath-502,0,python,
omnimath-502,1,python,
omnimath-502,2,lean,
omnimath-502,3,python,
omnimath-502,4,lean,
omnimath-502,5,python,
omnimath-503,0,inconclusive,
omnimath-503,1,inconclusive,
omnimath-503,2,neither,
omnimath-503,3,python,
omnimath-503,4,neither,
omnimath-503,5,neither,
omnimath-504,0,python,
omnimath-504,1,inconclusive,
omnimath-504,2,neither,
omnimath-504,3,lean,
omnimath-504,4,neither,
omnimath-504,5,inconclusive,
omnimath-505,0,python,
omnimath-505,1,python,
omnimath-505,2,python,
omnimath-505,3,python,
omnimath-506,0,inconclusive,
omnimath-506,1,inconclusive,
omnimath-506,2,inconclusive,
omnimath-506,3,python,
omnimath-506,4,python,
omnimath-506,5,python,
omnimath-506,6,neither,
omnimath-506,7,python,
omnimath-506,8,neither,
omnimath-507,0,python,
omnimath-507,1,python,
omnimath-507,10,neither,
omnimath-507,11,neither,
omnimath-507,13,inconclusive,
omnimath-507,14,inconclusive,
omnimath-507,15,lean,
omnimath-507,16,inconclusive,
omnimath-507,17,neither,
omnimath-507,18,inconclusive,
omnimath-507,19,inconclusive,
omnimath-507,2,inconclusive,
omnimath-507,20,inconclusive,
omnimath-507,21,neither,
omnimath-507,22,inconclusive,
omnimath-507,3,python,
omnimath-507,4,inconclusive,
omnimath-507,5,neither,
omnimath-507,6,neither,
omnimath-507,7,inconclusive,
omnimath-507,8,inconclusive,
omnimath-507,9,neither,
omnimath-508,0,inconclusive,
omnimath-508,1,lean,
omnimath-508,10,python,
omnimath-508,2,inconclusive,
omnimath-508,3,python,
omnimath-508,4,python,
omnimath-508,5,python,
omnimath-508,6,python,
omnimath-508,7,python,
omnimath-508,8,python,
omnimath-508,9,python,
omnimath-509,0,inconclusive,
omnimath-509,1,python,
omnimath-509,2,neither,
omnimath-509,3,python,
omnimath-509,4,python,
omnimath-509,5,inconclusive,
omnimath-50,0,python,
omnimath-50,1,python,
omnimath-50,2,neither,
omnimath-50,3,neither,
omnimath-510,0,inconclusive,
omnimath-510,1,python,
omnimath-510,2,python,
omnimath-510,3,python,
omnimath-510,4,python,
omnimath-510,5,python,
omnimath-510,6,python,
omnimath-510,7,python,
omnimath-510,8,python,
omnimath-510,9,neither,
omnimath-511,0,neither,
omnimath-511,1,inconclusive,
omnimath-511,2,inconclusive,
omnimath-511,3,python,
omnimath-511,4,python,
omnimath-512,0,python,
omnimath-512,1,python,
omnimath-512,2,python,
omnimath-512,3,python,
omnimath-512,4,lean,
omnimath-512,5,python,
omnimath-513,0,inconclusive,
omnimath-513,1,inconclusive,
omnimath-513,2,inconclusive,
omnimath-513,3,lean,
omnimath-514,0,python,
omnimath-514,1,inconclusive,
omnimath-514,2,inconclusive,
omnimath-514,3,python,
omnimath-514,4,python,
omnimath-514,5,python,
omnimath-514,6,python,
omnimath-515,0,python,
omnimath-515,1,neither,
omnimath-515,2,python,
omnimath-516,0,lean,
omnimath-516,1,python,
omnimath-516,2,python,
omnimath-516,3,python,
omnimath-516,4,lean,
omnimath-516,5,python,
omnimath-516,6,python,
omnimath-517,0,,request_failed
omnimath-517,1,inconclusive,
omnimath-517,2,inconclusive,
omnimath-517,3,neither,
omnimath-518,0,inconclusive,
omnimath-518,1,inconclusive,
omnimath-518,2,inconclusive,
omnimath-518,3,python,
omnimath-518,4,inconclusive,
omnimath-518,5,inconclusive,
omnimath-518,6,python,
omnimath-518,7,inconclusive,
omnimath-519,0,inconclusive,
omnimath-519,1,python,
omnimath-519,2,inconclusive,
omnimath-519,3,neither,
omnimath-519,4,neither,
omnimath-519,5,lean,
omnimath-519,6,python,
omnimath-51,0,python,
omnimath-51,1,inconclusive,
omnimath-51,2,lean,
omnimath-51,3,lean,
omnimath-51,4,python,
omnimath-51,5,python,
omnimath-520,0,python,
omnimath-520,1,python,
omnimath-520,2,python,
omnimath-520,3,neither,
omnimath-520,4,python,
omnimath-520,5,inconclusive,
omnimath-520,6,neither,
omnimath-520,7,python,
omnimath-521,0,python,
omnimath-521,1,python,
omnimath-521,2,neither,
omnimath-521,3,python,
omnimath-521,4,python,
omnimath-521,5,python,
omnimath-521,6,inconclusive,
omnimath-521,7,inconclusive,
omnimath-522,0,inconclusive,
omnimath-522,1,python,
omnimath-522,2,neither,
omnimath-522,3,neither,
omnimath-522,4,python,
omnimath-523,0,neither,
omnimath-523,1,neither,
omnimath-523,2,inconclusive,
omnimath-523,3,inconclusive,
omnimath-523,4,python,
omnimath-523,5,inconclusive,
omnimath-523,6,neither,
omnimath-523,7,inconclusive,
omnimath-524,0,inconclusive,
omnimath-524,1,python,
omnimath-524,2,python,
omnimath-524,3,inconclusive,
omnimath-524,4,neither,
omnimath-524,5,inconclusive,
omnimath-525,0,inconclusive,
omnimath-525,1,python,
omnimath-525,2,python,
omnimath-525,3,inconclusive,
omnimath-525,4,python,
omnimath-526,0,inconclusive,
omnimath-526,1,python,
omnimath-526,10,python,
omnimath-526,2,inconclusive,
omnimath-526,3,python,
omnimath-526,4,python,
omnimath-526,5,inconclusive,
omnimath-526,6,inconclusive,
omnimath-526,7,neither,
omnimath-526,8,inconclusive,
omnimath-526,9,python,
omnimath-527,0,inconclusive,
omnimath-527,1,lean,
omnimath-527,2,python,
omnimath-527,3,neither,
omnimath-527,4,lean,
omnimath-527,5,python,
omnimath-528,0,lean,
omnimath-528,1,lean,
omnimath-528,10,tie,
omnimath-528,11,python,
omnimath-528,2,python,
omnimath-528,3,neither,
omnimath-528,4,python,
omnimath-528,5,neither,
omnimath-528,6,python,
omnimath-528,7,neither,
omnimath-528,8,python,
omnimath-528,9,python,
omnimath-529,0,inconclusive,
omnimath-529,1,python,
omnimath-529,10,python,
omnimath-529,11,python,
omnimath-529,12,python,
omnimath-529,13,python,
omnimath-529,14,python,
omnimath-529,15,python,
omnimath-529,2,lean,
omnimath-529,3,python,
omnimath-529,4,python,
omnimath-529,5,python,
omnimath-529,6,python,
omnimath-529,7,python,
omnimath-529,8,python,
omnimath-529,9,python,
omnimath-52,0,inconclusive,
omnimath-52,1,neither,
omnimath-52,2,python,
omnimath-52,3,neither,
omnimath-52,4,neither,
omnimath-52,5,neither,
omnimath-530,0,inconclusive,
omnimath-530,1,neither,
omnimath-530,2,lean,
omnimath-530,3,lean,
omnimath-531,0,inconclusive,
omnimath-531,1,lean,
omnimath-531,2,python,
omnimath-531,3,lean,
omnimath-531,4,python,
omnimath-531,5,python,
omnimath-532,0,python,
omnimath-532,1,neither,
omnimath-532,2,python,
omnimath-532,3,lean,
omnimath-532,4,neither,
omnimath-532,5,neither,
omnimath-532,6,python,
omnimath-533,0,neither,
omnimath-533,1,neither,
omnimath-533,2,python,
omnimath-533,3,neither,
omnimath-533,4,neither,
omnimath-533,5,neither,
omnimath-533,6,neither,
omnimath-533,7,neither,
omnimath-534,0,inconclusive,
omnimath-534,1,inconclusive,
omnimath-534,10,neither,
omnimath-534,2,python,
omnimath-534,3,python,
omnimath-534,4,python,
omnimath-534,5,neither,
omnimath-534,6,python,
omnimath-534,7,python,
omnimath-534,8,python,
omnimath-534,9,neither,
omnimath-535,0,neither,
omnimath-535,1,lean,
omnimath-535,2,lean,
omnimath-535,3,inconclusive,
omnimath-535,4,inconclusive,
omnimath-535,5,neither,
omnimath-536,0,python,
omnimath-536,1,neither,
omnimath-536,10,python,
omnimath-536,11,python,
omnimath-536,12,python,
omnimath-536,2,python,
omnimath-536,3,,request_failed
omnimath-536,4,python,
omnimath-536,5,python,
omnimath-536,6,python,
omnimath-536,7,python,
omnimath-536,8,python,
omnimath-536,9,python,
omnimath-537,0,inconclusive,
omnimath-537,1,python,
omnimath-537,2,neither,
omnimath-537,3,inconclusive,
omnimath-537,4,inconclusive,
omnimath-537,5,python,
omnimath-537,6,inconclusive,
omnimath-537,7,neither,
omnimath-537,8,inconclusive,
omnimath-537,9,inconclusive,
omnimath-538,0,python,
omnimath-538,1,python,
omnimath-538,10,python,
omnimath-538,11,python,
omnimath-538,12,python,
omnimath-538,13,python,
omnimath-538,14,python,
omnimath-538,15,python,
omnimath-538,2,python,
omnimath-538,3,inconclusive,
omnimath-538,4,inconclusive,
omnimath-538,5,python,
omnimath-538,6,python,
omnimath-538,7,python,
omnimath-538,8,python,
omnimath-538,9,python,
omnimath-539,0,python,
omnimath-539,1,lean,
omnimath-539,2,python,
omnimath-539,3,python,
omnimath-539,4,python,
omnimath-53,0,inconclusive,
omnimath-53,1,python,
omnimath-53,10,inconclusive,
omnimath-53,11,python,
omnimath-53,12,neither,
omnimath-53,2,inconclusive,
omnimath-53,3,neither,
omnimath-53,4,python,
omnimath-53,5,inconclusive,
omnimath-53,6,inconclusive,
omnimath-53,7,inconclusive,
omnimath-53,8,neither,
omnimath-53,9,inconclusive,
omnimath-540,0,python,
omnimath-540,1,inconclusive,
omnimath-540,2,inconclusive,
omnimath-540,3,python,
omnimath-540,4,python,
omnimath-540,5,neither,
omnimath-540,6,inconclusive,
omnimath-541,0,python,
omnimath-541,1,python,
omnimath-541,2,lean,
omnimath-541,3,python,
omnimath-541,4,python,
omnimath-541,5,python,
omnimath-541,6,python,
omnimath-541,7,python,
omnimath-542,0,inconclusive,
omnimath-542,1,neither,
omnimath-542,2,python,
omnimath-542,3,python,
omnimath-542,4,python,
omnimath-542,5,python,
omnimath-543,0,python,
omnimath-543,1,lean,
omnimath-543,2,lean,
omnimath-543,3,python,
omnimath-543,4,python,
omnimath-544,0,python,
omnimath-544,1,python,
omnimath-544,2,python,
omnimath-544,3,neither,
omnimath-544,4,python,
omnimath-544,5,python,
omnimath-545,0,python,
omnimath-545,1,inconclusive,
omnimath-545,10,python,
omnimath-545,2,inconclusive,
omnimath-545,3,inconclusive,
omnimath-545,4,inconclusive,
omnimath-545,5,python,
omnimath-545,6,lean,
omnimath-545,7,inconclusive,
omnimath-545,8,python,
omnimath-545,9,inconclusive,
omnimath-546,0,python,
omnimath-546,1,neither,
omnimath-546,2,python,
omnimath-546,3,inconclusive,
omnimath-546,4,python,
omnimath-546,5,inconclusive,
omnimath-547,0,python,
omnimath-547,1,inconclusive,
omnimath-547,2,python,
omnimath-547,3,tie,
omnimath-547,4,neither,
omnimath-547,5,python,
omnimath-548,0,inconclusive,
omnimath-548,1,inconclusive,
omnimath-548,10,neither,
omnimath-548,11,neither,
omnimath-548,12,inconclusive,
omnimath-548,13,inconclusive,
omnimath-548,2,python,
omnimath-548,3,neither,
omnimath-548,4,neither,
omnimath-548,5,python,
omnimath-548,6,inconclusive,
omnimath-548,7,neither,
omnimath-548,8,inconclusive,
omnimath-548,9,neither,
omnimath-549,0,python,
omnimath-549,1,inconclusive,
omnimath-549,2,python,
omnimath-549,3,python,
omnimath-549,4,inconclusive,
omnimath-549,5,inconclusive,
omnimath-549,6,inconclusive,
omnimath-549,7,inconclusive,
omnimath-549,8,python,
omnimath-54,0,python,
omnimath-54,1,inconclusive,
omnimath-54,2,lean,
omnimath-54,3,python,
omnimath-54,4,python,
omnimath-54,5,inconclusive,
omnimath-54,6,python,
omnimath-54,7,python,
omnimath-54,8,python,
omnimath-54,9,python,
omnimath-550,0,python,
omnimath-550,1,neither,
omnimath-550,2,lean,
omnimath-550,3,python,
omnimath-550,4,lean,
omnimath-550,5,python,
omnimath-551,0,inconclusive,
omnimath-551,1,python,
omnimath-551,10,neither,
omnimath-551,11,python,
omnimath-551,12,neither,
omnimath-551,13,neither,
omnimath-551,14,neither,
omnimath-551,2,lean,
omnimath-551,3,python,
omnimath-551,4,python,
omnimath-551,5,neither,
omnimath-551,6,neither,
omnimath-551,7,neither,
omnimath-551,8,,request_failed
omnimath-551,9,neither,
omnimath-552,0,python,
omnimath-552,1,lean,
omnimath-552,2,python,
omnimath-552,3,python,
omnimath-552,4,python,
omnimath-553,0,python,
omnimath-553,1,lean,
omnimath-553,2,python,
omnimath-553,3,python,
omnimath-554,0,python,
omnimath-554,1,inconclusive,
omnimath-554,2,lean,
omnimath-554,3,python,
omnimath-554,4,inconclusive,
omnimath-554,5,inconclusive,
omnimath-554,6,inconclusive,
omnimath-554,7,inconclusive,
omnimath-555,0,neither,
omnimath-555,1,neither,
omnimath-555,2,python,
omnimath-555,3,python,
omnimath-555,4,python,
omnimath-555,5,python,
omnimath-555,6,python,
omnimath-555,7,python,
omnimath-555,8,python,
omnimath-556,0,inconclusive,
omnimath-556,1,inconclusive,
omnimath-556,2,inconclusive,
omnimath-556,3,python,
omnimath-556,4,inconclusive,
omnimath-556,5,inconclusive,
omnimath-556,6,inconclusive,
omnimath-557,0,inconclusive,
omnimath-557,1,python,
omnimath-557,10,python,
omnimath-557,11,python,
omnimath-557,2,inconclusive,
omnimath-557,3,python,
omnimath-557,4,python,
omnimath-557,5,neither,
omnimath-557,6,python,
omnimath-557,7,python,
omnimath-557,8,python,
omnimath-557,9,python,
omnimath-558,0,inconclusive,
omnimath-558,1,python,
omnimath-558,2,python,
omnimath-558,3,lean,
omnimath-558,4,python,
omnimath-558,5,neither,
omnimath-558,6,python,
omnimath-558,7,python,
omnimath-559,0,inconclusive,
omnimath-559,1,inconclusive,
omnimath-559,2,python,
omnimath-559,3,inconclusive,
omnimath-559,4,,request_failed
omnimath-55,0,python,
omnimath-55,1,neither,
omnimath-55,2,inconclusive,
omnimath-55,3,python,
omnimath-55,4,inconclusive,
omnimath-55,5,neither,
omnimath-55,6,inconclusive,
omnimath-55,7,inconclusive,
omnimath-560,0,python,
omnimath-560,1,python,
omnimath-560,2,python,
omnimath-560,3,python,
omnimath-560,4,python,
omnimath-560,5,python,
omnimath-560,6,python,
omnimath-560,7,python,
omnimath-561,0,neither,
omnimath-561,1,python,
omnimath-561,10,neither,
omnimath-561,11,neither,
omnimath-561,12,neither,
omnimath-561,13,inconclusive,
omnimath-561,14,python,
omnimath-561,15,neither,
omnimath-561,16,inconclusive,
omnimath-561,2,neither,
omnimath-561,3,python,
omnimath-561,4,neither,
omnimath-561,5,neither,
omnimath-561,6,inconclusive,
omnimath-561,7,inconclusive,
omnimath-561,8,inconclusive,
omnimath-561,9,neither,
omnimath-562,0,python,
omnimath-562,1,inconclusive,
omnimath-562,10,python,
omnimath-562,11,python,
omnimath-562,2,python,
omnimath-562,3,inconclusive,
omnimath-562,4,neither,
omnimath-562,5,neither,
omnimath-562,6,inconclusive,
omnimath-562,7,python,
omnimath-562,8,python,
omnimath-562,9,python,
omnimath-563,0,neither,
omnimath-563,1,python,
omnimath-563,10,python,
omnimath-563,11,python,
omnimath-563,12,python,
omnimath-563,13,python,
omnimath-563,14,,request_failed
omnimath-563,2,neither,
omnimath-563,3,inconclusive,
omnimath-563,4,python,
omnimath-563,5,lean,
omnimath-563,6,lean,
omnimath-563,7,python,
omnimath-563,8,neither,
omnimath-563,9,inconclusive,
omnimath-564,0,inconclusive,
omnimath-564,1,python,
omnimath-564,2,python,
omnimath-564,3,python,
omnimath-564,4,lean,
omnimath-564,5,python,
omnimath-564,6,lean,
omnimath-564,7,python,
omnimath-564,8,python,
omnimath-564,9,python,
omnimath-565,0,python,
omnimath-565,1,python,
omnimath-565,2,python,
omnimath-565,3,lean,
omnimath-565,4,python,
omnimath-565,5,python,
omnimath-565,6,python,
omnimath-565,7,python,
omnimath-566,0,lean,
omnimath-566,1,lean,
omnimath-566,2,python,
omnimath-566,3,inconclusive,
omnimath-566,4,python,
omnimath-566,5,inconclusive,
omnimath-566,6,python,
omnimath-567,0,inconclusive,
omnimath-567,1,python,
omnimath-567,10,neither,
omnimath-567,2,inconclusive,
omnimath-567,3,python,
omnimath-567,4,python,
omnimath-567,5,python,
omnimath-567,6,lean,
omnimath-567,7,python,
omnimath-567,8,neither,
omnimath-567,9,neither,
omnimath-568,0,python,
omnimath-568,1,python,
omnimath-568,2,inconclusive,
omnimath-568,3,python,
omnimath-568,4,python,
omnimath-568,5,inconclusive,
omnimath-569,0,python,
omnimath-569,1,neither,
omnimath-569,2,inconclusive,
omnimath-569,3,neither,
omnimath-569,4,python,
omnimath-56,0,inconclusive,
omnimath-56,1,neither,
omnimath-56,2,python,
omnimath-56,3,python,
omnimath-56,4,inconclusive,
omnimath-56,5,neither,
omnimath-56,6,neither,
omnimath-56,7,inconclusive,
omnimath-570,0,lean,
omnimath-570,1,lean,
omnimath-570,2,lean,
omnimath-570,3,python,
omnimath-570,4,lean,
omnimath-570,5,python,
omnimath-570,6,python,
omnimath-571,0,inconclusive,
omnimath-571,1,inconclusive,
omnimath-571,2,neither,
omnimath-571,3,neither,
omnimath-571,4,inconclusive,
omnimath-571,5,python,
omnimath-571,6,python,
omnimath-571,7,python,
omnimath-571,8,python,
omnimath-571,9,python,
omnimath-572,0,inconclusive,
omnimath-572,1,lean,
omnimath-572,10,python,
omnimath-572,2,python,
omnimath-572,3,inconclusive,
omnimath-572,4,lean,
omnimath-572,5,lean,
omnimath-572,6,lean,
omnimath-572,7,neither,
omnimath-572,8,python,
omnimath-572,9,python,
omnimath-573,0,python,
omnimath-573,1,neither,
omnimath-573,2,python,
omnimath-573,3,neither,
omnimath-573,4,inconclusive,
omnimath-573,5,inconclusive,
omnimath-573,6,neither,
omnimath-573,7,python,
omnimath-574,0,python,
omnimath-574,1,python,
omnimath-574,10,inconclusive,
omnimath-574,11,python,
omnimath-574,2,inconclusive,
omnimath-574,3,inconclusive,
omnimath-574,4,neither,
omnimath-574,5,inconclusive,
omnimath-574,6,inconclusive,
omnimath-574,7,neither,
omnimath-574,8,python,
omnimath-574,9,inconclusive,
omnimath-575,0,inconclusive,
omnimath-575,1,lean,
omnimath-575,2,python,
omnimath-575,3,inconclusive,
omnimath-575,4,lean,
omnimath-575,5,inconclusive,
omnimath-575,6,inconclusive,
omnimath-576,0,inconclusive,
omnimath-576,1,python,
omnimath-576,2,lean,
omnimath-576,3,inconclusive,
omnimath-576,4,python,
omnimath-576,5,python,
omnimath-577,0,neither,
omnimath-577,1,inconclusive,
omnimath-577,2,python,
omnimath-577,3,neither,
omnimath-577,4,neither,
omnimath-578,0,neither,
omnimath-578,1,lean,
omnimath-578,2,neither,
omnimath-578,3,neither,
omnimath-578,4,python,
omnimath-578,5,python,
omnimath-579,0,inconclusive,
omnimath-579,1,inconclusive,
omnimath-579,2,neither,
omnimath-579,3,inconclusive,
omnimath-579,4,python,
omnimath-579,5,neither,
omnimath-579,6,neither,
omnimath-579,7,inconclusive,
omnimath-57,0,inconclusive,
omnimath-57,1,inconclusive,
omnimath-57,2,python,
omnimath-57,3,inconclusive,
omnimath-57,4,neither,
omnimath-57,5,neither,
omnimath-580,0,neither,
omnimath-580,1,inconclusive,
omnimath-580,2,python,
omnimath-580,3,python,
omnimath-580,4,python,
omnimath-580,5,python,
omnimath-580,6,python,
omnimath-581,0,lean,
omnimath-581,1,neither,
omnimath-581,2,python,
omnimath-581,3,neither,
omnimath-581,4,python,
omnimath-581,5,lean,
omnimath-581,6,python,
omnimath-581,7,python,
omnimath-582,0,inconclusive,
omnimath-582,1,inconclusive,
omnimath-582,2,inconclusive,
omnimath-582,3,neither,
omnimath-582,4,neither,
omnimath-582,5,neither,
omnimath-582,6,inconclusive,
omnimath-582,7,neither,
omnimath-583,0,inconclusive,
omnimath-583,1,inconclusive,
omnimath-583,2,python,
omnimath-583,3,inconclusive,
omnimath-583,4,inconclusive,
omnimath-583,5,python,
omnimath-584,0,inconclusive,
omnimath-584,1,python,
omnimath-584,2,inconclusive,
omnimath-584,3,inconclusive,
omnimath-584,4,python,
omnimath-584,5,python,
omnimath-585,0,inconclusive,
omnimath-585,1,python,
omnimath-585,2,neither,
omnimath-585,3,inconclusive,
omnimath-585,4,inconclusive,
omnimath-585,5,neither,
omnimath-585,6,python,
omnimath-586,0,inconclusive,
omnimath-586,1,inconclusive,
omnimath-586,10,neither,
omnimath-586,11,python,
omnimath-586,12,neither,
omnimath-586,2,neither,
omnimath-586,3,python,
omnimath-586,4,python,
omnimath-586,5,python,
omnimath-586,6,python,
omnimath-586,7,python,
omnimath-586,8,python,
omnimath-586,9,inconclusive,
omnimath-587,0,neither,
omnimath-587,1,neither,
omnimath-587,2,python,
omnimath-587,3,python,
omnimath-587,4,python,
omnimath-587,5,python,
omnimath-587,6,python,
omnimath-587,7,python,
omnimath-587,8,python,
omnimath-587,9,python,
omnimath-588,0,python,
omnimath-588,1,inconclusive,
omnimath-588,2,python,
omnimath-588,3,neither,
omnimath-588,4,python,
omnimath-588,5,python,
omnimath-589,0,inconclusive,
omnimath-589,1,lean,
omnimath-589,2,python,
omnimath-589,3,python,
omnimath-589,4,python,
omnimath-589,5,python,
omnimath-589,6,python,
omnimath-58,0,inconclusive,
omnimath-58,1,python,
omnimath-58,2,python,
omnimath-58,3,inconclusive,
omnimath-58,4,inconclusive,
omnimath-58,5,inconclusive,
omnimath-58,6,inconclusive,
omnimath-590,0,inconclusive,
omnimath-590,1,python,
omnimath-590,2,python,
omnimath-590,3,python,
omnimath-590,4,lean,
omnimath-590,5,python,
omnimath-591,0,python,
omnimath-591,1,python,
omnimath-591,2,inconclusive,
omnimath-591,3,python,
omnimath-591,4,python,
omnimath-591,5,python,
omnimath-591,6,python,
omnimath-592,0,neither,
omnimath-592,1,python,
omnimath-592,2,python,
omnimath-592,3,python,
omnimath-593,0,inconclusive,
omnimath-593,1,lean,
omnimath-593,10,inconclusive,
omnimath-593,2,python,
omnimath-593,3,neither,
omnimath-593,4,neither,
omnimath-593,5,python,
omnimath-593,6,python,
omnimath-593,7,python,
omnimath-593,8,python,
omnimath-593,9,python,
omnimath-594,0,python,
omnimath-594,1,python,
omnimath-594,2,python,
omnimath-594,3,neither,
omnimath-595,0,inconclusive,
omnimath-595,1,python,
omnimath-595,2,neither,
omnimath-595,3,inconclusive,
omnimath-595,4,inconclusive,
omnimath-595,5,neither,
omnimath-595,6,neither,
omnimath-595,7,inconclusive,
omnimath-595,8,inconclusive,
omnimath-596,0,python,
omnimath-596,1,neither,
omnimath-596,2,neither,
omnimath-596,3,python,
omnimath-597,0,neither,
omnimath-597,1,neither,
omnimath-597,2,neither,
omnimath-597,3,neither,
omnimath-597,4,inconclusive,
omnimath-597,5,neither,
omnimath-597,6,neither,
omnimath-598,0,python,
omnimath-598,1,python,
omnimath-598,2,neither,
omnimath-598,3,neither,
omnimath-598,4,neither,
omnimath-598,5,,request_failed
omnimath-598,6,python,
omnimath-598,7,neither,
omnimath-599,0,python,
omnimath-599,1,python,
omnimath-599,2,python,
omnimath-599,3,python,
omnimath-59,0,inconclusive,
omnimath-59,1,inconclusive,
omnimath-59,2,lean,
omnimath-59,3,inconclusive,
omnimath-59,4,neither,
omnimath-59,5,python,
omnimath-59,6,neither,
omnimath-59,7,neither,
omnimath-59,8,inconclusive,
omnimath-5,0,inconclusive,
omnimath-5,1,python,
omnimath-5,10,neither,
omnimath-5,11,lean,
omnimath-5,12,lean,
omnimath-5,13,neither,
omnimath-5,14,inconclusive,
omnimath-5,15,neither,
omnimath-5,16,neither,
omnimath-5,2,python,
omnimath-5,3,lean,
omnimath-5,4,inconclusive,
omnimath-5,5,inconclusive,
omnimath-5,6,inconclusive,
omnimath-5,7,python,
omnimath-5,8,inconclusive,
omnimath-5,9,inconclusive,
omnimath-600,0,inconclusive,
omnimath-600,1,inconclusive,
omnimath-600,2,neither,
omnimath-600,3,inconclusive,
omnimath-600,4,neither,
omnimath-600,5,inconclusive,
omnimath-600,6,inconclusive,
omnimath-601,0,lean,
omnimath-601,1,lean,
omnimath-601,2,lean,
omnimath-601,3,python,
omnimath-601,4,python,
omnimath-602,0,inconclusive,
omnimath-602,1,neither,
omnimath-602,2,inconclusive,
omnimath-602,3,python,
omnimath-602,4,inconclusive,
omnimath-602,5,inconclusive,
omnimath-602,6,python,
omnimath-602,7,inconclusive,
omnimath-603,0,python,
omnimath-603,1,python,
omnimath-603,2,python,
omnimath-603,3,lean,
omnimath-603,4,neither,
omnimath-604,0,python,
omnimath-604,1,neither,
omnimath-604,2,inconclusive,
omnimath-604,3,python,
omnimath-605,0,neither,
omnimath-605,1,inconclusive,
omnimath-605,2,python,
omnimath-605,3,neither,
omnimath-605,4,inconclusive,
omnimath-605,5,inconclusive,
omnimath-605,6,python,
omnimath-605,7,python,
omnimath-605,8,inconclusive,
omnimath-605,9,python,
omnimath-606,0,inconclusive,
omnimath-606,1,inconclusive,
omnimath-606,2,neither,
omnimath-606,3,inconclusive,
omnimath-606,4,neither,
omnimath-607,0,inconclusive,
omnimath-607,1,neither,
omnimath-607,2,neither,
omnimath-608,0,inconclusive,
omnimath-608,1,lean,
omnimath-608,2,neither,
omnimath-608,3,neither,
omnimath-608,4,lean,
omnimath-609,0,inconclusive,
omnimath-609,1,lean,
omnimath-609,2,inconclusive,
omnimath-609,3,lean,
omnimath-609,4,inconclusive,
omnimath-609,5,python,
omnimath-609,6,lean,
omnimath-609,7,lean,
omnimath-609,8,inconclusive,
omnimath-609,9,inconclusive,
omnimath-60,0,python,
omnimath-60,1,neither,
omnimath-60,2,neither,
omnimath-60,3,python,
omnimath-60,4,python,
omnimath-60,5,python,
omnimath-60,6,python,
omnimath-60,7,python,
omnimath-60,8,python,
omnimath-610,0,python,
omnimath-610,1,neither,
omnimath-610,2,neither,
omnimath-610,3,neither,
omnimath-610,4,neither,
omnimath-610,5,neither,
omnimath-611,0,python,
omnimath-611,1,neither,
omnimath-611,2,python,
omnimath-611,3,inconclusive,
omnimath-611,4,neither,
omnimath-611,5,inconclusive,
omnimath-612,0,inconclusive,
omnimath-612,1,lean,
omnimath-612,2,python,
omnimath-612,3,inconclusive,
omnimath-612,4,lean,
omnimath-612,5,neither,
omnimath-612,6,neither,
omnimath-612,7,inconclusive,
omnimath-612,8,python,
omnimath-613,0,inconclusive,
omnimath-613,1,neither,
omnimath-613,2,neither,
omnimath-613,3,inconclusive,
omnimath-613,4,neither,
omnimath-613,5,inconclusive,
omnimath-614,0,python,
omnimath-614,1,python,
omnimath-614,2,python,
omnimath-614,3,python,
omnimath-614,4,python,
omnimath-614,5,lean,
omnimath-614,6,python,
omnimath-614,7,python,
omnimath-615,0,inconclusive,
omnimath-615,1,inconclusive,
omnimath-615,10,neither,
omnimath-615,11,neither,
omnimath-615,12,python,
omnimath-615,13,python,
omnimath-615,2,inconclusive,
omnimath-615,3,lean,
omnimath-615,4,neither,
omnimath-615,5,lean,
omnimath-615,6,inconclusive,
omnimath-615,7,inconclusive,
omnimath-615,8,neither,
omnimath-615,9,python,
omnimath-616,0,inconclusive,
omnimath-616,1,python,
omnimath-616,2,python,
omnimath-616,3,python,
omnimath-617,0,neither,
omnimath-617,1,inconclusive,
omnimath-617,2,inconclusive,
omnimath-617,3,neither,
omnimath-617,4,neither,
omnimath-617,5,inconclusive,
omnimath-617,6,neither,
omnimath-617,7,inconclusive,
omnimath-617,8,neither,
omnimath-617,9,inconclusive,
omnimath-618,0,inconclusive,
omnimath-618,1,neither,
omnimath-618,2,python,
omnimath-618,3,python,
omnimath-619,0,inconclusive,
omnimath-619,1,inconclusive,
omnimath-619,2,inconclusive,
omnimath-619,3,inconclusive,
omnimath-619,4,inconclusive,
omnimath-619,5,python,
omnimath-619,6,python,
omnimath-61,0,inconclusive,
omnimath-61,1,neither,
omnimath-61,2,neither,
omnimath-61,3,python,
omnimath-61,4,python,
omnimath-61,5,python,
omnimath-61,6,lean,
omnimath-620,0,inconclusive,
omnimath-620,1,python,
omnimath-620,2,inconclusive,
omnimath-620,3,neither,
omnimath-620,4,neither,
omnimath-620,5,python,
omnimath-620,6,neither,
omnimath-620,7,python,
omnimath-620,8,inconclusive,
omnimath-621,0,inconclusive,
omnimath-621,1,neither,
omnimath-621,2,python,
omnimath-621,3,python,
omnimath-621,4,python,
omnimath-621,5,inconclusive,
omnimath-621,6,python,
omnimath-622,0,inconclusive,
omnimath-622,1,neither,
omnimath-622,2,neither,
omnimath-622,3,inconclusive,
omnimath-622,4,inconclusive,
omnimath-622,5,neither,
omnimath-622,6,neither,
omnimath-623,0,neither,
omnimath-623,1,python,
omnimath-623,2,neither,
omnimath-623,3,python,
omnimath-623,4,inconclusive,
omnimath-623,5,python,
omnimath-623,6,neither,
omnimath-623,7,neither,
omnimath-624,0,inconclusive,
omnimath-624,1,python,
omnimath-624,2,python,
omnimath-624,3,inconclusive,
omnimath-624,4,python,
omnimath-624,5,python,
omnimath-624,6,python,
omnimath-624,7,python,
omnimath-624,8,neither,
omnimath-625,0,python,
omnimath-625,1,python,
omnimath-625,2,python,
omnimath-625,3,python,
omnimath-625,4,python,
omnimath-625,5,neither,
omnimath-625,6,python,
omnimath-625,7,python,
omnimath-625,8,python,
omnimath-626,0,python,
omnimath-626,1,lean,
omnimath-626,2,python,
omnimath-626,3,lean,
omnimath-626,4,lean,
omnimath-626,5,lean,
omnimath-626,6,python,
omnimath-627,0,inconclusive,
omnimath-627,1,python,
omnimath-627,10,python,
omnimath-627,11,inconclusive,
omnimath-627,12,neither,
omnimath-627,13,inconclusive,
omnimath-627,14,python,
omnimath-627,15,python,
omnimath-627,2,python,
omnimath-627,3,python,
omnimath-627,4,neither,
omnimath-627,5,inconclusive,
omnimath-627,6,lean,
omnimath-627,7,python,
omnimath-627,8,python,
omnimath-627,9,inconclusive,
omnimath-629,0,inconclusive,
omnimath-629,1,lean,
omnimath-629,2,lean,
omnimath-629,3,inconclusive,
omnimath-629,4,python,
omnimath-629,5,python,
omnimath-629,6,python,
omnimath-629,7,python,
omnimath-62,0,inconclusive,
omnimath-62,1,inconclusive,
omnimath-62,2,neither,
omnimath-62,3,inconclusive,
omnimath-62,4,inconclusive,
omnimath-62,5,python,
omnimath-630,0,lean,
omnimath-630,1,python,
omnimath-630,2,inconclusive,
omnimath-630,3,python,
omnimath-630,4,python,
omnimath-630,5,inconclusive,
omnimath-630,6,python,
omnimath-631,0,inconclusive,
omnimath-631,1,python,
omnimath-631,2,python,
omnimath-631,3,python,
omnimath-631,4,python,
omnimath-631,5,python,
omnimath-631,6,lean,
omnimath-631,7,python,
omnimath-631,8,python,
omnimath-632,0,python,
omnimath-632,1,inconclusive,
omnimath-632,2,python,
omnimath-632,3,neither,
omnimath-632,4,inconclusive,
omnimath-632,5,neither,
omnimath-633,0,inconclusive,
omnimath-633,1,neither,
omnimath-633,10,lean,
omnimath-633,11,python,
omnimath-633,12,python,
omnimath-633,2,python,
omnimath-633,3,inconclusive,
omnimath-633,4,python,
omnimath-633,5,neither,
omnimath-633,6,python,
omnimath-633,7,inconclusive,
omnimath-633,8,inconclusive,
omnimath-633,9,neither,
omnimath-634,0,python,
omnimath-634,1,python,
omnimath-634,2,neither,
omnimath-634,3,neither,
omnimath-634,4,neither,
omnimath-635,0,python,
omnimath-635,1,inconclusive,
omnimath-635,2,inconclusive,
omnimath-635,3,inconclusive,
omnimath-635,4,python,
omnimath-635,5,lean,
omnimath-635,6,lean,
omnimath-636,0,inconclusive,
omnimath-636,1,neither,
omnimath-636,2,python,
omnimath-636,3,python,
omnimath-637,0,python,
omnimath-637,1,inconclusive,
omnimath-637,2,neither,
omnimath-637,3,python,
omnimath-637,4,inconclusive,
omnimath-637,5,neither,
omnimath-637,6,inconclusive,
omnimath-637,7,neither,
omnimath-637,8,python,
omnimath-638,0,inconclusive,
omnimath-638,1,inconclusive,
omnimath-638,2,neither,
omnimath-638,3,neither,
omnimath-638,4,python,
omnimath-638,5,python,
omnimath-639,0,python,
omnimath-639,1,python,
omnimath-639,2,neither,
omnimath-639,3,neither,
omnimath-639,4,inconclusive,
omnimath-639,5,python,
omnimath-639,6,neither,
omnimath-639,7,neither,
omnimath-639,8,python,
omnimath-639,9,neither,
omnimath-63,0,inconclusive,
omnimath-63,1,python,
omnimath-63,2,python,
omnimath-63,3,inconclusive,
omnimath-63,4,inconclusive,
omnimath-640,0,inconclusive,
omnimath-640,1,python,
omnimath-640,2,python,
omnimath-640,3,inconclusive,
omnimath-640,4,python,
omnimath-641,0,python,
omnimath-641,1,python,
omnimath-641,2,neither,
omnimath-641,3,inconclusive,
omnimath-641,4,inconclusive,
omnimath-641,5,python,
omnimath-641,6,neither,
omnimath-642,0,python,
omnimath-642,1,python,
omnimath-642,2,neither,
omnimath-642,3,python,
omnimath-642,4,python,
omnimath-642,5,python,
omnimath-642,6,inconclusive,
omnimath-643,0,neither,
omnimath-643,1,neither,
omnimath-643,2,python,
omnimath-643,3,neither,
omnimath-643,4,inconclusive,
omnimath-643,5,neither,
omnimath-644,0,inconclusive,
omnimath-644,1,python,
omnimath-644,10,python,
omnimath-644,11,python,
omnimath-644,2,inconclusive,
omnimath-644,3,lean,
omnimath-644,4,python,
omnimath-644,5,neither,
omnimath-644,6,python,
omnimath-644,7,inconclusive,
omnimath-644,8,neither,
omnimath-644,9,lean,
omnimath-645,0,inconclusive,
omnimath-645,1,inconclusive,
omnimath-645,10,neither,
omnimath-645,2,python,
omnimath-645,3,lean,
omnimath-645,4,python,
omnimath-645,5,python,
omnimath-645,6,inconclusive,
omnimath-645,7,lean,
omnimath-645,8,inconclusive,
omnimath-645,9,neither,
omnimath-646,0,python,
omnimath-646,1,python,
omnimath-646,2,inconclusive,
omnimath-646,3,python,
omnimath-646,4,inconclusive,
omnimath-646,5,inconclusive,
omnimath-646,6,inconclusive,
omnimath-646,7,inconclusive,
omnimath-647,0,python,
omnimath-647,1,inconclusive,
omnimath-647,2,neither,
omnimath-647,3,neither,
omnimath-647,4,inconclusive,
omnimath-647,5,inconclusive,
omnimath-648,0,python,
omnimath-648,1,python,
omnimath-648,2,python,
omnimath-648,3,neither,
omnimath-648,4,python,
omnimath-648,5,python,
omnimath-648,6,lean,
omnimath-649,0,inconclusive,
omnimath-649,1,inconclusive,
omnimath-649,10,python,
omnimath-649,2,neither,
omnimath-649,3,inconclusive,
omnimath-649,4,inconclusive,
omnimath-649,5,python,
omnimath-649,6,python,
omnimath-649,7,python,
omnimath-649,8,python,
omnimath-649,9,python,
omnimath-64,0,neither,
omnimath-64,1,python,
omnimath-64,2,python,
omnimath-64,3,python,
omnimath-64,4,python,
omnimath-64,5,python,
omnimath-650,0,inconclusive,
omnimath-650,1,inconclusive,
omnimath-650,10,neither,
omnimath-650,11,neither,
omnimath-650,2,python,
omnimath-650,3,python,
omnimath-650,4,,request_failed
omnimath-650,5,python,
omnimath-650,6,python,
omnimath-650,7,neither,
omnimath-650,8,neither,
omnimath-650,9,neither,
omnimath-651,0,python,
omnimath-651,1,python,
omnimath-651,2,inconclusive,
omnimath-651,3,neither,
omnimath-651,4,python,
omnimath-651,5,python,
omnimath-651,6,python,
omnimath-651,7,python,
omnimath-651,8,python,
omnimath-652,0,python,
omnimath-652,1,python,
omnimath-652,2,tie,
omnimath-652,3,python,
omnimath-652,4,python,
omnimath-652,5,python,
omnimath-652,6,python,
omnimath-652,7,python,
omnimath-652,8,python,
omnimath-652,9,python,
omnimath-653,0,python,
omnimath-653,1,python,
omnimath-653,2,neither,
omnimath-653,3,python,
omnimath-653,4,neither,
omnimath-653,5,python,
omnimath-653,6,python,
omnimath-653,7,python,
omnimath-653,8,python,
omnimath-653,9,lean,
omnimath-654,0,inconclusive,
omnimath-654,1,inconclusive,
omnimath-654,2,inconclusive,
omnimath-654,3,inconclusive,
omnimath-654,4,neither,
omnimath-654,5,inconclusive,
omnimath-655,0,inconclusive,
omnimath-655,1,python,
omnimath-655,2,python,
omnimath-655,3,inconclusive,
omnimath-655,4,inconclusive,
omnimath-655,5,inconclusive,
omnimath-655,6,neither,
omnimath-655,7,inconclusive,
omnimath-655,8,inconclusive,
omnimath-656,0,python,
omnimath-656,1,python,
omnimath-656,2,neither,
omnimath-656,3,inconclusive,
omnimath-656,4,lean,
omnimath-656,5,python,
omnimath-656,6,python,
omnimath-656,7,python,
omnimath-656,8,python,
omnimath-656,9,python,
omnimath-657,0,python,
omnimath-657,1,python,
omnimath-657,2,neither,
omnimath-657,3,neither,
omnimath-657,4,python,
omnimath-657,5,neither,
omnimath-657,6,neither,
omnimath-657,7,inconclusive,
omnimath-657,8,python,
omnimath-657,9,python,
omnimath-658,0,inconclusive,
omnimath-658,1,lean,
omnimath-658,10,inconclusive,
omnimath-658,11,python,
omnimath-658,2,neither,
omnimath-658,3,lean,
omnimath-658,4,inconclusive,
omnimath-658,5,lean,
omnimath-658,6,lean,
omnimath-658,7,inconclusive,
omnimath-658,8,python,
omnimath-658,9,python,
omnimath-659,0,lean,
omnimath-659,1,lean,
omnimath-659,2,python,
omnimath-659,3,python,
omnimath-65,0,inconclusive,
omnimath-65,1,python,
omnimath-65,2,python,
omnimath-65,3,python,
omnimath-65,4,inconclusive,
omnimath-65,5,neither,
omnimath-65,6,python,
omnimath-660,0,inconclusive,
omnimath-660,1,inconclusive,
omnimath-660,2,python,
omnimath-660,3,neither,
omnimath-660,4,lean,
omnimath-660,5,python,
omnimath-660,6,python,
omnimath-660,7,inconclusive,
omnimath-661,0,inconclusive,
omnimath-661,1,lean,
omnimath-661,2,python,
omnimath-661,3,python,
omnimath-661,4,python,
omnimath-662,0,inconclusive,
omnimath-662,1,python,
omnimath-662,2,neither,
omnimath-662,3,python,
omnimath-662,4,neither,
omnimath-662,5,python,
omnimath-662,6,python,
omnimath-662,7,python,
omnimath-663,0,inconclusive,
omnimath-663,1,neither,
omnimath-663,2,inconclusive,
omnimath-663,3,python,
omnimath-663,4,inconclusive,
omnimath-663,5,inconclusive,
omnimath-663,6,inconclusive,
omnimath-663,7,inconclusive,
omnimath-663,8,inconclusive,
omnimath-664,0,inconclusive,
omnimath-664,1,inconclusive,
omnimath-664,2,python,
omnimath-664,3,inconclusive,
omnimath-664,4,inconclusive,
omnimath-664,5,inconclusive,
omnimath-664,6,inconclusive,
omnimath-665,0,inconclusive,
omnimath-665,1,python,
omnimath-665,2,inconclusive,
omnimath-665,3,neither,
omnimath-665,4,inconclusive,
omnimath-666,0,inconclusive,
omnimath-666,1,inconclusive,
omnimath-666,2,python,
omnimath-666,3,lean,
omnimath-667,0,inconclusive,
omnimath-667,1,python,
omnimath-667,2,neither,
omnimath-667,3,lean,
omnimath-667,4,python,
omnimath-667,5,python,
omnimath-668,0,python,
omnimath-668,1,lean,
omnimath-668,2,neither,
omnimath-668,3,inconclusive,
omnimath-668,4,inconclusive,
omnimath-668,5,inconclusive,
omnimath-668,6,inconclusive,
omnimath-669,0,python,
omnimath-669,1,python,
omnimath-669,2,python,
omnimath-66,0,python,
omnimath-66,1,neither,
omnimath-66,2,neither,
omnimath-66,3,neither,
omnimath-66,4,neither,
omnimath-66,5,inconclusive,
omnimath-66,6,python,
omnimath-66,7,python,
omnimath-66,8,inconclusive,
omnimath-670,0,neither,
omnimath-670,1,python,
omnimath-670,2,python,
omnimath-670,3,python,
omnimath-670,4,lean,
omnimath-670,5,python,
omnimath-670,6,python,
omnimath-671,0,neither,
omnimath-671,1,neither,
omnimath-671,2,inconclusive,
omnimath-672,0,neither,
omnimath-672,1,python,
omnimath-672,10,python,
omnimath-672,2,neither,
omnimath-672,3,neither,
omnimath-672,4,python,
omnimath-672,5,python,
omnimath-672,6,inconclusive,
omnimath-672,7,python,
omnimath-672,8,lean,
omnimath-672,9,python,
omnimath-673,0,neither,
omnimath-673,1,inconclusive,
omnimath-673,2,neither,
omnimath-673,3,neither,
omnimath-673,4,python,
omnimath-673,5,inconclusive,
omnimath-674,0,inconclusive,
omnimath-674,1,inconclusive,
omnimath-674,2,lean,
omnimath-674,3,lean,
omnimath-674,4,python,
omnimath-674,5,python,
omnimath-674,6,python,
omnimath-675,0,inconclusive,
omnimath-675,1,inconclusive,
omnimath-675,2,python,
omnimath-675,3,lean,
omnimath-676,0,python,
omnimath-676,1,python,
omnimath-676,2,python,
omnimath-676,3,python,
omnimath-676,4,python,
omnimath-676,5,python,
omnimath-676,6,python,
omnimath-676,7,python,
omnimath-677,0,python,
omnimath-677,1,neither,
omnimath-677,2,lean,
omnimath-677,3,python,
omnimath-677,4,tie,
omnimath-678,0,python,
omnimath-678,1,python,
omnimath-678,2,lean,
omnimath-678,3,inconclusive,
omnimath-678,4,lean,
omnimath-678,5,lean,
omnimath-678,6,lean,
omnimath-679,0,python,
omnimath-679,1,neither,
omnimath-679,2,inconclusive,
omnimath-679,3,neither,
omnimath-679,4,python,
omnimath-679,5,inconclusive,
omnimath-679,6,python,
omnimath-67,0,python,
omnimath-67,1,python,
omnimath-67,10,inconclusive,
omnimath-67,11,lean,
omnimath-67,12,inconclusive,
omnimath-67,13,neither,
omnimath-67,14,lean,
omnimath-67,15,neither,
omnimath-67,16,python,
omnimath-67,17,python,
omnimath-67,2,python,
omnimath-67,3,neither,
omnimath-67,4,python,
omnimath-67,5,python,
omnimath-67,6,python,
omnimath-67,7,inconclusive,
omnimath-67,8,inconclusive,
omnimath-67,9,inconclusive,
omnimath-680,0,python,
omnimath-680,1,python,
omnimath-680,10,neither,
omnimath-680,2,inconclusive,
omnimath-680,3,inconclusive,
omnimath-680,4,neither,
omnimath-680,5,neither,
omnimath-680,6,lean,
omnimath-680,7,python,
omnimath-680,8,python,
omnimath-680,9,neither,
omnimath-681,0,python,
omnimath-681,1,python,
omnimath-681,2,inconclusive,
omnimath-681,3,python,
omnimath-681,4,lean,
omnimath-681,5,python,
omnimath-681,6,python,
omnimath-681,7,python,
omnimath-681,8,inconclusive,
omnimath-681,9,python,
omnimath-682,0,inconclusive,
omnimath-682,1,inconclusive,
omnimath-682,2,neither,
omnimath-682,3,inconclusive,
omnimath-682,4,python,
omnimath-682,5,inconclusive,
omnimath-683,0,inconclusive,
omnimath-683,1,lean,
omnimath-683,10,inconclusive,
omnimath-683,11,inconclusive,
omnimath-683,12,inconclusive,
omnimath-683,13,lean,
omnimath-683,14,lean,
omnimath-683,15,python,
omnimath-683,16,inconclusive,
omnimath-683,17,inconclusive,
omnimath-683,2,lean,
omnimath-683,3,neither,
omnimath-683,4,inconclusive,
omnimath-683,5,python,
omnimath-683,6,neither,
omnimath-683,7,lean,
omnimath-683,8,python,
omnimath-683,9,lean,
omnimath-684,0,inconclusive,
omnimath-684,1,inconclusive,
omnimath-684,2,inconclusive,
omnimath-684,3,python,
omnimath-684,4,python,
omnimath-684,5,python,
omnimath-684,6,python,
omnimath-684,7,python,
omnimath-684,8,python,
omnimath-684,9,inconclusive,
omnimath-685,0,inconclusive,
omnimath-685,1,python,
omnimath-685,2,neither,
omnimath-685,3,inconclusive,
omnimath-685,4,neither,
omnimath-685,5,neither,
omnimath-685,6,neither,
omnimath-685,7,neither,
omnimath-685,8,inconclusive,
omnimath-686,0,lean,
omnimath-686,1,python,
omnimath-686,2,python,
omnimath-686,3,python,
omnimath-686,4,inconclusive,
omnimath-686,5,inconclusive,
omnimath-687,0,neither,
omnimath-687,1,neither,
omnimath-687,2,python,
omnimath-687,3,python,
omnimath-688,0,inconclusive,
omnimath-688,1,python,
omnimath-688,2,inconclusive,
omnimath-688,3,inconclusive,
omnimath-689,0,python,
omnimath-689,1,python,
omnimath-689,2,python,
omnimath-68,0,python,
omnimath-68,1,python,
omnimath-68,2,neither,
omnimath-68,3,inconclusive,
omnimath-68,4,python,
omnimath-68,5,lean,
omnimath-68,6,inconclusive,
omnimath-690,0,inconclusive,
omnimath-690,1,neither,
omnimath-690,2,inconclusive,
omnimath-690,3,inconclusive,
omnimath-690,4,inconclusive,
omnimath-690,5,inconclusive,
omnimath-690,6,neither,
omnimath-691,0,python,
omnimath-691,1,python,
omnimath-691,2,python,
omnimath-691,3,neither,
omnimath-691,4,python,
omnimath-692,0,python,
omnimath-692,1,lean,
omnimath-692,2,python,
omnimath-692,3,python,
omnimath-692,4,python,
omnimath-692,5,python,
omnimath-693,0,inconclusive,
omnimath-693,1,neither,
omnimath-693,10,inconclusive,
omnimath-693,11,python,
omnimath-693,2,lean,
omnimath-693,3,inconclusive,
omnimath-693,4,python,
omnimath-693,5,python,
omnimath-693,6,neither,
omnimath-693,7,inconclusive,
omnimath-693,8,neither,
omnimath-693,9,inconclusive,
omnimath-694,0,inconclusive,
omnimath-694,1,inconclusive,
omnimath-694,2,neither,
omnimath-694,3,python,
omnimath-694,4,python,
omnimath-694,5,python,
omnimath-694,6,python,
omnimath-694,7,python,
omnimath-694,8,inconclusive,
omnimath-695,0,python,
omnimath-695,1,python,
omnimath-695,2,python,
omnimath-695,3,python,
omnimath-695,4,python,
omnimath-695,5,neither,
omnimath-696,0,python,
omnimath-696,1,python,
omnimath-696,2,python,
omnimath-696,3,python,
omnimath-696,4,python,
omnimath-696,5,python,
omnimath-697,0,python,
omnimath-697,1,lean,
omnimath-697,2,inconclusive,
omnimath-697,3,lean,
omnimath-697,4,lean,
omnimath-697,5,python,
omnimath-697,6,python,
omnimath-697,7,python,
omnimath-698,0,inconclusive,
omnimath-698,1,python,
omnimath-698,2,neither,
omnimath-698,3,inconclusive,
omnimath-698,4,inconclusive,
omnimath-699,0,inconclusive,
omnimath-699,1,inconclusive,
omnimath-699,2,python,
omnimath-699,3,python,
omnimath-699,4,python,
omnimath-699,5,python,
omnimath-69,0,python,
omnimath-69,1,python,
omnimath-69,2,python,
omnimath-69,3,neither,
omnimath-69,4,inconclusive,
omnimath-69,5,inconclusive,
omnimath-69,6,inconclusive,
omnimath-69,7,inconclusive,
omnimath-69,8,inconclusive,
omnimath-69,9,neither,
omnimath-6,0,neither,
omnimath-6,1,inconclusive,
omnimath-6,2,python,
omnimath-6,3,lean,
omnimath-6,4,python,
omnimath-700,0,inconclusive,
omnimath-700,1,inconclusive,
omnimath-700,2,inconclusive,
omnimath-700,3,inconclusive,
omnimath-700,4,python,
omnimath-700,5,python,
omnimath-700,6,python,
omnimath-700,7,python,
omnimath-701,0,python,
omnimath-701,1,neither,
omnimath-701,2,python,
omnimath-701,3,neither,
omnimath-702,0,lean,
omnimath-702,1,lean,
omnimath-702,10,python,
omnimath-702,2,lean,
omnimath-702,3,lean,
omnimath-702,4,lean,
omnimath-702,5,lean,
omnimath-702,6,lean,
omnimath-702,7,python,
omnimath-702,8,inconclusive,
omnimath-702,9,python,
omnimath-703,0,python,
omnimath-703,1,neither,
omnimath-703,10,neither,
omnimath-703,11,inconclusive,
omnimath-703,2,inconclusive,
omnimath-703,3,python,
omnimath-703,4,python,
omnimath-703,5,python,
omnimath-703,6,neither,
omnimath-703,7,python,
omnimath-703,8,python,
omnimath-703,9,inconclusive,
omnimath-704,0,python,
omnimath-704,1,inconclusive,
omnimath-704,2,neither,
omnimath-704,3,python,
omnimath-704,4,python,
omnimath-704,5,python,
omnimath-705,0,inconclusive,
omnimath-705,1,python,
omnimath-705,2,python,
omnimath-705,3,python,
omnimath-706,0,python,
omnimath-706,1,inconclusive,
omnimath-706,2,neither,
omnimath-706,3,python,
omnimath-706,4,python,
omnimath-706,5,neither,
omnimath-706,6,neither,
omnimath-706,7,neither,
omnimath-706,8,python,
omnimath-706,9,neither,
omnimath-707,0,inconclusive,
omnimath-707,1,inconclusive,
omnimath-707,2,inconclusive,
omnimath-707,3,neither,
omnimath-707,4,neither,
omnimath-708,0,inconclusive,
omnimath-708,1,python,
omnimath-708,2,neither,
omnimath-708,3,python,
omnimath-708,4,python,
omnimath-708,5,neither,
omnimath-708,6,python,
omnimath-708,7,python,
omnimath-709,0,inconclusive,
omnimath-709,1,neither,
omnimath-709,2,neither,
omnimath-709,3,inconclusive,
omnimath-70,0,python,
omnimath-70,1,inconclusive,
omnimath-70,2,inconclusive,
omnimath-70,3,neither,
omnimath-70,4,python,
omnimath-70,5,inconclusive,
omnimath-70,6,inconclusive,
omnimath-710,0,inconclusive,
omnimath-710,1,inconclusive,
omnimath-710,2,neither,
omnimath-710,3,neither,
omnimath-710,4,inconclusive,
omnimath-710,5,neither,
omnimath-710,6,neither,
omnimath-711,0,inconclusive,
omnimath-711,1,python,
omnimath-711,2,python,
omnimath-711,3,python,
omnimath-711,4,python,
omnimath-711,5,python,
omnimath-712,0,python,
omnimath-712,1,inconclusive,
omnimath-712,2,inconclusive,
omnimath-712,3,inconclusive,
omnimath-712,4,lean,
omnimath-713,0,python,
omnimath-713,1,python,
omnimath-714,0,inconclusive,
omnimath-714,1,python,
omnimath-714,2,neither,
omnimath-714,3,inconclusive,
omnimath-714,4,neither,
omnimath-714,5,neither,
omnimath-715,0,inconclusive,
omnimath-715,1,inconclusive,
omnimath-715,2,inconclusive,
omnimath-715,3,inconclusive,
omnimath-715,4,neither,
omnimath-715,5,inconclusive,
omnimath-715,6,neither,
omnimath-715,7,python,
omnimath-716,0,inconclusive,
omnimath-716,1,lean,
omnimath-716,2,python,
omnimath-716,3,lean,
omnimath-717,0,inconclusive,
omnimath-717,1,inconclusive,
omnimath-717,10,python,
omnimath-717,11,python,
omnimath-717,2,inconclusive,
omnimath-717,3,neither,
omnimath-717,4,python,
omnimath-717,5,inconclusive,
omnimath-717,6,python,
omnimath-717,7,lean,
omnimath-717,8,python,
omnimath-717,9,lean,
omnimath-718,0,python,
omnimath-718,1,lean,
omnimath-718,2,python,
omnimath-719,0,python,
omnimath-719,1,tie,
omnimath-719,2,python,
omnimath-719,3,python,
omnimath-719,4,python,
omnimath-719,5,python,
omnimath-719,6,python,
omnimath-719,7,inconclusive,
omnimath-719,8,python,
omnimath-71,0,python,
omnimath-71,1,lean,
omnimath-71,2,neither,
omnimath-71,3,neither,
omnimath-71,4,neither,
omnimath-71,5,neither,
omnimath-720,0,python,
omnimath-720,1,python,
omnimath-720,2,python,
omnimath-720,3,python,
omnimath-721,0,python,
omnimath-721,1,python,
omnimath-721,10,python,
omnimath-721,2,python,
omnimath-721,3,python,
omnimath-721,4,python,
omnimath-721,5,python,
omnimath-721,6,python,
omnimath-721,7,python,
omnimath-721,8,python,
omnimath-721,9,python,
omnimath-722,0,inconclusive,
omnimath-722,1,inconclusive,
omnimath-722,2,neither,
omnimath-722,3,inconclusive,
omnimath-722,4,inconclusive,
omnimath-722,5,inconclusive,
omnimath-722,6,inconclusive,
omnimath-722,7,python,
omnimath-722,8,inconclusive,
omnimath-723,0,lean,
omnimath-723,1,lean,
omnimath-723,2,,request_failed
omnimath-723,3,neither,
omnimath-723,4,neither,
omnimath-723,5,inconclusive,
omnimath-724,0,neither,
omnimath-724,1,python,
omnimath-724,2,lean,
omnimath-724,3,neither,
omnimath-725,0,inconclusive,
omnimath-725,1,inconclusive,
omnimath-725,10,python,
omnimath-725,11,inconclusive,
omnimath-725,2,inconclusive,
omnimath-725,3,inconclusive,
omnimath-725,4,python,
omnimath-725,5,inconclusive,
omnimath-725,6,inconclusive,
omnimath-725,7,neither,
omnimath-725,8,lean,
omnimath-725,9,inconclusive,
omnimath-726,0,python,
omnimath-726,1,python,
omnimath-726,2,neither,
omnimath-726,3,python,
omnimath-726,4,neither,
omnimath-726,5,python,
omnimath-726,6,lean,
omnimath-726,7,lean,
omnimath-726,8,inconclusive,
omnimath-727,0,inconclusive,
omnimath-727,1,python,
omnimath-727,2,inconclusive,
omnimath-727,3,python,
omnimath-727,4,python,
omnimath-727,5,neither,
omnimath-727,6,python,
omnimath-727,7,neither,
omnimath-727,8,python,
omnimath-728,0,inconclusive,
omnimath-728,1,python,
omnimath-728,2,inconclusive,
omnimath-728,3,python,
omnimath-728,4,inconclusive,
omnimath-728,5,python,
omnimath-728,6,python,
omnimath-729,0,python,
omnimath-729,1,inconclusive,
omnimath-729,2,python,
omnimath-729,3,python,
omnimath-729,4,,request_failed
omnimath-72,0,inconclusive,
omnimath-72,1,python,
omnimath-72,10,neither,
omnimath-72,11,python,
omnimath-72,12,python,
omnimath-72,2,inconclusive,
omnimath-72,3,neither,
omnimath-72,4,python,
omnimath-72,5,neither,
omnimath-72,6,neither,
omnimath-72,7,python,
omnimath-72,8,inconclusive,
omnimath-72,9,neither,
omnimath-730,0,inconclusive,
omnimath-730,1,python,
omnimath-730,2,neither,
omnimath-730,3,neither,
omnimath-731,0,python,
omnimath-731,1,lean,
omnimath-731,2,tie,
omnimath-731,3,lean,
omnimath-732,0,neither,
omnimath-732,1,neither,
omnimath-732,2,neither,
omnimath-732,3,python,
omnimath-732,4,neither,
omnimath-733,0,lean,
omnimath-733,1,lean,
omnimath-733,2,python,
omnimath-733,3,python,
omnimath-733,4,lean,
omnimath-733,5,inconclusive,
omnimath-734,0,inconclusive,
omnimath-734,1,python,
omnimath-734,2,neither,
omnimath-734,3,python,
omnimath-734,4,python,
omnimath-734,5,neither,
omnimath-734,6,python,
omnimath-734,7,python,
omnimath-734,8,python,
omnimath-735,0,python,
omnimath-735,1,lean,
omnimath-735,2,python,
omnimath-735,3,python,
omnimath-735,4,python,
omnimath-736,0,python,
omnimath-736,1,,request_failed
omnimath-736,2,python,
omnimath-736,3,inconclusive,
omnimath-736,4,python,
omnimath-736,5,python,
omnimath-736,6,python,
omnimath-737,0,inconclusive,
omnimath-737,1,lean,
omnimath-737,2,lean,
omnimath-737,3,tie,
omnimath-737,4,python,
omnimath-737,5,python,
omnimath-737,6,lean,
omnimath-738,0,lean,
omnimath-738,1,lean,
omnimath-738,2,neither,
omnimath-738,3,neither,
omnimath-738,4,inconclusive,
omnimath-739,0,python,
omnimath-739,1,python,
omnimath-739,2,python,
omnimath-739,3,python,
omnimath-739,4,python,
omnimath-739,5,python,
omnimath-73,0,inconclusive,
omnimath-73,1,inconclusive,
omnimath-73,2,neither,
omnimath-73,3,python,
omnimath-73,4,neither,
omnimath-73,5,neither,
omnimath-73,6,neither,
omnimath-73,7,lean,
omnimath-73,8,python,
omnimath-73,9,lean,
omnimath-740,0,python,
omnimath-740,1,python,
omnimath-740,2,python,
omnimath-740,3,python,
omnimath-740,4,python,
omnimath-740,5,python,
omnimath-741,0,inconclusive,
omnimath-741,1,python,
omnimath-741,2,python,
omnimath-741,3,python,
omnimath-742,0,python,
omnimath-742,1,python,
omnimath-742,2,python,
omnimath-742,3,lean,
omnimath-742,4,lean,
omnimath-742,5,python,
omnimath-743,0,python,
omnimath-743,1,lean,
omnimath-743,10,python,
omnimath-743,11,python,
omnimath-743,2,neither,
omnimath-743,3,python,
omnimath-743,4,neither,
omnimath-743,5,inconclusive,
omnimath-743,6,python,
omnimath-743,7,python,
omnimath-743,8,python,
omnimath-743,9,python,
omnimath-744,0,python,
omnimath-744,1,neither,
omnimath-744,2,python,
omnimath-744,3,lean,
omnimath-744,4,python,
omnimath-744,5,python,
omnimath-745,0,inconclusive,
omnimath-745,1,inconclusive,
omnimath-745,10,inconclusive,
omnimath-745,11,python,
omnimath-745,12,neither,
omnimath-745,13,neither,
omnimath-745,14,inconclusive,
omnimath-745,15,inconclusive,
omnimath-745,16,python,
omnimath-745,17,inconclusive,
omnimath-745,18,inconclusive,
omnimath-745,19,inconclusive,
omnimath-745,2,inconclusive,
omnimath-745,20,inconclusive,
omnimath-745,21,inconclusive,
omnimath-745,22,inconclusive,
omnimath-745,23,neither,
omnimath-745,24,neither,
omnimath-745,25,inconclusive,
omnimath-745,26,neither,
omnimath-745,27,neither,
omnimath-745,28,neither,
omnimath-745,29,neither,
omnimath-745,3,inconclusive,
omnimath-745,30,neither,
omnimath-745,31,inconclusive,
omnimath-745,4,python,
omnimath-745,5,neither,
omnimath-745,6,python,
omnimath-745,7,neither,
omnimath-745,8,neither,
omnimath-745,9,neither,
omnimath-746,0,lean,
omnimath-746,1,neither,
omnimath-746,2,lean,
omnimath-746,3,python,
omnimath-746,4,python,
omnimath-746,5,lean,
omnimath-747,0,neither,
omnimath-747,1,inconclusive,
omnimath-747,2,python,
omnimath-747,3,python,
omnimath-747,4,python,
omnimath-747,5,python,
omnimath-747,6,python,
omnimath-747,7,python,
omnimath-748,0,python,
omnimath-748,1,inconclusive,
omnimath-748,2,python,
omnimath-748,3,python,
omnimath-749,0,inconclusive,
omnimath-749,1,python,
omnimath-749,2,python,
omnimath-749,3,python,
omnimath-749,4,lean,
omnimath-749,5,python,
omnimath-749,6,python,
omnimath-74,0,python,
omnimath-74,1,python,
omnimath-74,2,python,
omnimath-74,3,neither,
omnimath-74,4,inconclusive,
omnimath-74,5,python,
omnimath-750,0,inconclusive,
omnimath-750,1,python,
omnimath-750,2,inconclusive,
omnimath-750,3,python,
omnimath-750,4,neither,
omnimath-750,5,python,
omnimath-751,0,neither,
omnimath-751,1,python,
omnimath-751,2,python,
omnimath-751,3,python,
omnimath-751,4,python,
omnimath-752,0,lean,
omnimath-752,1,neither,
omnimath-752,2,python,
omnimath-752,3,python,
omnimath-752,4,python,
omnimath-752,5,python,
omnimath-753,0,python,
omnimath-753,1,python,
omnimath-753,2,python,
omnimath-753,3,python,
omnimath-753,4,neither,
omnimath-753,5,neither,
omnimath-753,6,python,
omnimath-754,0,inconclusive,
omnimath-754,1,neither,
omnimath-754,2,python,
omnimath-754,3,inconclusive,
omnimath-754,4,python,
omnimath-754,5,python,
omnimath-754,6,python,
omnimath-755,0,neither,
omnimath-755,1,neither,
omnimath-755,2,python,
omnimath-755,3,inconclusive,
omnimath-755,4,neither,
omnimath-755,5,neither,
omnimath-756,0,python,
omnimath-756,1,python,
omnimath-756,2,python,
omnimath-756,3,python,
omnimath-756,4,python,
omnimath-756,5,neither,
omnimath-756,6,neither,
omnimath-756,7,python,
omnimath-757,0,neither,
omnimath-757,1,neither,
omnimath-757,2,neither,
omnimath-757,3,inconclusive,
omnimath-757,4,neither,
omnimath-757,5,neither,
omnimath-757,6,neither,
omnimath-758,0,neither,
omnimath-758,1,neither,
omnimath-758,10,inconclusive,
omnimath-758,2,inconclusive,
omnimath-758,3,inconclusive,
omnimath-758,4,inconclusive,
omnimath-758,5,python,
omnimath-758,6,python,
omnimath-758,7,neither,
omnimath-758,8,neither,
omnimath-758,9,neither,
omnimath-759,0,neither,
omnimath-759,1,neither,
omnimath-759,2,lean,
omnimath-759,3,lean,
omnimath-759,4,inconclusive,
omnimath-759,5,lean,
omnimath-759,6,python,
omnimath-759,7,inconclusive,
omnimath-759,8,python,
omnimath-75,0,inconclusive,
omnimath-75,1,neither,
omnimath-75,2,neither,
omnimath-75,3,python,
omnimath-75,4,python,
omnimath-75,5,python,
omnimath-75,6,python,
omnimath-760,0,inconclusive,
omnimath-760,1,inconclusive,
omnimath-760,2,inconclusive,
omnimath-760,3,lean,
omnimath-760,4,lean,
omnimath-760,5,inconclusive,
omnimath-760,6,lean,
omnimath-760,7,inconclusive,
omnimath-761,0,inconclusive,
omnimath-761,1,python,
omnimath-761,2,python,
omnimath-761,3,python,
omnimath-761,4,lean,
omnimath-761,5,inconclusive,
omnimath-762,0,neither,
omnimath-762,1,lean,
omnimath-762,2,python,
omnimath-762,3,tie,
omnimath-762,4,inconclusive,
omnimath-763,0,python,
omnimath-763,1,lean,
omnimath-763,2,neither,
omnimath-763,3,inconclusive,
omnimath-763,4,inconclusive,
omnimath-763,5,neither,
omnimath-763,6,inconclusive,
omnimath-763,7,lean,
omnimath-763,8,neither,
omnimath-763,9,python,
omnimath-764,0,python,
omnimath-764,1,python,
omnimath-764,2,neither,
omnimath-764,3,python,
omnimath-765,0,neither,
omnimath-765,1,lean,
omnimath-765,2,neither,
omnimath-765,3,neither,
omnimath-765,4,inconclusive,
omnimath-765,5,inconclusive,
omnimath-765,6,inconclusive,
omnimath-765,7,neither,
omnimath-765,8,neither,
omnimath-765,9,neither,
omnimath-766,0,python,
omnimath-766,1,python,
omnimath-766,2,neither,
omnimath-766,3,python,
omnimath-766,4,python,
omnimath-766,5,python,
omnimath-766,6,inconclusive,
omnimath-766,7,python,
omnimath-767,0,inconclusive,
omnimath-767,1,python,
omnimath-767,2,lean,
omnimath-767,3,python,
omnimath-767,4,python,
omnimath-767,5,python,
omnimath-767,6,python,
omnimath-768,0,python,
omnimath-768,1,python,
omnimath-768,2,python,
omnimath-768,3,lean,
omnimath-768,4,python,
omnimath-768,5,python,
omnimath-768,6,python,
omnimath-769,0,python,
omnimath-769,1,tie,
omnimath-769,2,python,
omnimath-769,3,neither,
omnimath-769,4,python,
omnimath-76,0,python,
omnimath-76,1,inconclusive,
omnimath-76,2,python,
omnimath-76,3,python,
omnimath-76,4,lean,
omnimath-770,0,inconclusive,
omnimath-770,1,python,
omnimath-770,2,python,
omnimath-770,3,python,
omnimath-770,4,neither,
omnimath-770,5,neither,
omnimath-771,0,neither,
omnimath-771,1,neither,
omnimath-771,10,python,
omnimath-771,11,python,
omnimath-771,12,python,
omnimath-771,13,python,
omnimath-771,14,python,
omnimath-771,15,python,
omnimath-771,16,python,
omnimath-771,17,python,
omnimath-771,2,python,
omnimath-771,3,neither,
omnimath-771,4,python,
omnimath-771,5,python,
omnimath-771,6,python,
omnimath-771,7,python,
omnimath-771,8,python,
omnimath-771,9,python,
omnimath-772,0,inconclusive,
omnimath-772,1,lean,
omnimath-772,10,inconclusive,
omnimath-772,2,inconclusive,
omnimath-772,3,inconclusive,
omnimath-772,4,lean,
omnimath-772,5,inconclusive,
omnimath-772,6,python,
omnimath-772,7,neither,
omnimath-772,8,neither,
omnimath-772,9,inconclusive,
omnimath-773,0,inconclusive,
omnimath-773,1,lean,
omnimath-773,10,inconclusive,
omnimath-773,11,python,
omnimath-773,12,inconclusive,
omnimath-773,13,python,
omnimath-773,14,lean,
omnimath-773,15,neither,
omnimath-773,16,neither,
omnimath-773,2,lean,
omnimath-773,3,lean,
omnimath-773,4,lean,
omnimath-773,5,lean,
omnimath-773,6,inconclusive,
omnimath-773,7,inconclusive,
omnimath-773,8,python,
omnimath-773,9,inconclusive,
omnimath-774,0,inconclusive,
omnimath-774,1,python,
omnimath-774,2,python,
omnimath-774,3,inconclusive,
omnimath-774,4,python,
omnimath-774,5,python,
omnimath-774,6,inconclusive,
omnimath-774,7,inconclusive,
omnimath-775,0,python,
omnimath-775,1,python,
omnimath-775,2,python,
omnimath-775,3,inconclusive,
omnimath-775,4,inconclusive,
omnimath-776,0,python,
omnimath-776,1,lean,
omnimath-776,2,neither,
omnimath-776,3,lean,
omnimath-776,4,neither,
omnimath-776,5,inconclusive,
omnimath-776,6,python,
omnimath-776,7,neither,
omnimath-777,0,python,
omnimath-777,1,inconclusive,
omnimath-777,10,inconclusive,
omnimath-777,11,python,
omnimath-777,12,python,
omnimath-777,2,neither,
omnimath-777,3,python,
omnimath-777,4,python,
omnimath-777,5,neither,
omnimath-777,6,python,
omnimath-777,7,inconclusive,
omnimath-777,8,python,
omnimath-777,9,inconclusive,
omnimath-778,0,python,
omnimath-778,1,inconclusive,
omnimath-778,10,python,
omnimath-778,11,python,
omnimath-778,12,python,
omnimath-778,13,python,
omnimath-778,14,python,
omnimath-778,15,python,
omnimath-778,2,python,
omnimath-778,3,python,
omnimath-778,4,python,
omnimath-778,5,python,
omnimath-778,6,python,
omnimath-778,7,python,
omnimath-778,8,neither,
omnimath-778,9,python,
omnimath-779,0,neither,
omnimath-779,1,python,
omnimath-779,2,python,
omnimath-779,3,python,
omnimath-779,4,python,
omnimath-77,0,lean,
omnimath-77,1,inconclusive,
omnimath-77,2,python,
omnimath-77,3,python,
omnimath-77,4,python,
omnimath-77,5,neither,
omnimath-780,0,inconclusive,
omnimath-780,1,inconclusive,
omnimath-780,2,inconclusive,
omnimath-780,3,python,
omnimath-780,4,python,
omnimath-780,5,python,
omnimath-780,6,python,
omnimath-781,0,neither,
omnimath-781,1,inconclusive,
omnimath-781,10,inconclusive,
omnimath-781,11,python,
omnimath-781,12,inconclusive,
omnimath-781,13,neither,
omnimath-781,14,python,
omnimath-781,15,neither,
omnimath-781,2,inconclusive,
omnimath-781,3,neither,
omnimath-781,4,python,
omnimath-781,5,neither,
omnimath-781,6,neither,
omnimath-781,7,neither,
omnimath-781,8,neither,
omnimath-781,9,neither,
omnimath-782,0,inconclusive,
omnimath-782,1,python,
omnimath-782,2,neither,
omnimath-782,3,python,
omnimath-782,4,python,
omnimath-782,5,python,
omnimath-782,6,inconclusive,
omnimath-783,0,inconclusive,
omnimath-783,1,inconclusive,
omnimath-783,2,python,
omnimath-783,3,python,
omnimath-783,4,python,
omnimath-783,5,python,
omnimath-783,6,python,
omnimath-784,0,inconclusive,
omnimath-784,1,lean,
omnimath-784,2,inconclusive,
omnimath-784,3,lean,
omnimath-784,4,neither,
omnimath-784,5,lean,
omnimath-784,6,lean,
omnimath-784,7,inconclusive,
omnimath-785,0,inconclusive,
omnimath-785,1,inconclusive,
omnimath-785,2,python,
omnimath-785,3,neither,
omnimath-785,4,inconclusive,
omnimath-785,5,python,
omnimath-785,6,inconclusive,
omnimath-786,0,inconclusive,
omnimath-786,1,inconclusive,
omnimath-786,2,inconclusive,
omnimath-786,3,neither,
omnimath-787,0,inconclusive,
omnimath-787,1,python,
omnimath-787,2,inconclusive,
omnimath-787,3,python,
omnimath-787,4,python,
omnimath-787,5,neither,
omnimath-787,6,python,
omnimath-787,7,inconclusive,
omnimath-787,8,python,
omnimath-787,9,python,
omnimath-788,0,python,
omnimath-788,1,inconclusive,
omnimath-788,2,python,
omnimath-788,3,inconclusive,
omnimath-788,4,python,
omnimath-788,5,,request_failed
omnimath-788,6,python,
omnimath-788,7,python,
omnimath-789,0,neither,
omnimath-789,1,lean,
omnimath-789,2,lean,
omnimath-789,3,python,
omnimath-78,0,python,
omnimath-78,1,neither,
omnimath-78,10,inconclusive,
omnimath-78,11,inconclusive,
omnimath-78,2,neither,
omnimath-78,3,neither,
omnimath-78,4,neither,
omnimath-78,5,neither,
omnimath-78,6,inconclusive,
omnimath-78,7,inconclusive,
omnimath-78,8,python,
omnimath-78,9,inconclusive,
omnimath-790,0,inconclusive,
omnimath-790,1,inconclusive,
omnimath-790,2,inconclusive,
omnimath-790,3,python,
omnimath-790,4,inconclusive,
omnimath-790,5,inconclusive,
omnimath-790,6,neither,
omnimath-791,0,python,
omnimath-791,1,python,
omnimath-791,2,python,
omnimath-791,3,python,
omnimath-791,4,python,
omnimath-791,5,python,
omnimath-791,6,tie,
omnimath-791,7,tie,
omnimath-792,0,python,
omnimath-792,1,python,
omnimath-792,10,python,
omnimath-792,11,lean,
omnimath-792,12,neither,
omnimath-792,13,inconclusive,
omnimath-792,14,inconclusive,
omnimath-792,15,python,
omnimath-792,16,python,
omnimath-792,17,inconclusive,
omnimath-792,18,lean,
omnimath-792,19,python,
omnimath-792,2,inconclusive,
omnimath-792,20,lean,
omnimath-792,21,python,
omnimath-792,22,python,
omnimath-792,23,neither,
omnimath-792,24,neither,
omnimath-792,25,python,
omnimath-792,3,python,
omnimath-792,4,python,
omnimath-792,5,python,
omnimath-792,6,python,
omnimath-792,7,lean,
omnimath-792,8,python,
omnimath-792,9,python,
omnimath-793,0,neither,
omnimath-793,1,python,
omnimath-793,2,python,
omnimath-793,3,lean,
omnimath-793,4,python,
omnimath-793,5,inconclusive,
omnimath-793,6,lean,
omnimath-794,0,inconclusive,
omnimath-794,1,python,
omnimath-794,2,neither,
omnimath-794,3,neither,
omnimath-794,4,neither,
omnimath-795,0,python,
omnimath-795,1,lean,
omnimath-795,2,python,
omnimath-795,3,lean,
omnimath-796,0,python,
omnimath-796,1,python,
omnimath-796,10,neither,
omnimath-796,11,python,
omnimath-796,12,python,
omnimath-796,13,inconclusive,
omnimath-796,2,inconclusive,
omnimath-796,3,neither,
omnimath-796,4,python,
omnimath-796,5,python,
omnimath-796,6,inconclusive,
omnimath-796,7,python,
omnimath-796,8,python,
omnimath-796,9,python,
omnimath-797,0,python,
omnimath-797,1,python,
omnimath-797,2,neither,
omnimath-797,3,neither,
omnimath-798,0,inconclusive,
omnimath-798,1,python,
omnimath-798,2,python,
omnimath-798,3,python,
omnimath-798,4,python,
omnimath-798,5,neither,
omnimath-798,6,inconclusive,
omnimath-799,0,inconclusive,
omnimath-799,1,neither,
omnimath-799,2,python,
omnimath-799,3,python,
omnimath-799,4,python,
omnimath-79,0,python,
omnimath-79,1,neither,
omnimath-79,10,neither,
omnimath-79,11,python,
omnimath-79,2,python,
omnimath-79,3,python,
omnimath-79,4,inconclusive,
omnimath-79,5,neither,
omnimath-79,6,neither,
omnimath-79,7,python,
omnimath-79,8,neither,
omnimath-79,9,python,
omnimath-7,0,neither,
omnimath-7,1,python,
omnimath-7,2,lean,
omnimath-7,3,inconclusive,
omnimath-7,4,python,
omnimath-7,5,lean,
omnimath-7,6,python,
omnimath-800,0,inconclusive,
omnimath-800,1,inconclusive,
omnimath-800,2,python,
omnimath-800,3,python,
omnimath-800,4,inconclusive,
omnimath-800,5,inconclusive,
omnimath-800,6,python,
omnimath-800,7,python,
omnimath-800,8,python,
omnimath-800,9,python,
omnimath-801,0,python,
omnimath-801,1,python,
omnimath-801,2,python,
omnimath-801,3,python,
omnimath-802,0,neither,
omnimath-802,1,inconclusive,
omnimath-802,2,neither,
omnimath-802,3,python,
omnimath-802,4,python,
omnimath-803,0,inconclusive,
omnimath-803,1,python,
omnimath-803,2,python,
omnimath-803,3,python,
omnimath-804,0,inconclusive,
omnimath-804,1,inconclusive,
omnimath-804,2,neither,
omnimath-804,3,neither,
omnimath-805,0,python,
omnimath-805,1,python,
omnimath-805,2,neither,
omnimath-805,3,python,
omnimath-805,4,inconclusive,
omnimath-805,5,inconclusive,
omnimath-805,6,python,
omnimath-805,7,inconclusive,
omnimath-806,0,lean,
omnimath-806,1,lean,
omnimath-806,2,lean,
omnimath-806,3,lean,
omnimath-806,4,lean,
omnimath-806,5,lean,
omnimath-806,6,python,
omnimath-806,7,python,
omnimath-806,8,neither,
omnimath-806,9,lean,
omnimath-807,0,inconclusive,
omnimath-807,1,neither,
omnimath-807,2,lean,
omnimath-807,3,python,
omnimath-807,4,inconclusive,
omnimath-807,5,python,
omnimath-807,6,inconclusive,
omnimath-807,7,neither,
omnimath-808,0,neither,
omnimath-808,1,python,
omnimath-808,2,python,
omnimath-808,3,python,
omnimath-809,0,python,
omnimath-809,1,tie,
omnimath-809,2,python,
omnimath-80,0,neither,
omnimath-80,1,inconclusive,
omnimath-80,2,neither,
omnimath-80,3,neither,
omnimath-80,4,neither,
omnimath-80,5,,request_failed
omnimath-80,6,inconclusive,
omnimath-80,7,neither,
omnimath-810,0,inconclusive,
omnimath-810,1,python,
omnimath-810,2,python,
omnimath-810,3,python,
omnimath-810,4,python,
omnimath-810,5,python,
omnimath-810,6,python,
omnimath-810,7,python,
omnimath-811,0,python,
omnimath-811,1,python,
omnimath-811,2,python,
omnimath-811,3,python,
omnimath-811,4,python,
omnimath-812,0,inconclusive,
omnimath-812,1,python,
omnimath-812,2,python,
omnimath-812,3,python,
omnimath-812,4,python,
omnimath-812,5,python,
omnimath-812,6,python,
omnimath-812,7,python,
omnimath-813,0,python,
omnimath-813,1,lean,
omnimath-813,2,python,
omnimath-813,3,python,
omnimath-814,0,python,
omnimath-814,1,neither,
omnimath-814,2,neither,
omnimath-814,3,neither,
omnimath-814,4,python,
omnimath-815,0,lean,
omnimath-815,1,python,
omnimath-815,2,inconclusive,
omnimath-815,3,neither,
omnimath-815,4,python,
omnimath-816,0,neither,
omnimath-816,1,python,
omnimath-816,2,python,
omnimath-816,3,python,
omnimath-816,4,python,
omnimath-816,5,lean,
omnimath-817,0,inconclusive,
omnimath-817,1,neither,
omnimath-817,2,inconclusive,
omnimath-817,3,neither,
omnimath-817,4,neither,
omnimath-817,5,inconclusive,
omnimath-818,0,neither,
omnimath-818,1,inconclusive,
omnimath-818,10,lean,
omnimath-818,2,python,
omnimath-818,3,inconclusive,
omnimath-818,4,inconclusive,
omnimath-818,5,inconclusive,
omnimath-818,6,lean,
omnimath-818,7,inconclusive,
omnimath-818,8,python,
omnimath-818,9,python,
omnimath-819,0,inconclusive,
omnimath-819,1,neither,
omnimath-819,2,neither,
omnimath-81,0,neither,
omnimath-81,1,neither,
omnimath-81,2,lean,
omnimath-81,3,lean,
omnimath-81,4,lean,
omnimath-81,5,lean,
omnimath-81,6,python,
omnimath-820,0,inconclusive,
omnimath-820,1,python,
omnimath-820,2,python,
omnimath-820,3,inconclusive,
omnimath-820,4,python,
omnimath-820,5,python,
omnimath-821,0,python,
omnimath-821,1,python,
omnimath-821,2,python,
omnimath-821,3,neither,
omnimath-821,4,neither,
omnimath-822,0,neither,
omnimath-822,1,neither,
omnimath-822,2,neither,
omnimath-822,3,inconclusive,
omnimath-822,4,neither,
omnimath-822,5,neither,
omnimath-822,6,python,
omnimath-822,7,python,
omnimath-822,8,neither,
omnimath-822,9,neither,
omnimath-823,0,python,
omnimath-823,1,inconclusive,
omnimath-823,2,neither,
omnimath-823,3,python,
omnimath-823,4,neither,
omnimath-823,5,neither,
omnimath-824,0,lean,
omnimath-824,1,inconclusive,
omnimath-824,2,neither,
omnimath-824,3,inconclusive,
omnimath-824,4,python,
omnimath-824,5,python,
omnimath-824,6,python,
omnimath-825,0,inconclusive,
omnimath-825,1,inconclusive,
omnimath-825,2,lean,
omnimath-825,3,inconclusive,
omnimath-825,4,inconclusive,
omnimath-825,5,inconclusive,
omnimath-825,6,inconclusive,
omnimath-826,0,inconclusive,
omnimath-826,1,inconclusive,
omnimath-826,2,neither,
omnimath-826,3,neither,
omnimath-826,4,python,
omnimath-826,5,neither,
omnimath-826,6,python,
omnimath-826,7,python,
omnimath-827,0,lean,
omnimath-827,1,inconclusive,
omnimath-827,2,python,
omnimath-827,3,python,
omnimath-827,4,python,
omnimath-827,5,python,
omnimath-827,6,python,
omnimath-827,7,lean,
omnimath-827,8,lean,
omnimath-828,0,python,
omnimath-828,1,lean,
omnimath-828,2,python,
omnimath-828,3,python,
omnimath-829,0,python,
omnimath-829,1,neither,
omnimath-829,2,python,
omnimath-829,3,python,
omnimath-829,4,python,
omnimath-82,0,python,
omnimath-82,1,inconclusive,
omnimath-82,2,inconclusive,
omnimath-82,3,python,
omnimath-82,4,python,
omnimath-82,5,neither,
omnimath-82,6,neither,
omnimath-82,7,inconclusive,
omnimath-830,0,python,
omnimath-830,1,python,
omnimath-830,2,python,
omnimath-830,3,neither,
omnimath-830,4,python,
omnimath-830,5,inconclusive,
omnimath-831,0,inconclusive,
omnimath-831,1,inconclusive,
omnimath-831,2,lean,
omnimath-831,3,python,
omnimath-831,4,python,
omnimath-831,5,python,
omnimath-831,6,,request_failed
omnimath-831,7,inconclusive,
omnimath-832,0,inconclusive,
omnimath-832,1,neither,
omnimath-832,2,inconclusive,
omnimath-832,3,python,
omnimath-832,4,python,
omnimath-833,0,python,
omnimath-833,1,python,
omnimath-833,2,python,
omnimath-833,3,python,
omnimath-833,4,lean,
omnimath-834,0,inconclusive,
omnimath-834,1,python,
omnimath-834,2,python,
omnimath-834,3,python,
omnimath-834,4,lean,
omnimath-834,5,python,
omnimath-834,6,python,
omnimath-835,0,inconclusive,
omnimath-835,1,python,
omnimath-835,2,python,
omnimath-835,3,neither,
omnimath-835,4,python,
omnimath-835,5,python,
omnimath-835,6,lean,
omnimath-835,7,lean,
omnimath-835,8,python,
omnimath-836,0,neither,
omnimath-836,1,python,
omnimath-836,2,python,
omnimath-836,3,neither,
omnimath-837,0,inconclusive,
omnimath-837,1,inconclusive,
omnimath-837,2,inconclusive,
omnimath-837,3,python,
omnimath-837,4,inconclusive,
omnimath-837,5,python,
omnimath-837,6,python,
omnimath-837,7,neither,
omnimath-838,0,python,
omnimath-838,1,inconclusive,
omnimath-838,2,lean,
omnimath-838,3,python,
omnimath-838,4,python,
omnimath-838,5,python,
omnimath-839,0,python,
omnimath-839,1,inconclusive,
omnimath-839,2,neither,
omnimath-839,3,python,
omnimath-839,4,python,
omnimath-839,5,neither,
omnimath-839,6,python,
omnimath-839,7,neither,
omnimath-83,0,inconclusive,
omnimath-83,1,python,
omnimath-83,2,python,
omnimath-83,3,neither,
omnimath-83,4,neither,
omnimath-83,5,python,
omnimath-83,6,python,
omnimath-83,7,python,
omnimath-83,8,python,
omnimath-840,0,neither,
omnimath-840,1,inconclusive,
omnimath-840,2,inconclusive,
omnimath-840,3,python,
omnimath-840,4,python,
omnimath-840,5,python,
omnimath-840,6,python,
omnimath-841,0,inconclusive,
omnimath-841,1,python,
omnimath-841,2,python,
omnimath-841,3,neither,
omnimath-841,4,lean,
omnimath-842,0,inconclusive,
omnimath-842,1,python,
omnimath-842,2,python,
omnimath-842,3,tie,
omnimath-842,4,python,
omnimath-843,0,python,
omnimath-843,1,neither,
omnimath-843,2,neither,
omnimath-843,3,neither,
omnimath-843,4,python,
omnimath-843,5,python,
omnimath-843,6,python,
omnimath-844,0,lean,
omnimath-844,1,inconclusive,
omnimath-844,2,inconclusive,
omnimath-844,3,neither,
omnimath-844,4,inconclusive,
omnimath-845,0,inconclusive,
omnimath-845,1,python,
omnimath-845,2,neither,
omnimath-845,3,python,
omnimath-845,4,neither,
omnimath-845,5,inconclusive,
omnimath-845,6,python,
omnimath-845,7,python,
omnimath-845,8,inconclusive,
omnimath-845,9,inconclusive,
omnimath-846,0,python,
omnimath-846,1,python,
omnimath-846,2,lean,
omnimath-846,3,python,
omnimath-846,4,python,
omnimath-847,0,python,
omnimath-847,1,python,
omnimath-847,2,neither,
omnimath-847,3,neither,
omnimath-847,4,inconclusive,
omnimath-848,0,python,
omnimath-848,1,neither,
omnimath-848,2,python,
omnimath-848,3,python,
omnimath-848,4,python,
omnimath-849,0,inconclusive,
omnimath-849,1,neither,
omnimath-849,2,python,
omnimath-849,3,python,
omnimath-849,4,python,
omnimath-849,5,inconclusive,
omnimath-84,0,python,
omnimath-84,1,neither,
omnimath-84,2,inconclusive,
omnimath-84,3,lean,
omnimath-84,4,neither,
omnimath-84,5,python,
omnimath-850,0,inconclusive,
omnimath-850,1,python,
omnimath-850,2,python,
omnimath-850,3,python,
omnimath-851,0,lean,
omnimath-851,1,inconclusive,
omnimath-851,2,python,
omnimath-851,3,python,
omnimath-851,4,python,
omnimath-851,5,python,
omnimath-852,0,inconclusive,
omnimath-852,1,inconclusive,
omnimath-852,2,neither,
omnimath-852,3,python,
omnimath-852,4,python,
omnimath-852,5,python,
omnimath-853,0,python,
omnimath-853,1,python,
omnimath-853,2,python,
omnimath-853,3,python,
omnimath-853,4,python,
omnimath-853,5,python,
omnimath-853,6,python,
omnimath-853,7,python,
omnimath-854,0,inconclusive,
omnimath-854,1,lean,
omnimath-854,2,inconclusive,
omnimath-854,3,python,
omnimath-854,4,python,
omnimath-854,5,lean,
omnimath-855,0,python,
omnimath-855,1,python,
omnimath-855,2,python,
omnimath-855,3,python,
omnimath-855,4,python,
omnimath-855,5,python,
omnimath-855,6,python,
omnimath-855,7,python,
omnimath-855,8,inconclusive,
omnimath-855,9,inconclusive,
omnimath-856,0,tie,
omnimath-856,1,python,
omnimath-856,2,python,
omnimath-856,3,python,
omnimath-857,0,python,
omnimath-857,1,python,
omnimath-858,0,inconclusive,
omnimath-858,1,inconclusive,
omnimath-858,10,python,
omnimath-858,11,python,
omnimath-858,2,inconclusive,
omnimath-858,3,python,
omnimath-858,4,python,
omnimath-858,5,python,
omnimath-858,6,inconclusive,
omnimath-858,7,inconclusive,
omnimath-858,8,python,
omnimath-858,9,python,
omnimath-859,0,inconclusive,
omnimath-859,1,inconclusive,
omnimath-859,2,python,
omnimath-859,3,python,
omnimath-859,4,python,
omnimath-859,5,python,
omnimath-85,0,inconclusive,
omnimath-85,1,python,
omnimath-85,2,inconclusive,
omnimath-85,3,python,
omnimath-85,4,python,
omnimath-860,0,python,
omnimath-860,1,python,
omnimath-860,2,python,
omnimath-860,3,python,
omnimath-860,4,inconclusive,
omnimath-860,5,python,
omnimath-860,6,python,
omnimath-861,0,inconclusive,
omnimath-861,1,neither,
omnimath-861,2,python,
omnimath-861,3,inconclusive,
omnimath-861,4,inconclusive,
omnimath-862,0,inconclusive,
omnimath-862,1,neither,
omnimath-862,2,lean,
omnimath-862,3,inconclusive,
omnimath-862,4,inconclusive,
omnimath-862,5,lean,
omnimath-862,6,python,
omnimath-862,7,inconclusive,
omnimath-863,0,python,
omnimath-863,1,python,
omnimath-863,2,python,
omnimath-863,3,python,
omnimath-863,4,python,
omnimath-863,5,python,
omnimath-864,0,python,
omnimath-864,1,inconclusive,
omnimath-864,2,neither,
omnimath-864,3,neither,
omnimath-864,4,inconclusive,
omnimath-865,0,inconclusive,
omnimath-865,1,lean,
omnimath-865,2,inconclusive,
omnimath-865,3,neither,
omnimath-865,4,python,
omnimath-865,5,inconclusive,
omnimath-865,6,inconclusive,
omnimath-865,7,neither,
omnimath-865,8,inconclusive,
omnimath-866,0,lean,
omnimath-866,1,python,
omnimath-866,2,python,
omnimath-866,3,neither,
omnimath-867,0,neither,
omnimath-867,1,lean,
omnimath-867,2,python,
omnimath-868,0,inconclusive,
omnimath-868,1,python,
omnimath-868,2,inconclusive,
omnimath-868,3,python,
omnimath-868,4,python,
omnimath-868,5,inconclusive,
omnimath-868,6,inconclusive,
omnimath-869,0,inconclusive,
omnimath-869,1,python,
omnimath-869,2,python,
omnimath-86,0,python,
omnimath-86,1,inconclusive,
omnimath-86,2,python,
omnimath-86,3,python,
omnimath-870,0,python,
omnimath-870,1,lean,
omnimath-870,2,inconclusive,
omnimath-870,3,lean,
omnimath-870,4,lean,
omnimath-871,0,inconclusive,
omnimath-871,1,python,
omnimath-871,2,python,
omnimath-871,3,python,
omnimath-871,4,python,
omnimath-871,5,inconclusive,
omnimath-871,6,python,
omnimath-871,7,python,
omnimath-872,0,neither,
omnimath-872,1,neither,
omnimath-872,2,lean,
omnimath-872,3,inconclusive,
omnimath-872,4,python,
omnimath-873,0,inconclusive,
omnimath-873,1,python,
omnimath-873,2,,request_failed
omnimath-873,3,python,
omnimath-873,4,,request_failed
omnimath-873,5,lean,
omnimath-873,6,python,
omnimath-873,7,python,
omnimath-874,0,neither,
omnimath-874,1,python,
omnimath-874,2,python,
omnimath-874,3,python,
omnimath-874,4,inconclusive,
omnimath-874,5,lean,
omnimath-874,6,inconclusive,
omnimath-874,7,python,
omnimath-874,8,neither,
omnimath-875,0,inconclusive,
omnimath-875,1,inconclusive,
omnimath-875,2,inconclusive,
omnimath-875,3,inconclusive,
omnimath-875,4,python,
omnimath-875,5,python,
omnimath-876,0,python,
omnimath-876,1,lean,
omnimath-876,2,inconclusive,
omnimath-876,3,python,
omnimath-876,4,python,
omnimath-876,5,neither,
omnimath-876,6,inconclusive,
omnimath-876,7,neither,
omnimath-876,8,neither,
omnimath-876,9,neither,
omnimath-877,0,inconclusive,
omnimath-877,1,inconclusive,
omnimath-877,2,neither,
omnimath-877,3,python,
omnimath-877,4,python,
omnimath-878,0,inconclusive,
omnimath-878,1,python,
omnimath-878,2,inconclusive,
omnimath-878,3,inconclusive,
omnimath-878,4,inconclusive,
omnimath-878,5,neither,
omnimath-878,6,neither,
omnimath-878,7,inconclusive,
omnimath-879,0,python,
omnimath-879,1,inconclusive,
omnimath-879,2,neither,
omnimath-879,3,python,
omnimath-879,4,python,
omnimath-879,5,python,
omnimath-879,6,python,
omnimath-879,7,python,
omnimath-879,8,python,
omnimath-87,0,inconclusive,
omnimath-87,1,python,
omnimath-87,2,python,
omnimath-87,3,neither,
omnimath-87,4,inconclusive,
omnimath-87,5,python,
omnimath-87,6,inconclusive,
omnimath-87,7,python,
omnimath-87,8,neither,
omnimath-87,9,inconclusive,
omnimath-880,0,inconclusive,
omnimath-880,1,inconclusive,
omnimath-880,2,python,
omnimath-881,0,inconclusive,
omnimath-881,1,python,
omnimath-881,2,lean,
omnimath-881,3,lean,
omnimath-882,0,inconclusive,
omnimath-882,1,neither,
omnimath-882,2,python,
omnimath-882,3,inconclusive,
omnimath-882,4,python,
omnimath-883,0,inconclusive,
omnimath-883,1,python,
omnimath-883,2,python,
omnimath-883,3,python,
omnimath-883,4,neither,
omnimath-884,0,inconclusive,
omnimath-884,1,inconclusive,
omnimath-884,2,neither,
omnimath-884,3,inconclusive,
omnimath-884,4,inconclusive,
omnimath-884,5,inconclusive,
omnimath-884,6,neither,
omnimath-885,0,inconclusive,
omnimath-885,1,lean,
omnimath-885,2,neither,
omnimath-885,3,lean,
omnimath-885,4,python,
omnimath-885,5,python,
omnimath-885,6,python,
omnimath-885,7,python,
omnimath-886,0,inconclusive,
omnimath-886,1,neither,
omnimath-886,10,neither,
omnimath-886,11,python,
omnimath-886,12,python,
omnimath-886,13,python,
omnimath-886,2,neither,
omnimath-886,3,inconclusive,
omnimath-886,4,python,
omnimath-886,5,python,
omnimath-886,6,inconclusive,
omnimath-886,7,inconclusive,
omnimath-886,8,inconclusive,
omnimath-886,9,neither,
omnimath-887,0,inconclusive,
omnimath-887,1,inconclusive,
omnimath-887,2,lean,
omnimath-887,3,lean,
omnimath-887,4,neither,
omnimath-887,5,lean,
omnimath-888,0,inconclusive,
omnimath-888,1,inconclusive,
omnimath-888,10,python,
omnimath-888,11,python,
omnimath-888,12,python,
omnimath-888,13,python,
omnimath-888,14,python,
omnimath-888,15,python,
omnimath-888,2,neither,
omnimath-888,3,neither,
omnimath-888,4,python,
omnimath-888,5,lean,
omnimath-888,6,lean,
omnimath-888,7,python,
omnimath-888,8,python,
omnimath-888,9,python,
omnimath-889,0,neither,
omnimath-889,1,python,
omnimath-889,2,python,
omnimath-889,3,lean,
omnimath-889,4,lean,
omnimath-889,5,lean,
omnimath-88,0,inconclusive,
omnimath-88,1,inconclusive,
omnimath-88,2,neither,
omnimath-88,3,neither,
omnimath-88,4,neither,
omnimath-88,5,inconclusive,
omnimath-88,6,neither,
omnimath-88,7,neither,
omnimath-88,8,inconclusive,
omnimath-88,9,inconclusive,
omnimath-890,0,inconclusive,
omnimath-890,1,neither,
omnimath-890,2,python,
omnimath-890,3,python,
omnimath-890,4,python,
omnimath-890,5,python,
omnimath-890,6,python,
omnimath-890,7,python,
omnimath-891,0,lean,
omnimath-891,1,neither,
omnimath-891,2,neither,
omnimath-891,3,inconclusive,
omnimath-891,4,inconclusive,
omnimath-892,0,inconclusive,
omnimath-892,1,lean,
omnimath-892,2,python,
omnimath-892,3,python,
omnimath-892,4,python,
omnimath-893,0,inconclusive,
omnimath-893,1,lean,
omnimath-893,2,neither,
omnimath-893,3,lean,
omnimath-893,4,python,
omnimath-893,5,tie,
omnimath-894,0,python,
omnimath-894,1,python,
omnimath-894,2,python,
omnimath-894,3,python,
omnimath-894,4,neither,
omnimath-894,5,python,
omnimath-894,6,python,
omnimath-894,7,python,
omnimath-894,8,python,
omnimath-895,0,python,
omnimath-895,1,neither,
omnimath-895,2,python,
omnimath-895,3,neither,
omnimath-895,4,neither,
omnimath-895,5,neither,
omnimath-895,6,neither,
omnimath-895,7,neither,
omnimath-895,8,python,
omnimath-896,0,inconclusive,
omnimath-896,1,inconclusive,
omnimath-896,10,python,
omnimath-896,11,python,
omnimath-896,12,inconclusive,
omnimath-896,13,python,
omnimath-896,14,lean,
omnimath-896,15,python,
omnimath-896,16,python,
omnimath-896,17,lean,
omnimath-896,2,inconclusive,
omnimath-896,3,inconclusive,
omnimath-896,4,lean,
omnimath-896,5,inconclusive,
omnimath-896,6,lean,
omnimath-896,7,lean,
omnimath-896,8,python,
omnimath-896,9,python,
omnimath-897,0,inconclusive,
omnimath-897,1,inconclusive,
omnimath-897,2,inconclusive,
omnimath-897,3,python,
omnimath-897,4,python,
omnimath-897,5,python,
omnimath-898,0,inconclusive,
omnimath-898,1,inconclusive,
omnimath-898,2,python,
omnimath-898,3,inconclusive,
omnimath-898,4,lean,
omnimath-898,5,python,
omnimath-898,6,python,
omnimath-898,7,python,
omnimath-898,8,python,
omnimath-898,9,python,
omnimath-899,0,inconclusive,
omnimath-899,1,tie,
omnimath-899,10,lean,
omnimath-899,11,python,
omnimath-899,12,python,
omnimath-899,13,lean,
omnimath-899,2,python,
omnimath-899,3,python,
omnimath-899,4,python,
omnimath-899,5,python,
omnimath-899,6,python,
omnimath-899,7,lean,
omnimath-899,8,lean,
omnimath-899,9,lean,
omnimath-89,0,lean,
omnimath-89,1,lean,
omnimath-89,2,python,
omnimath-89,3,inconclusive,
omnimath-89,4,python,
omnimath-89,5,inconclusive,
omnimath-89,6,python,
omnimath-8,0,python,
omnimath-8,1,python,
omnimath-8,2,neither,
omnimath-8,3,neither,
omnimath-8,4,python,
omnimath-8,5,python,
omnimath-900,0,inconclusive,
omnimath-900,1,python,
omnimath-900,2,python,
omnimath-900,3,inconclusive,
omnimath-900,4,python,
omnimath-900,5,python,
omnimath-901,0,python,
omnimath-901,1,python,
omnimath-901,2,neither,
omnimath-901,3,inconclusive,
omnimath-901,4,inconclusive,
omnimath-901,5,inconclusive,
omnimath-902,0,inconclusive,
omnimath-902,1,inconclusive,
omnimath-902,10,inconclusive,
omnimath-902,2,inconclusive,
omnimath-902,3,python,
omnimath-902,4,python,
omnimath-902,5,python,
omnimath-902,6,neither,
omnimath-902,7,python,
omnimath-902,8,python,
omnimath-902,9,neither,
omnimath-903,0,inconclusive,
omnimath-903,1,inconclusive,
omnimath-903,2,python,
omnimath-903,3,python,
omnimath-903,4,python,
omnimath-904,0,inconclusive,
omnimath-904,1,python,
omnimath-904,10,python,
omnimath-904,11,python,
omnimath-904,12,python,
omnimath-904,13,python,
omnimath-904,14,python,
omnimath-904,2,inconclusive,
omnimath-904,3,neither,
omnimath-904,4,python,
omnimath-904,5,python,
omnimath-904,6,python,
omnimath-904,7,python,
omnimath-904,8,neither,
omnimath-904,9,python,
omnimath-905,0,inconclusive,
omnimath-905,1,inconclusive,
omnimath-905,2,python,
omnimath-905,3,python,
omnimath-905,4,lean,
omnimath-905,5,python,
omnimath-905,6,python,
omnimath-905,7,lean,
omnimath-905,8,python,
omnimath-905,9,python,
omnimath-906,0,inconclusive,
omnimath-906,1,python,
omnimath-906,10,inconclusive,
omnimath-906,11,inconclusive,
omnimath-906,2,python,
omnimath-906,3,neither,
omnimath-906,4,inconclusive,
omnimath-906,5,inconclusive,
omnimath-906,6,inconclusive,
omnimath-906,7,inconclusive,
omnimath-906,8,inconclusive,
omnimath-906,9,inconclusive,
omnimath-907,0,inconclusive,
omnimath-907,1,python,
omnimath-907,2,neither,
omnimath-907,3,lean,
omnimath-907,4,inconclusive,
omnimath-907,5,python,
omnimath-907,6,inconclusive,
omnimath-907,7,inconclusive,
omnimath-908,0,inconclusive,
omnimath-908,1,inconclusive,
omnimath-908,10,neither,
omnimath-908,11,inconclusive,
omnimath-908,12,inconclusive,
omnimath-908,2,neither,
omnimath-908,3,lean,
omnimath-908,4,python,
omnimath-908,5,lean,
omnimath-908,6,python,
omnimath-908,7,python,
omnimath-908,8,neither,
omnimath-908,9,neither,
omnimath-909,0,python,
omnimath-909,1,python,
omnimath-909,2,python,
omnimath-909,3,python,
omnimath-909,4,python,
omnimath-90,0,inconclusive,
omnimath-90,1,neither,
omnimath-90,10,inconclusive,
omnimath-90,11,python,
omnimath-90,12,neither,
omnimath-90,13,neither,
omnimath-90,14,neither,
omnimath-90,15,neither,
omnimath-90,16,neither,
omnimath-90,17,inconclusive,
omnimath-90,2,neither,
omnimath-90,3,neither,
omnimath-90,4,inconclusive,
omnimath-90,5,neither,
omnimath-90,6,python,
omnimath-90,7,neither,
omnimath-90,8,lean,
omnimath-90,9,neither,
omnimath-910,0,inconclusive,
omnimath-910,1,python,
omnimath-910,2,python,
omnimath-910,3,python,
omnimath-910,4,inconclusive,
omnimath-910,5,python,
omnimath-911,0,inconclusive,
omnimath-911,1,inconclusive,
omnimath-911,2,python,
omnimath-911,3,inconclusive,
omnimath-911,4,inconclusive,
omnimath-911,5,python,
omnimath-912,0,inconclusive,
omnimath-912,1,lean,
omnimath-912,2,neither,
omnimath-912,3,python,
omnimath-912,4,lean,
omnimath-913,0,inconclusive,
omnimath-913,1,neither,
omnimath-913,2,inconclusive,
omnimath-913,3,neither,
omnimath-913,4,inconclusive,
omnimath-913,5,inconclusive,
omnimath-914,0,lean,
omnimath-914,1,neither,
omnimath-914,2,inconclusive,
omnimath-914,3,lean,
omnimath-914,4,neither,
omnimath-914,5,python,
omnimath-915,0,inconclusive,
omnimath-915,1,neither,
omnimath-915,2,python,
omnimath-915,3,lean,
omnimath-916,0,python,
omnimath-916,1,lean,
omnimath-916,2,python,
omnimath-916,3,python,
omnimath-917,0,inconclusive,
omnimath-917,1,neither,
omnimath-917,2,neither,
omnimath-917,3,python,
omnimath-917,4,python,
omnimath-918,0,inconclusive,
omnimath-918,1,python,
omnimath-918,10,neither,
omnimath-918,11,neither,
omnimath-918,12,python,
omnimath-918,13,python,
omnimath-918,14,python,
omnimath-918,15,python,
omnimath-918,2,python,
omnimath-918,3,neither,
omnimath-918,4,python,
omnimath-918,5,python,
omnimath-918,6,lean,
omnimath-918,7,inconclusive,
omnimath-918,8,python,
omnimath-918,9,python,
omnimath-919,0,python,
omnimath-919,1,neither,
omnimath-919,2,neither,
omnimath-919,3,python,
omnimath-91,0,inconclusive,
omnimath-91,1,inconclusive,
omnimath-91,2,inconclusive,
omnimath-91,3,inconclusive,
omnimath-91,4,inconclusive,
omnimath-91,5,inconclusive,
omnimath-91,6,neither,
omnimath-91,7,inconclusive,
omnimath-91,8,neither,
omnimath-920,0,inconclusive,
omnimath-920,1,python,
omnimath-920,2,python,
omnimath-920,3,python,
omnimath-920,4,python,
omnimath-921,0,neither,
omnimath-921,1,lean,
omnimath-921,3,inconclusive,
omnimath-921,4,python,
omnimath-921,5,inconclusive,
omnimath-922,0,python,
omnimath-922,1,lean,
omnimath-922,10,python,
omnimath-922,11,python,
omnimath-922,12,python,
omnimath-922,13,python,
omnimath-922,14,inconclusive,
omnimath-922,15,python,
omnimath-922,2,neither,
omnimath-922,3,lean,
omnimath-922,4,inconclusive,
omnimath-922,5,inconclusive,
omnimath-922,6,neither,
omnimath-922,7,inconclusive,
omnimath-922,8,python,
omnimath-922,9,python,
omnimath-923,0,lean,
omnimath-923,1,inconclusive,
omnimath-923,2,lean,
omnimath-923,3,inconclusive,
omnimath-923,4,lean,
omnimath-923,5,inconclusive,
omnimath-923,6,python,
omnimath-924,0,neither,
omnimath-924,1,python,
omnimath-924,10,python,
omnimath-924,11,inconclusive,
omnimath-924,2,python,
omnimath-924,3,python,
omnimath-924,4,python,
omnimath-924,5,python,
omnimath-924,6,python,
omnimath-924,7,python,
omnimath-924,8,python,
omnimath-924,9,python,
omnimath-925,0,python,
omnimath-925,1,lean,
omnimath-925,10,python,
omnimath-925,11,inconclusive,
omnimath-925,12,inconclusive,
omnimath-925,13,python,
omnimath-925,14,python,
omnimath-925,15,inconclusive,
omnimath-925,16,lean,
omnimath-925,17,lean,
omnimath-925,18,neither,
omnimath-925,19,neither,
omnimath-925,2,lean,
omnimath-925,20,python,
omnimath-925,21,inconclusive,
omnimath-925,3,lean,
omnimath-925,4,inconclusive,
omnimath-925,5,python,
omnimath-925,6,inconclusive,
omnimath-925,7,lean,
omnimath-925,8,python,
omnimath-925,9,lean,
omnimath-926,0,inconclusive,
omnimath-926,1,neither,
omnimath-926,2,neither,
omnimath-926,3,neither,
omnimath-926,4,inconclusive,
omnimath-926,5,neither,
omnimath-926,6,inconclusive,
omnimath-926,7,inconclusive,
omnimath-926,8,python,
omnimath-927,0,neither,
omnimath-927,1,neither,
omnimath-927,2,neither,
omnimath-927,3,neither,
omnimath-928,0,inconclusive,
omnimath-928,1,inconclusive,
omnimath-928,2,python,
omnimath-928,3,neither,
omnimath-928,4,inconclusive,
omnimath-928,5,inconclusive,
omnimath-928,6,neither,
omnimath-929,0,inconclusive,
omnimath-929,1,inconclusive,
omnimath-929,2,inconclusive,
omnimath-929,3,python,
omnimath-929,4,inconclusive,
omnimath-929,5,neither,
omnimath-929,6,inconclusive,
omnimath-929,7,python,
omnimath-929,8,python,
omnimath-929,9,python,
omnimath-92,0,inconclusive,
omnimath-92,1,neither,
omnimath-92,2,inconclusive,
omnimath-92,3,python,
omnimath-92,4,inconclusive,
omnimath-92,5,inconclusive,
omnimath-92,6,python,
omnimath-930,0,inconclusive,
omnimath-930,1,lean,
omnimath-930,2,lean,
omnimath-930,3,python,
omnimath-930,4,neither,
omnimath-930,5,inconclusive,
omnimath-930,6,python,
omnimath-930,7,python,
omnimath-931,0,inconclusive,
omnimath-931,1,python,
omnimath-931,2,python,
omnimath-931,3,python,
omnimath-931,4,python,
omnimath-931,5,lean,
omnimath-931,6,python,
omnimath-931,7,inconclusive,
omnimath-931,8,inconclusive,
omnimath-932,0,lean,
omnimath-932,1,python,
omnimath-932,10,python,
omnimath-932,11,python,
omnimath-932,12,python,
omnimath-932,2,python,
omnimath-932,3,neither,
omnimath-932,4,lean,
omnimath-932,5,lean,
omnimath-932,6,neither,
omnimath-932,7,neither,
omnimath-932,8,inconclusive,
omnimath-932,9,lean,
omnimath-933,0,inconclusive,
omnimath-933,1,python,
omnimath-933,2,python,
omnimath-933,3,python,
omnimath-934,0,inconclusive,
omnimath-934,1,inconclusive,
omnimath-934,2,inconclusive,
omnimath-934,3,python,
omnimath-934,4,inconclusive,
omnimath-934,5,neither,
omnimath-934,6,inconclusive,
omnimath-934,7,inconclusive,
omnimath-935,0,python,
omnimath-935,1,lean,
omnimath-935,10,python,
omnimath-935,2,lean,
omnimath-935,3,lean,
omnimath-935,4,tie,
omnimath-935,5,python,
omnimath-935,6,lean,
omnimath-935,7,python,
omnimath-935,8,python,
omnimath-935,9,python,
omnimath-936,0,inconclusive,
omnimath-936,1,inconclusive,
omnimath-936,2,python,
omnimath-936,3,inconclusive,
omnimath-936,4,inconclusive,
omnimath-936,5,inconclusive,
omnimath-936,6,inconclusive,
omnimath-936,7,inconclusive,
omnimath-937,0,inconclusive,
omnimath-937,1,inconclusive,
omnimath-937,2,neither,
omnimath-937,3,inconclusive,
omnimath-937,4,inconclusive,
omnimath-938,0,python,
omnimath-938,1,inconclusive,
omnimath-938,2,python,
omnimath-938,3,python,
omnimath-938,4,python,
omnimath-938,5,python,
omnimath-938,6,neither,
omnimath-938,7,python,
omnimath-938,8,python,
omnimath-938,9,python,
omnimath-939,0,inconclusive,
omnimath-939,1,neither,
omnimath-939,2,lean,
omnimath-939,3,inconclusive,
omnimath-939,4,inconclusive,
omnimath-939,5,neither,
omnimath-93,0,inconclusive,
omnimath-93,1,inconclusive,
omnimath-93,10,inconclusive,
omnimath-93,2,inconclusive,
omnimath-93,3,inconclusive,
omnimath-93,4,inconclusive,
omnimath-93,5,python,
omnimath-93,6,neither,
omnimath-93,7,python,
omnimath-93,8,python,
omnimath-93,9,inconclusive,
omnimath-940,0,neither,
omnimath-940,1,lean,
omnimath-940,2,inconclusive,
omnimath-940,3,inconclusive,
omnimath-940,4,python,
omnimath-940,5,inconclusive,
omnimath-940,6,inconclusive,
omnimath-940,7,inconclusive,
omnimath-940,8,inconclusive,
omnimath-941,0,inconclusive,
omnimath-941,1,inconclusive,
omnimath-941,10,python,
omnimath-941,11,python,
omnimath-941,2,python,
omnimath-941,3,inconclusive,
omnimath-941,4,inconclusive,
omnimath-941,5,inconclusive,
omnimath-941,6,inconclusive,
omnimath-941,7,python,
omnimath-941,8,python,
omnimath-941,9,python,
omnimath-942,0,inconclusive,
omnimath-942,1,python,
omnimath-942,2,lean,
omnimath-942,3,python,
omnimath-942,4,neither,
omnimath-942,5,python,
omnimath-942,6,python,
omnimath-942,7,python,
omnimath-942,8,python,
omnimath-943,0,inconclusive,
omnimath-943,1,inconclusive,
omnimath-943,10,lean,
omnimath-943,11,inconclusive,
omnimath-943,12,inconclusive,
omnimath-943,2,inconclusive,
omnimath-943,3,neither,
omnimath-943,4,python,
omnimath-943,5,inconclusive,
omnimath-943,6,neither,
omnimath-943,7,inconclusive,
omnimath-943,8,inconclusive,
omnimath-943,9,inconclusive,
omnimath-944,0,inconclusive,
omnimath-944,1,inconclusive,
omnimath-944,10,neither,
omnimath-944,2,inconclusive,
omnimath-944,3,inconclusive,
omnimath-944,4,inconclusive,
omnimath-944,5,inconclusive,
omnimath-944,6,neither,
omnimath-944,7,python,
omnimath-944,8,neither,
omnimath-944,9,neither,
omnimath-945,0,python,
omnimath-945,1,python,
omnimath-945,2,lean,
omnimath-945,3,python,
omnimath-945,4,python,
omnimath-945,5,python,
omnimath-945,6,python,
omnimath-945,7,python,
omnimath-945,8,python,
omnimath-946,0,lean,
omnimath-946,1,lean,
omnimath-946,2,python,
omnimath-946,3,python,
omnimath-946,4,python,
omnimath-946,5,python,
omnimath-946,6,lean,
omnimath-946,7,lean,
omnimath-947,0,python,
omnimath-947,1,neither,
omnimath-947,2,neither,
omnimath-947,3,lean,
omnimath-947,4,python,
omnimath-948,0,inconclusive,
omnimath-948,1,neither,
omnimath-948,2,python,
omnimath-948,3,python,
omnimath-948,4,neither,
omnimath-948,5,inconclusive,
omnimath-948,6,python,
omnimath-948,7,inconclusive,
omnimath-948,8,inconclusive,
omnimath-949,0,neither,
omnimath-949,1,neither,
omnimath-949,2,inconclusive,
omnimath-949,3,inconclusive,
omnimath-949,4,python,
omnimath-949,5,inconclusive,
omnimath-949,6,python,
omnimath-94,0,inconclusive,
omnimath-94,1,inconclusive,
omnimath-94,2,inconclusive,
omnimath-94,3,inconclusive,
omnimath-94,4,inconclusive,
omnimath-94,5,neither,
omnimath-94,6,inconclusive,
omnimath-94,7,neither,
omnimath-94,8,inconclusive,
omnimath-950,0,inconclusive,
omnimath-950,1,neither,
omnimath-950,2,python,
omnimath-950,3,python,
omnimath-950,4,neither,
omnimath-950,5,python,
omnimath-950,6,neither,
omnimath-950,7,python,
omnimath-951,0,inconclusive,
omnimath-951,1,inconclusive,
omnimath-951,2,lean,
omnimath-951,3,python,
omnimath-951,4,lean,
omnimath-951,5,lean,
omnimath-951,6,python,
omnimath-952,0,inconclusive,
omnimath-952,1,python,
omnimath-952,10,inconclusive,
omnimath-952,11,python,
omnimath-952,12,python,
omnimath-952,13,python,
omnimath-952,14,inconclusive,
omnimath-952,15,inconclusive,
omnimath-952,16,neither,
omnimath-952,2,inconclusive,
omnimath-952,3,tie,
omnimath-952,4,python,
omnimath-952,5,inconclusive,
omnimath-952,6,python,
omnimath-952,7,python,
omnimath-952,8,inconclusive,
omnimath-952,9,inconclusive,
omnimath-953,0,inconclusive,
omnimath-953,1,inconclusive,
omnimath-953,2,inconclusive,
omnimath-953,3,inconclusive,
omnimath-953,4,python,
omnimath-954,0,inconclusive,
omnimath-954,1,neither,
omnimath-954,2,inconclusive,
omnimath-954,3,python,
omnimath-954,4,neither,
omnimath-954,5,neither,
omnimath-954,6,inconclusive,
omnimath-954,7,inconclusive,
omnimath-955,0,inconclusive,
omnimath-955,1,python,
omnimath-955,2,python,
omnimath-955,3,python,
omnimath-955,4,python,
omnimath-956,0,inconclusive,
omnimath-956,1,python,
omnimath-956,10,neither,
omnimath-956,11,inconclusive,
omnimath-956,12,python,
omnimath-956,13,inconclusive,
omnimath-956,14,neither,
omnimath-956,15,neither,
omnimath-956,16,inconclusive,
omnimath-956,17,neither,
omnimath-956,18,python,
omnimath-956,19,inconclusive,
omnimath-956,2,python,
omnimath-956,3,python,
omnimath-956,4,python,
omnimath-956,5,python,
omnimath-956,6,python,
omnimath-956,7,inconclusive,
omnimath-956,8,python,
omnimath-956,9,python,
omnimath-957,0,inconclusive,
omnimath-957,1,python,
omnimath-957,2,lean,
omnimath-957,3,inconclusive,
omnimath-957,4,python,
omnimath-957,5,inconclusive,
omnimath-957,6,lean,
omnimath-957,7,python,
omnimath-957,8,inconclusive,
omnimath-958,0,neither,
omnimath-958,1,inconclusive,
omnimath-958,10,inconclusive,
omnimath-958,11,python,
omnimath-958,12,python,
omnimath-958,2,python,
omnimath-958,3,inconclusive,
omnimath-958,4,python,
omnimath-958,5,neither,
omnimath-958,6,python,
omnimath-958,7,neither,
omnimath-958,8,python,
omnimath-958,9,python,
omnimath-959,0,inconclusive,
omnimath-959,1,python,
omnimath-959,2,python,
omnimath-959,3,tie,
omnimath-95,0,neither,
omnimath-95,1,python,
omnimath-95,2,neither,
omnimath-95,3,neither,
omnimath-95,4,neither,
omnimath-95,5,python,
omnimath-95,6,neither,
omnimath-960,0,inconclusive,
omnimath-960,1,neither,
omnimath-960,2,python,
omnimath-960,3,neither,
omnimath-960,4,inconclusive,
omnimath-960,5,neither,
omnimath-960,6,python,
omnimath-961,0,inconclusive,
omnimath-961,1,python,
omnimath-961,2,neither,
omnimath-961,3,neither,
omnimath-961,4,inconclusive,
omnimath-961,5,python,
omnimath-962,0,neither,
omnimath-962,1,python,
omnimath-962,2,neither,
omnimath-962,3,inconclusive,
omnimath-962,4,inconclusive,
omnimath-962,5,inconclusive,
omnimath-963,0,inconclusive,
omnimath-963,1,python,
omnimath-963,10,inconclusive,
omnimath-963,2,lean,
omnimath-963,3,inconclusive,
omnimath-963,4,neither,
omnimath-963,5,lean,
omnimath-963,6,inconclusive,
omnimath-963,7,inconclusive,
omnimath-963,8,inconclusive,
omnimath-963,9,inconclusive,
omnimath-964,0,python,
omnimath-964,1,neither,
omnimath-964,2,python,
omnimath-964,3,python,
omnimath-964,4,inconclusive,
omnimath-964,5,inconclusive,
omnimath-964,6,inconclusive,
omnimath-964,7,inconclusive,
omnimath-964,8,inconclusive,
omnimath-964,9,inconclusive,
omnimath-965,0,lean,
omnimath-965,1,inconclusive,
omnimath-965,2,python,
omnimath-965,3,python,
omnimath-965,4,python,
omnimath-965,5,lean,
omnimath-966,0,python,
omnimath-966,1,inconclusive,
omnimath-966,2,inconclusive,
omnimath-966,3,inconclusive,
omnimath-966,4,neither,
omnimath-966,5,python,
omnimath-966,6,neither,
omnimath-967,0,python,
omnimath-967,1,neither,
omnimath-967,2,python,
omnimath-967,3,neither,
omnimath-967,4,neither,
omnimath-967,5,python,
omnimath-968,0,inconclusive,
omnimath-968,1,python,
omnimath-968,10,python,
omnimath-968,2,inconclusive,
omnimath-968,3,python,
omnimath-968,4,neither,
omnimath-968,5,python,
omnimath-968,6,python,
omnimath-968,7,python,
omnimath-968,8,python,
omnimath-968,9,python,
omnimath-969,0,python,
omnimath-969,1,inconclusive,
omnimath-969,2,inconclusive,
omnimath-969,3,lean,
omnimath-969,4,neither,
omnimath-969,5,neither,
omnimath-969,6,inconclusive,
omnimath-969,7,inconclusive,
omnimath-96,0,inconclusive,
omnimath-96,1,inconclusive,
omnimath-96,2,neither,
omnimath-96,3,python,
omnimath-96,4,neither,
omnimath-96,5,,request_failed
omnimath-96,6,neither,
omnimath-970,0,lean,
omnimath-970,1,lean,
omnimath-970,2,neither,
omnimath-970,3,lean,
omnimath-970,4,python,
omnimath-970,5,neither,
omnimath-970,6,python,
omnimath-970,7,python,
omnimath-970,8,lean,
omnimath-971,0,neither,
omnimath-971,1,inconclusive,
omnimath-971,2,inconclusive,
omnimath-971,3,inconclusive,
omnimath-971,4,inconclusive,
omnimath-971,5,inconclusive,
omnimath-971,6,inconclusive,
omnimath-971,7,python,
omnimath-971,8,neither,
omnimath-971,9,neither,
omnimath-972,0,inconclusive,
omnimath-972,1,inconclusive,
omnimath-972,2,neither,
omnimath-972,3,neither,
omnimath-972,4,neither,
omnimath-972,5,neither,
omnimath-972,6,python,
omnimath-972,7,python,
omnimath-972,8,neither,
omnimath-973,0,inconclusive,
omnimath-973,1,neither,
omnimath-973,10,lean,
omnimath-973,11,neither,
omnimath-973,12,neither,
omnimath-973,13,neither,
omnimath-973,14,neither,
omnimath-973,2,inconclusive,
omnimath-973,3,lean,
omnimath-973,4,lean,
omnimath-973,5,neither,
omnimath-973,6,neither,
omnimath-973,7,neither,
omnimath-973,8,inconclusive,
omnimath-973,9,neither,
omnimath-974,0,python,
omnimath-974,1,neither,
omnimath-974,2,python,
omnimath-974,3,python,
omnimath-974,4,python,
omnimath-974,5,python,
omnimath-975,0,inconclusive,
omnimath-975,1,python,
omnimath-975,10,neither,
omnimath-975,11,python,
omnimath-975,12,inconclusive,
omnimath-975,2,inconclusive,
omnimath-975,3,neither,
omnimath-975,4,inconclusive,
omnimath-975,5,lean,
omnimath-975,6,inconclusive,
omnimath-975,7,neither,
omnimath-975,8,inconclusive,
omnimath-975,9,neither,
omnimath-976,0,neither,
omnimath-976,1,python,
omnimath-976,10,neither,
omnimath-976,11,neither,
omnimath-976,12,neither,
omnimath-976,13,neither,
omnimath-976,14,python,
omnimath-976,15,neither,
omnimath-976,16,inconclusive,
omnimath-976,17,python,
omnimath-976,18,inconclusive,
omnimath-976,2,neither,
omnimath-976,3,neither,
omnimath-976,4,python,
omnimath-976,5,neither,
omnimath-976,6,neither,
omnimath-976,7,neither,
omnimath-976,8,python,
omnimath-976,9,neither,
omnimath-977,0,inconclusive,
omnimath-977,1,neither,
omnimath-977,2,python,
omnimath-977,3,neither,
omnimath-977,4,python,
omnimath-977,5,neither,
omnimath-977,6,inconclusive,
omnimath-978,0,inconclusive,
omnimath-978,1,inconclusive,
omnimath-978,2,python,
omnimath-978,3,python,
omnimath-978,4,python,
omnimath-978,5,neither,
omnimath-978,6,inconclusive,
omnimath-978,7,lean,
omnimath-979,0,inconclusive,
omnimath-979,1,inconclusive,
omnimath-979,2,python,
omnimath-979,3,python,
omnimath-979,4,neither,
omnimath-979,5,lean,
omnimath-979,6,inconclusive,
omnimath-97,0,inconclusive,
omnimath-97,1,python,
omnimath-97,2,python,
omnimath-97,3,python,
omnimath-97,4,inconclusive,
omnimath-97,5,inconclusive,
omnimath-97,6,inconclusive,
omnimath-97,7,python,
omnimath-97,8,inconclusive,
omnimath-980,0,neither,
omnimath-980,1,python,
omnimath-980,2,inconclusive,
omnimath-980,3,python,
omnimath-981,0,neither,
omnimath-981,1,python,
omnimath-981,2,python,
omnimath-981,3,python,
omnimath-981,4,inconclusive,
omnimath-982,0,neither,
omnimath-982,1,python,
omnimath-982,10,python,
omnimath-982,11,python,
omnimath-982,12,inconclusive,
omnimath-982,2,python,
omnimath-982,3,python,
omnimath-982,4,lean,
omnimath-982,5,lean,
omnimath-982,6,inconclusive,
omnimath-982,7,neither,
omnimath-982,8,inconclusive,
omnimath-982,9,python,
omnimath-983,0,python,
omnimath-983,1,python,
omnimath-983,10,python,
omnimath-983,11,python,
omnimath-983,12,python,
omnimath-983,13,python,
omnimath-983,14,python,
omnimath-983,15,python,
omnimath-983,16,python,
omnimath-983,2,inconclusive,
omnimath-983,3,python,
omnimath-983,4,python,
omnimath-983,5,python,
omnimath-983,6,python,
omnimath-983,7,python,
omnimath-983,8,python,
omnimath-983,9,inconclusive,
omnimath-984,0,python,
omnimath-984,1,python,
omnimath-984,2,neither,
omnimath-984,3,python,
omnimath-985,0,python,
omnimath-985,1,neither,
omnimath-985,2,python,
omnimath-985,3,python,
omnimath-985,4,inconclusive,
omnimath-986,0,python,
omnimath-986,1,python,
omnimath-986,10,python,
omnimath-986,2,python,
omnimath-986,3,python,
omnimath-986,4,neither,
omnimath-986,5,lean,
omnimath-986,6,python,
omnimath-986,7,neither,
omnimath-986,8,python,
omnimath-986,9,python,
omnimath-987,0,inconclusive,
omnimath-987,1,python,
omnimath-987,10,python,
omnimath-987,11,python,
omnimath-987,12,python,
omnimath-987,2,python,
omnimath-987,3,python,
omnimath-987,4,python,
omnimath-987,5,inconclusive,
omnimath-987,6,python,
omnimath-987,7,python,
omnimath-987,8,python,
omnimath-987,9,python,
omnimath-988,0,inconclusive,
omnimath-988,1,lean,
omnimath-988,2,python,
omnimath-988,3,inconclusive,
omnimath-988,4,neither,
omnimath-988,5,neither,
omnimath-988,6,python,
omnimath-988,7,python,
omnimath-989,0,inconclusive,
omnimath-989,1,lean,
omnimath-989,2,neither,
omnimath-989,3,python,
omnimath-989,4,python,
omnimath-989,5,python,
omnimath-989,6,python,
omnimath-98,0,python,
omnimath-98,1,neither,
omnimath-98,2,inconclusive,
omnimath-98,3,python,
omnimath-98,4,python,
omnimath-98,5,python,
omnimath-98,6,python,
omnimath-98,7,python,
omnimath-98,8,python,
omnimath-98,9,inconclusive,
omnimath-990,0,neither,
omnimath-990,1,neither,
omnimath-990,2,neither,
omnimath-990,3,inconclusive,
omnimath-990,4,python,
omnimath-990,5,python,
omnimath-990,6,python,
omnimath-991,0,inconclusive,
omnimath-991,1,python,
omnimath-991,2,python,
omnimath-991,3,python,
omnimath-991,4,neither,
omnimath-991,5,python,
omnimath-991,6,python,
omnimath-992,0,inconclusive,
omnimath-992,1,inconclusive,
omnimath-992,2,inconclusive,
omnimath-992,3,inconclusive,
omnimath-992,4,inconclusive,
omnimath-992,5,inconclusive,
omnimath-992,6,python,
omnimath-992,7,inconclusive,
omnimath-992,8,lean,
omnimath-992,9,python,
omnimath-993,0,inconclusive,
omnimath-993,1,neither,
omnimath-993,2,python,
omnimath-993,3,python,
omnimath-993,4,python,
omnimath-994,0,neither,
omnimath-994,1,neither,
omnimath-994,2,python,
omnimath-994,3,inconclusive,
omnimath-995,0,lean,
omnimath-995,1,neither,
omnimath-995,10,python,
omnimath-995,11,python,
omnimath-995,2,neither,
omnimath-995,3,inconclusive,
omnimath-995,4,lean,
omnimath-995,5,python,
omnimath-995,6,python,
omnimath-995,7,inconclusive,
omnimath-995,8,tie,
omnimath-995,9,python,
omnimath-996,0,inconclusive,
omnimath-996,1,neither,
omnimath-996,2,inconclusive,
omnimath-996,3,python,
omnimath-996,4,inconclusive,
omnimath-996,5,inconclusive,
omnimath-997,0,inconclusive,
omnimath-997,1,python,
omnimath-997,2,python,
omnimath-997,3,python,
omnimath-997,4,python,
omnimath-997,5,lean,
omnimath-997,6,python,
omnimath-998,0,inconclusive,
omnimath-998,1,python,
omnimath-998,2,lean,
omnimath-998,3,python,
omnimath-998,4,python,
omnimath-998,5,python,
omnimath-998,6,neither,
omnimath-998,7,python,
omnimath-999,0,neither,
omnimath-999,1,neither,
omnimath-999,2,inconclusive,
omnimath-999,3,inconclusive,
omnimath-99,0,inconclusive,
omnimath-99,1,neither,
omnimath-99,2,neither,
omnimath-99,3,neither,
omnimath-99,4,python,
omnimath-99,5,python,
omnimath-99,6,inconclusive,
omnimath-9,0,inconclusive,
omnimath-9,1,inconclusive,
omnimath-9,10,inconclusive,
omnimath-9,11,python,
omnimath-9,12,python,
omnimath-9,2,python,
omnimath-9,3,inconclusive,
omnimath-9,4,python,
omnimath-9,5,inconclusive,
omnimath-9,6,inconclusive,
omnimath-9,7,python,
omnimath-9,8,neither,
omnimath-9,9,python,
