word,category,count,examples,total_attribution,mean_attribution,sem
\(\boxed{92}\),math notation,1,1,0.868291431106627,0.868291431106627,0.0
\(\boxed{9}\),math notation,1,1,0.8470747824758291,0.8470747824758291,0.0
\(\boxed{4000}\),math notation,1,1,0.8270854223519564,0.8270854223519564,0.0
\(\boxed{73}\),math notation,1,1,0.7815126432105899,0.7815126432105899,0.0
\(\boxed{60\%}\),math notation,1,1,0.7499376200139523,0.7499376200139523,0.0
\(\boxed{67}\),math notation,1,1,0.7237098030745983,0.7237098030745983,0.0
\(\boxed{1920}\),math notation,1,1,0.7167209014296532,0.7167209014296532,0.0
\(\boxed{5}\),math notation,1,1,0.6855045780539513,0.6855045780539513,0.0
\(\boxed{1938}\),math notation,1,1,0.6834858767688274,0.6834858767688274,0.0
\boxed{19},math notation,1,1,0.6491059977561235,0.6491059977561235,0.0
\(\boxed{\frac{1}{15}}\),math notation,1,1,0.6484048198908567,0.6484048198908567,0.0
\(\boxed{\frac{2}{3}}\),math notation,1,1,0.64783805469051,0.64783805469051,0.0
**\(\boxed{2107}\)**,math notation,1,1,0.6389066185802221,0.6389066185802221,0.0
\boxed{20%},math notation,1,1,0.6370310364291072,0.6370310364291072,0.0
\(\boxed{65}\),math notation,1,1,0.6257103299722075,0.6257103299722075,0.0
\(\boxed{490}\),math notation,1,1,0.6210541194304824,0.6210541194304824,0.0
\(\boxed{64}\),math notation,1,1,0.6167120712343603,0.6167120712343603,0.0
\(\boxed{130}\),math notation,1,1,0.5942065855488181,0.5942065855488181,0.0
\(\boxed{300}\),math notation,1,1,0.5934084132313728,0.5934084132313728,0.0
$\boxed{1600}$,math notation,1,1,0.5904349237680435,0.5904349237680435,0.0
\(\boxed{47}\),math notation,1,1,0.5894960705190897,0.5894960705190897,0.0
\(\boxed{80}\),math notation,1,1,0.550721088424325,0.550721088424325,0.0
\boxed{70},math notation,1,1,0.5392938470467925,0.5392938470467925,0.0
\boxed{336},math notation,1,1,0.5293892193585634,0.5293892193585634,0.0
\(\boxed{200}\),math notation,1,1,0.5285457279533148,0.5285457279533148,0.0
\(\boxed{34}\),math notation,1,1,0.5207116110250354,0.5207116110250354,0.0
\(\frac{700}{3}\),math notation,1,1,0.5172804621979594,0.5172804621979594,0.0
\(\boxed{98}\),math notation,1,1,0.5098805204033852,0.5098805204033852,0.0
\(\boxed{15}\),math notation,1,1,0.5027051724027842,0.5027051724027842,0.0
\(\frac{1}{2}(\frac{2x}{3},math notation,1,1,0.5014429306611419,0.5014429306611419,0.0
\(\frac{2x}{3},math notation,1,1,0.4856922090984881,0.4856922090984881,0.0
\(\boxed{14}\),math notation,4,4,1.9227155447006226,0.48067888617515564,0.09692612391841504
\(\boxed{6}\),math notation,1,1,0.47394249960780144,0.47394249960780144,0.0
\(\boxed{\frac{58}{3}}\),math notation,1,1,0.47364547569304705,0.47364547569304705,0.0
"\boxed{$27,000}",math notation,1,1,0.4636218510568142,0.4636218510568142,0.0
28)\),math notation,2,2,0.9154330873861909,0.45771654369309545,0.008002434309837112
18)\),math notation,2,2,0.9008165178820491,0.45040825894102454,0.0031773761644333996
\boxed{29},math notation,1,1,0.4503089264035225,0.4503089264035225,0.0
\(\boxed{\text{tuesday}}\),math notation,1,1,0.44798148423433304,0.44798148423433304,0.0
$\boxed{250}$,math notation,1,1,0.4471487933769822,0.4471487933769822,0.0
24)\),math notation,2,2,0.8914001155644655,0.44570005778223276,0.0004879320895730966
$\overline{bd}$,math notation,1,1,0.44223289750516415,0.44223289750516415,0.0
$\boxed{32}$,math notation,1,1,0.42773969331756234,0.42773969331756234,0.0
\(\boxed{90}\),math notation,2,2,0.8473619173746556,0.4236809586873278,0.1755828223453388
\boxed{0.5},math notation,1,1,0.4220994636416435,0.4220994636416435,0.0
\(\boxed{52}\),math notation,1,1,0.4201858132146299,0.4201858132146299,0.0
\boxed{3851},math notation,1,1,0.4082816098816693,0.4082816098816693,0.0
\(\frac{x}{3}\),math notation,1,1,0.4063950511626899,0.4063950511626899,0.0
\(\boxed{2}\),math notation,2,2,0.8104177354834974,0.4052088677417487,0.20816400343199995
\boxed{180},math notation,1,1,0.4012876898050308,0.4012876898050308,0.0
30)\),math notation,2,2,0.7935425210744143,0.3967712605372071,0.02054467360163146
\boxed{62\%},math notation,1,1,0.39316620072349906,0.39316620072349906,0.0
315^\circ\),math notation,1,1,0.3911197786219418,0.3911197786219418,0.0
\boxed{-\frac{155}{2}},math notation,1,1,0.38050600653514266,0.38050600653514266,0.0
\(\boxed{16}\),math notation,1,1,0.3573146176058799,0.3573146176058799,0.0
\(1000^{\text{th}}\),math notation,1,1,0.3546573184430599,0.3546573184430599,0.0
\((16,math notation,2,2,0.692123482003808,0.346061741001904,0.0008040729660746959
$\boxed{5000}$,math notation,1,1,0.34600762091577053,0.34600762091577053,0.0
\((21,math notation,2,2,0.6891449131071568,0.3445724565535784,0.006358482983506876
$\boxed{43}$,math notation,1,1,0.34332516230642796,0.34332516230642796,0.0
\(\boxed{4}\),math notation,3,3,1.0250495756044984,0.34168319186816615,0.07245719329079917
$(113+276)-39$,math notation,1,1,0.33710461063310504,0.33710461063310504,0.0
\(\boxed{0}\),math notation,3,3,1.0002727776300162,0.3334242592100054,0.03565005256252678
$\boxed{22}$,math notation,1,1,0.332445056643337,0.332445056643337,0.0
700.\],math notation,1,1,0.3301236340776086,0.3301236340776086,0.0
"\(e(6,3)\)",math notation,1,1,0.3279575139749795,0.3279575139749795,0.0
\(\frac{15}{4}\),math notation,2,2,0.6553776641376317,0.3276888320688158,0.07503136746332341
\boxed{6},math notation,2,2,0.651030819863081,0.3255154099315405,0.11828808721066493
\boxed{13},math notation,1,1,0.3244957448914647,0.3244957448914647,0.0
\(\boxed{\frac{1}{3}}\),math notation,1,1,0.3224494216265157,0.3224494216265157,0.0
1002001$,math notation,1,1,0.32243271823972464,0.32243271823972464,0.0
\((24,math notation,2,2,0.6394192054867744,0.3197096027433872,0.008849576416010451
\frac{4}{1-x}\],math notation,1,1,0.3186302650719881,0.3186302650719881,0.0
$\frac{1}{9}$,math notation,1,1,0.3134674346074462,0.3134674346074462,0.0
\frac{1}{2}(\frac{2x}{3},math notation,1,1,0.3128777723759413,0.3128777723759413,0.0
"\(i(6,3)\)",math notation,1,1,0.31209118105471134,0.31209118105471134,0.0
camera,other word,1,1,0.3117455393075943,0.3117455393075943,0.0
\left(\frac{1}{2}\right)^n,math notation,1,1,0.30597370490431786,0.30597370490431786,0.0
\(\frac{\sqrt{x-2}}{x^2+x-6}\),math notation,1,1,0.3054429388139397,0.3054429388139397,0.0
legs,other word,1,1,0.3015872733667493,0.3015872733667493,0.0
\(\boxed{736}\),math notation,1,1,0.3013683327008039,0.3013683327008039,0.0
ec$,math notation,1,1,0.3011824041604996,0.3011824041604996,0.0
\boxed{3800},math notation,1,1,0.30068768188357353,0.30068768188357353,0.0
10^\circ$,math notation,1,1,0.2980500962585211,0.2980500962585211,0.0
\(\boxed{\frac{7}{25}}\),math notation,1,1,0.29687383002601564,0.29687383002601564,0.0
0.2xa,number,1,1,0.2963027963414788,0.2963027963414788,0.0
$20.00,math notation,1,1,0.29620499815791845,0.29620499815791845,0.0
\(\sqrt{2011}\),math notation,1,1,0.29353061225265265,0.29353061225265265,0.0
$y=7$,math notation,1,1,0.2929305110592395,0.2929305110592395,0.0
$\boxed{3}$,math notation,1,1,0.2925220122560859,0.2925220122560859,0.0
\((9,math notation,2,2,0.5850068349391222,0.2925034174695611,0.027927670739820047
\(20n\),math notation,1,1,0.2914750585332513,0.2914750585332513,0.0
\[\sum_{n=0}^{\infty},math notation,1,1,0.2909562673885375,0.2909562673885375,0.0
\boxed{12},math notation,1,1,0.28245694003999233,0.28245694003999233,0.0
$\boxed{12}$,math notation,1,1,0.28190419636666775,0.28190419636666775,0.0
\(\boxed{\dfrac{21}{43}}\),math notation,1,1,0.2804728427436203,0.2804728427436203,0.0
\(\gcd(a_{5000},math notation,3,3,0.8403508292976767,0.2801169430992256,0.02976828182056309
\(\boxed{\frac{1}{10}}\),math notation,1,1,0.27920754975639284,0.27920754975639284,0.0
1234.234234234,number,2,2,0.5578829544829205,0.27894147724146023,0.048288466325954335
\(\left(\frac{b}{2}\right)^2\),math notation,1,1,0.27747768932022154,0.27747768932022154,0.0
\(\boxed{700}\),math notation,1,1,0.2757233828306198,0.2757233828306198,0.0
$\boxed{110}$,math notation,1,1,0.2717039231210947,0.2717039231210947,0.0
\((25,math notation,1,1,0.2705080593004823,0.2705080593004823,0.0
\(\boxed{590}\),math notation,1,1,0.2654185185674578,0.2654185185674578,0.0
\boxed{11/36},math notation,1,1,0.2650955244898796,0.2650955244898796,0.0
\[\frac{4}{a^2}-\frac{144}{b^2}=1.\],math notation,1,1,0.2633001580834389,0.2633001580834389,0.0
126,number,1,1,0.2622586153447628,0.2622586153447628,0.0
\(\boxed{56}\),math notation,1,1,0.26138098863884807,0.26138098863884807,0.0
"$1,000,000",math notation,1,1,0.26011204486712813,0.26011204486712813,0.0
\boxed{350},math notation,1,1,0.2579446635209024,0.2579446635209024,0.0
\(\boxed{12}\),math notation,3,2,0.7738073957152665,0.25793579857175547,0.05160697278374597
\(84^\circ\),math notation,1,1,0.257507748901844,0.257507748901844,0.0
\boxed{-3969}$,math notation,1,1,0.2571981595829129,0.2571981595829129,0.0
\frac{1}{0.848386471827448},math notation,1,1,0.2570553137920797,0.2570553137920797,0.0
14.\],math notation,1,1,0.2537550153210759,0.2537550153210759,0.0
-(-x)$,math notation,1,1,0.25240944512188435,0.25240944512188435,0.0
\(\frac{c}{a}\),math notation,1,1,0.2496911478228867,0.2496911478228867,0.0
\((3.6)^2\),math notation,1,1,0.24904014263302088,0.24904014263302088,0.0
\((\sqrt{20+\sqrt{t+x}})^2,math notation,1,1,0.24806495918892324,0.24806495918892324,0.0
\((3,math notation,4,4,0.9872722988948226,0.24681807472370565,0.0028918173414892658
\(\boxed{84}\),math notation,1,1,0.24591378076002002,0.24591378076002002,0.0
445,number,1,1,0.24566443357616663,0.24566443357616663,0.0
\(\frac{6}{2},math notation,1,1,0.24499962758272886,0.24499962758272886,0.0
\frac{67}{0.2x},math notation,1,1,0.24365372862666845,0.24365372862666845,0.0
appropriately,other word,1,1,0.24279140681028366,0.24279140681028366,0.0
19\),math notation,2,2,0.4717065831646323,0.23585329158231616,0.09080522607822249
\boxed{-\frac{30}{17}},math notation,1,1,0.23530990118160844,0.23530990118160844,0.0
\((\sqrt{t+x})^2,math notation,1,1,0.2350106865633279,0.2350106865633279,0.0
$180^\circ$,math notation,1,1,0.23416785104200244,0.23416785104200244,0.0
\frac{66}{7}\),math notation,1,1,0.23377805238123983,0.23377805238123983,0.0
\(1938\),math notation,1,1,0.2312351376749575,0.2312351376749575,0.0
1.2xa,number,1,1,0.23060609214007854,0.23060609214007854,0.0
\(\frac{7}{25}\),math notation,1,1,0.22995635611005127,0.22995635611005127,0.0
\(24\),math notation,1,1,0.2274054316803813,0.2274054316803813,0.0
\((4!)^2\),math notation,1,1,0.22315903869457543,0.22315903869457543,0.0
$389-39$,math notation,1,1,0.22247723024338484,0.22247723024338484,0.0
$\sqrt{\sqrt{\sqrt[9]{10^{9^{2}-9}}}}$,math notation,1,1,0.22179126820992678,0.22179126820992678,0.0
12\%\),math notation,1,1,0.22150558000430465,0.22150558000430465,0.0
b^2}{97^2,math notation,1,1,0.22126943431794643,0.22126943431794643,0.0
\(180^\circ\),math notation,1,1,0.2195359014440328,0.2195359014440328,0.0
\(3\sqrt{2}\),math notation,1,1,0.21888745517935604,0.21888745517935604,0.0
3851,number,1,1,0.21885867742821574,0.21885867742821574,0.0
$\boxed{1020}$,math notation,1,1,0.217795567587018,0.217795567587018,0.0
gcds,other word,1,1,0.21575256809592247,0.21575256809592247,0.0
\binom{n+k-1}{k-1},math notation,1,1,0.2156310707796365,0.2156310707796365,0.0
90\),math notation,3,3,0.6436079838313162,0.21453599461043873,0.01875057370813218
1.179582627535625,number,1,1,0.2144997965078801,0.2144997965078801,0.0
\(2011\),math notation,1,1,0.21443920582532883,0.21443920582532883,0.0
\boxed{\frac{32}{11}},math notation,1,1,0.21389621356502175,0.21389621356502175,0.0
590\),math notation,1,1,0.2123188953846693,0.2123188953846693,0.0
error,hedging / contrast,1,1,0.2121598683297634,0.2121598683297634,0.0
\(\left(\sqrt{103041}\right)^2\),math notation,1,1,0.21164592576678842,0.21164592576678842,0.0
\((1-i)^4\),math notation,1,1,0.210906982421875,0.210906982421875,0.0
\[3-6+9-12+15-18+21\],math notation,1,1,0.2108345669694245,0.2108345669694245,0.0
\boxed{},math notation,1,1,0.21006156411021948,0.21006156411021948,0.0
\(h\),math notation,1,1,0.21000644145533442,0.21000644145533442,0.0
\frac{5\pi}{3},math notation,1,1,0.20938294823281467,0.20938294823281467,0.0
\sqrt{26},math notation,1,1,0.2088845302350819,0.2088845302350819,0.0
\boxed{4},math notation,1,1,0.20871887262910604,0.20871887262910604,0.0
1092.727,number,1,1,0.20841543097048998,0.20841543097048998,0.0
\sum_{i=0}^{2015}\left\lfloor\frac{2^{i}}{25}\right\rfloor,math notation,1,1,0.20721705490723252,0.20721705490723252,0.0
\(\frac{y}{x}\),math notation,8,6,1.635823989403434,0.20447799867542926,0.06800303914271318
\frac{1}{9}$),math notation,5,5,1.02030367590487,0.204060735180974,0.0016315484520842527
-x$,math notation,1,1,0.20297172851860523,0.20297172851860523,0.0
\((1+i)^8\),math notation,1,1,0.20237144734710455,0.20237144734710455,0.0
$\frac{3}{4}$,math notation,2,1,0.4043336357572116,0.2021668178786058,0.005817174112299184
\sqrt{9-4}}{2},math notation,1,1,0.20216286834329367,0.20216286834329367,0.0
\(3:5:7\),math notation,1,1,0.20192530809435993,0.20192530809435993,0.0
\[2-4+6-8+10-12+14\],math notation,1,1,0.20149763603694737,0.20149763603694737,0.0
$120.00,math notation,1,1,0.20005228789523244,0.20005228789523244,0.0
\boxed{\frac{4}{9}},math notation,1,1,0.19992486317642033,0.19992486317642033,0.0
\((1-i)^8\),math notation,1,1,0.19990506581962109,0.19990506581962109,0.0
10)\),math notation,4,4,0.7951026144437492,0.1987756536109373,0.05373743990823403
\frac{m}{n},math notation,1,1,0.19876268622465432,0.19876268622465432,0.0
\frac{43}{3}\),math notation,1,1,0.19831990054808557,0.19831990054808557,0.0
1.9,number,2,2,0.39439468272030354,0.19719734136015177,0.016729945879297894
\frac{27}{3},math notation,1,1,0.19695463753305376,0.19695463753305376,0.0
\(\frac{z}{x}\),math notation,1,1,0.19645578926429152,0.19645578926429152,0.0
\(b_n\),math notation,1,1,0.19580639619380236,0.19580639619380236,0.0
$(\frac{1}{3})(\frac{1}{3}),math notation,5,5,0.9773409825284034,0.19546819650568067,0.0019502300807456075
640.$$,math notation,1,1,0.19459780561737716,0.19459780561737716,0.0
\frac{700}{3}\),math notation,1,1,0.1944954690989107,0.1944954690989107,0.0
24\),math notation,3,3,0.5825383665505797,0.1941794555168599,0.06212001245929113
\dfrac{1}{b}\),math notation,2,2,0.38702133926562965,0.19351066963281482,0.0443728518487444
\(2/3\),math notation,1,1,0.19234069832600653,0.19234069832600653,0.0
\boxed{\frac{8}{3}},math notation,1,1,0.19101372314617038,0.19101372314617038,0.0
pemdas,other word,3,3,0.5724410898983479,0.1908136966327826,0.08888251299146431
\sum_{x=1}^{89},math notation,1,1,0.19061666214838624,0.19061666214838624,0.0
\(11^{5}\),math notation,1,1,0.19059841893613338,0.19059841893613338,0.0
\boxed{1},math notation,2,2,0.38012272282503545,0.19006136141251773,0.09476132462021972
700\),math notation,1,1,0.18979316111654043,0.18979316111654043,0.0
\(\boxed{3}\),math notation,2,2,0.3785423655062914,0.1892711827531457,0.027175848670637638
(4\sqrt{2})^2,math notation,1,1,0.18834728957153857,0.18834728957153857,0.0
\pmod{47}$,math notation,5,2,0.9415939843747765,0.18831879687495529,0.046089658424561065
\left(\frac{1}{1-x},math notation,1,1,0.18792510451748967,0.18792510451748967,0.0
$\sqrt{\sqrt{\sqrt[9]{10^{72}}}}$,math notation,1,1,0.18700301949866116,0.18700301949866116,0.0
\left(\sqrt{103041}\right)^2,math notation,1,1,0.18684203061275184,0.18684203061275184,0.0
\boxed{330}$,math notation,1,1,0.18590943980962038,0.18590943980962038,0.0
\(\boxed{23}\),math notation,1,1,0.18565144180320203,0.18565144180320203,0.0
\(5^{4}\),math notation,1,1,0.1827226949390024,0.1827226949390024,0.0
0.027,number,1,1,0.18081960827112198,0.18081960827112198,0.0
\boxed{16},math notation,1,1,0.18051276914775372,0.18051276914775372,0.0
$0.25,math notation,1,1,0.1802388709038496,0.1802388709038496,0.0
2^{\frac{66}{7}}\),math notation,1,1,0.18023063661530614,0.18023063661530614,0.0
\(\frac{3}{4}a\),math notation,1,1,0.18012174149043858,0.18012174149043858,0.0
5\)),math notation,2,2,0.3589846035465598,0.1794923017732799,0.07106234753721706
\frac{15}{3},math notation,1,1,0.179199050180614,0.179199050180614,0.0
$40$,math notation,1,1,0.17831942718476057,0.17831942718476057,0.0
\boxed{33},math notation,1,1,0.17774966079741716,0.17774966079741716,0.0
a_{100}\),math notation,1,1,0.17773693008348346,0.17773693008348346,0.0
\frac{4}{5}x,math notation,1,1,0.17731700651347637,0.17731700651347637,0.0
\frac{b-1}{96},math notation,1,1,0.17717695032479241,0.17717695032479241,0.0
103041\),math notation,1,1,0.17695175483822823,0.17695175483822823,0.0
2^{a+b+c}\),math notation,1,1,0.17589520814362913,0.17589520814362913,0.0
6561\),math notation,1,1,0.1739782129880041,0.1739782129880041,0.0
\(\frac{(10r^3)(4r^6)}{8r^4}\),math notation,1,1,0.17284165718592703,0.17284165718592703,0.0
$\frac{x^2}{a^2}-\frac{y^2}{b^2}=1$,math notation,1,1,0.1727583381580189,0.1727583381580189,0.0
$$\boxed{\frac{5}{9}}$$,math notation,1,1,0.17239593470003456,0.17239593470003456,0.0
\(\sqrt{20+\sqrt{t+x}}=5\),math notation,2,2,0.3429034486762248,0.1714517243381124,0.031159613264221165
\frac{1}{4})}\),math notation,1,1,0.1712601885665208,0.1712601885665208,0.0
5=10$,math notation,1,1,0.1710865159984678,0.1710865159984678,0.0
\boxed{300}\),math notation,1,1,0.17077672388404608,0.17077672388404608,0.0
\(2037171\),math notation,1,1,0.16907901456579566,0.16907901456579566,0.0
$600,math notation,1,1,0.16889987094327807,0.16889987094327807,0.0
2/9,math notation,1,1,0.16714384546503425,0.16714384546503425,0.0
\boxed{3},math notation,2,2,0.3341084038838744,0.1670542019419372,0.09819688571086894
\boxed{17},math notation,1,1,0.16600371710956097,0.16600371710956097,0.0
\(\boxed{-6}\),math notation,1,1,0.16592143347952515,0.16592143347952515,0.0
k\sqrt{k^2+1}$,math notation,1,1,0.16492899367585778,0.16492899367585778,0.0
\frac{25}{36}\],math notation,1,1,0.16440897225402296,0.16440897225402296,0.0
80(7)$,math notation,1,1,0.1635327594121918,0.1635327594121918,0.0
\(2^{2021}\),math notation,1,1,0.1633023046888411,0.1633023046888411,0.0
\(\tan,math notation,1,1,0.1630477625876665,0.1630477625876665,0.0
\(w\),math notation,1,1,0.162513785995543,0.162513785995543,0.0
$0.20,math notation,1,1,0.16219809441827238,0.16219809441827238,0.0
ties,other word,1,1,0.1615925203077495,0.1615925203077495,0.0
\boxed{15},math notation,1,1,0.16091236285865307,0.16091236285865307,0.0
\((1,math notation,2,2,0.32108156895264983,0.16054078447632492,0.05929907502531534
\frac{180^\circ}{15},math notation,1,1,0.16043915913905948,0.16043915913905948,0.0
\cdots\),math notation,1,1,0.16037441324442625,0.16037441324442625,0.0
\((t-2)^{20}\),math notation,1,1,0.16033258714014664,0.16033258714014664,0.0
\frac{1233}{999},math notation,1,1,0.1603166195563972,0.1603166195563972,0.0
\frac{y}{x}\),math notation,2,2,0.32024204498156905,0.16012102249078453,0.017788399277651145
\sqrt{11+x}=5,math notation,1,1,0.15943499095737934,0.15943499095737934,0.0
\(\frac{1}{8}\),math notation,1,1,0.15908403974026442,0.15908403974026442,0.0
\frac{n(n-1)}{2},math notation,3,2,0.4768315034452826,0.15894383448176086,0.006370735630512755
$6.00,math notation,1,1,0.15855479706078768,0.15855479706078768,0.0
$-(-x,math notation,1,1,0.15679777599871159,0.15679777599871159,0.0
\(s_2\),math notation,1,1,0.15623472537845373,0.15623472537845373,0.0
3$,math notation,6,5,0.9373050723224878,0.15621751205374798,0.04608831101525957
theory,other word,1,1,0.1558956578373909,0.1558956578373909,0.0
2^3)^{x+1,math notation,2,2,0.31174087058752775,0.15587043529376388,0.018562671293746755
level,other word,2,2,0.3109189160168171,0.15545945800840855,0.05067998243701764
$a^2+b^2=49$,math notation,1,1,0.15347920451313257,0.15347920451313257,0.0
\(\boxed{(\frac{5}{4},math notation,1,1,0.15308168809860945,0.15308168809860945,0.0
\frac{a+b}{3},math notation,1,1,0.15301407012157142,0.15301407012157142,0.0
\(x^{2}\),math notation,3,1,0.45776605524588376,0.15258868508196125,0.02460012469751892
d^2\),math notation,1,1,0.15245579928159714,0.15245579928159714,0.0
10^\circ,math notation,1,1,0.15244183130562305,0.15244183130562305,0.0
\(2011^2\),math notation,1,1,0.1523132026195526,0.1523132026195526,0.0
\(x=0\),math notation,1,1,0.15227883122861385,0.15227883122861385,0.0
\(\sqrt{t+x},math notation,1,1,0.15207488602027297,0.15207488602027297,0.0
\frac{1}{3}$,math notation,3,1,0.4557754974812269,0.15192516582707563,0.014184821811408123
\(-2\),math notation,1,1,0.15177988912910223,0.15177988912910223,0.0
requested,other word,2,2,0.30315084382891655,0.15157542191445827,0.11451922118641165
shown,other word,1,1,0.15122756734490395,0.15122756734490395,0.0
$18.00,math notation,1,1,0.15112875681370497,0.15112875681370497,0.0
actions,other word,2,2,0.30224307253956795,0.15112153626978397,0.11388627825472127
20(15,math notation,1,1,0.15067717991769314,0.15067717991769314,0.0
\frac{5}{6}\),math notation,1,1,0.15059077320620418,0.15059077320620418,0.0
0.70,number,2,2,0.301081279409118,0.150540639704559,0.058308801027986815
30\),math notation,4,4,0.5988515941426158,0.14971289853565395,0.0640890897426276
11+x=25,math notation,1,1,0.14912684075534344,0.14912684075534344,0.0
\(b^3\),math notation,1,1,0.14911261142697185,0.14911261142697185,0.0
\(2^{x^2}\),math notation,1,1,0.1490692114457488,0.1490692114457488,0.0
\frac{e}{2}\),math notation,2,2,0.2978218365460634,0.1489109182730317,0.05355768002056066
\boxed{\frac{15}{4}},math notation,1,1,0.14877890516072512,0.14877890516072512,0.0
311$,math notation,1,1,0.14844603091478348,0.14844603091478348,0.0
\(\boxed{\frac{66}{7}}\),math notation,2,2,0.29631938645616174,0.14815969322808087,0.04627473637265065
\boxed{67},math notation,1,1,0.14785445667803288,0.14785445667803288,0.0
0)\),math notation,3,3,0.44307632464915514,0.14769210821638504,0.08419126626571696
b_{501})\),math notation,3,3,0.4428484470117837,0.14761614900392792,0.010718333039545301
$\boxed{16}$,math notation,1,1,0.14750173629727215,0.14750173629727215,0.0
b^2\),math notation,5,5,0.7364522806601599,0.14729045613203198,0.038655235296109744
remaining}\],math notation,1,1,0.14726503333076835,0.14726503333076835,0.0
\boxed{yes},math notation,1,1,0.14701200183480978,0.14701200183480978,0.0
0.2x,number,1,1,0.14697191445156932,0.14697191445156932,0.0
\boxed{103041},math notation,1,1,0.14693498238921165,0.14693498238921165,0.0
\(\sqrt{2}\),math notation,1,1,0.1467485160101205,0.1467485160101205,0.0
\(2^x\),math notation,1,1,0.1464293107856065,0.1464293107856065,0.0
3)\),math notation,4,4,0.5854063597507775,0.14635158993769437,0.0428451373776088
$c=7$,math notation,1,1,0.1461308051366359,0.1461308051366359,0.0
\frac{1120}{81},math notation,1,1,0.14545524772256613,0.14545524772256613,0.0
kings,other word,1,1,0.14530587941408157,0.14530587941408157,0.0
\[\frac{2}{3},math notation,1,1,0.14424753515049815,0.14424753515049815,0.0
$800,math notation,2,2,0.28825300256721675,0.14412650128360838,0.09905084679846853
item,other word,1,1,0.1439385823905468,0.1439385823905468,0.0
\(\frac{1}{6}\),math notation,2,2,0.28764510864857584,0.14382255432428792,0.010887557764728936
\$5.00,math notation,1,1,0.14378398121334612,0.14378398121334612,0.0
f\left(-\frac{1}{2}\right),math notation,4,3,0.5742666288861074,0.14356665722152684,0.03265282472119703
0.75,number,1,1,0.14353956002742052,0.14353956002742052,0.0
-x,other word,2,2,0.28696421533823013,0.14348210766911507,0.048154473468527026
$\frac{200}{20}$,math notation,1,1,0.14309291914105415,0.14309291914105415,0.0
ladder,other word,2,1,0.285775987431407,0.1428879937157035,0.09129684568777206
\boxed{240},math notation,1,1,0.1423452254384756,0.1423452254384756,0.0
\$750\],math notation,1,1,0.1421764399856329,0.1421764399856329,0.0
\frac{3}{3},math notation,1,1,0.141969648655504,0.141969648655504,0.0
$8.00,math notation,1,1,0.14189089089632034,0.14189089089632034,0.0
\frac{20}{4},math notation,1,1,0.14162277104333043,0.14162277104333043,0.0
800-899,number,1,1,0.14159724954515696,0.14159724954515696,0.0
independent,other word,1,1,0.1414621453732252,0.1414621453732252,0.0
\(p_2\),math notation,2,2,0.28272222564555705,0.14136111282277852,0.017830035342577977
\frac{-8}{2},math notation,1,1,0.14084263960830867,0.14084263960830867,0.0
stop,other word,1,1,0.14080921187996864,0.14080921187996864,0.0
-3969,number,1,1,0.1405514709185809,0.1405514709185809,0.0
\(p_3\),math notation,4,3,0.5615183562040329,0.14037958905100822,0.04388403881386357
$0.015,math notation,1,1,0.14017581241205335,0.14017581241205335,0.0
calculations,other word,2,1,0.2801985386759043,0.14009926933795214,0.053616316494279184
$28.80,math notation,1,1,0.14008200028911233,0.14008200028911233,0.0
combinatorics,other word,1,1,0.13995375111699104,0.13995375111699104,0.0
18).\],math notation,1,1,0.13916092296130955,0.13916092296130955,0.0
-\frac{155}{2},math notation,1,1,0.13858544686809182,0.13858544686809182,0.0
\boxed{(2,math notation,1,1,0.1377263404428959,0.1377263404428959,0.0
edwahs,other word,5,4,0.6881248762365431,0.1376249752473086,0.04593383087110812
-(x,math notation,1,1,0.13744430616497993,0.13744430616497993,0.0
$\sqrt{\sqrt{10^{8}}}$,math notation,1,1,0.1374162145657465,0.1374162145657465,0.0
provided,other word,4,4,0.5487647417467088,0.1371911854366772,0.06009046757984299
5100\),math notation,1,1,0.1368820108473301,0.1368820108473301,0.0
2)^{2,math notation,1,1,0.13669909187592566,0.13669909187592566,0.0
midlines,other word,1,1,0.13659260049462318,0.13659260049462318,0.0
\(\frac{c}{2},math notation,1,1,0.13598015229217708,0.13598015229217708,0.0
$500,math notation,2,2,0.27195821702480316,0.13597910851240158,0.027797511393450793
144a^2\),math notation,1,1,0.13587901834398508,0.13587901834398508,0.0
1.234234234,number,1,1,0.13563128816895187,0.13563128816895187,0.0
2)\),math notation,5,5,0.6776426676660776,0.13552853353321553,0.03566152446040049
0.9,number,2,2,0.2705572908744216,0.1352786454372108,0.02090620169489623
clock,other word,1,1,0.1352057307958603,0.1352057307958603,0.0
36^\circ\),math notation,1,1,0.13489328674040735,0.13489328674040735,0.0
\(11\),math notation,1,1,0.13486128766089678,0.13486128766089678,0.0
queens,other word,1,1,0.1345598977059126,0.1345598977059126,0.0
0.20,number,4,4,0.5361953409155831,0.13404883522889577,0.024702318594673957
-\frac{1}{2},math notation,1,1,0.1338346682023257,0.1338346682023257,0.0
\(g\),math notation,3,2,0.401192563585937,0.13373085452864567,0.014059942645124859
$t=17$,math notation,2,2,0.2674579818267375,0.13372899091336876,0.001274880511225386
\boxed{200},math notation,1,1,0.13337851641699672,0.13337851641699672,0.0
"$20,000",math notation,2,2,0.26614919025450945,0.13307459512725472,0.009128035046493605
1\right\}$,math notation,1,1,0.13295660656876862,0.13295660656876862,0.0
\frac{-(-20),math notation,1,1,0.1328659004648216,0.1328659004648216,0.0
manipulations,other word,2,2,0.2655327848624438,0.1327663924312219,0.039308222455327696
1)\),math notation,7,6,0.9278657743707299,0.13255225348153285,0.03557963039228193
purse,other word,1,1,0.1325409570708871,0.1325409570708871,0.0
\(\tan(\angle,math notation,1,1,0.13251387141644955,0.13251387141644955,0.0
$96,math notation,1,1,0.13248328026384115,0.13248328026384115,0.0
$90^\circ$,math notation,1,1,0.132458982989192,0.132458982989192,0.0
"e(6,3",math notation,2,2,0.2646826901473105,0.13234134507365525,0.03390309073074303
\(2^n\),math notation,1,1,0.1320315022021532,0.1320315022021532,0.0
\boxed{\frac{67}{20}},math notation,1,1,0.13202378945425153,0.13202378945425153,0.0
\boxed{\frac{1120}{81}},math notation,1,1,0.13136265624780208,0.13136265624780208,0.0
\(2^2\),math notation,1,1,0.1308542750775814,0.1308542750775814,0.0
12.96\),math notation,1,1,0.13055383879691362,0.13055383879691362,0.0
\frac{1}{3}\),math notation,3,3,0.391381359891966,0.130460453297322,0.02379197605095319
observations,other word,1,1,0.1299584861844778,0.1299584861844778,0.0
"\frac{1}{2},$",math notation,1,1,0.12995041185058653,0.12995041185058653,0.0
\frac{13}{42},math notation,1,1,0.12955163465812802,0.12955163465812802,0.0
$113+276-13-26$,math notation,1,1,0.1294510941952467,0.1294510941952467,0.0
\(19^{20},math notation,1,1,0.12945082504302263,0.12945082504302263,0.0
$\frac{60}{3}$,math notation,1,1,0.12939232174539939,0.12939232174539939,0.0
non-ace-of-spades,other word,1,1,0.12799644458573312,0.12799644458573312,0.0
approach,other word,5,4,0.6398172038607299,0.127963440772146,0.07441741947439076
4*x\],math notation,1,1,0.12785559799522161,0.12785559799522161,0.0
squared,other word,2,2,0.25566927157342434,0.12783463578671217,0.01175236224040181
"i(6,3",math notation,2,2,0.255539420992136,0.127769710496068,0.012963858912868284
\(\frac{180}{\pi}\),math notation,1,1,0.12692591734230518,0.12692591734230518,0.0
"$f(2,5",math notation,3,3,0.3807030860334635,0.12690102867782116,0.015620669591075192
\(0\),math notation,3,3,0.3799936240538955,0.12666454135129848,0.023683040876412452
\((2,math notation,8,8,1.013277892721817,0.1266597365902271,0.03168218222170482
2^{3(x+1,math notation,2,2,0.25306068430654705,0.12653034215327352,0.002602985824356011
a^2\),math notation,1,1,0.1263449233956635,0.1263449233956635,0.0
-32\],math notation,1,1,0.12615182297304273,0.12615182297304273,0.0
\((3.6)^2,math notation,1,1,0.12550137378275394,0.12550137378275394,0.0
\(p_i\),math notation,1,1,0.125393055845052,0.125393055845052,0.0
\frac{4}{2},math notation,1,1,0.12538009393028915,0.12538009393028915,0.0
\frac{5-2}{2+1},math notation,2,2,0.24948389653582126,0.12474194826791063,0.0050422460829758495
$2000,math notation,1,1,0.12455806229263544,0.12455806229263544,0.0
\(\mathbf{a}\),math notation,2,2,0.24909678066615015,0.12454839033307508,0.056081895731114696
11^5\),math notation,2,2,0.24901991616934538,0.12450995808467269,0.02943109196086893
available,other word,1,1,0.12386157736182213,0.12386157736182213,0.0
b).\],math notation,1,1,0.12382366694509983,0.12382366694509983,0.0
84^\circ\),math notation,1,1,0.12371573690325022,0.12371573690325022,0.0
\frac{3}{8},math notation,1,1,0.12340303603559732,0.12340303603559732,0.0
10^{8}$,math notation,1,1,0.12324085086584091,0.12324085086584091,0.0
0.01,number,1,1,0.12288855575025082,0.12288855575025082,0.0
0.0056,number,1,1,0.12283470202237368,0.12283470202237368,0.0
\(n^2\),math notation,1,1,0.12276154523715377,0.12276154523715377,0.0
\boxed{\frac{66}{7}},math notation,1,1,0.12256408506073058,0.12256408506073058,0.0
i.e,other word,3,3,0.3672536024823785,0.12241786749412616,0.026217532610157253
c)\),math notation,2,2,0.24483038671314716,0.12241519335657358,0.01345427700796305
$\frac{1800}{9}$,math notation,1,1,0.12231051875278354,0.12231051875278354,0.0
$160^\circ$,math notation,1,1,0.12219454348087311,0.12219454348087311,0.0
-\frac{2}{3},math notation,1,1,0.12203345634043217,0.12203345634043217,0.0
\frac{2x}{3}\),math notation,1,1,0.12195974122732878,0.12195974122732878,0.0
\frac{50}{37},math notation,1,1,0.12193354428745806,0.12193354428745806,0.0
$\frac{3}{3}$),math notation,1,1,0.12192931049503386,0.12192931049503386,0.0
16$,math notation,1,1,0.12183022685348988,0.12183022685348988,0.0
wide,other word,3,3,0.3650224069133401,0.12167413563778003,0.08379994250321274
\(-48\),math notation,1,1,0.12132216338068247,0.12132216338068247,0.0
(2^3)\left(8^{x}\right),math notation,1,1,0.12075389665551484,0.12075389665551484,0.0
\$9.00,math notation,1,1,0.12068537157028913,0.12068537157028913,0.0
\(45^\circ\),math notation,3,3,0.3614533866639249,0.1204844622213083,0.014655967771460816
\frac{3}{4}a\),math notation,1,1,0.12030900688841939,0.12030900688841939,0.0
\frac{1}{25}$,math notation,1,1,0.1202927139820531,0.1202927139820531,0.0
\(a_1a_3a_5\),math notation,2,2,0.24047299101948738,0.12023649550974369,0.034206581131883004
4500\),math notation,2,2,0.24007461266592145,0.12003730633296072,0.02361127352483659
a_0\),math notation,1,1,0.11975010065361857,0.11975010065361857,0.0
\frac{100}{5},math notation,1,1,0.11967362812720239,0.11967362812720239,0.0
board,other word,1,1,0.11912077479064465,0.11912077479064465,0.0
$2000$,math notation,1,1,0.11911434307694435,0.11911434307694435,0.0
-\frac{4}{3}\),math notation,1,1,0.11899554939009249,0.11899554939009249,0.0
pairs/year,math notation,1,1,0.11897746752947569,0.11897746752947569,0.0
\frac{3925}{5},math notation,1,1,0.11885751888621598,0.11885751888621598,0.0
\(19xy\),math notation,1,1,0.1186835621483624,0.1186835621483624,0.0
\sum_{i=1}^{6},math notation,1,1,0.11864686477929354,0.11864686477929354,0.0
\frac{1}{5}$,math notation,1,1,0.11852546222507954,0.11852546222507954,0.0
\frac{d}{2}\),math notation,2,2,0.23679124237969518,0.11839562118984759,0.03209140054496815
\frac{567}{4},math notation,1,1,0.11830973136238754,0.11830973136238754,0.0
0.60,number,2,2,0.2364383953390643,0.11821919766953215,0.05758262473989686
\frac{48}{60}),math notation,1,1,0.11774509714450687,0.11774509714450687,0.0
\$640,math notation,1,1,0.11742259887978435,0.11742259887978435,0.0
1.75a\),math notation,1,1,0.11711914546322078,0.11711914546322078,0.0
weights,other word,2,2,0.23386272322386503,0.11693136161193252,0.0833358311933093
\frac{30}{10}$,math notation,1,1,0.11676080571487546,0.11676080571487546,0.0
\left(\frac{1}{2}\right)^{24/6},math notation,1,1,0.11670259351376444,0.11670259351376444,0.0
\frac{r_2}{\sqrt[3]{r_1}}\),math notation,1,1,0.11654588050441816,0.11654588050441816,0.0
involved,other word,2,2,0.23304353514686227,0.11652176757343113,0.0729546727113635
\frac{a}{1-r}\],math notation,1,1,0.11643844144418836,0.11643844144418836,0.0
a_n)\),math notation,1,1,0.11628144857240841,0.11628144857240841,0.0
\frac{2}{3}\),math notation,1,1,0.11627372587099671,0.11627372587099671,0.0
$0.02,math notation,1,1,0.11616696463897824,0.11616696463897824,0.0
$bc$,math notation,2,2,0.2322878879494965,0.11614394397474825,0.024868292086417373
manipulation,other word,1,1,0.11613275296986103,0.11613275296986103,0.0
"\(f(x,y)\)",math notation,3,1,0.346988856443204,0.11566295214773466,0.013563376832251964
50\),math notation,1,1,0.11541709117591381,0.11541709117591381,0.0
\(r\),math notation,7,6,0.8064278136589564,0.11520397337985092,0.030040317469598836
-6)\),math notation,2,1,0.23008448397740722,0.11504224198870361,0.035452689421963904
stories}\),math notation,3,1,0.34435697784647346,0.11478565928215782,0.021406739810919742
4)^{2,math notation,1,1,0.11465936177410185,0.11465936177410185,0.0
$4.80,math notation,2,1,0.22865296807140112,0.11432648403570056,0.049876549246927866
\cos(bx),math notation,2,2,0.22861551912501454,0.11430775956250727,0.024754386935594126
0.05,number,4,4,0.45650231651961803,0.11412557912990451,0.027005372474089403
\(\dfrac{1}{a},math notation,2,2,0.22812737058848143,0.11406368529424071,0.019944201359360224
$0.10,math notation,2,1,0.22789597953669727,0.11394798976834863,0.011443128425653598
2b\),math notation,2,2,0.2272195618133992,0.1136097809066996,0.013015705051846982
\(a_2a_4\),math notation,1,1,0.11355426465161145,0.11355426465161145,0.0
\boxed{8},math notation,2,2,0.22706707380712032,0.11353353690356016,0.017584973726682364
x(1.2a,math notation,1,1,0.11334517505019903,0.11334517505019903,0.0
\(d\),math notation,7,7,0.7906343642389402,0.1129477663198486,0.03408887639525324
\boxed{2/9},math notation,1,1,0.11292306799441576,0.11292306799441576,0.0
\frac{6}{3},math notation,2,2,0.22503315866924822,0.11251657933462411,0.01892494000262867
\(4500,math notation,1,1,0.11246692109853029,0.11246692109853029,0.0
counting,other word,1,1,0.11241235490888357,0.11241235490888357,0.0
\(x/2\),math notation,1,1,0.11227922490797937,0.11227922490797937,0.0
\frac{-4}{6},math notation,1,1,0.1119043177459389,0.1119043177459389,0.0
\frac{10x}{1-x},math notation,1,1,0.11189984576776624,0.11189984576776624,0.0
$\frac{1233}{999}$,math notation,1,1,0.11182594671845436,0.11182594671845436,0.0
\text{lcm},math notation,1,1,0.11170820984989405,0.11170820984989405,0.0
1-i)^4)^2,math notation,1,1,0.11157954554073513,0.11157954554073513,0.0
\text{average},math notation,1,1,0.11141819693148136,0.11141819693148136,0.0
**13**,math notation,1,1,0.11128630395978689,0.11128630395978689,0.0
\frac{5}{8},math notation,1,1,0.11127211424172856,0.11127211424172856,0.0
\text{(number,math notation,1,1,0.11123906378634274,0.11123906378634274,0.0
$\sqrt{\sqrt{\sqrt[t]{10^{t^{2}-t}}}}$,math notation,1,1,0.11114903178531677,0.11114903178531677,0.0
4.5\),math notation,1,1,0.11104817036539316,0.11104817036539316,0.0
$$f(f(2,math notation,1,1,0.11093892622739077,0.11093892622739077,0.0
\frac{4.5}{10^n},math notation,1,1,0.11048014229163527,0.11048014229163527,0.0
\(n\)-th,math notation,2,2,0.22084303223527968,0.11042151611763984,0.05145307672857884
\(12.96\),math notation,1,1,0.11027662083506584,0.11027662083506584,0.0
\frac{bd}{2}\),math notation,1,1,0.10989841248374432,0.10989841248374432,0.0
\frac{a_6}{a_4},math notation,2,2,0.21837821905501187,0.10918910952750593,0.020884669512072934
\(a_n\),math notation,3,3,0.32743184646824375,0.10914394882274792,0.04194916187626803
-2\),math notation,2,2,0.21826120279729366,0.10913060139864683,0.039507839396452596
\(t-3\),math notation,3,3,0.3269696297356859,0.10898987657856196,0.01621170363586976
0.2,number,3,3,0.3266009131912142,0.10886697106373806,0.005568283639116132
0.5,number,3,3,0.3262118808925152,0.1087372936308384,0.0006819096206989849
20^\circ,math notation,1,1,0.10864327941089869,0.10864327941089869,0.0
2014\),math notation,1,1,0.10860964190214872,0.10860964190214872,0.0
\(3^8\),math notation,1,1,0.10843483288772404,0.10843483288772404,0.0
\(e[x^3]\),math notation,1,1,0.10797098861075938,0.10797098861075938,0.0
\(\frac{a}{1-r}\),math notation,1,1,0.10786989633925259,0.10786989633925259,0.0
\$250\],math notation,1,1,0.10779792862012982,0.10779792862012982,0.0
\(m_2\),math notation,1,1,0.10776362451724708,0.10776362451724708,0.0
$25,math notation,2,2,0.21548859239555895,0.10774429619777948,0.10014218362901108
integer-valued,other word,1,1,0.10766708292067051,0.10766708292067051,0.0
\mathbb{r}_{>0},math notation,2,1,0.21529030508827418,0.10764515254413709,0.004773998267407005
\log_{5}(1),math notation,1,1,0.1072167819365859,0.1072167819365859,0.0
65,number,2,2,0.21396655589342117,0.10698327794671059,0.08209801480176453
\frac{900^\circ}{7},math notation,4,4,0.4275015346938744,0.1068753836734686,0.022808540083417126
\frac{4.5}{9},math notation,1,1,0.10681766946800053,0.10681766946800053,0.0
\(a_2a_4a_6\),math notation,2,2,0.21338184596970677,0.10669092298485339,0.01602047628914899
"7,0)$",math notation,1,1,0.1066626904066652,0.1066626904066652,0.0
10^{8})^{9}$,math notation,1,1,0.10664266929961741,0.10664266929961741,0.0
\(13\),math notation,1,1,0.10653897002339363,0.10653897002339363,0.0
\frac{ac}{ae},math notation,1,1,0.10642633377574384,0.10642633377574384,0.0
\[p(\text{not,math notation,1,1,0.10638405091594905,0.10638405091594905,0.0
\frac{x^2}{2},math notation,2,2,0.21263888338580728,0.10631944169290364,0.021929716508286786
210\),math notation,1,1,0.10631519951857626,0.10631519951857626,0.0
\(\frac{2(1),math notation,1,1,0.10612275591120124,0.10612275591120124,0.0
\frac{20}{19},math notation,2,2,0.21140291669871658,0.10570145834935829,0.029865883501077894
\(b'c'\),math notation,1,1,0.10546862566843629,0.10546862566843629,0.0
6-by-6-by-6,number,2,1,0.2107063380535692,0.1053531690267846,0.002429359741645771
\boxed{72},math notation,1,1,0.1051409849897027,0.1051409849897027,0.0
80y$,math notation,1,1,0.10502218501642346,0.10502218501642346,0.0
\(10^{2}=100\),math notation,1,1,0.10490194277372211,0.10490194277372211,0.0
11\),math notation,1,1,0.10471208952367306,0.10471208952367306,0.0
reality,other word,3,3,0.3135645464062691,0.10452151546875636,0.03139212032582473
39\),math notation,1,1,0.10451970621943474,0.10451970621943474,0.0
\frac{5}{4}\),math notation,1,1,0.10444890183862299,0.10444890183862299,0.0
\(b\),math notation,25,23,2.608656865195371,0.10434627460781484,0.013798593844819743
\(\frac{2(2),math notation,1,1,0.1041356110945344,0.1041356110945344,0.0
$\sqrt{10^{4}}$,math notation,1,1,0.10411747149191797,0.10411747149191797,0.0
\(x\),math notation,42,34,4.365097564528696,0.10393089439354039,0.016001377203142535
79.6\],math notation,1,1,0.10375868552364409,0.10375868552364409,0.0
\frac{36}{2},math notation,1,1,0.10372410668060184,0.10372410668060184,0.0
seated,other word,1,1,0.10360059887170792,0.10360059887170792,0.0
$c=\sqrt{a^2+b^2}$,math notation,1,1,0.10351649194490165,0.10351649194490165,0.0
apple,other word,4,4,0.4137625936418772,0.1034406484104693,0.03612398945474927
x$,math notation,3,3,0.3099628547206521,0.1033209515735507,0.040789980628018405
\(c'a'\),math notation,1,1,0.10329761658795178,0.10329761658795178,0.0
\frac{1}{2^{n-1}},math notation,1,1,0.10320004518143833,0.10320004518143833,0.0
\sqrt{5}}{2}\],math notation,1,1,0.10317956772632897,0.10317956772632897,0.0
12.$$,math notation,2,2,0.20629555312916636,0.10314777656458318,0.007812187222289591
$$f(f(1,math notation,1,1,0.10311927716247737,0.10311927716247737,0.0
\(1\),math notation,9,7,0.9276741099311039,0.10307490110345599,0.03547368373605644
24/25\),math notation,1,1,0.10271522495895624,0.10271522495895624,0.0
\(r_2\),math notation,1,1,0.10269413888454437,0.10269413888454437,0.0
\(a_1a_3\),math notation,1,1,0.10264754248782992,0.10264754248782992,0.0
-\frac{7}{4},math notation,2,2,0.20526170532684773,0.10263085266342387,0.03573202543952686
\(1^{2}=1\),math notation,1,1,0.10250215174164623,0.10250215174164623,0.0
$\frac{1}{10}$,math notation,1,1,0.10246091592125595,0.10246091592125595,0.0
\(n\),math notation,15,11,1.5291097699664533,0.1019406513310969,0.026962418509190966
2(c+a,math notation,1,1,0.10192004032433033,0.10192004032433033,0.0
\(1301_6\),math notation,1,1,0.10178076673764735,0.10178076673764735,0.0
5f\left(-\frac{1}{2}\right),math notation,1,1,0.10175385657930747,0.10175385657930747,0.0
\binom{n}{2},math notation,1,1,0.10159992054104805,0.10159992054104805,0.0
constants,other word,1,1,0.1014677258208394,0.1014677258208394,0.0
\frac{6}{1.5},math notation,1,1,0.10145201697014272,0.10145201697014272,0.0
\(n=3\),math notation,3,2,0.3036682862439193,0.10122276208130643,0.011669261420620677
\boxed{\frac{17}{145}},math notation,1,1,0.1010512444190681,0.1010512444190681,0.0
\frac{100x^2}{1-x},math notation,1,1,0.10100716166198254,0.10100716166198254,0.0
fractions,other word,7,4,0.7064724199008197,0.1009246314144028,0.03513781223156903
\(c_n\),math notation,1,1,0.10078198416158557,0.10078198416158557,0.0
2$,math notation,3,2,0.3021129553671926,0.10070431845573087,0.029760667811043633
cats,other word,5,3,0.5031018450390548,0.10062036900781095,0.04491874570095397
4.5,number,3,3,0.3018022950273007,0.10060076500910024,0.018183624520177154
\left(\frac{3}{4}a,math notation,1,1,0.10058695822954178,0.10058695822954178,0.0
1-1000,number,1,1,0.10055538918823004,0.10055538918823004,0.0
\sqrt{1024},math notation,1,1,0.10049050161615014,0.10049050161615014,0.0
\frac{425}{5},math notation,1,1,0.10038513876497746,0.10038513876497746,0.0
$3.00,math notation,6,3,0.5994815186131746,0.0999135864355291,0.020668648859820806
108^\circ\),math notation,1,1,0.0996972934808582,0.0996972934808582,0.0
\frac{1}{10}\),math notation,2,1,0.19883977866265923,0.09941988933132961,0.04127535651574261
$ac$,math notation,2,2,0.19882826996035874,0.09941413498017937,0.03821045394984795
\(20\),math notation,3,3,0.29814456473104656,0.09938152157701552,0.010102945722389643
\(a_3a_5\),math notation,1,1,0.09935305989347398,0.09935305989347398,0.0
2(a+b,math notation,1,1,0.09924250096082687,0.09924250096082687,0.0
1$,math notation,9,9,0.8902895031496882,0.09892105590552092,0.023702596696044784
-1\),math notation,7,7,0.6921899780863896,0.09888428258376994,0.028175033286341387
\frac{11!}{4!(11-4)!}$,math notation,1,1,0.0988609847263433,0.0988609847263433,0.0
\left(\sqrt{a}\right)^2,math notation,1,1,0.098746768606361,0.098746768606361,0.0
-6.25,number,1,1,0.09865127131342888,0.09865127131342888,0.0
1-i)^4,math notation,1,1,0.09836133453063667,0.09836133453063667,0.0
$20(23,math notation,1,1,0.0983420368283987,0.0983420368283987,0.0
42\),math notation,1,1,0.09812752669677138,0.09812752669677138,0.0
$\sqrt{\sqrt{\sqrt[9]{10^{9^{2}-9}}}},math notation,1,1,0.09790178900584579,0.09790178900584579,0.0
solution,other word,28,26,2.740865459665656,0.0978880521309163,0.02015503823534627
1+i)^4)^2,math notation,1,1,0.09780314657837152,0.09780314657837152,0.0
\frac{1}{n+1},math notation,1,1,0.09755400742869824,0.09755400742869824,0.0
$\boxed{3750}$,math notation,1,1,0.0975350548978895,0.0975350548978895,0.0
\(-210\),math notation,1,1,0.0974635942839086,0.0974635942839086,0.0
(\(13\)),math notation,1,1,0.09742064774036407,0.09742064774036407,0.0
\frac{3}{4}\),math notation,2,2,0.19412682589609176,0.09706341294804588,0.01588716082706623
\frac{43}{3}\],math notation,1,1,0.09700452955439687,0.09700452955439687,0.0
72$,math notation,1,1,0.09695350029505789,0.09695350029505789,0.0
\det(\mathbf{a}),math notation,1,1,0.09656615648418665,0.09656615648418665,0.0
changes,other word,1,1,0.09647797420620918,0.09647797420620918,0.0
112,number,2,2,0.19235925190150738,0.09617962595075369,0.003997825486066132
\(52,math notation,1,1,0.09599471371620893,0.09599471371620893,0.0
tnywr\),math notation,1,1,0.09598341363016516,0.09598341363016516,0.0
\frac{20}{2},math notation,3,3,0.2877975779119879,0.09593252597066264,0.022468549637860373
64\),math notation,1,1,0.0958075188100338,0.0958075188100338,0.0
$\frac{751-493}{4},math notation,1,1,0.0957788061350584,0.0957788061350584,0.0
\((0,math notation,7,6,0.6699107736349106,0.09570153909070152,0.028117357446364788
\text{hours}\],math notation,1,1,0.09547013137489557,0.09547013137489557,0.0
\(\frac{5}{12}\),math notation,1,1,0.09545480576343834,0.09545480576343834,0.0
midsegments,other word,2,2,0.19065377139486372,0.09532688569743186,0.05277689145960431
\(a_4a_6\),math notation,1,1,0.09514645929448307,0.09514645929448307,0.0
"...,",other word,3,2,0.2852879445999861,0.0950959815333287,0.01806328564087228
816,number,1,1,0.09494103165343404,0.09494103165343404,0.0
189\),math notation,1,1,0.09490714687854052,0.09490714687854052,0.0
"\(4a5,b32\)",math notation,4,3,0.37926306592999026,0.09481576648249757,0.018612124753464316
pages,other word,4,3,0.3787637297064066,0.09469093242660165,0.049782298751895604
\$20,math notation,1,1,0.09458405617624521,0.09458405617624521,0.0
65.$$,math notation,2,2,0.1890582707710564,0.0945291353855282,0.02753881700074121
\log_{5}(2-1),math notation,1,1,0.09405295248143375,0.09405295248143375,0.0
\frac{72}{8},math notation,1,1,0.09373710094951093,0.09373710094951093,0.0
"10,000^{100,000}\)",math notation,1,1,0.09371455165091902,0.09371455165091902,0.0
\frac{25\pi}{4},math notation,4,3,0.3741060718894005,0.09352651797235012,0.011971204003275166
\frac{56}{11},math notation,1,1,0.09343701199395582,0.09343701199395582,0.0
\frac{120}{216},math notation,1,1,0.09326135739684105,0.09326135739684105,0.0
\((-a)^2,math notation,1,1,0.09320667223073542,0.09320667223073542,0.0
6!\),math notation,1,1,0.09316898207180202,0.09316898207180202,0.0
64.5$,math notation,1,1,0.09316378924995661,0.09316378924995661,0.0
\(\frac{2187}{5625}\),math notation,1,1,0.0930758022586815,0.0930758022586815,0.0
jacks,other word,1,1,0.09305820055305958,0.09305820055305958,0.0
7/25\),math notation,1,1,0.09303147561149672,0.09303147561149672,0.0
\binom{4}{4},math notation,1,1,0.09302215743809938,0.09302215743809938,0.0
\frac{3}{2}\),math notation,8,7,0.7437736913561821,0.09297171141952276,0.017352681975652907
\frac{z}{\frac{25z}{7}},math notation,1,1,0.09293527668341994,0.09293527668341994,0.0
\(-4\),math notation,1,1,0.09288654359988868,0.09288654359988868,0.0
21\),math notation,3,3,0.2784170061349869,0.09280566871166229,0.016504208771941465
$1.50,math notation,6,3,0.5567180148791522,0.09278633581319203,0.01992222278622163
$\frac{1}{a},math notation,1,1,0.09272631932981312,0.09272631932981312,0.0
\frac{4}{7},math notation,2,1,0.18544850684702396,0.09272425342351198,0.005451137561594221
$34$,math notation,3,2,0.27788788080215454,0.09262929360071818,0.09277726671214019
\(\log_{2},math notation,1,1,0.09232040261849761,0.09232040261849761,0.0
2.7,number,1,1,0.09224212355911732,0.09224212355911732,0.0
goods,other word,1,1,0.09217186458408833,0.09217186458408833,0.0
\(90^\circ\),math notation,1,1,0.09211660642176867,0.09211660642176867,0.0
\(a_{4}\),math notation,1,1,0.09194974496494979,0.09194974496494979,0.0
-155,number,1,1,0.0918780374340713,0.0918780374340713,0.0
18^2\),math notation,1,1,0.09186006709933281,0.09186006709933281,0.0
10}{2}\),math notation,1,1,0.091790089616552,0.091790089616552,0.0
\(a_2a_6\),math notation,1,1,0.09173566056415439,0.09173566056415439,0.0
-28\),math notation,1,1,0.09154163231141865,0.09154163231141865,0.0
1^2$,math notation,1,1,0.09150140173733234,0.09150140173733234,0.0
-8\),math notation,1,1,0.09127887454815209,0.09127887454815209,0.0
\left(\frac{3}{2}\right)^2,math notation,2,2,0.1821857363684103,0.09109286818420514,0.012850098682995862
\cdots\right)\],math notation,1,1,0.09093586984090507,0.09093586984090507,0.0
origin,other word,1,1,0.09080915339291096,0.09080915339291096,0.0
\frac{7920}{24}$,math notation,1,1,0.09079703828319907,0.09079703828319907,0.0
trinomial,other word,2,2,0.18155320559162647,0.09077660279581323,0.02822292591841059
$10^{4}$,math notation,1,1,0.09073017444461584,0.09073017444461584,0.0
x-axis,other word,1,1,0.09049147041514516,0.09049147041514516,0.0
\(z\),math notation,1,1,0.09038137923926115,0.09038137923926115,0.0
\(ab\),math notation,3,2,0.2710889943409711,0.09036299811365704,0.03310084603416642
\frac{15}{4}\],math notation,1,1,0.09034670831169933,0.09034670831169933,0.0
\(e_{\text{shared}}\),math notation,1,1,0.09026897978037596,0.09026897978037596,0.0
\frac{-20}{-25},math notation,1,1,0.09008180815726519,0.09008180815726519,0.0
\(3!\),math notation,3,3,0.2700436373706907,0.09001454579023023,0.03927975194850058
\(168\),math notation,1,1,0.0899623662699014,0.0899623662699014,0.0
allowance,other word,3,3,0.2695932947099209,0.08986443156997363,0.03703773748074171
yard,other word,1,1,0.0896197697147727,0.0896197697147727,0.0
\frac{r-1}{96},math notation,1,1,0.08961862209253013,0.08961862209253013,0.0
alyana,other word,2,2,0.17920305859297514,0.08960152929648757,0.08172143567376997
20+\sqrt{t+x},math notation,1,1,0.08953374507836998,0.08953374507836998,0.0
\frac{25}{2},math notation,2,2,0.1788897235528566,0.0894448617764283,0.04824531031972352
\((a,math notation,5,5,0.447136900620535,0.089427380124107,0.025333705413298185
0.1,number,4,3,0.357255220413208,0.089313805103302,0.00330698105209157
-1)^2,math notation,2,2,0.17811545182485133,0.08905772591242567,0.030048316793401805
$x$,math notation,8,8,0.7123364383587614,0.08904205479484517,0.03852757285759555
parentheses,other word,7,7,0.623182637616992,0.08902609108814172,0.01695495319937796
0.45,number,1,1,0.08897756366059184,0.08897756366059184,0.0
$\frac{1}{3}$,math notation,4,3,0.355829055653885,0.08895726391347125,0.012772851946882423
hectare,other word,1,1,0.08889223821461201,0.08889223821461201,0.0
100$,math notation,1,1,0.08883589273318648,0.08883589273318648,0.0
1.2ax,number,4,3,0.3552527269348502,0.08881318173371255,0.020720125599178994
31.5^{\circ}+\ldots+\sin,math notation,1,1,0.08861937816254795,0.08861937816254795,0.0
$mn=2$,math notation,1,1,0.08861581864766777,0.08861581864766777,0.0
1^\circ\),math notation,1,1,0.08837345684878528,0.08837345684878528,0.0
s^2\),math notation,1,1,0.08822322520427406,0.08822322520427406,0.0
b^2}\),math notation,1,1,0.08817999763414264,0.08817999763414264,0.0
\frac{1}{2}m\),math notation,2,2,0.17624003952369094,0.08812001976184547,0.0019191389662417313
0.3,number,1,1,0.0880603005643934,0.0880603005643934,0.0
\text{original,math notation,1,1,0.08804880082607269,0.08804880082607269,0.0
"10,000^{100,000}}\)",math notation,1,1,0.08800337533466518,0.08800337533466518,0.0
12\),math notation,17,14,1.4959907116135582,0.08799945362432696,0.019817071648282673
double-counting,other word,1,1,0.08791504520922899,0.08791504520922899,0.0
20.5,number,1,1,0.08788199385162443,0.08788199385162443,0.0
1.25,number,2,1,0.17573889112100005,0.08786944556050003,0.00024089607492795335
y)\],math notation,1,1,0.08785121119581163,0.08785121119581163,0.0
\frac{270^\circ}{7},math notation,1,1,0.08777571353130043,0.08777571353130043,0.0
\frac{3}{5}\left(-\frac{1}{3}\right),math notation,2,2,0.17523522925330326,0.08761761462665163,0.020204783902071775
\(\frac{x,math notation,4,3,0.3504309366689995,0.08760773416724987,0.027400666523165224
\frac{2}{3}\],math notation,1,1,0.08747080527245998,0.08747080527245998,0.0
0.3)^3,math notation,2,1,0.17487448849715292,0.08743724424857646,0.020193397976221474
\frac{\frac{5}{16}}{\frac{5}{4}},math notation,1,1,0.08723196329083294,0.08723196329083294,0.0
highway,other word,3,1,0.2616682038642466,0.08722273462141554,0.03932950168180348
\text{final,math notation,2,2,0.1744323531165719,0.08721617655828595,0.004959850681657364
-5x^5\),math notation,1,1,0.08697527076583356,0.08697527076583356,0.0
\end{pmatrix}\),math notation,1,1,0.08690414938610047,0.08690414938610047,0.0
\(\frac{3}{4}a,math notation,3,3,0.2602818033192307,0.08676060110641022,0.010867213033884429
\frac{\frac{25}{3}}{\frac{125}{9}},math notation,1,1,0.08675559249240905,0.08675559249240905,0.0
"1000^{10,000",math notation,3,2,0.2599187223240733,0.08663957410802443,0.01273992656773869
\left(\frac{1}{2}\right)^4,math notation,1,1,0.08656789129599929,0.08656789129599929,0.0
\(19cd\),math notation,1,1,0.08624818740645424,0.08624818740645424,0.0
u1,number,3,3,0.2587306963978335,0.08624356546594451,0.023409235447112136
cups}\],math notation,1,1,0.08623514696955681,0.08623514696955681,0.0
\(3^{2022}\),math notation,2,1,0.17226645292248577,0.08613322646124288,0.020117158978235863
\frac{1}{9}$,math notation,1,1,0.08607257367111742,0.08607257367111742,0.0
1.75,number,2,1,0.1721146465279162,0.0860573232639581,0.0021042622482446813
\frac{56}{6},math notation,1,1,0.08576382545288652,0.08576382545288652,0.0
\frac{66}{7},math notation,3,3,0.25724922912195325,0.08574974304065108,0.03981381845217434
y\),math notation,9,8,0.770741306245327,0.08563792291614744,0.016175526260712877
160^\circ,math notation,2,2,0.1708694016560912,0.0854347008280456,0.0020706717038899117
clarity,other word,1,1,0.0854324959218502,0.0854324959218502,0.0
33.\overline{3}\%,math notation,1,1,0.08531532436609268,0.08531532436609268,0.0
10t,number,1,1,0.08505745092406869,0.08505745092406869,0.0
\(75\%\),math notation,2,2,0.16999600490089506,0.08499800245044753,0.012693173947552537
\boxed{1700},math notation,1,1,0.08495665877126157,0.08495665877126157,0.0
-95,number,1,1,0.08481329679489136,0.08481329679489136,0.0
\frac{25\pi}{2},math notation,2,2,0.1694135433062911,0.08470677165314555,0.007094087735635838
\frac{42}{9},math notation,1,1,0.0846634324407205,0.0846634324407205,0.0
c\),math notation,7,7,0.5923498999327421,0.08462141427610602,0.023220508376287967
-1.\],math notation,1,1,0.08461416559293866,0.08461416559293866,0.0
\(a_1a_5\),math notation,1,1,0.08453966141678393,0.08453966141678393,0.0
\frac{x}{3},math notation,1,1,0.08438003761693835,0.08438003761693835,0.0
\(3^{2020}\),math notation,1,1,0.0842207808746025,0.0842207808746025,0.0
\frac{630^\circ}{7},math notation,2,2,0.16806993260979652,0.08403496630489826,0.002574613833636724
utensils}\],math notation,1,1,0.08389886282384396,0.08389886282384396,0.0
$x=23$,math notation,1,1,0.0838281842879951,0.0838281842879951,0.0
\frac{104}{3},math notation,1,1,0.08380887866951525,0.08380887866951525,0.0
**8**,math notation,1,1,0.08380335010588169,0.08380335010588169,0.0
1-i)^8,math notation,1,1,0.08374157408252358,0.08374157408252358,0.0
0.10,number,1,1,0.08353322139009833,0.08353322139009833,0.0
\(105\),math notation,1,1,0.08341338206082582,0.08341338206082582,0.0
\(1\)),math notation,1,1,0.08330678986385465,0.08330678986385465,0.0
\frac{34}{18},math notation,1,1,0.08328326814807951,0.08328326814807951,0.0
0.4,number,3,3,0.2498368222732097,0.08327894075773656,0.001868150262646371
produced,other word,1,1,0.08315932378172874,0.08315932378172874,0.0
\frac{42}{34},math notation,1,1,0.08279726875480264,0.08279726875480264,0.0
\frac{11}{36}\],math notation,1,1,0.08256242016796023,0.08256242016796023,0.0
\frac{600}{4},math notation,2,1,0.16495951591059566,0.08247975795529783,0.039444782936632616
unnecessarily,other word,1,1,0.08245681365951896,0.08245681365951896,0.0
-\frac{48}{7}\),math notation,1,1,0.08232824830338359,0.08232824830338359,0.0
1000000,number,2,1,0.16459318809211254,0.08229659404605627,0.03729357370895829
functions,other word,4,4,0.3291481037158519,0.08228702592896298,0.031518748985903226
\frac{56}{51},math notation,1,1,0.08226785832084715,0.08226785832084715,0.0
doors,other word,3,2,0.2465579379349947,0.0821859793116649,0.013327734405207547
\frac{258}{4},math notation,1,1,0.08214707463048398,0.08214707463048398,0.0
\frac{180}{300},math notation,1,1,0.08203360205516219,0.08203360205516219,0.0
-13,number,4,4,0.3274337719194591,0.08185844297986478,0.03873492106445074
i\)),math notation,1,1,0.08161790017038584,0.08161790017038584,0.0
rows,other word,3,3,0.24468352971598506,0.08156117657199502,0.04382079749970223
23\),math notation,1,1,0.08155174599960446,0.08155174599960446,0.0
\((x+u)(x+v)+4\),math notation,1,1,0.08147344150347635,0.08147344150347635,0.0
$\left\{0,math notation,1,1,0.08136946614831686,0.08136946614831686,0.0
(\(28\)),math notation,1,1,0.08128405082970858,0.08128405082970858,0.0
(\(8\)),math notation,1,1,0.08115348941646516,0.08115348941646516,0.0
20^{19,math notation,1,1,0.08114646433386952,0.08114646433386952,0.0
4f\left(-\frac{1}{2}\right),math notation,1,1,0.08099429600406438,0.08099429600406438,0.0
"10,000^{100,000",math notation,8,4,0.6470449398620985,0.08088061748276232,0.011865306063080647
3\,math notation,1,1,0.08078194968402386,0.08078194968402386,0.0
40.$$,math notation,1,1,0.08073834888637066,0.08073834888637066,0.0
six-sided,other word,2,2,0.16134269209578633,0.08067134604789317,0.016681866697222984
\(abcd\),math notation,1,1,0.0805749692954123,0.0805749692954123,0.0
$\left(10^{3}+1\right)^{2}$,math notation,2,1,0.16112418740522116,0.08056209370261058,0.01380527229920794
\left(\frac{3\sqrt{2}}{2}\right)^4,math notation,1,1,0.08053161000134423,0.08053161000134423,0.0
\[x^3,math notation,1,1,0.08050985727459192,0.08050985727459192,0.0
\(300\),math notation,2,2,0.16044437838718295,0.08022218919359148,0.025314634126865073
\(2^{x^3}\),math notation,1,1,0.08018602873198688,0.08018602873198688,0.0
\frac{g-1}{96},math notation,1,1,0.08013662812300026,0.08013662812300026,0.0
\frac{104}{102},math notation,1,1,0.08006443711929023,0.08006443711929023,0.0
\(\frac{1}{2},math notation,4,4,0.3193311507930048,0.0798327876982512,0.027687913145029212
-a,other word,1,1,0.07981875725090504,0.07981875725090504,0.0
\[total\,math notation,2,2,0.1595550924539566,0.0797775462269783,0.034945483545635564
\binom{2n}{n},math notation,1,1,0.07976790750399232,0.07976790750399232,0.0
4000\),math notation,2,2,0.15929431095719337,0.07964715547859669,0.0011958641429359795
30\,math notation,1,1,0.07952049467712641,0.07952049467712641,0.0
7!}{2}\),math notation,1,1,0.07934461953118443,0.07934461953118443,0.0
0.2\),math notation,1,1,0.07932599866762757,0.07932599866762757,0.0
\[\frac{8}{12}\],math notation,1,1,0.07926936337025836,0.07926936337025836,0.0
\frac{108^\circ}{2},math notation,1,1,0.0791950486600399,0.0791950486600399,0.0
\(5^{20}\),math notation,1,1,0.0790841260459274,0.0790841260459274,0.0
"10^3)^{10,000^{100,000",math notation,1,1,0.07895684539107606,0.07895684539107606,0.0
tall,other word,5,3,0.3947615632787347,0.07895231265574694,0.03527942027420391
\(dc\),math notation,2,1,0.15788086410611868,0.07894043205305934,0.005764189370445627
1.5x,number,4,2,0.31558244256302714,0.07889561064075679,0.0037703882234755536
-2\],math notation,1,1,0.0787965701892972,0.0787965701892972,0.0
\(e\),math notation,3,3,0.2362309971358627,0.07874366571195424,0.013266397955874797
\(r_1\),math notation,1,1,0.07851965865120292,0.07851965865120292,0.0
\(s\),math notation,4,4,0.3130018641240895,0.07825046603102237,0.025392618360550474
(2^3)\left(2^{3x}\right),math notation,1,1,0.07824873621575534,0.07824873621575534,0.0
\frac{4}{5}(x,math notation,1,1,0.07819113973528147,0.07819113973528147,0.0
\left(\frac{9}{4}\right)^2,math notation,1,1,0.07805654988624156,0.07805654988624156,0.0
$64.5$,math notation,1,1,0.07793657947331667,0.07793657947331667,0.0
-b,other word,1,1,0.07774370908737183,0.07774370908737183,0.0
\(\overline{bd}\),math notation,1,1,0.07763799093663692,0.07763799093663692,0.0
\(4000,math notation,2,2,0.1550065279006958,0.0775032639503479,0.0025424243427226607
\frac{1}{2}\),math notation,5,4,0.38670759851811454,0.07734151970362291,0.009197509688783911
xy\),math notation,2,2,0.15464988257735968,0.07732494128867984,0.008762220816298792
estimation,other word,1,1,0.07726051285862923,0.07726051285862923,0.0
works,other word,4,4,0.3090339060872793,0.07725847652181983,0.0012598521120129353
\frac{5y}{2},math notation,1,1,0.07704477268271148,0.07704477268271148,0.0
\left(1,math notation,1,1,0.07686834037303925,0.07686834037303925,0.0
\(p_0\),math notation,1,1,0.07682007749099284,0.07682007749099284,0.0
9)^2,math notation,1,1,0.07673713029362261,0.07673713029362261,0.0
9\left(\frac{3\sqrt{2}}{2}\right)^2,math notation,1,1,0.07665062695741653,0.07665062695741653,0.0
8^{x+1,math notation,1,1,0.07664373167790473,0.07664373167790473,0.0
745-739,number,1,1,0.07649604952894151,0.07649604952894151,0.0
\(t_1,math notation,1,1,0.07647898886352777,0.07647898886352777,0.0
1.1,number,2,2,0.15295484196394682,0.07647742098197341,0.0032772862566464813
5.6,number,1,1,0.0764709822833538,0.0764709822833538,0.0
\(\log_{16}{64}\),math notation,1,1,0.0764608593453886,0.0764608593453886,0.0
8\),math notation,6,6,0.4583947667852044,0.07639912779753406,0.022955300050492247
\sqrt{(-20)^2,math notation,1,1,0.07635491306427866,0.07635491306427866,0.0
0)$,math notation,1,1,0.07634624373167753,0.07634624373167753,0.0
\(\left(\frac{3}{5}\right)^7\),math notation,1,1,0.07634455466177315,0.07634455466177315,0.0
90^\circ\),math notation,1,1,0.07624520210083574,0.07624520210083574,0.0
4!)^2,math notation,1,1,0.07609322411008179,0.07609322411008179,0.0
9f\left(-\frac{1}{2}\right),math notation,1,1,0.07609245413914323,0.07609245413914323,0.0
\frac{32}{11},math notation,2,2,0.15215274482034147,0.07607637241017073,0.013546121823267542
\frac{-4}{12},math notation,1,1,0.07605217164382339,0.07605217164382339,0.0
\frac{\frac{1}{4}}{\frac{1}{2}},math notation,1,1,0.0759103192249313,0.0759103192249313,0.0
11^{t}\),math notation,1,1,0.07577953662257642,0.07577953662257642,0.0
5-6)x,math notation,1,1,0.0757548245601356,0.0757548245601356,0.0
factorial,other word,1,1,0.07569114537909627,0.07569114537909627,0.0
$-4,math notation,1,1,0.0755549450404942,0.0755549450404942,0.0
\frac{n}{2}(a_1,math notation,1,1,0.07553920429199934,0.07553920429199934,0.0
\frac{\theta}{360^\circ},math notation,2,1,0.15091409161686897,0.07545704580843449,0.008290985958085475
6\),math notation,18,15,1.3569923309842125,0.07538846283245625,0.008837937330638437
$\frac{1}{2}\cdot,math notation,1,1,0.07531729922629893,0.07531729922629893,0.0
\frac{120^\circ}{360^\circ},math notation,1,1,0.07530189026147127,0.07530189026147127,0.0
60\),math notation,3,3,0.22588152985554188,0.07529384328518063,0.02657674442251595
\left(\frac{1}{2}\right)^{6-1},math notation,1,1,0.07527166316867806,0.07527166316867806,0.0
\(t\)'s,math notation,2,2,0.1505056181922555,0.07525280909612775,0.002696057837351199
\(ad\),math notation,2,2,0.15048280451446772,0.07524140225723386,0.03524673999916831
1600,number,2,2,0.14988956227898598,0.07494478113949299,0.04075238578359669
$\sqrt[9]{10^{72}},math notation,1,1,0.0749300152529031,0.0749300152529031,0.0
12$,math notation,3,2,0.22445351211354136,0.07481783737118046,0.007268509752884884
"$800,000",math notation,3,2,0.2244370470289141,0.07481234900963803,0.01826240127527042
991-1000,number,1,1,0.07468709209933877,0.07468709209933877,0.0
0.1\),math notation,1,1,0.07464521564543247,0.07464521564543247,0.0
\frac{3^{2022}}{2},math notation,1,1,0.07462190627120435,0.07462190627120435,0.0
perimeter,other word,12,6,0.8948201623279601,0.07456834686066334,0.024445819567800058
\boxed{100}$,math notation,1,1,0.07450485462322831,0.07450485462322831,0.0
\rangle\),math notation,3,1,0.22341795871034265,0.07447265290344755,0.008301068062476116
r\),math notation,1,1,0.07441146695055068,0.07441146695055068,0.0
1-10,number,1,1,0.07436569756828249,0.07436569756828249,0.0
\(abc\),math notation,2,2,0.14850630634464324,0.07425315317232162,0.02258508905432874
cents,other word,4,2,0.29622590634971857,0.07405647658742964,0.02736091368105867
\frac{125}{9}\),math notation,1,1,0.0740225602639839,0.0740225602639839,0.0
1/4)x,math notation,2,2,0.1479421651456505,0.07397108257282525,0.023349836376569327
\(75\%,math notation,2,2,0.14782642386853695,0.07391321193426847,0.02707356353765777
\rceil\),math notation,1,1,0.0738151166588068,0.0738151166588068,0.0
\(t\),math notation,7,6,0.5166932322317734,0.07381331889025335,0.012284347504626286
**5**,math notation,1,1,0.0737795305904001,0.0737795305904001,0.0
f^{-1}(2,math notation,6,4,0.44229151675244793,0.07371525279207465,0.014343242419030509
f(-2,math notation,5,3,0.36854867869988084,0.07370973573997616,0.01841262792408359
f(x,math notation,2,2,0.14718501339666545,0.07359250669833273,0.03515939864048165
\(40\%,math notation,1,1,0.07342124683782458,0.07342124683782458,0.0
3\),math notation,19,16,1.3949218966299668,0.07341694192789298,0.014368607491453201
\$92,math notation,1,1,0.07338221650570631,0.07338221650570631,0.0
\frac{ae}{ec},math notation,1,1,0.07327918848022819,0.07327918848022819,0.0
"p(1,1",math notation,1,1,0.0732082687318325,0.0732082687318325,0.0
\frac{\log_2{t}}{2}\),math notation,1,1,0.07307494932319969,0.07307494932319969,0.0
-\frac{10}{3},math notation,1,1,0.07301866682246327,0.07301866682246327,0.0
5^2\),math notation,3,3,0.21905253489967436,0.07301751163322479,0.018844566043065707
"$(2,12)$",math notation,1,1,0.0728845038684085,0.0728845038684085,0.0
x^n}{1-x,math notation,1,1,0.07276838668622077,0.07276838668622077,0.0
\frac{1}{4}\),math notation,1,1,0.07267417648108676,0.07267417648108676,0.0
4)\),math notation,9,6,0.652799908304587,0.07253332314495411,0.02279800664500531
1.2a,number,2,2,0.14480482740327716,0.07240241370163858,0.0053798942410871855
\sum_{n=0}^{\infty},math notation,2,1,0.14469199383165687,0.07234599691582844,0.011675945764671325
\(a'b'\),math notation,1,1,0.07225655554793775,0.07225655554793775,0.0
"-$400,000",math notation,1,1,0.07211828883737326,0.07211828883737326,0.0
\(xyz,math notation,1,1,0.07211340870708227,0.07211340870708227,0.0
\boxed{160},math notation,1,1,0.07205825007986277,0.07205825007986277,0.0
\frac{67}{0.2},math notation,1,1,0.07189551554620266,0.07189551554620266,0.0
245^2$,math notation,2,2,0.1432363409548998,0.0716181704774499,0.02380738067068813
\(3500,math notation,1,1,0.07160481344908476,0.07160481344908476,0.0
144\),math notation,1,1,0.07159815635532141,0.07159815635532141,0.0
2(b+c,math notation,1,1,0.07140411715954542,0.07140411715954542,0.0
\(3\),math notation,11,7,0.7843116394942626,0.07130105813584206,0.015623647484296557
\[s_1,math notation,1,1,0.07128584152087569,0.07128584152087569,0.0
2(\mathbf{a},math notation,3,3,0.21382567164255306,0.07127522388085102,0.012083498398192737
$(751-745,math notation,1,1,0.07126743043772876,0.07126743043772876,0.0
\(\log_2(\log_2,math notation,1,1,0.07118931005243212,0.07118931005243212,0.0
f(f^{-1}(4,math notation,1,1,0.07118287729099393,0.07118287729099393,0.0
\(\frac{125}{9},math notation,1,1,0.07110441487748176,0.07110441487748176,0.0
\(2021\),math notation,1,1,0.07101247971877456,0.07101247971877456,0.0
\frac{-20}{6},math notation,1,1,0.0709916747873649,0.0709916747873649,0.0
-50,number,2,2,0.14178661280311644,0.07089330640155822,0.02260300706257419
\,math notation,12,4,0.848895026370883,0.07074125219757359,0.004936561702431654
-28,number,1,1,0.07064348412677646,0.07064348412677646,0.0
$3,math notation,2,2,0.14115626364946365,0.07057813182473183,0.033187732435603766
"$(4,0)$",math notation,3,2,0.2112946561537683,0.0704315520512561,0.01732095826681389
\frac{18}{6},math notation,1,1,0.07043147319927812,0.07043147319927812,0.0
5\),math notation,14,11,0.9858082766295411,0.07041487690211008,0.01837180613053746
b\),math notation,4,4,0.2816461748443544,0.0704115437110886,0.02016489732647719
60^\circ\),math notation,3,2,0.2110333382152021,0.07034444607173403,0.010893712161125557
\(y\),math notation,35,21,2.4617136877495795,0.07033467679284514,0.010146762256643268
11-20,number,1,1,0.07030925969593227,0.07030925969593227,0.0
decagon,other word,1,1,0.0702541396021843,0.0702541396021843,0.0
0.04,number,2,2,0.14036143105477095,0.07018071552738547,0.0072813794400673855
"$27,000",math notation,1,1,0.06999074760824442,0.06999074760824442,0.0
"\(\max(c,1)\)",math notation,1,1,0.06992124777752906,0.06992124777752906,0.0
\((t-2),math notation,1,1,0.06985474890097976,0.06985474890097976,0.0
unchanged,other word,1,1,0.06977341370657086,0.06977341370657086,0.0
trees,other word,5,3,0.3486913535743952,0.06973827071487904,0.024977132330012915
"1000^{10,000^{100,000",math notation,1,1,0.06959309976082295,0.06959309976082295,0.0
\left(\frac{8-3}{8-1}\right)t_6,math notation,1,1,0.0695855179510545,0.0695855179510545,0.0
1/9,math notation,2,1,0.13916209747549146,0.06958104873774573,0.002929356901676565
\frac{5}{9},math notation,3,3,0.2086696900660172,0.06955656335533907,0.0175029801382247
100%,number,3,2,0.20856773061677814,0.06952257687225938,0.03957208498814562
6-member,number,1,1,0.06933226529508829,0.06933226529508829,0.0
\frac{4}{1-x},math notation,1,1,0.06925510056316853,0.06925510056316853,0.0
\(2x\),math notation,1,1,0.06916895881295204,0.06916895881295204,0.0
\(a^3\),math notation,1,1,0.06909828737843782,0.06909828737843782,0.0
4(1)(-8)}}{2(1,math notation,1,1,0.06899039493873715,0.06899039493873715,0.0
corners,other word,2,2,0.13795274775475264,0.06897637387737632,0.04732554604489971
\frac{n-3}{n-1},math notation,1,1,0.06895277963485569,0.06895277963485569,0.0
$-(5x,math notation,2,2,0.13785084895789623,0.06892542447894812,0.0030033547903834494
tower,other word,1,1,0.06885821279138327,0.06885821279138327,0.0
$$\frac{x}{4},math notation,1,1,0.06883222761098295,0.06883222761098295,0.0
pounds}\),math notation,3,1,0.2062684411648661,0.06875614705495536,0.010099704430388403
(-2)}{2}\right),math notation,1,1,0.06868506909813732,0.06868506909813732,0.0
$\frac{1}{2}bh$,math notation,1,1,0.06856593198608607,0.06856593198608607,0.0
$k=4$,math notation,1,1,0.0684924449888058,0.0684924449888058,0.0
problems,other word,2,1,0.1367246676236391,0.06836233381181955,0.003229049847070271
\frac{4}{9},math notation,2,2,0.13664715556660667,0.06832357778330334,0.028652828485930856
$\frac{1}{a}$,math notation,1,1,0.06832086539361626,0.06832086539361626,0.0
a}{ab}\],math notation,1,1,0.06829753145575523,0.06829753145575523,0.0
13\),math notation,5,5,0.3414852984715253,0.06829705969430507,0.01745694525326968
r_2\),math notation,2,2,0.13652185222599655,0.06826092611299828,0.02292538414977181
50\],math notation,1,1,0.06822396907955408,0.06822396907955408,0.0
\)**,math notation,7,7,0.47741232020780444,0.06820176002968635,0.001882276142254963
50%,number,11,8,0.7501186011359096,0.0681926001032645,0.03318082435929647
"f(2,5",math notation,3,2,0.2043509044451639,0.06811696814838797,0.014204739121415908
\(\sqrt[3]{r_1}\),math notation,1,1,0.06808111537247896,0.06808111537247896,0.0
**3**,math notation,2,2,0.13595210737548769,0.06797605368774384,0.0039248550502688495
\((t+10)^{23}\),math notation,1,1,0.06793904351070523,0.06793904351070523,0.0
distances,other word,4,3,0.2716998951509595,0.06792497378773987,0.06914595830959509
8.33,number,3,3,0.20362608460709453,0.06787536153569818,0.0002523261252651982
\[(2-4),math notation,1,1,0.06785566080361605,0.06785566080361605,0.0
44.5^{\circ}}\),math notation,1,1,0.06778648641193286,0.06778648641193286,0.0
\(2^1\),math notation,1,1,0.06777728046290576,0.06777728046290576,0.0
\[\$750,math notation,1,1,0.06774466019123793,0.06774466019123793,0.0
f^{-1}(4,math notation,1,1,0.0676831342279911,0.0676831342279911,0.0
4(1)(-16)}}{2(1,math notation,1,1,0.06766811205307022,0.06766811205307022,0.0
$\sum_{k=1001}^{2000},math notation,2,1,0.13513382064411417,0.06756691032205708,0.0002799095480905527
\[(3-6),math notation,1,1,0.06746058026328683,0.06746058026328683,0.0
\left(\frac{6-3}{6-1}\right)t_4,math notation,1,1,0.06719764927402139,0.06719764927402139,0.0
choices,other word,12,8,0.8058241331018507,0.0671520110918209,0.019502860613014053
\frac{1}{6}\),math notation,1,1,0.06711225712206215,0.06711225712206215,0.0
\(360^\circ\),math notation,2,1,0.1341272525023669,0.06706362625118345,0.005077627662597259
x^2\),math notation,2,2,0.13408600247930735,0.06704300123965368,0.0070806416150308625
\left(\frac{1}{2}\right)^1,math notation,1,1,0.06701419304590672,0.06701419304590672,0.0
\sqrt{t+x},math notation,1,1,0.06700644758529961,0.06700644758529961,0.0
(3+\sqrt{5})(3-\sqrt{5}),math notation,1,1,0.06700565619394183,0.06700565619394183,0.0
e_{\text{shared}}\],math notation,1,1,0.06699182593729347,0.06699182593729347,0.0
\boxed{58/3},math notation,1,1,0.06696518883109093,0.06696518883109093,0.0
(\sqrt{\sin,math notation,1,1,0.06682788487523794,0.06682788487523794,0.0
charity,other word,2,1,0.13353185215964913,0.06676592607982457,0.034174967538141164
\frac{\frac{1}{10}}{\frac{9}{10}},math notation,1,1,0.06675709714181721,0.06675709714181721,0.0
b)(49,math notation,1,1,0.06667049042880535,0.06667049042880535,0.0
\sum_{n=2}^{\infty},math notation,1,1,0.06660147523507476,0.06660147523507476,0.0
instead,hedging / contrast,1,1,0.06639332883059978,0.06639332883059978,0.0
$a=0$,math notation,2,2,0.1326885555172339,0.06634427775861695,0.004063053537560295
\frac{2^{8+1},math notation,1,1,0.06634392123669386,0.06634392123669386,0.0
lcm,other word,2,2,0.13231681613251567,0.06615840806625783,0.036989912744790764
\frac{n!}{k!(n-k)!}$,math notation,1,1,0.06603554717730731,0.06603554717730731,0.0
26\),math notation,1,1,0.06599250202998519,0.06599250202998519,0.0
\sum_{k=1001}^{2000},math notation,2,1,0.13194004236720502,0.06597002118360251,0.006108095059630806
\((x,math notation,3,3,0.19738930650055408,0.0657964355001847,0.020651949716659002
\left(\frac{2}{3},math notation,1,1,0.06577566231135279,0.06577566231135279,0.0
b^2$,math notation,1,1,0.06575863796751946,0.06575863796751946,0.0
-\frac{1}{4},math notation,1,1,0.06569402466993779,0.06569402466993779,0.0
\frac{24}{37},math notation,3,2,0.1970797113608569,0.06569323712028563,0.034080706831100795
\$25,math notation,1,1,0.06567851454019547,0.06567851454019547,0.0
\frac{2}{3},math notation,1,1,0.06559446000028402,0.06559446000028402,0.0
\(2018\),math notation,1,1,0.06556829554028809,0.06556829554028809,0.0
\frac{1}{3}(-1),math notation,2,2,0.13091041272855364,0.06545520636427682,0.010845721018653024
\(a\),math notation,23,17,1.505324281170033,0.06544888179000143,0.009892232367843373
$t=9$,math notation,1,1,0.06539156765211374,0.06539156765211374,0.0
grains,other word,5,3,0.3268307459075004,0.06536614918150008,0.021234982617610327
0.\],math notation,2,1,0.13059891166631132,0.06529945583315566,0.00040788810374253016
radians,other word,1,1,0.0652399571845308,0.0652399571845308,0.0
$20^{19}$,math notation,3,1,0.19570812364690937,0.06523604121563646,0.021550429171623205
1+i)^8,math notation,1,1,0.06516311224550009,0.06516311224550009,0.0
-2)\),math notation,2,2,0.13026717957109213,0.06513358978554606,0.011648092583547142
2.5,number,4,3,0.2602302860468626,0.06505757151171565,0.01643838682151692
0}{2,math notation,1,1,0.0649841905105859,0.0649841905105859,0.0
$(x_1,math notation,1,1,0.06493344041518867,0.06493344041518867,0.0
r\,math notation,1,1,0.06492855027318001,0.06492855027318001,0.0
"$400,000",math notation,3,2,0.19471271912334487,0.06490423970778163,0.03222784867835055
\left(\frac{4-3}{4-1}\right)t_2,math notation,1,1,0.06485741236247122,0.06485741236247122,0.0
\frac{bd}{dc},math notation,1,1,0.06482405448332429,0.06482405448332429,0.0
262\],math notation,1,1,0.06475239805877209,0.06475239805877209,0.0
16\),math notation,3,3,0.19412010355154052,0.06470670118384685,0.02435120550090853
r)\),math notation,1,1,0.06466015055775642,0.06466015055775642,0.0
x-1,number,1,1,0.0646513169631362,0.0646513169631362,0.0
5)\),math notation,3,3,0.19382232055068016,0.06460744018356006,0.0007757019908368472
slice,other word,7,7,0.45217521861195564,0.06459645980170794,0.004610066902847419
\(\frac{2^2}{a^2},math notation,1,1,0.06454894575290382,0.06454894575290382,0.0
f^{-1}(f(x,math notation,1,1,0.06451398806530051,0.06451398806530051,0.0
satisfied,other word,2,2,0.128985574003309,0.0644927870016545,0.043195373362972626
"f(2,2",math notation,3,1,0.19311115285381675,0.06437038428460558,0.011244900089879745
"f(1,2",math notation,1,1,0.06433094618842006,0.06433094618842006,0.0
224,number,2,2,0.12859437800943851,0.06429718900471926,0.03880359782651645
\(\sum_{n=1}^{\infty},math notation,1,1,0.06425376603147015,0.06425376603147015,0.0
3.7037,number,1,1,0.06423405953682959,0.06423405953682959,0.0
amounts,other word,3,3,0.19263930199667811,0.06421310066555937,0.03800556204847501
\frac{3}{4},math notation,5,5,0.3209502303507179,0.06419004607014359,0.016691941119776028
shapes,other word,1,1,0.06418847385793924,0.06418847385793924,0.0
-\frac{48}{7},math notation,10,6,0.6417286661453545,0.06417286661453545,0.005301357008677267
\frac{8}{3},math notation,2,2,0.12833262630738318,0.06416631315369159,0.031184965972428015
3^b\),math notation,5,4,0.3206071014283225,0.0641214202856645,0.008853219391992587
\(t_2,math notation,1,1,0.06407945835962892,0.06407945835962892,0.0
\frac{33}{4},math notation,2,2,0.12804041779600084,0.06402020889800042,0.028238264037386992
"\[f(x,y)",math notation,1,1,0.0639854317996651,0.0639854317996651,0.0
pqr,other word,1,1,0.0639515221118927,0.0639515221118927,0.0
\frac{5}{7}\left(-\frac{1}{5}\right),math notation,1,1,0.06393447704613209,0.06393447704613209,0.0
home,other word,5,4,0.3195315069751814,0.06390630139503628,0.0313382295389776
\(ac\),math notation,3,3,0.1916533512994647,0.0638844504331549,0.007607333548649927
snowshoes,other word,2,1,0.12761725764721632,0.06380862882360816,0.09190053508460108
f(f(2,math notation,4,2,0.2546869192738086,0.06367172981845215,0.004456738966493976
line-up,other word,6,3,0.38168104365468025,0.06361350727578004,0.025703730419340425
\(x_n\),math notation,1,1,0.06355491233989596,0.06355491233989596,0.0
arguments,other word,2,2,0.12705169571563601,0.06352584785781801,0.04184834691367429
\(2\),math notation,4,3,0.2539172829128802,0.06347932072822005,0.01591094212559693
\frac{1}{3},math notation,7,5,0.44300284778000787,0.0632861211114297,0.011282171596006665
\(p\),math notation,2,2,0.12646420812234282,0.06323210406117141,0.0030841320243686974
f(pq,math notation,2,2,0.12640634109266102,0.06320317054633051,0.015250485059309427
\(p_1\),math notation,4,4,0.252404241473414,0.0631010603683535,0.0061420979782536135
\frac{4}{3},math notation,1,1,0.06293655652552843,0.06293655652552843,0.0
"\(1000^{10,000^{100,000}}\)",math notation,1,1,0.06288613454671577,0.06288613454671577,0.0
101-200,number,1,1,0.06286082603037357,0.06286082603037357,0.0
\frac{14}{2},math notation,1,1,0.06273395731113851,0.06273395731113851,0.0
median,other word,16,9,1.0036407553125173,0.06272754720703233,0.015100174179432324
"$30,000",math notation,4,2,0.2503931059036404,0.0625982764759101,0.02811913934127159
\frac{1}{2}a^2,math notation,2,1,0.12516176828648895,0.06258088414324448,0.00790667490018173
\sqrt{5})^{34},math notation,2,2,0.12514742114581168,0.06257371057290584,0.017277122114538274
u4,number,3,3,0.18741326592862606,0.06247108864287535,0.023438308033833594
\(7\),math notation,4,3,0.2497078675078228,0.0624269668769557,0.01182444909069986
halve,other word,1,1,0.06242483761161566,0.06242483761161566,0.0
\(\cos^2,math notation,2,2,0.12483283306937665,0.062416416534688324,0.02673605655502537
\frac{18}{5},math notation,1,1,0.06238402472808957,0.06238402472808957,0.0
\(\log_{4}{t}\),math notation,1,1,0.062352633802220225,0.062352633802220225,0.0
\sqrt{(20-20)^2,math notation,1,1,0.062307760352268815,0.062307760352268815,0.0
"$100,000",math notation,7,3,0.4358842165675014,0.06226917379535735,0.019653543645678576
\overline{cd}$,math notation,1,1,0.06223614513874054,0.06223614513874054,0.0
30^\circ,math notation,1,1,0.062222179025411606,0.062222179025411606,0.0
conditions,other word,15,13,0.9309503893600777,0.062063359290671846,0.016309241968774504
tuples,other word,1,1,0.062058056239038706,0.062058056239038706,0.0
b_0)$,math notation,1,1,0.062044436344876885,0.062044436344876885,0.0
8\)),math notation,2,2,0.12407826166599989,0.062039130832999945,0.011502544369115332
\frac{335}{x},math notation,1,1,0.062010076362639666,0.062010076362639666,0.0
31.5^{\circ}+\ldots+\cos,math notation,1,1,0.06192963774083182,0.06192963774083182,0.0
\frac{7}{4}a\),math notation,1,1,0.061883966671302915,0.061883966671302915,0.0
$8$,math notation,1,1,0.061853183433413506,0.061853183433413506,0.0
4ac}}{2a}\),math notation,2,2,0.12368017935659736,0.06184008967829868,0.00597208598587424
81\),math notation,1,1,0.061752937035635114,0.061752937035635114,0.0
\(7^3\),math notation,2,2,0.123282810440287,0.0616414052201435,0.01000449036812459
$1200,math notation,4,2,0.24588792747817934,0.061471981869544834,0.04223423016133746
holes,other word,14,5,0.8604859698098153,0.06146328355784395,0.033793115669376456
901-1000,number,1,1,0.06143713416531682,0.06143713416531682,0.0
\(ax,math notation,1,1,0.06128241587430239,0.06128241587430239,0.0
"f(1,1",math notation,1,1,0.061278630746528506,0.061278630746528506,0.0
27\),math notation,1,1,0.06126692099496722,0.06126692099496722,0.0
a$,math notation,2,2,0.12236749473959208,0.06118374736979604,0.010647559327123905
\(4\),math notation,4,4,0.24466779769863933,0.06116694942465983,0.02084917472813332
quarter,other word,2,1,0.12201542686671019,0.06100771343335509,0.04193448074868751
\frac{40r^3}{8r^4},math notation,1,1,0.060993914608843625,0.060993914608843625,0.0
180^\circ,math notation,7,6,0.42617761954898015,0.060882517078425735,0.015952790270112628
b_{m-1}x^{m-1,math notation,1,1,0.06085041048936546,0.06085041048936546,0.0
-3)^2,math notation,1,1,0.0608483754331246,0.0608483754331246,0.0
therefore,other word,170,169,10.335678510309663,0.06079810888417449,0.0028554739608158304
\left(\frac{3}{5}\right)^{8-1},math notation,1,1,0.06071718517341651,0.06071718517341651,0.0
list,other word,5,4,0.30358000798150897,0.06071600159630179,0.03742228698339438
"$(2,0)$",math notation,3,2,0.18212853861041367,0.06070951287013789,0.013023575339776092
3-4)^2,math notation,2,2,0.12139359349384904,0.06069679674692452,0.02565419119970985
1\),math notation,37,30,2.245547180995345,0.06069046435122554,0.005105226648516995
\(|r|,math notation,1,1,0.06064346665516496,0.06064346665516496,0.0
\(bcd\),math notation,2,1,0.12126273405738175,0.060631367028690875,0.010162525903516774
\(\sqrt[3]{r_2}\),math notation,1,1,0.060556405573152006,0.060556405573152006,0.0
1/5,math notation,2,1,0.12107977317646146,0.06053988658823073,0.0050551214924465975
\(50\%\),math notation,1,1,0.06053337990306318,0.06053337990306318,0.0
8.75,number,3,2,0.1812454923056066,0.06041516410186887,0.010558443406915129
\(24,math notation,2,2,0.12063493486493826,0.06031746743246913,0.027271397881117616
\((p,math notation,6,6,0.36155609798152,0.06025934966358667,0.012774032488288053
\text{area}_{abc},math notation,1,1,0.060128461685962975,0.060128461685962975,0.0
6.25,number,2,2,0.12023849133402109,0.060119245667010546,0.013259060378922402
extension,other word,8,3,0.4797978363931179,0.05997472954913974,0.025468013204138416
u6,number,3,3,0.17988770734518766,0.05996256911506256,0.029638073415344888
\binom{11}{4}$,math notation,1,1,0.05995152273681015,0.05995152273681015,0.0
\(5,math notation,4,4,0.2397731589153409,0.059943289728835225,0.014452924717438866
cookie,other word,6,2,0.359343477524817,0.059890579587469496,0.01601022730261149
a(b+c)\),math notation,1,1,0.0598787636263296,0.0598787636263296,0.0
\pmod{10},math notation,4,2,0.23949258110951632,0.05987314527737908,0.026430708442169267
$abcd$,math notation,1,1,0.059857139363884926,0.059857139363884926,0.0
decade,other word,5,3,0.2989265900105238,0.05978531800210476,0.05838151943881279
82,number,1,1,0.05966744851320982,0.05966744851320982,0.0
15/7,math notation,1,1,0.05956897814758122,0.05956897814758122,0.0
b^4}{ab}\),math notation,1,1,0.05956763192079961,0.05956763192079961,0.0
relations,other word,2,2,0.11907791160047054,0.05953895580023527,0.035751165006675585
representations,other word,1,1,0.059528032317757607,0.059528032317757607,0.0
\(13201_6\),math notation,2,1,0.11897084437077865,0.059485422185389325,0.013848732347206296
slices,other word,13,6,0.7720106822671369,0.059385437097472064,0.02307544268595683
house,other word,9,6,0.5339794009923935,0.05933104455471039,0.016761900465551077
\sqrt{32}\],math notation,1,1,0.05932296870741993,0.05932296870741993,0.0
30.5^\circ\),math notation,1,1,0.059267292148433626,0.059267292148433626,0.0
\(8,math notation,3,3,0.1777954743593,0.05926515811976666,0.02221226755189144
\(5\),math notation,5,4,0.2955889150616713,0.05911778301233426,0.016642171072649505
\left(\frac{ab}{2}\right)^2,math notation,2,1,0.11806297284783795,0.05903148642391898,0.002074502560190486
\frac{60}{2},math notation,1,1,0.058944128337316215,0.058944128337316215,0.0
\frac{\text{jamal's,math notation,1,1,0.05894017778337002,0.05894017778337002,0.0
2:1,number,1,1,0.05892741109710187,0.05892741109710187,0.0
\frac{12}{4},math notation,1,1,0.058893507812172174,0.058893507812172174,0.0
\(\frac{4,math notation,1,1,0.058747975155711174,0.058747975155711174,0.0
\(abc6\),math notation,1,1,0.0586565644480288,0.0586565644480288,0.0
"$20,000/year",math notation,1,1,0.05863493192009628,0.05863493192009628,0.0
\(x^2,math notation,3,3,0.17588006262667477,0.05862668754222492,0.011579387662774505
\(\sum_{k=1}^{20}k,math notation,1,1,0.05859822710044682,0.05859822710044682,0.0
versa,other word,1,1,0.05857041059061885,0.05857041059061885,0.0
u3,number,3,3,0.17549085849896073,0.05849695283298691,0.019522731312153607
\cdots\],math notation,1,1,0.05846792086958885,0.05846792086958885,0.0
2)(-2,math notation,1,1,0.058451475109905005,0.058451475109905005,0.0
3\left(\frac{49}{20}\right),math notation,1,1,0.058435603394173086,0.058435603394173086,0.0
\left(\frac{1}{2}\right)^{4-1},math notation,1,1,0.05840367381460965,0.05840367381460965,0.0
"3,000",number,2,1,0.11677906638942659,0.058389533194713295,0.012553198048634053
\left(\frac{1}{2}\right)^0,math notation,1,1,0.05838013917673379,0.05838013917673379,0.0
frog,other word,2,1,0.11659272061660886,0.05829636030830443,0.029369736521513055
4}{16}\right)^2,math notation,1,1,0.05829265824286267,0.05829265824286267,0.0
1-100,number,1,1,0.058291394263505936,0.058291394263505936,0.0
"a,$",math notation,1,1,0.058161103166639805,0.058161103166639805,0.0
\frac{1+2+3+5+7+9}{6},math notation,1,1,0.058159048086963594,0.058159048086963594,0.0
\(bc\),math notation,1,1,0.05815703235566616,0.05815703235566616,0.0
-6\),math notation,2,2,0.11621520714834332,0.05810760357417166,0.012873259487546451
$-12,math notation,3,2,0.17414313880726695,0.05804771293575565,0.004845406010209173
5-1)(5-2)(5-4,math notation,1,1,0.05803876998834312,0.05803876998834312,0.0
tuple,other word,2,1,0.11603604210540652,0.05801802105270326,0.05365153561920223
\(429,math notation,1,1,0.05800767382606864,0.05800767382606864,0.0
\text{age},math notation,1,1,0.05795008549466729,0.05795008549466729,0.0
\(\frac{a^4,math notation,1,1,0.05794223281554878,0.05794223281554878,0.0
cone,other word,6,2,0.3474554172717035,0.05790923621195058,0.03238234864903865
$19^{20}$,math notation,2,1,0.11553513281978667,0.057767566409893334,0.02158725780602177
beds,other word,2,1,0.11535302363336086,0.05767651181668043,0.03170757792129419
\(x_1,math notation,1,1,0.057668279856443405,0.057668279856443405,0.0
2\),math notation,29,26,1.6723531830357388,0.05766735113916341,0.006326734450104493
\sum_{n=1}^{2020},math notation,1,1,0.057657136116176844,0.057657136116176844,0.0
\frac{20+20}{2},math notation,1,1,0.05759572080569342,0.05759572080569342,0.0
\frac{15}{4},math notation,1,1,0.0575673611019738,0.0575673611019738,0.0
40\],math notation,1,1,0.057540261186659336,0.057540261186659336,0.0
\frac{17}{145},math notation,1,1,0.057433350244536996,0.057433350244536996,0.0
\frac{1}{3}},math notation,1,1,0.05735292343888432,0.05735292343888432,0.0
released,other word,3,1,0.17176460474729538,0.05725486824909846,0.032935776375620535
"$50,000",math notation,2,1,0.1144740553572774,0.0572370276786387,0.03672151815611472
\right)^2,math notation,7,3,0.40034313476644456,0.05719187639520636,0.01313378439559592
\(-6\),math notation,2,2,0.1143781638238579,0.05718908191192895,0.0062347654371967655
octagon,other word,7,3,0.40018907201010734,0.057169867430015335,0.0178833405834811
cards,other word,8,4,0.45727097522467375,0.05715887190308422,0.02928716101928964
-2))^2,math notation,1,1,0.05712258256971836,0.05712258256971836,0.0
\sum_{n=1}^{\infty},math notation,3,2,0.1712583055777941,0.057086101859264694,0.002654079524083227
\|\mathbf{b}\|^2,math notation,1,1,0.05708497611340135,0.05708497611340135,0.0
\left(\frac{7-3}{7-1}\right)t_5,math notation,1,1,0.05708085122751072,0.05708085122751072,0.0
46\],math notation,1,1,0.05706424452364445,0.05706424452364445,0.0
40$,math notation,1,1,0.05702666187426075,0.05702666187426075,0.0
4$,math notation,1,1,0.056999617256224155,0.056999617256224155,0.0
0.3)^2,math notation,1,1,0.056953450897708535,0.056953450897708535,0.0
-\frac{1}{3},math notation,2,2,0.1138335150317289,0.05691675751586445,0.011148969003385748
inclusion-exclusion,other word,3,3,0.17060273812967353,0.05686757937655784,0.005047890713642416
initially,other word,8,8,0.4545931920874864,0.0568241490109358,0.018332709675406338
f(a,math notation,1,1,0.056794269010424614,0.056794269010424614,0.0
rabbits,other word,5,3,0.28380741481669247,0.056761482963338494,0.03729909199446699
candies,other word,12,2,0.6803536156658083,0.05669613463881736,0.014202565563435379
lemons/tree,math notation,1,1,0.05668995017185807,0.05668995017185807,0.0
4\)),math notation,1,1,0.05664331512525678,0.05664331512525678,0.0
38\%,math notation,1,1,0.056613842491060495,0.056613842491060495,0.0
u2,number,3,3,0.16971543431282043,0.05657181143760681,0.013604797923870461
\(20^{4},math notation,1,1,0.05654249154031277,0.05654249154031277,0.0
x\),math notation,7,4,0.3957568942569196,0.056536699179559946,0.009661783250192487
3800,number,1,1,0.05648667365312576,0.05648667365312576,0.0
\frac{10z}{7},math notation,1,1,0.056472672848030925,0.056472672848030925,0.0
computation,other word,1,1,0.05644958605989814,0.05644958605989814,0.0
\text{rent},math notation,1,1,0.05643610842525959,0.05643610842525959,0.0
x^\circ,math notation,1,1,0.056422571651637554,0.056422571651637554,0.0
-a\),math notation,2,1,0.11277874372899532,0.05638937186449766,0.015308822636139393
2^{\frac{66}{7}},math notation,2,2,0.11270733294077218,0.05635366647038609,0.023141129134010428
x=14,math notation,1,1,0.05634016450494528,0.05634016450494528,0.0
62\%,math notation,1,1,0.05632970109581947,0.05632970109581947,0.0
\frac{b^3}{a},math notation,1,1,0.056326870108023286,0.056326870108023286,0.0
\(\theta\),math notation,1,1,0.05627579754218459,0.05627579754218459,0.0
0\],math notation,4,4,0.2249840870499611,0.05624602176249027,0.0063550148540141155
4(1)(a,math notation,1,1,0.05621863796841353,0.05621863796841353,0.0
\),math notation,833,281,46.80681740806904,0.056190657152543864,0.0019612411568552673
\frac{\log_2{64}}{\log_2{16}},math notation,1,1,0.056181831227149814,0.056181831227149814,0.0
3(x+1,math notation,1,1,0.056158901657909155,0.056158901657909155,0.0
pickaxe,other word,6,2,0.3368600383400917,0.05614333972334862,0.02332230959660097
\(30.5^\circ,math notation,1,1,0.056086490279994905,0.056086490279994905,0.0
\(\frac{x^2}{a^2},math notation,1,1,0.056079162983223796,0.056079162983223796,0.0
\sqrt{\frac{144}{1369}},math notation,1,1,0.05598027352243662,0.05598027352243662,0.0
\sqrt{(r+s)^2,math notation,1,1,0.05592153035104275,0.05592153035104275,0.0
\(6\),math notation,1,1,0.05579070351086557,0.05579070351086557,0.0
"\(\max(b,2)",math notation,1,1,0.05573982815258205,0.05573982815258205,0.0
hence,other word,2,2,0.11145494412630796,0.05572747206315398,0.006721870806462171
$2,math notation,2,2,0.11139337765052915,0.05569668882526457,0.040177347518040335
\dfrac{21}{43}\],math notation,1,1,0.05554941913578659,0.05554941913578659,0.0
\frac{6-3}{6-1},math notation,1,1,0.05548274237662554,0.05548274237662554,0.0
months/harvest,math notation,1,1,0.05542493611574173,0.05542493611574173,0.0
necessarily,other word,1,1,0.0554167702794075,0.0554167702794075,0.0
-16\),math notation,1,1,0.05533562763594091,0.05533562763594091,0.0
quarter-circles,other word,1,1,0.05532989604398608,0.05532989604398608,0.0
\(25\),math notation,2,1,0.11059042334090918,0.05529521167045459,0.002991614711644512
0\),math notation,25,16,1.3808716378407553,0.05523486551363021,0.00943389362933914
adb$,math notation,1,1,0.055215273634530604,0.055215273634530604,0.0
mathletics,other word,1,1,0.055197445675730705,0.055197445675730705,0.0
\(\overline{ad}\),math notation,1,1,0.05516083783004433,0.05516083783004433,0.0
$0.50,math notation,2,1,0.1102047860622406,0.0551023930311203,0.006504137223604598
3ab\],math notation,3,2,0.16519516240805387,0.055065054136017956,0.002304270621383179
4\),math notation,17,14,0.9359706232789904,0.055057095486999434,0.00798282333807385
\sqrt{25}}{4}\],math notation,1,1,0.05504576995735988,0.05504576995735988,0.0
3(-2,math notation,1,1,0.05501446779817343,0.05501446779817343,0.0
\frac{\$8}{\$2},math notation,1,1,0.05498295882716775,0.05498295882716775,0.0
\(f\),math notation,1,1,0.0548779321834445,0.0548779321834445,0.0
\(3^8,math notation,1,1,0.054801139049232006,0.054801139049232006,0.0
29\),math notation,1,1,0.05463515408337116,0.05463515408337116,0.0
1\],math notation,4,4,0.2181874574162066,0.05454686435405165,0.0186065521170523
\(10x,math notation,1,1,0.05450793029740453,0.05450793029740453,0.0
\frac{25}{144},math notation,1,1,0.05449716286966577,0.05449716286966577,0.0
\frac{2^{-2}}{1,math notation,1,1,0.05444628169061616,0.05444628169061616,0.0
76\],math notation,2,1,0.10868609067983925,0.05434304533991963,0.005061298557613403
340\],math notation,1,1,0.05426868470385671,0.05426868470385671,0.0
-24,number,1,1,0.05426483694463968,0.05426483694463968,0.0
scale,other word,2,2,0.10848403489217162,0.05424201744608581,0.0427293582931657
\(5625\),math notation,1,1,0.05417723231948912,0.05417723231948912,0.0
35\],math notation,1,1,0.0541197236161679,0.0541197236161679,0.0
7.68,number,1,1,0.05409190943464637,0.05409190943464637,0.0
x^n,math notation,1,1,0.05405879765748978,0.05405879765748978,0.0
itself,other word,1,1,0.05401579849421978,0.05401579849421978,0.0
$a=1$,math notation,1,1,0.05401558266021311,0.05401558266021311,0.0
90.89,number,1,1,0.05400925234425813,0.05400925234425813,0.0
\(\frac{2}{6},math notation,1,1,0.054003080702386796,0.054003080702386796,0.0
\((c,math notation,1,1,0.05398538871668279,0.05398538871668279,0.0
3f(-2,math notation,2,1,0.10759528027847409,0.053797640139237046,0.003913151314954907
r^2\),math notation,1,1,0.053797201719135046,0.053797201719135046,0.0
\frac{-48}{6},math notation,1,1,0.05379688635002822,0.05379688635002822,0.0
2-hole,number,1,1,0.05372987315058708,0.05372987315058708,0.0
\frac{2}{2},math notation,1,1,0.053686561761423945,0.053686561761423945,0.0
date,other word,1,1,0.05359867215156555,0.05359867215156555,0.0
$0,math notation,1,1,0.05355962784960866,0.05355962784960866,0.0
\frac{z}{x},math notation,1,1,0.0535220168530941,0.0535220168530941,0.0
\(\log_5(x-1)\),math notation,1,1,0.05352121335454285,0.05352121335454285,0.0
-180\),math notation,1,1,0.053517201682552695,0.053517201682552695,0.0
quadrant,other word,6,3,0.32101215107832104,0.05350202517972017,0.03829481553403581
\frac{3}{2},math notation,8,6,0.4279463932616636,0.05349329915770795,0.010400819943585481
18.75,number,1,1,0.053478339686989784,0.053478339686989784,0.0
three-fourths,other word,1,1,0.05346283921971917,0.05346283921971917,0.0
\((5,math notation,1,1,0.05343874963000417,0.05343874963000417,0.0
-b/a,math notation,1,1,0.053383130580186844,0.053383130580186844,0.0
holes/button,math notation,2,2,0.1067584939301014,0.0533792469650507,0.0036847626465943127
0.4096\),math notation,1,1,0.05336180725134909,0.05336180725134909,0.0
a\),math notation,5,4,0.2667488071601838,0.053349761432036756,0.02018507570132608
\(2^i\),math notation,3,1,0.15984736406244338,0.05328245468748113,0.005702183079632392
z\),math notation,1,1,0.05316052050329745,0.05316052050329745,0.0
u)\),math notation,4,4,0.21260118822101504,0.05315029705525376,0.003994891744221256
spades,other word,6,4,0.3188271960243583,0.05313786600405971,0.025012451252235494
42\],math notation,1,1,0.05312523432075977,0.05312523432075977,0.0
32\),math notation,1,1,0.05289896856993437,0.05289896856993437,0.0
22(15,math notation,1,1,0.05286641092970967,0.05286641092970967,0.0
\(k\),math notation,7,6,0.3691130065417383,0.052730429505962614,0.010081405150474308
\[\frac{y}{x},math notation,2,2,0.10539418191183358,0.05269709095591679,0.0017090658612143722
inclusive,other word,2,2,0.1053617533762008,0.0526808766881004,0.0030611918733873572
\text{or},math notation,3,3,0.15794779499992728,0.05264926499997576,0.022657452655868292
\[\frac{8}{12},math notation,1,1,0.05256997491233051,0.05256997491233051,0.0
10\),math notation,10,9,0.5253541694255546,0.05253541694255546,0.01635213537684335
option,other word,1,1,0.05252251587808132,0.05252251587808132,0.0
donation,other word,2,1,0.10502254776656628,0.05251127388328314,0.03095127643236848
\[r^2,math notation,4,4,0.20968062314204872,0.05242015578551218,0.012751898249230672
\(c\),math notation,17,13,0.8910949052660726,0.05241734736859251,0.005941736793571842
\(14\),math notation,1,1,0.052298097405582666,0.052298097405582666,0.0
\(k,math notation,1,1,0.052266882034018636,0.052266882034018636,0.0
\(e,math notation,5,4,0.2612961868289858,0.05225923736579716,0.016913097826179748
direction,other word,1,1,0.05221604090183973,0.05221604090183973,0.0
a_7\),math notation,3,2,0.156603506882675,0.052201168960891664,0.010622250073789455
bac\),math notation,1,1,0.05210839887149632,0.05210839887149632,0.0
2:48,number,2,1,0.10414481535553932,0.05207240767776966,0.000481311741638346
334\],math notation,1,1,0.05205051740631461,0.05205051740631461,0.0
2^2\),math notation,1,1,0.05199904693290591,0.05199904693290591,0.0
\$2,math notation,1,1,0.05197238735854626,0.05197238735854626,0.0
vertices,other word,10,7,0.5195811890298501,0.051958118902985004,0.01589466872082694
base-\(c\),math notation,1,1,0.05180210666731,0.05180210666731,0.0
\frac{24}{5},math notation,2,2,0.10351968772010878,0.05175984386005439,0.01769667421454947
$\frac{20}{19}$,math notation,2,1,0.10346311330795288,0.05173155665397644,0.004313165819400859
\frac{3-3}{3-1},math notation,1,1,0.05168520868755877,0.05168520868755877,0.0
30.5^{\circ}+\sin,math notation,1,1,0.05163101322250441,0.05163101322250441,0.0
a_{n-1}x^{n-1,math notation,1,1,0.05162308877333999,0.05162308877333999,0.0
\frac{\text{remaining,math notation,1,1,0.051588041707873344,0.051588041707873344,0.0
\frac{1}{2},math notation,62,34,3.1941713791748043,0.05151889321249684,0.006053914252084223
21.33,number,1,1,0.05151799018494785,0.05151799018494785,0.0
dollars,other word,26,20,1.339369889581576,0.051514226522368305,0.0073337336418705795
44.5^\circ\),math notation,1,1,0.05147498071892187,0.05147498071892187,0.0
\binom{11}{4},math notation,4,3,0.20571858470793813,0.051429646176984534,0.009293605865872686
games,other word,8,7,0.4112776331603527,0.05140970414504409,0.02218904922515699
d)(c,math notation,2,2,0.10280445008538663,0.05140222504269332,0.002857478373832472
\left(\frac{1}{3},math notation,1,1,0.05138631851878017,0.05138631851878017,0.0
additionally,other word,1,1,0.0513839703053236,0.0513839703053236,0.0
\ldots\),math notation,3,2,0.153813564684242,0.05127118822808067,0.0055623114267604025
\(3^1\),math notation,1,1,0.05127101740799844,0.05127101740799844,0.0
316\],math notation,1,1,0.05126029346138239,0.05126029346138239,0.0
\(m\),math notation,8,8,0.40976001415401697,0.05122000176925212,0.007706003839191428
\(t^{2023}\),math notation,1,1,0.05120934051228687,0.05120934051228687,0.0
non-relevant,other word,1,1,0.05118209170177579,0.05118209170177579,0.0
sills,other word,1,1,0.05109586380422115,0.05109586380422115,0.0
\(15\),math notation,1,1,0.051087454659864306,0.051087454659864306,0.0
\(a_3\),math notation,1,1,0.051059536286629736,0.051059536286629736,0.0
44.5^{\circ}}{\sin,math notation,1,1,0.05104193865554407,0.05104193865554407,0.0
\left(\frac{5-3}{5-1}\right)t_3,math notation,1,1,0.05100863282859791,0.05100863282859791,0.0
\(m_1\),math notation,1,1,0.05100155854597688,0.05100155854597688,0.0
"6,000",number,3,1,0.15266597038134933,0.050888656793783106,0.006802458981961073
\frac{4-3}{4-1},math notation,1,1,0.050853896158514544,0.050853896158514544,0.0
\(1875\),math notation,1,1,0.05085355817573145,0.05085355817573145,0.0
5x)/5,math notation,1,1,0.05082015972584486,0.05082015972584486,0.0
10}{2}\],math notation,1,1,0.05079978588037193,0.05079978588037193,0.0
"\((10^3)^{10,000^{100,000}}",math notation,1,1,0.05079072611988522,0.05079072611988522,0.0
\frac{1}{5},math notation,1,1,0.05073662451468408,0.05073662451468408,0.0
2^{\frac{-48,math notation,1,1,0.05047722422750667,0.05047722422750667,0.0
\boxed{24},math notation,1,1,0.05047638970427215,0.05047638970427215,0.0
\left(\frac{3}{5}\right)^7,math notation,2,2,0.10091199664748274,0.05045599832374137,0.009669914248114746
\(32,math notation,1,1,0.050443162210285664,0.050443162210285664,0.0
2(g^2)(6,math notation,1,1,0.050383594701997936,0.050383594701997936,0.0
18\),math notation,5,5,0.2519118608906865,0.050382372178137305,0.013379301169910698
\(i\),math notation,4,3,0.20126724895089865,0.05031681223772466,0.005089249316864126
3(12,math notation,1,1,0.050307934172451496,0.050307934172451496,0.0
\log_{5}(2+3),math notation,1,1,0.05029899696819484,0.05029899696819484,0.0
deck,other word,2,2,0.10054855979979038,0.05027427989989519,0.008410115836398916
\(60\%,math notation,2,2,0.1005229854490608,0.0502614927245304,0.01892820835902178
divisors,other word,5,5,0.25128106004558504,0.05025621200911701,0.04129863868632502
\(|x|,math notation,1,1,0.050254713743925095,0.050254713743925095,0.0
\(x^5\),math notation,1,1,0.05024629412218928,0.05024629412218928,0.0
\left(\frac{1}{2},math notation,1,1,0.050183706218376756,0.050183706218376756,0.0
\(xyz\),math notation,2,2,0.10025250044418499,0.050126250222092494,0.006277203341800687
x_1}\],math notation,1,1,0.050090576987713575,0.050090576987713575,0.0
\(\frac{20160}{2},math notation,1,1,0.049950034939683974,0.049950034939683974,0.0
point-slope,other word,1,1,0.04993685754016042,0.04993685754016042,0.0
abc\),math notation,2,1,0.09970272541977465,0.049851362709887326,0.020664930331916288
simplicity,other word,2,2,0.099693558877334,0.049846779438667,0.003328804275824032
term-by-term,other word,1,1,0.0498449084116146,0.0498449084116146,0.0
denominator,other word,15,12,0.7472855515370611,0.04981903676913741,0.027650473188989184
\text{apples},math notation,1,1,0.04981572600081563,0.04981572600081563,0.0
\frac{1}{10^n}\),math notation,1,1,0.04981484456220642,0.04981484456220642,0.0
\log_{5}(5),math notation,1,1,0.049785271752625704,0.049785271752625704,0.0
cups/bag,math notation,1,1,0.04972351063042879,0.04972351063042879,0.0
a+b)^2,math notation,4,3,0.19878575630718842,0.049696439076797105,0.002818569410922776
"f(2,1",math notation,4,2,0.19875723030418158,0.049689307576045394,0.006551510491454029
\(\frac{r_1}{\sqrt[3]{r_2}},math notation,1,1,0.04964454530272633,0.04964454530272633,0.0
\pmod{3},math notation,3,3,0.14887552335858345,0.04962517445286115,0.0007108614083106274
22\],math notation,2,2,0.0992061683209613,0.04960308416048065,0.006121354318231617
category,other word,1,1,0.04956413514446467,0.04956413514446467,0.0
\frac{411}{333},math notation,1,1,0.04953517462126911,0.04953517462126911,0.0
cups}}{110,math notation,1,1,0.04951277025975287,0.04951277025975287,0.0
90\],math notation,1,1,0.049448083620518446,0.049448083620518446,0.0
spoons}\],math notation,1,1,0.04944546893239021,0.04944546893239021,0.0
computer,other word,2,1,0.09886046499013901,0.049430232495069504,0.04592347943344095
zero,other word,7,7,0.34600258665159345,0.04942894095022764,0.01841834231966301
semicircle,other word,8,4,0.3952202876098454,0.049402535951230675,0.018595777100313616
"t,$",math notation,2,2,0.09873724938370287,0.04936862469185144,0.0026719079401086457
\((x_1,math notation,2,2,0.09866028081160039,0.049330140405800194,0.012243831002100011
"f(2,0",math notation,2,1,0.09863046777900308,0.04931523388950154,0.006410160823204848
bhc,other word,1,1,0.049224183429032564,0.049224183429032564,0.0
\(a_0\),math notation,2,1,0.09842229424975812,0.04921114712487906,0.008512418997034693
\(42,math notation,1,1,0.049206201918423176,0.049206201918423176,0.0
\frac{25}{12},math notation,1,1,0.04919150145724416,0.04919150145724416,0.0
graph,other word,4,3,0.19659071462228894,0.049147678655572236,0.027135955401980116
\)'s,math notation,1,1,0.04906897014006972,0.04906897014006972,0.0
\(e[x_n],math notation,1,1,0.04904042603448033,0.04904042603448033,0.0
reciprocal,other word,1,1,0.04902086779475212,0.04902086779475212,0.0
\((b,math notation,1,1,0.04902009858051315,0.04902009858051315,0.0
\frac{9}{4}\),math notation,2,2,0.0980068578501232,0.0490034289250616,0.0011884862424383416
\(22(n,math notation,1,1,0.048931927885860205,0.048931927885860205,0.0
\(2021\)-tuples,math notation,12,3,0.5871678983967286,0.04893065819972738,0.005120083755745084
0^\circ,math notation,2,2,0.09783394681289792,0.04891697340644896,0.00046654470422743944
4(-50,math notation,1,1,0.048884515243116766,0.048884515243116766,0.0
thus,other word,63,62,3.0779471563873813,0.04885630406964097,0.004665790519060618
\sqrt{100}}{2}\],math notation,1,1,0.048833672888576984,0.048833672888576984,0.0
30.5^{\circ}+\cos,math notation,1,1,0.048761746496893466,0.048761746496893466,0.0
4.$$,math notation,1,1,0.04874763172119856,0.04874763172119856,0.0
2.9,number,1,1,0.04873972246423364,0.04873972246423364,0.0
\[\frac{x,math notation,1,1,0.048591166036203504,0.048591166036203504,0.0
$a^2,math notation,2,2,0.09712189971469343,0.048560949857346714,0.0009308805678570666
non-face,other word,1,1,0.048510427586734295,0.048510427586734295,0.0
\frac{1}{15},math notation,1,1,0.04843646625522524,0.04843646625522524,0.0
-\frac{1}{5},math notation,1,1,0.04831761753302999,0.04831761753302999,0.0
20t,number,1,1,0.04828888177871704,0.04828888177871704,0.0
\[(x,math notation,2,2,0.09639959502965212,0.04819979751482606,0.03041557714617711
$n$,math notation,3,2,0.14451538980938494,0.048171796603128314,0.02870782468620551
9\),math notation,4,3,0.19244470610283315,0.04811117652570829,0.011729141076776414
\left(\frac{1}{2}\right)^3,math notation,1,1,0.048103946435730904,0.048103946435730904,0.0
∞)\),math notation,1,1,0.04809072706848383,0.04809072706848383,0.0
4:3:2,number,1,1,0.04788822773844004,0.04788822773844004,0.0
$f(n,math notation,1,1,0.047869401751086116,0.047869401751086116,0.0
k^2+1,math notation,1,1,0.04774501919746399,0.04774501919746399,0.0
311,number,1,1,0.04771781153976917,0.04771781153976917,0.0
step-by-step,other word,2,2,0.09537309128791094,0.04768654564395547,0.007801441916188959
$1$,math notation,3,3,0.1428992049768567,0.0476330683256189,0.012556730724822919
$(3,math notation,1,1,0.04753054887987673,0.04753054887987673,0.0
\frac{a^3}{b},math notation,1,1,0.04750998318195343,0.04750998318195343,0.0
\[p(\text{divisible,math notation,2,1,0.09498747868929058,0.04749373934464529,0.0024073168163974987
20-0)^2,math notation,1,1,0.04746625176630914,0.04746625176630914,0.0
\frac{ad}{dc},math notation,3,3,0.1423986479640007,0.047466215988000236,0.0070698387358363
$-63,math notation,1,1,0.04746450902894139,0.04746450902894139,0.0
p_j\),math notation,1,1,0.04745941224973649,0.04745941224973649,0.0
-y^2,math notation,3,1,0.14225017675198615,0.04741672558399538,0.0036345502155315772
\(\frac{4}{6},math notation,1,1,0.04731938580516726,0.04731938580516726,0.0
multiplication,other word,6,6,0.2837627762928605,0.04729379604881009,0.011265835468967582
\((b-c)^2,math notation,1,1,0.047279781312681735,0.047279781312681735,0.0
hexagon,other word,5,2,0.23539418797008693,0.04707883759401739,0.052068620533317206
\frac{b}{97},math notation,3,3,0.1409708607243374,0.046990286908112466,0.008080821175092746
\(1,math notation,9,8,0.42290534102357924,0.04698948233595325,0.012334435770450644
\(5^1\),math notation,1,1,0.046984980814158916,0.046984980814158916,0.0
"\(\max(a,2)\)",math notation,1,1,0.04691504669608548,0.04691504669608548,0.0
\frac{1}{3}\right),math notation,1,1,0.04684765019919723,0.04684765019919723,0.0
allowed,other word,1,1,0.04676396935246885,0.04676396935246885,0.0
\frac{ab}{bc},math notation,2,2,0.09351780684664845,0.04675890342332423,0.0053527533170074195
\|\mathbf{v}\|\),math notation,1,1,0.04674562602303922,0.04674562602303922,0.0
area}_{xyz,math notation,1,1,0.04673718078993261,0.04673718078993261,0.0
\text{(not,math notation,1,1,0.04670692980289459,0.04670692980289459,0.0
"\(\max(b,2)\)",math notation,1,1,0.04661964811384678,0.04661964811384678,0.0
divisor,other word,5,5,0.23304731474490836,0.046609462948981675,0.014763761087113287
generates,other word,1,1,0.04656701534986496,0.04656701534986496,0.0
\left(\frac{1}{2}\right)^5,math notation,1,1,0.046552430372685194,0.046552430372685194,0.0
\equiv,math notation,8,7,0.37199311252334155,0.046499139065417694,0.00683924669364988
$f(1,math notation,1,1,0.046411999966949224,0.046411999966949224,0.0
\(33,math notation,1,1,0.046405622735619545,0.046405622735619545,0.0
(2\sqrt{3})^2,math notation,1,1,0.04627168510342017,0.04627168510342017,0.0
b)^2,math notation,1,1,0.04624079563654959,0.04624079563654959,0.0
relation,other word,3,3,0.13871877291239798,0.04623959097079933,0.04903688653384755
\frac{\text{area,math notation,2,2,0.09243376867379993,0.046216884336899966,0.00017241341415750184
function,other word,26,19,1.199558534193784,0.04613686669976092,0.013327727476369658
b)$,math notation,2,1,0.09220713912509382,0.04610356956254691,0.011163859291517194
\[114,math notation,1,1,0.04607065301388502,0.04607065301388502,0.0
\frac{ab,math notation,1,1,0.045901497825980186,0.045901497825980186,0.0
x^2$$,math notation,1,1,0.04588840343058109,0.04588840343058109,0.0
spanish,other word,10,5,0.4587071193382144,0.04587071193382144,0.023907183421057406
options,other word,7,5,0.3209884122479707,0.045855487463995814,0.011256048782596773
\frac{3}{4}a,math notation,1,1,0.045746536925435066,0.045746536925435066,0.0
n_a(24,math notation,1,1,0.04573972139041871,0.04573972139041871,0.0
dynamics,other word,1,1,0.045727115124464035,0.045727115124464035,0.0
\(1.024,math notation,1,1,0.04564167885109782,0.04564167885109782,0.0
÷,math notation,5,5,0.22818952053785324,0.04563790410757065,0.007083555484009761
tree,other word,3,2,0.13677751598879695,0.045592505329598985,0.02926643684508688
\[a^3,math notation,1,1,0.04557536472566426,0.04557536472566426,0.0
correct,hedging / contrast,15,14,0.6831858202349395,0.04554572134899596,0.010616468780140931
now,other word,118,118,5.3684815223678015,0.04549560612176103,0.005165065523587441
720\),math notation,1,1,0.04541819263249636,0.04541819263249636,0.0
\(3/4,math notation,1,1,0.04541322682052851,0.04541322682052851,0.0
segment,other word,9,8,0.40779509296407923,0.045310565884897694,0.03444976927475589
b)(a,math notation,3,3,0.1359112614300102,0.0453037538100034,0.01192851517431602
2014,number,7,5,0.3169010516721755,0.04527157881031079,0.026808890315024706
cylinder,other word,7,3,0.31674769427627325,0.04524967061089618,0.016272603194837705
15\),math notation,2,2,0.09048500494100153,0.04524250247050077,0.004841701129162126
partitions,other word,1,1,0.04522778559476137,0.04522778559476137,0.0
\frac{1}{3}\%,math notation,1,1,0.045216633880045265,0.045216633880045265,0.0
52-card,number,1,1,0.04521027207374573,0.04521027207374573,0.0
circle,other word,36,21,1.625980666198302,0.045166129616619505,0.012169744569330464
870,number,1,1,0.045154704712331295,0.045154704712331295,0.0
b$,math notation,1,1,0.0450931740924716,0.0450931740924716,0.0
halved,other word,1,1,0.045067047234624624,0.045067047234624624,0.0
$1000000,math notation,1,1,0.045049816370010376,0.045049816370010376,0.0
10^{4}$,math notation,1,1,0.045037994626909494,0.045037994626909494,0.0
\frac{1}{10^n},math notation,2,2,0.09003217273857445,0.04501608636928722,0.0023902612545033688
2880\),math notation,1,1,0.04500863025896251,0.04500863025896251,0.0
-32,number,1,1,0.045007623732089996,0.045007623732089996,0.0
\(2^4,math notation,1,1,0.044958120910450816,0.044958120910450816,0.0
triangles,other word,12,10,0.5391638030996546,0.044930316924971216,0.013686734001154192
(n-1)7\],math notation,2,1,0.08979714760789648,0.04489857380394824,0.0005466530010491507
lhs,other word,1,1,0.04484514216892421,0.04484514216892421,0.0
\(92,math notation,1,1,0.04484318755567074,0.04484318755567074,0.0
\frac{k}{4},math notation,2,1,0.08961108792573214,0.04480554396286607,0.0001836709855674086
\frac{27}{6},math notation,1,1,0.0447776357177645,0.0447776357177645,0.0
\[\dfrac{1}{a},math notation,2,2,0.08954405202530324,0.04477202601265162,0.007534444347368543
f(2,math notation,5,5,0.22384807467460632,0.044769614934921265,0.008822685932103558
\(3^4,math notation,1,1,0.04476031009107828,0.04476031009107828,0.0
distribution,other word,2,2,0.08948550000786781,0.04474275000393391,0.009045089060807409
order,other word,9,8,0.4022780278464779,0.04469755864960866,0.01736756053704263
together,other word,20,20,0.8928937164600939,0.044644685823004696,0.015051158393789335
\(315^\circ\),math notation,3,1,0.13390663272002712,0.04463554424000904,0.0014030790524769668
\frac{c}{a},math notation,1,1,0.04451762465760112,0.04451762465760112,0.0
\frac{3}{5}\),math notation,1,1,0.04450500587699935,0.04450500587699935,0.0
2^{-\frac{48}{7},math notation,1,1,0.04449921566992998,0.04449921566992998,0.0
\sqrt{3})^2,math notation,1,1,0.044470957946032286,0.044470957946032286,0.0
m\left(\frac{2,math notation,1,1,0.04446193156763911,0.04446193156763911,0.0
\frac{1233,math notation,1,1,0.04444262990728021,0.04444262990728021,0.0
wallet,other word,1,1,0.04442829266190529,0.04442829266190529,0.0
\(120,math notation,1,1,0.044411268550902605,0.044411268550902605,0.0
$(a+b)^2,math notation,1,1,0.04440716956742108,0.04440716956742108,0.0
$g$,math notation,2,1,0.0887993301730603,0.04439966508653015,0.02061689033323958
\[area,math notation,1,1,0.0443754936568439,0.0443754936568439,0.0
relevant,other word,1,1,0.04436234384775162,0.04436234384775162,0.0
perfectly,other word,1,1,0.04431468807160854,0.04431468807160854,0.0
cd$,math notation,3,2,0.1327414270490408,0.04424714234968027,0.01516939805289816
\frac{ab}{ac},math notation,1,1,0.04419431439600885,0.04419431439600885,0.0
\(ac,math notation,1,1,0.044191284105181694,0.044191284105181694,0.0
\((-∞,math notation,1,1,0.04417654103599489,0.04417654103599489,0.0
97,number,3,2,0.1325271192472428,0.044175706415747605,0.020814701579851932
\text{remaining,math notation,5,4,0.22018881747499108,0.04403776349499822,0.007346203859277172
4-1)d,math notation,1,1,0.04399672197178006,0.04399672197178006,0.0
3/4)x,math notation,4,3,0.17589864949695766,0.043974662374239415,0.006880655117006444
-\frac{1}{3}\),math notation,1,1,0.0439678723923862,0.0439678723923862,0.0
\frac{r}{97},math notation,3,3,0.13178726797923446,0.043929089326411486,0.0016562020637554795
\frac{1}{8},math notation,2,2,0.08781215181807056,0.04390607590903528,0.01467169397497675
burst,other word,2,1,0.08779428992420435,0.043897144962102175,0.02548532902797032
99\),math notation,1,1,0.04389709234237671,0.04389709234237671,0.0
\(\frac{4}{a^2},math notation,1,1,0.04389541398268193,0.04389541398268193,0.0
\(\frac{729}{1875}\),math notation,1,1,0.043860649573616683,0.043860649573616683,0.0
\(\frac{2187}{78125}\),math notation,1,1,0.043790012947283685,0.043790012947283685,0.0
\frac{20\pi}{12},math notation,1,1,0.04373246349859983,0.04373246349859983,0.0
6-8,number,1,1,0.04371006623841822,0.04371006623841822,0.0
\frac{-(-6),math notation,1,1,0.043674890883266926,0.043674890883266926,0.0
\((x_2,math notation,2,2,0.08713864895980805,0.043569324479904026,0.010114329377042331
"\(\max(a,2)",math notation,1,1,0.04355161136481911,0.04355161136481911,0.0
i)^2,math notation,1,1,0.043503830675035715,0.043503830675035715,0.0
exponents,other word,13,10,0.5652116762357764,0.043477821248905875,0.007744785112091813
\(190,math notation,1,1,0.04336071293801069,0.04336071293801069,0.0
\((10,math notation,1,1,0.043343467405065894,0.043343467405065894,0.0
\text{and},math notation,16,14,0.6929950781486696,0.04331219238429185,0.007354944342427022
y-intercept,other word,3,2,0.12983680941397324,0.043278936471324414,0.012231296301848351
units,other word,51,29,2.206089850747958,0.043256663740156034,0.009566593016285343
f(n)^2,math notation,1,1,0.043126951437443495,0.043126951437443495,0.0
ascending,other word,1,1,0.043122727423906326,0.043122727423906326,0.0
$389-39,math notation,1,1,0.04309105733409524,0.04309105733409524,0.0
\frac{\text{initial,math notation,1,1,0.04308601235970855,0.04308601235970855,0.0
\(y_{1},math notation,1,1,0.04306478868238628,0.04306478868238628,0.0
x_2}{2,math notation,1,1,0.0430376164149493,0.0430376164149493,0.0
v^3,math notation,1,1,0.04302110243588686,0.04302110243588686,0.0
\(cdbe\),math notation,2,1,0.08598974288906902,0.04299487144453451,0.010548791356884088
429\],math notation,1,1,0.04298802278935909,0.04298802278935909,0.0
\frac{48}{2},math notation,1,1,0.04293817840516567,0.04293817840516567,0.0
\frac{\frac{1}{10}}{1,math notation,1,1,0.0429347061435692,0.0429347061435692,0.0
statements,other word,1,1,0.0428989427164197,0.0428989427164197,0.0
\frac{144}{b^2},math notation,1,1,0.042849532095715404,0.042849532095715404,0.0
21\],math notation,1,1,0.04271903121843934,0.04271903121843934,0.0
$bcd$,math notation,2,1,0.08536220254609361,0.042681101273046806,0.02065422373588502
\mathbf{b}\),math notation,1,1,0.04264685488305986,0.04264685488305986,0.0
\(78125\),math notation,1,1,0.042607667681295425,0.042607667681295425,0.0
0$,math notation,1,1,0.04258603136986494,0.04258603136986494,0.0
minutes,other word,34,18,1.4465128321899101,0.04254449506440912,0.011545004466013854
groceries,other word,1,1,0.04253469407558441,0.04253469407558441,0.0
f^{-1,math notation,1,1,0.042526597157120705,0.042526597157120705,0.0
\(2.56,math notation,1,1,0.04251070972532034,0.04251070972532034,0.0
\(a_{1},math notation,1,1,0.04249283252283931,0.04249283252283931,0.0
\frac{64}{16},math notation,1,1,0.04248474258929491,0.04248474258929491,0.0
(\(a_8\)),math notation,1,1,0.04245259042363614,0.04245259042363614,0.0
32\],math notation,2,2,0.08487345953471959,0.04243672976735979,0.004562594161610857
\frac{18}{2},math notation,1,1,0.04237083182670176,0.04237083182670176,0.0
\(3c,math notation,3,3,0.1269890801049769,0.04232969336832563,0.0053233558188776125
\frac{-16,math notation,3,1,0.12684702809201553,0.042282342697338514,0.0038693502159904865
97\],math notation,1,1,0.04226316884160042,0.04226316884160042,0.0
$\frac{59}{3}$,math notation,2,1,0.0844543525017798,0.0422271762508899,0.004130841104602691
4*additional\,math notation,1,1,0.04222374712117016,0.04222374712117016,0.0
\((-2)\),math notation,1,1,0.042184691585134715,0.042184691585134715,0.0
\frac{9}{4},math notation,4,3,0.1686820124159567,0.042170503103989176,0.010120888073849508
\(17^{23}\),math notation,2,1,0.08428554236888885,0.04214277118444443,0.0034821486694135784
\frac{1}{4},math notation,16,13,0.6735656755045056,0.0420978547190316,0.004688236428929831
\(bd\),math notation,3,1,0.1262055509723723,0.04206851699079076,0.00709141227964117
5000$,math notation,1,1,0.04204787686467171,0.04204787686467171,0.0
48i,number,1,1,0.042030759155750275,0.042030759155750275,0.0
problem,other word,68,65,2.848875384486746,0.04189522624245215,0.005019376868922562
4/5\),math notation,1,1,0.041879591066390276,0.041879591066390276,0.0
49\),math notation,4,4,0.1675043610157445,0.04187609025393613,0.011451061654287222
$4$,math notation,2,2,0.08365568798035383,0.041827843990176916,0.022318821811367677
$4,math notation,7,5,0.29278224473819137,0.04182603496259877,0.02875387938340896
\(270^\circ\),math notation,1,1,0.041824223939329386,0.041824223939329386,0.0
\left(\frac{3^2,math notation,1,1,0.04177100915694609,0.04177100915694609,0.0
\frac{49}{4},math notation,1,1,0.04174576496006921,0.04174576496006921,0.0
exponent,other word,6,6,0.2504094502655789,0.04173490837759649,0.026275943421293354
$$f(2,math notation,2,1,0.08342969394288957,0.041714846971444786,0.003675115957369128
\dfrac{1}{b},math notation,2,2,0.08342722337692976,0.04171361168846488,5.55584366882161e-05
bananas}}{2,math notation,1,1,0.04165631020441651,0.04165631020441651,0.0
heptagon,other word,3,2,0.12492026295512915,0.04164008765170971,0.03272492963548841
n\),math notation,1,1,0.0416211923584342,0.0416211923584342,0.0
\frac{25}{3},math notation,2,1,0.08317831851309165,0.04158915925654583,0.00698855529910758
-38.945,number,1,1,0.04157937242416665,0.04157937242416665,0.0
-3\),math notation,2,2,0.08309398539131507,0.041546992695657536,0.010110626113740239
count,other word,11,11,0.45677813049405813,0.04152528459036892,0.03205798823121729
sector}}{\text{total,math notation,2,2,0.08290487655904144,0.04145243827952072,0.004886840692030515
-1,number,9,9,0.37279590405523777,0.04142176711724864,0.005801773666197766
\(\|\mathbf{a},math notation,1,1,0.04140565148554742,0.04140565148554742,0.0
finally,other word,34,34,1.4077790309675038,0.041405265616691285,0.007237248823110899
leap,other word,1,1,0.041354816406965256,0.041354816406965256,0.0
\frac{1}{6}\right),math notation,1,1,0.041320532793179154,0.041320532793179154,0.0
\(x^2\),math notation,1,1,0.04125071642920375,0.04125071642920375,0.0
0.2ax,number,1,1,0.04123541014268994,0.04123541014268994,0.0
-4)^2,math notation,1,1,0.04121316992677748,0.04121316992677748,0.0
$(748-742,math notation,1,1,0.04121270542964339,0.04121270542964339,0.0
\boxed{71},math notation,1,1,0.04120575822889805,0.04120575822889805,0.0
\(\frac{5,math notation,3,2,0.12358541716821492,0.04119513905607164,0.004629471337588798
|x,math notation,1,1,0.041181715205311775,0.041181715205311775,0.0
x^n\],math notation,1,1,0.04116821335628629,0.04116821335628629,0.0
|r-s|,math notation,7,2,0.2878263872116804,0.04111805531595435,0.004111517507774148
\text{(matches,math notation,3,2,0.1233390475390479,0.0411130158463493,0.005649867286789407
fuel,other word,5,3,0.20530638843774796,0.041061277687549594,0.026284726002515683
2\],math notation,4,4,0.16419718274846673,0.04104929568711668,0.015094211002345436
consistent,other word,5,4,0.20502647061948664,0.04100529412389733,0.02500608346606901
(3\sqrt{2})^2,math notation,1,1,0.04096419515553862,0.04096419515553862,0.0
\(999\),math notation,1,1,0.04095258889719844,0.04095258889719844,0.0
b)\),math notation,1,1,0.040910796262323856,0.040910796262323856,0.0
\(9,math notation,3,3,0.12263699329923838,0.040878997766412795,0.01329905072961564
5/7,math notation,3,1,0.12259848858229816,0.04086616286076605,0.0012365311310275644
\(\frac{125}{9}\),math notation,1,1,0.04085850133560598,0.04085850133560598,0.0
60\right),math notation,1,1,0.04084570030681789,0.04084570030681789,0.0
\(f(2021,math notation,2,2,0.08154906798154116,0.04077453399077058,0.0027733773833973382
\(x^7\),math notation,1,1,0.04070489347213879,0.04070489347213879,0.0
e\rfloor,math notation,1,1,0.04070119187235832,0.04070119187235832,0.0
months/year}}{3,math notation,1,1,0.04064384521916509,0.04064384521916509,0.0
\(4b^2,math notation,1,1,0.04063170752488077,0.04063170752488077,0.0
\(-2-5,math notation,1,1,0.04060902865603566,0.04060902865603566,0.0
\(j\),math notation,1,1,0.040554560953751206,0.040554560953751206,0.0
\(f(0),math notation,1,1,0.04051601130049676,0.04051601130049676,0.0
\|\mathbf{c}\|^2,math notation,1,1,0.04044802224962041,0.04044802224962041,0.0
next,other word,115,103,4.651231334064505,0.04044548986143048,0.0038491727918533833
1)\],math notation,1,1,0.04038795782253146,0.04038795782253146,0.0
\text{rainwater,math notation,1,1,0.0403704522177577,0.0403704522177577,0.0
-\frac{1}{\sin^2,math notation,1,1,0.040327486814931035,0.040327486814931035,0.0
\frac{y}{12},math notation,2,1,0.08059531694743782,0.04029765847371891,0.003978071826163761
\frac{2500}{81},math notation,4,2,0.1611807713052258,0.04029519282630645,0.022391346073278588
990^\circ,math notation,1,1,0.040262671653181314,0.040262671653181314,0.0
\frac{1}{16},math notation,1,1,0.040243096416816115,0.040243096416816115,0.0
2^6\),math notation,1,1,0.04018186149187386,0.04018186149187386,0.0
\frac{1}{6},math notation,7,4,0.2807937132020015,0.04011338760028593,0.017585132564289112
0.80,number,1,1,0.04007301828823984,0.04007301828823984,0.0
\frac{2018(2018,math notation,1,1,0.04003556934185326,0.04003556934185326,0.0
$\triangle,math notation,3,2,0.11996500834356993,0.039988336114523314,0.02180747578883553
matrix,other word,2,2,0.07993029616773129,0.03996514808386564,0.020243670029189934
\(\cos,math notation,2,2,0.07982556149363518,0.03991278074681759,0.003821074115757148
candy,other word,3,2,0.11971655650995672,0.03990551883665224,0.03079019106902931
\frac{36}{36},math notation,1,1,0.03990285308100283,0.03990285308100283,0.0
\(729\),math notation,1,1,0.03989945643115789,0.03989945643115789,0.0
\([-8,math notation,2,1,0.07978561182972044,0.03989280591486022,0.004910564922566726
6}{2,math notation,3,2,0.1194697346072644,0.039823244869088135,0.009913618912797566
100\%,math notation,2,2,0.07958669541403651,0.039793347707018256,0.006315764024454806
(\text{length},math notation,1,1,0.03972766431979835,0.03972766431979835,0.0
f(1,math notation,2,2,0.07933714613318443,0.039668573066592216,0.008494870843848552
\(7,math notation,4,3,0.15866900398395956,0.03966725099598989,0.01566789860903559
"\(\max(c,1)",math notation,1,1,0.03958002105355263,0.03958002105355263,0.0
non-constant,other word,1,1,0.039538934361189604,0.039538934361189604,0.0
\frac{-b,math notation,6,6,0.23721863119862974,0.039536438533104956,0.005788706447845882
-5x^5,math notation,1,1,0.03949321270920336,0.03949321270920336,0.0
\(9\),math notation,1,1,0.03945999953430146,0.03945999953430146,0.0
"$40,000",math notation,1,1,0.03944840794429183,0.03944840794429183,0.0
-f(-2,math notation,3,1,0.11818481009686366,0.03939493669895455,0.006151459798260916
\(m_1,math notation,1,1,0.03937854850664735,0.03937854850664735,0.0
\frac{-2,math notation,7,3,0.2754668639972806,0.03935240914246866,0.006584352921024298
\frac{11}{16},math notation,1,1,0.0393267625477165,0.0393267625477165,0.0
\frac{20}{9},math notation,4,3,0.15716832410544157,0.03929208102636039,0.01392962004618545
"h,$",math notation,1,1,0.039264163468033075,0.039264163468033075,0.0
\frac{58}{3},math notation,1,1,0.03926035936456174,0.03926035936456174,0.0
\(-6,math notation,1,1,0.03920857375487685,0.03920857375487685,0.0
\frac{14}{2}(105,math notation,1,1,0.03917801403440535,0.03917801403440535,0.0
\frac{\log_2{t}}{\log_2{4}},math notation,1,1,0.03917396778706461,0.03917396778706461,0.0
instance,other word,1,1,0.039156362414360046,0.039156362414360046,0.0
1}{2,math notation,2,2,0.07824542326852679,0.039122711634263396,0.02717415901006629
something,other word,1,1,0.03908036835491657,0.03908036835491657,0.0
\frac{360}{9},math notation,1,1,0.03907795250415802,0.03907795250415802,0.0
\(\mathbf{a}^t,math notation,2,1,0.07811622368171811,0.039058111840859056,0.0019698333931941
inequality,other word,19,17,0.7415370804665145,0.03902826739297444,0.013181337305778442
bills,other word,26,8,1.0133072892203927,0.03897335727770741,0.011008678352049333
\(\log_4{t},math notation,1,1,0.0389329036406707,0.0389329036406707,0.0
\text{amount,math notation,1,1,0.038879900239408016,0.038879900239408016,0.0
$\frac{1}{b},math notation,1,1,0.03885959507897496,0.03885959507897496,0.0
$0.75,math notation,2,1,0.07759000058285892,0.03879500029142946,0.004674775407548317
\(2,math notation,13,12,0.5042090744245797,0.03878531341727536,0.007961878446113395
m\left(\frac{x_1,math notation,1,1,0.038780633301939815,0.038780633301939815,0.0
3d\),math notation,1,1,0.038772185798734426,0.038772185798734426,0.0
2^{8,math notation,1,1,0.03875302546657622,0.03875302546657622,0.0
\frac{y^2}{b^2},math notation,1,1,0.0386795214144513,0.0386795214144513,0.0
\|\mathbf{a}\|^2,math notation,1,1,0.03859297500457615,0.03859297500457615,0.0
t(x,math notation,2,1,0.07707338174805045,0.038536690874025226,0.0026709437486309123
\left(\frac{9,math notation,1,1,0.03849565191194415,0.03849565191194415,0.0
90.89}{2,math notation,2,1,0.07697323348838836,0.03848661674419418,0.00734894902887767
7-2,number,1,1,0.038468487560749054,0.038468487560749054,0.0
setup,other word,3,3,0.11530670244246721,0.03843556748082241,0.006555352785900067
\frac{d}{2},math notation,1,1,0.03829971048980951,0.03829971048980951,0.0
\(\lceil,math notation,2,1,0.07656427356414497,0.038282136782072484,0.012925346818451153
universal,other word,6,3,0.22953453846275806,0.038255756410459675,0.010518456257656619
members,other word,2,2,0.07649776805192232,0.03824888402596116,0.022211132662155294
again,other word,14,14,0.5354694303823635,0.038247816455883106,0.012038052163744095
$y$,math notation,4,4,0.15245391987264156,0.03811347996816039,0.013399050211960825
\frac{5-3}{5-1},math notation,1,1,0.03808164122165181,0.03808164122165181,0.0
425,number,2,2,0.0761392570566386,0.0380696285283193,0.02599174292220976
rapidly,other word,2,2,0.07611503824591637,0.03805751912295818,0.021314247396571215
card,other word,4,3,0.15216500288806856,0.03804125072201714,0.018982298203843423
\frac{550,math notation,1,1,0.03802262945100665,0.03802262945100665,0.0
9\)),math notation,2,2,0.07604280719533563,0.03802140359766781,0.0006156243635833045
\sqrt{x^2,math notation,1,1,0.03798779612407088,0.03798779612407088,0.0
possibilities,other word,4,4,0.15176829509437084,0.03794207377359271,0.009534074010231706
4|,math notation,1,1,0.03793244529515505,0.03793244529515505,0.0
f(n,math notation,12,10,0.4551033227471635,0.03792527689559696,0.003922839378124017
\frac{25}{36},math notation,2,1,0.07580303191207349,0.037901515956036747,0.004558806460555135
14\),math notation,3,3,0.11357740825042129,0.037859136083473764,0.018703128297072318
sauce,other word,6,3,0.22706623934209347,0.03784437322368225,0.029510824308191477
5-1)(5-2)(5-3,math notation,1,1,0.03782786714145914,0.03782786714145914,0.0
abc$,math notation,3,2,0.1134352469816804,0.03781174899389347,0.006925464021752904
\frac{g}{97},math notation,3,3,0.11338593834079802,0.03779531278026601,0.006037607062237845
\(100\),math notation,7,3,0.26431714929640293,0.03775959275662899,0.005488787646242482
f(15,math notation,1,1,0.03775936318561435,0.03775936318561435,0.0
tenth,other word,3,2,0.11327044945210218,0.03775681648403406,0.019979272526518207
999,number,2,2,0.07543178740888834,0.03771589370444417,0.029558038927128237
outcomes,other word,31,16,1.1676652688765898,0.037666621576664186,0.012405542279656276
a'b'c'\),math notation,2,1,0.0752839136403054,0.0376419568201527,0.007547862520990949
$6.00/plate,math notation,1,1,0.03761876514181495,0.03761876514181495,0.0
\frac{2}{4}(0),math notation,1,1,0.0376095621031709,0.0376095621031709,0.0
cost\],math notation,1,1,0.03760398551821709,0.03760398551821709,0.0
pairwise,other word,2,1,0.07516504637897015,0.03758252318948507,0.0010965418016975178
20\],math notation,1,1,0.037555713090114295,0.037555713090114295,0.0
\(15,math notation,4,4,0.1501552341505885,0.03753880853764713,0.00421393445173967
$$f(3,math notation,2,1,0.075073238753248,0.037536619376624,0.004162497647794164
faces,other word,17,13,0.638033633469604,0.03753139020409435,0.015555730892172897
west,other word,1,1,0.037510961294174194,0.037510961294174194,0.0
alani,other word,2,2,0.07501552999019623,0.037507764995098114,0.03053748756403938
350-39,number,1,1,0.03747967258095741,0.03747967258095741,0.0
$2t,math notation,1,1,0.03746713697910309,0.03746713697910309,0.0
\(s_n\),math notation,1,1,0.037464308086782694,0.037464308086782694,0.0
\(y^{2},math notation,2,1,0.07490075775422156,0.03745037887711078,0.001600996526025691
y_1)\),math notation,2,2,0.07478062901645899,0.037390314508229494,0.004062003941091642
5ad^2,math notation,5,2,0.1868113437667489,0.03736226875334978,0.014568884120852606
integer,other word,55,42,2.052882802207023,0.037325141858309506,0.0061524189984106465
-n,other word,3,2,0.11196943302638829,0.03732314434212943,0.007845204024142016
r_1\),math notation,2,2,0.07457378040999174,0.03728689020499587,0.010934390692481578
$20,math notation,10,7,0.37285558553412557,0.037285558553412555,0.028717913854663914
20\%,math notation,4,4,0.14913644664920866,0.037284111662302166,0.0038184639168524362
x-intercept,other word,4,2,0.14907490508630872,0.03726872627157718,0.012014538470116687
\sqrt{3}}{2},math notation,2,2,0.07453181373421103,0.037265906867105514,0.0038383281876614482
\left(\frac{25}{4}\right)^4,math notation,2,1,0.07452211056806846,0.03726105528403423,0.0008500953721715959
\$12,math notation,2,2,0.07451934786513448,0.03725967393256724,0.023103002946674958
1.024\),math notation,1,1,0.037229126784950495,0.037229126784950495,0.0
mb,other word,3,1,0.11164470482617617,0.03721490160872539,0.03690858449579757
\text{width}),math notation,1,1,0.037146115908399224,0.037146115908399224,0.0
class,other word,6,5,0.2228125089313835,0.03713541815523058,0.03185246412673561
grid,other word,3,1,0.11136440793052316,0.03712146931017438,0.02296769969091255
5}{2}\right),math notation,1,1,0.037108839489519596,0.037108839489519596,0.0
$(10^3+1)^2,math notation,3,3,0.11124087683856487,0.03708029227952162,0.0013425594511416287
\$72,math notation,1,1,0.0370462816208601,0.0370462816208601,0.0
\(-2023\),math notation,1,1,0.03704503283370286,0.03704503283370286,0.0
costs,other word,17,13,0.6296609333949164,0.03703887843499508,0.023279954460715385
\(100,math notation,2,2,0.07406203984282911,0.037031019921414554,0.020240999548892
outcomes}}{\text{total,math notation,2,2,0.0740184138994664,0.0370092069497332,0.0032822377704839222
0}{2}\right),math notation,1,1,0.03695648955181241,0.03695648955181241,0.0
2^2}{2^4}\right)^2,math notation,1,1,0.036921075894497335,0.036921075894497335,0.0
cube,other word,10,8,0.36920911143533885,0.03692091114353389,0.025945018266067592
$\frac{x}{4},math notation,1,1,0.036909442162141204,0.036909442162141204,0.0
$0$,math notation,2,2,0.07378767803311348,0.03689383901655674,0.015699355992985844
12.96,number,2,1,0.07374173402786255,0.036870867013931274,0.014080983523162819
31.5^\circ,math notation,1,1,0.03686543891672045,0.03686543891672045,0.0
f(10,math notation,1,1,0.03686268674209714,0.03686268674209714,0.0
"7,000",number,1,1,0.03684520907700062,0.03684520907700062,0.0
5\%,math notation,1,1,0.03684450258151628,0.03684450258151628,0.0
\(2^{-1},math notation,1,1,0.0368391047231853,0.0368391047231853,0.0
\text{bananas},math notation,3,1,0.11039785854518414,0.03679928618172804,0.002342739218045037
b^4\),math notation,2,2,0.07359514071140438,0.03679757035570219,0.0022360556493334757
y_2}{2}\right),math notation,1,1,0.036775583401322365,0.036775583401322365,0.0
subtracted,other word,1,1,0.03674544638488442,0.03674544638488442,0.0
\frac{24,math notation,1,1,0.036716974806040525,0.036716974806040525,0.0
\frac{7}{25},math notation,1,1,0.0366691336967051,0.0366691336967051,0.0
\neq,math notation,2,2,0.0731937128584832,0.0365968564292416,0.008405419508558297
non-prime,other word,2,1,0.07318841945379972,0.03659420972689986,0.006767772017213066
-\tan,math notation,1,1,0.03658657846972346,0.03658657846972346,0.0
melanie,other word,1,1,0.03654956817626953,0.03654956817626953,0.0
a_{100}^2,math notation,3,2,0.10956372524378821,0.0365212417479294,0.003848425646392408
\frac{5}{12},math notation,2,2,0.07299220631830394,0.03649610315915197,0.0001994416036493572
\frac{1}{10},math notation,2,2,0.07297533634118736,0.03648766817059368,0.0038315837452419657
episodes,other word,6,2,0.21885693538933992,0.03647615589822332,0.02058331256079398
20160\),math notation,1,1,0.03642049548216164,0.03642049548216164,0.0
\frac{225}{375},math notation,1,1,0.036402210127562284,0.036402210127562284,0.0
definition,other word,1,1,0.03638450801372528,0.03638450801372528,0.0
\mathbf{c}),math notation,3,3,0.10901895663118921,0.0363396522103964,0.0059977395859926105
-3x,number,2,2,0.07263001473620534,0.03631500736810267,0.00949168480552681
\sqrt{(-180)^2,math notation,1,1,0.03630259889177978,0.03630259889177978,0.0
\(10,math notation,4,4,0.14514792861882597,0.03628698215470649,0.009075251510256059
\[2014,math notation,1,1,0.03623818699270487,0.03623818699270487,0.0
\(6,math notation,4,4,0.14485526806674898,0.036213817016687244,0.0011920474064837673
root,other word,18,15,0.6503320487681776,0.036129558264898755,0.00955625565102225
\text{probability},math notation,2,2,0.07220900384709239,0.036104501923546195,0.0032959416701047388
2n_b,math notation,1,1,0.03610132681205869,0.03610132681205869,0.0
cookies,other word,26,8,0.937370641506277,0.03605271698101065,0.008356364532734932
factoring,other word,1,1,0.035986137576401234,0.035986137576401234,0.0
\(7^{2023}\),math notation,2,1,0.07194865943165496,0.03597432971582748,0.003566568621765269
4}{2,math notation,1,1,0.03595059254439548,0.03595059254439548,0.0
\sqrt{(-6)^{2},math notation,1,1,0.03591119474731386,0.03591119474731386,0.0
\sqrt{100}}{2},math notation,1,1,0.03590554604306817,0.03590554604306817,0.0
\frac{48}{720},math notation,1,1,0.03590475209057331,0.03590475209057331,0.0
\(20^4,math notation,4,4,0.14360586006660014,0.035901465016650036,0.009718594643102698
bc}{2,math notation,1,1,0.03587150759994984,0.03587150759994984,0.0
r^2\],math notation,2,1,0.07167658559046686,0.03583829279523343,0.0010338540444839149
43,number,3,3,0.10751196090131998,0.03583732030043999,0.029015113129460403
20\),math notation,6,6,0.21498517645522952,0.03583086274253825,0.008516530807522411
\mathbf{a},math notation,7,5,0.25053777065477334,0.035791110093539046,0.005848235589303559
60\%,math notation,1,1,0.03577758837491274,0.03577758837491274,0.0
\(a_1,math notation,4,4,0.14297694311244413,0.03574423577811103,0.015893917739038043
n-1,number,16,12,0.5716474349610507,0.03572796468506567,0.002069499818286919
\frac{\text{number,math notation,3,3,0.10718170914333314,0.03572723638111105,0.002511459649454761
\(32^2,math notation,2,2,0.07144502410665154,0.03572251205332577,0.0028289554117846717
store,other word,1,1,0.03567034378647804,0.03567034378647804,0.0
aurelia's\),math notation,1,1,0.03565922752022743,0.03565922752022743,0.0
36\),math notation,2,2,0.0712976953946054,0.0356488476973027,0.0053358672480059805
solution}\),math notation,1,1,0.035608637146651745,0.035608637146651745,0.0
1.\],math notation,1,1,0.035593420383520424,0.035593420383520424,0.0
\(9999\),math notation,1,1,0.03556822251994163,0.03556822251994163,0.0
\left(\frac{3}{2},math notation,1,1,0.03556679072789848,0.03556679072789848,0.0
\(2^a,math notation,2,2,0.07104364654514939,0.03552182327257469,0.0034036475710430406
analysis,other word,1,1,0.035502633079886436,0.035502633079886436,0.0
8i)(30,math notation,1,1,0.03548689233139157,0.03548689233139157,0.0
a_{1}^2,math notation,1,1,0.03548158425837755,0.03548158425837755,0.0
-4,number,11,8,0.3902811954030767,0.03548010867300697,0.00872971676345356
\frac{3}{4}n,math notation,1,1,0.03547157777938992,0.03547157777938992,0.0
30\}\),math notation,5,5,0.17721230199094862,0.035442460398189726,0.002770223984660786
y_1)^2}\],math notation,1,1,0.035431567346677184,0.035431567346677184,0.0
sequence,other word,37,23,1.3102309657842852,0.0354116477238996,0.010753086138940113
2^{-n,math notation,1,1,0.03540642431471497,0.03540642431471497,0.0
\frac{k}{3},math notation,1,1,0.03537947038421407,0.03537947038421407,0.0
58/3,math notation,1,1,0.03536858223378658,0.03536858223378658,0.0
$y$-coordinate,math notation,3,2,0.10569823672994971,0.035232745576649904,0.00666374016094469
arcs,other word,4,3,0.14091121137607843,0.03522780284401961,0.024147835915301334
apples,other word,18,6,0.6339163151569664,0.03521757306427591,0.010973574599615742
10$,math notation,2,2,0.07023303117603064,0.03511651558801532,0.0053553382688373815
\(a_3\)),math notation,1,1,0.035107593750581145,0.035107593750581145,0.0
7\),math notation,14,11,0.4914246026892215,0.035101757334944396,0.0042907907182307544
\frac{\sqrt{3}}{2},math notation,2,1,0.07017907174304128,0.03508953587152064,0.0031235268153807665
"r_{1,2",math notation,4,1,0.1403394503868185,0.035084862596704625,0.002839117234448321
\[32^2,math notation,1,1,0.035058146342635155,0.035058146342635155,0.0
12)\),math notation,3,3,0.10506905615329742,0.03502301871776581,0.00391027285553566
-100,number,1,1,0.03502088156528771,0.03502088156528771,0.0
\frac{1}{9},math notation,4,3,0.14008313516387716,0.03502078379096929,0.0039013126142517828
gift,other word,2,2,0.06987747922539711,0.034938739612698555,0.026237455015443164
$d$,math notation,1,1,0.034936394076794386,0.034936394076794386,0.0
losses,other word,1,1,0.034935103729367256,0.034935103729367256,0.0
\frac{3^{2022},math notation,1,1,0.03490792110096663,0.03490792110096663,0.0
earlier,other word,4,4,0.13950644759461284,0.03487661189865321,0.014789836466347808
\times,math notation,265,159,9.234571751439944,0.03484744057147149,0.0014218055140737332
240,number,5,5,0.1742157619446516,0.03484315238893032,0.01959060604497748
$\frac{1}{b}$,math notation,1,1,0.03481178579386324,0.03481178579386324,0.0
t=11,math notation,1,1,0.03479313664138317,0.03479313664138317,0.0
"4,000",number,1,1,0.03478964930400252,0.03478964930400252,0.0
\frac{36}{6},math notation,1,1,0.03469724301248789,0.03469724301248789,0.0
\mathbf{a}\),math notation,1,1,0.03469244984444231,0.03469244984444231,0.0
2040,number,1,1,0.034667354077100754,0.034667354077100754,0.0
6x)$,math notation,1,1,0.034662737511098385,0.034662737511098385,0.0
perspective,other word,2,2,0.0693044364452362,0.0346522182226181,0.01599804807420452
\rightarrow,math notation,15,12,0.5197510961734224,0.034650073078228164,0.0048580739071707665
245$,math notation,1,1,0.03459595888853073,0.03459595888853073,0.0
\cdots),math notation,3,1,0.10372086754068732,0.03457362251356244,0.0022019899509193733
\(b,math notation,31,29,1.0716845570132136,0.034570469581071406,0.0034329402901876905
map,other word,4,3,0.1382139204069972,0.0345534801017493,0.03941008530683465
"640,$$",math notation,3,2,0.10359718173276633,0.03453239391092211,0.008849286759475985
24}}{4}\],math notation,1,1,0.03452552016824484,0.03452552016824484,0.0
6.4\),math notation,1,1,0.03451512614265084,0.03451512614265084,0.0
$(x_2,math notation,1,1,0.0344939383212477,0.0344939383212477,0.0
replacement,other word,2,2,0.06894307304173708,0.03447153652086854,0.026679105584815996
b-c)^2,math notation,1,1,0.03440381202381104,0.03440381202381104,0.0
first,other word,321,277,11.030684686760651,0.03436350369707368,0.002414030810576471
\(p_i,math notation,1,1,0.03435789613286033,0.03435789613286033,0.0
get,other word,82,75,2.8123828490497544,0.034297351817679934,0.004439400835311449
\frac{200,math notation,1,1,0.03428932884708047,0.03428932884708047,0.0
\(\mathbf{v}_1,math notation,1,1,0.034192731720395386,0.034192731720395386,0.0
$ad,math notation,1,1,0.03416514350101352,0.03416514350101352,0.0
4*1*75}}{2*1}\],math notation,1,1,0.03414233238436282,0.03414233238436282,0.0
3/5\),math notation,1,1,0.03412801120430231,0.03412801120430231,0.0
\frac{1}{2}ab,math notation,1,1,0.034100205870345235,0.034100205870345235,0.0
\(\log_{16}{64},math notation,1,1,0.034076056239428,0.034076056239428,0.0
\frac{1016}{2},math notation,1,1,0.033997204853221774,0.033997204853221774,0.0
pineapples/hectare,math notation,1,1,0.03392047737725079,0.03392047737725079,0.0
$5$,math notation,3,3,0.10171500267460942,0.033905000891536474,0.017321878726552227
\frac{cd}{ad},math notation,1,1,0.0338971572346054,0.0338971572346054,0.0
street,other word,2,1,0.06779105309396982,0.03389552654698491,0.00010177080971914145
c/a,math notation,1,1,0.03383643552660942,0.03383643552660942,0.0
kb/s,math notation,4,1,0.13531324185896665,0.03382831046474166,0.014412195720617511
12^\circ,math notation,5,3,0.1690523858414963,0.033810477168299255,0.004975934776243361
\text{time},math notation,1,1,0.03376340353861451,0.03376340353861451,0.0
10\],math notation,1,1,0.03376195766031742,0.03376195766031742,0.0
3750,number,2,2,0.06752011738717556,0.03376005869358778,0.02052444969979148
\(a(a,math notation,4,2,0.13499789615161717,0.03374947403790429,0.0054351202618158675
\frac{12,math notation,1,1,0.03374785976484418,0.03374785976484418,0.0
\frac{4}{10},math notation,1,1,0.03372455353382975,0.03372455353382975,0.0
-16,number,1,1,0.03365653217770159,0.03365653217770159,0.0
a_3\),math notation,2,1,0.06724755733739585,0.03362377866869792,0.0030478763915491695
1)d\),math notation,1,1,0.033600894501432776,0.033600894501432776,0.0
sticks,other word,6,3,0.20157472603023052,0.03359578767170509,0.04027563833007088
decomposed,other word,2,1,0.06718954024836421,0.033594770124182105,0.022947436953187725
\(\log_5(x+3)\),math notation,1,1,0.03358480613678694,0.03358480613678694,0.0
\sqrt{24(24,math notation,1,1,0.033570169005542994,0.033570169005542994,0.0
\(f(1),math notation,1,1,0.03356551902834326,0.03356551902834326,0.0
present,other word,2,2,0.06709960848093033,0.033549804240465164,5.7317079796783954e-05
6^\circ,math notation,1,1,0.0335486710537225,0.0335486710537225,0.0
\(a^2,math notation,4,4,0.1341259554028511,0.033531488850712776,0.004532859219008098
complexity,other word,3,3,0.10058765253052115,0.033529217510173716,0.01629238794569627
g,other word,9,6,0.30135467066429555,0.03348385229603284,0.018120992131222067
\):**,math notation,3,3,0.10043807252077386,0.03347935750692462,0.005216353723508403
\$737,math notation,1,1,0.03346352372318506,0.03346352372318506,0.0
inverse,other word,4,3,0.13385368790477514,0.033463421976193786,0.01923751261047854
\frac{ab}{2},math notation,2,2,0.06677935319021344,0.03338967659510672,0.006552576464889267
\(3b,math notation,3,3,0.1001506824977696,0.033383560832589865,0.004525172889947689
\infty),math notation,1,1,0.03337596799246967,0.03337596799246967,0.0
\[\frac{r,math notation,1,1,0.03337246784940362,0.03337246784940362,0.0
bandages,other word,9,2,0.29981904895976186,0.033313227662195764,0.014318026738010907
bursting,other word,1,1,0.033301109448075294,0.033301109448075294,0.0
\text{brother's,math notation,1,1,0.03327427920885384,0.03327427920885384,0.0
p(1,math notation,1,1,0.03326551150530577,0.03326551150530577,0.0
\frac{1}{10}},math notation,1,1,0.033232155721634626,0.033232155721634626,0.0
\frac{1}{2}n,math notation,1,1,0.03322730620857328,0.03322730620857328,0.0
6]\),math notation,1,1,0.03320068377070129,0.03320068377070129,0.0
\text{percentage,math notation,1,1,0.033190883696079254,0.033190883696079254,0.0
animals,other word,3,3,0.09946149587631226,0.03315383195877075,0.05456799036271403
sizes,other word,4,3,0.13254017662256956,0.03313504415564239,0.03486263474947833
2107\],math notation,1,1,0.03311382525134832,0.03311382525134832,0.0
$e$,math notation,2,2,0.06618665554560721,0.033093327772803605,0.007584659518555122
\frac{12^2}{b^2},math notation,1,1,0.03306941385380924,0.03306941385380924,0.0
independently,other word,2,2,0.06613874598406255,0.033069372992031276,0.023175670287362504
\frac{80}{\frac{3}{5}},math notation,1,1,0.033059666748158634,0.033059666748158634,0.0
|h|,math notation,2,2,0.06608534511178732,0.03304267255589366,0.0009556057037273741
k\),math notation,1,1,0.03303358529228717,0.03303358529228717,0.0
11^{5}\],math notation,1,1,0.03303004789631814,0.03303004789631814,0.0
\(y_{2},math notation,1,1,0.03300267783924937,0.03300267783924937,0.0
2/3,math notation,3,1,0.09896738932002336,0.03298912977334112,0.0036990226546471804
82\],math notation,1,1,0.03294374141842127,0.03294374141842127,0.0
\(\mathbf{a},math notation,2,2,0.06584857535199262,0.03292428767599631,0.005487254313550961
85\],math notation,1,1,0.03291771421208978,0.03291771421208978,0.0
\(\mathbf{v}_2,math notation,1,1,0.032833811768796295,0.032833811768796295,0.0
constant,other word,6,6,0.19683583592996,0.03280597265499333,0.013234001412031581
right-hand,other word,6,4,0.19681365136057138,0.0328022752267619,0.002286744120445751
5040\),math notation,1,1,0.03280019876547158,0.03280019876547158,0.0
\(12,math notation,1,1,0.032776727341115475,0.032776727341115475,0.0
\text{dollars},math notation,1,1,0.03276704251766205,0.03276704251766205,0.0
\boxed{510},math notation,1,1,0.032742875162512064,0.032742875162512064,0.0
51.945,number,3,2,0.09811628350871615,0.03270542783623872,0.0030971505864700825
\((1-4)^2,math notation,1,1,0.032681766140740365,0.032681766140740365,0.0
3)\],math notation,1,1,0.03267371153924614,0.03267371153924614,0.0
2^{-1,math notation,1,1,0.03263049409724772,0.03263049409724772,0.0
4\cdot,math notation,1,1,0.03261220408603549,0.03261220408603549,0.0
3)^2,math notation,1,1,0.032515631057322025,0.032515631057322025,0.0
\frac{3}{5},math notation,3,3,0.09751338488422334,0.032504461628074445,0.0026639082503125307
parts,other word,7,7,0.2274584072874859,0.032494058183926554,0.019002496020183127
1002000$,math notation,1,1,0.03247156320139766,0.03247156320139766,0.0
exam,other word,6,4,0.19478623196482658,0.032464371994137764,0.044799849010697404
\(\frac{\cos,math notation,1,1,0.032442179042845964,0.032442179042845964,0.0
\frac{de}{ab},math notation,1,1,0.032440768205560744,0.032440768205560744,0.0
$\frac{5}{2}$,math notation,1,1,0.03241983731277287,0.03241983731277287,0.0
-\frac{1}{7}\),math notation,1,1,0.03240937584632775,0.03240937584632775,0.0
\frac{2}{9},math notation,1,1,0.0323959399247542,0.0323959399247542,0.0
1^\circ,math notation,1,1,0.032385921105742455,0.032385921105742455,0.0
$\displaystyle,math notation,6,3,0.1942307402496226,0.03237179004160377,0.008784606106613847
\frac{25}{16},math notation,2,1,0.06474087695823982,0.03237043847911991,0.0005034533250857409
eb\),math notation,2,1,0.06464127195067704,0.03232063597533852,0.011210087304980186
\frac{180}{\pi},math notation,1,1,0.03231972618959844,0.03231972618959844,0.0
\(be\),math notation,1,1,0.03230881947092712,0.03230881947092712,0.0
e[x^3,math notation,1,1,0.03229608805850148,0.03229608805850148,0.0
-48,number,3,3,0.09681925748009235,0.03227308582669745,0.008395562195781562
$am=4$,math notation,1,1,0.032254456309601665,0.032254456309601665,0.0
\[50,math notation,1,1,0.032232911325991154,0.032232911325991154,0.0
\(\angle,math notation,6,5,0.19328840635716915,0.03221473439286152,0.005180267971664118
period,other word,11,9,0.35402488289400935,0.03218408026309176,0.01918097378703863
108^\circ,math notation,1,1,0.03218349255621433,0.03218349255621433,0.0
\(a_7\),math notation,1,1,0.0321803554543294,0.0321803554543294,0.0
operations,other word,6,5,0.19308055890724063,0.03218009315120677,0.012957942668584637
\div,math notation,14,9,0.45008561480790377,0.03214897248627884,0.00464806625398569
120^\circ,math notation,1,1,0.03212884278036654,0.03212884278036654,0.0
\boxed{11,math notation,1,1,0.032124018762260675,0.032124018762260675,0.0
3!\),math notation,1,1,0.03211031388491392,0.03211031388491392,0.0
points,other word,52,25,1.668095828150399,0.03207876592596921,0.010939687184846501
\[43,math notation,1,1,0.03207531897351146,0.03207531897351146,0.0
33\),math notation,1,1,0.03202987555414438,0.03202987555414438,0.0
\[30,math notation,2,2,0.0639700919855386,0.0319850459927693,0.02148603589315003
angeles,other word,1,1,0.03193403407931328,0.03193403407931328,0.0
\(1000\),math notation,1,1,0.03184181288816035,0.03184181288816035,0.0
chenny,other word,2,2,0.0635836860165,0.03179184300825,0.07553385486825209
\sqrt{ab^2,math notation,1,1,0.03179183788597584,0.03179183788597584,0.0
y^{34,math notation,3,2,0.0953334990190342,0.031777833006344736,0.00540903434519711
90^\circ$,math notation,1,1,0.03176633722614497,0.03176633722614497,0.0
144a^2,math notation,1,1,0.03174082189798355,0.03174082189798355,0.0
\sqrt{36}}{2},math notation,1,1,0.03173510276246816,0.03173510276246816,0.0
\[16,math notation,6,6,0.19036702648736537,0.03172783774789423,0.01007845608021778
$\overline{ab},math notation,1,1,0.03171963628847152,0.03171963628847152,0.0
\frac{5600}{81,math notation,1,1,0.03171573142753914,0.03171573142753914,0.0
20-dollar,number,3,2,0.09509860235266387,0.03169953411755463,0.009067708511574797
\((2-4)^2,math notation,1,1,0.03169697627890855,0.03169697627890855,0.0
a_0)(x^m,math notation,1,1,0.03163462388329208,0.03163462388329208,0.0
regardless,other word,2,2,0.06313178408890963,0.03156589204445481,0.011319456483550499
1016\),math notation,1,1,0.03153013903647661,0.03153013903647661,0.0
\text{,math notation,148,61,4.66456401560572,0.03151732442976838,0.001341781732796385
\text{expected,math notation,1,1,0.03151380526833236,0.03151380526833236,0.0
\(343,math notation,1,1,0.0314824553206563,0.0314824553206563,0.0
17\],math notation,1,1,0.031461960868909955,0.031461960868909955,0.0
\frac{2}{5},math notation,9,4,0.2828171079745516,0.03142412310828351,0.0028221245919945234
\],math notation,804,525,25.264613608364016,0.03142364876662191,0.0008898655428165555
\text{doxa's,math notation,1,1,0.03141530021093786,0.03141530021093786,0.0
6-1)d,math notation,1,1,0.031410553958266973,0.031410553958266973,0.0
\frac{1}{r^2},math notation,3,2,0.09423027309821919,0.03141009103273973,0.00217793359860172
series,other word,14,10,0.43948528973851353,0.03139180640989382,0.014159613546350494
frogs,other word,12,5,0.37650337629020214,0.03137528135751685,0.01718939599317984
$de$,math notation,9,3,0.28226108237868175,0.031362342486520194,0.005592934082175871
a^2)^2,math notation,1,1,0.03135116025805473,0.03135116025805473,0.0
\frac{8100}{81},math notation,1,1,0.03134717629291117,0.03134717629291117,0.0
"10,000",number,5,2,0.15646341326646507,0.03129268265329301,0.0031356149143896865
y_2)\),math notation,2,2,0.06253927946090698,0.03126963973045349,0.0002568642152039265
5-dollar,number,4,2,0.12507422640919685,0.03126855660229921,0.006068128845778126
4(2023,math notation,2,1,0.06248587148729712,0.03124293574364856,0.013268466246652833
south,other word,1,1,0.03122498979791999,0.03122498979791999,0.0
tuesday,other word,9,5,0.2807726887986064,0.031196965422067378,0.014932479143327898
20%,number,18,12,0.5602552579948679,0.031125292110825993,0.014066339040729132
tank,other word,6,5,0.18656836356967688,0.031094727261612814,0.0461631206353784
$0.05,math notation,1,1,0.03105389093980193,0.03105389093980193,0.0
\(20n,math notation,1,1,0.03102100221440196,0.03102100221440196,0.0
\dfrac{7}{\frac{43}{3}},math notation,1,1,0.030998274451121688,0.030998274451121688,0.0
hypothesize,other word,1,1,0.030991244944743812,0.030991244944743812,0.0
0.4096,number,1,1,0.030976833775639534,0.030976833775639534,0.0
curves,other word,1,1,0.030951909837312996,0.030951909837312996,0.0
appropriate,other word,4,2,0.12370761204510927,0.030926903011277318,0.015809605837020842
minute,other word,19,11,0.5873335239011794,0.030912290731641024,0.0157805183671117
\(\sin^2,math notation,3,2,0.09268424269976094,0.030894747566586982,0.004111814141912881
\frac{3}{2}a,math notation,2,1,0.06174984714016318,0.03087492357008159,0.0024464577796607465
midterms,other word,2,2,0.06171277962857857,0.030856389814289287,0.017976524349577992
2\pi,math notation,2,1,0.061629069154150784,0.030814534577075392,0.00036568700762765595
$32,math notation,2,2,0.061607872135937214,0.030803936067968607,0.017854536079407173
\frac{2\pi}{3},math notation,1,1,0.030769870849326253,0.030769870849326253,0.0
\(50\%,math notation,1,1,0.030758511158637702,0.030758511158637702,0.0
feet/bottle,math notation,1,1,0.03073165798559785,0.03073165798559785,0.0
a(b+c,math notation,1,1,0.030705863377079368,0.030705863377079368,0.0
-\csc^2,math notation,1,1,0.030658134433906525,0.030658134433906525,0.0
g_{at,math notation,3,3,0.09176273597404361,0.030587578658014536,0.002846358637671623
\sqrt{8261}}{2},math notation,3,2,0.09175685612717643,0.03058561870905881,0.007934894583421667
wood,other word,12,5,0.3669228795915842,0.030576906632632017,0.020501804476710177
"260,$$",math notation,3,2,0.091631441260688,0.03054381375356267,0.008324208266191454
\sqrt{x},math notation,1,1,0.030536654056049883,0.030536654056049883,0.0
38%,number,2,1,0.06095352303236723,0.030476761516183615,0.029551015549950602
-\frac{12}{37},math notation,2,1,0.06091588543495163,0.030457942717475817,0.0014309587494418328
$400,math notation,5,2,0.15205655293539166,0.030411310587078334,0.0182573479367718
a_{\text{semicircle}},math notation,2,1,0.060756720951758325,0.030378360475879163,0.0005286873923835895
\frac{-48,math notation,1,1,0.03035417222417891,0.03035417222417891,0.0
a_{100,math notation,7,3,0.21243313129525632,0.030347590185036615,0.0020764769136106787
-,other word,795,376,24.11188196251169,0.03032941127359961,0.0009039350037784023
quarter-circle,other word,5,2,0.15131586574716493,0.030263173149432988,0.006155281163507682
y_1}{x_2,math notation,2,2,0.06050548632629216,0.03025274316314608,0.003255329477251638
height,other word,30,13,0.9075428267242387,0.030251427557474623,0.01078968082248464
360°,number,1,1,0.030249493662267923,0.030249493662267923,0.0
ca\),math notation,1,1,0.030231454875320196,0.030231454875320196,0.0
\)),math notation,3,3,0.09066510363481939,0.03022170121160646,0.002266077399909918
\mid,math notation,1,1,0.03021213598549366,0.03021213598549366,0.0
opponent,other word,3,1,0.0906319172354415,0.0302106390784805,0.0016163141254907515
\(a^4,math notation,4,4,0.12082177610136569,0.03020544402534142,0.007130329343266372
\frac{6}{60},math notation,1,1,0.03015903162304312,0.03015903162304312,0.0
8979\],math notation,1,1,0.03014644980430603,0.03014644980430603,0.0
p(\text{not,math notation,1,1,0.03012219979427755,0.03012219979427755,0.0
x}{2,math notation,4,4,0.1204059049487114,0.03010147623717785,0.005371040283605875
-8)\),math notation,1,1,0.030077487928792834,0.030077487928792834,0.0
\(a,math notation,33,28,0.990435840038117,0.030013207273882334,0.0026603450520849997
20/100,math notation,1,1,0.03001063782721758,0.03001063782721758,0.0
pairs/month,math notation,1,1,0.030009621754288673,0.030009621754288673,0.0
apd,other word,1,1,0.029996784403920174,0.029996784403920174,0.0
10)(2,math notation,1,1,0.029996294411830604,0.029996294411830604,0.0
$l,math notation,2,2,0.059935328317806125,0.029967664158903062,0.014646842254504336
\sqrt{6},math notation,2,2,0.05992300616344437,0.029961503081722185,0.0016218317835439418
\[10,math notation,1,1,0.02995459921658039,0.02995459921658039,0.0
\(\mathbf{b},math notation,3,2,0.08980565494857728,0.02993521831619243,0.00012021557517899997
horses,other word,5,2,0.14965806109830737,0.029931612219661473,0.02607970784834002
\text{current,math notation,1,1,0.029914969578385353,0.029914969578385353,0.0
a^{b+c,math notation,1,1,0.029913322301581502,0.029913322301581502,0.0
2g_{at,math notation,1,1,0.029874648666009307,0.029874648666009307,0.0
leg,other word,1,1,0.029862485826015472,0.029862485826015472,0.0
$\angle,math notation,7,4,0.20896023645764217,0.029851462351091738,0.004513587622752743
n+1,math notation,1,1,0.02984872041270137,0.02984872041270137,0.0
36^\circ,math notation,1,1,0.02984543575439602,0.02984543575439602,0.0
further,other word,11,11,0.32825625455006957,0.029841477686369963,0.017887321511291094
flips,other word,2,2,0.059679729864001274,0.029839864932000637,0.008064420799467483
n-1)d,math notation,1,1,0.029834800632670522,0.029834800632670522,0.0
rt,other word,1,1,0.029819054529070854,0.029819054529070854,0.0
\[10(3),math notation,1,1,0.029804253950715065,0.029804253950715065,0.0
"$40,000/year",math notation,1,1,0.02976215071976185,0.02976215071976185,0.0
left-hand,other word,9,8,0.2677117013372481,0.029745744593027566,0.007850732372816352
5-1)(5-3)(5-4,math notation,1,1,0.029732317256275564,0.029732317256275564,0.0
lemons/year,math notation,2,2,0.05944973859004676,0.02972486929502338,0.0043119038834874375
\sqrt{32368}}{2},math notation,1,1,0.029702855623327196,0.029702855623327196,0.0
\tag{1},math notation,1,1,0.029690135270357132,0.029690135270357132,0.0
1000,number,9,9,0.26719247829169035,0.02968805314352115,0.02668025911664021
\((\pm,math notation,1,1,0.02967726974748075,0.02967726974748075,0.0
\(m_2,math notation,1,1,0.029662770917639136,0.029662770917639136,0.0
n-1\],math notation,1,1,0.029632056364789605,0.029632056364789605,0.0
9}{2,math notation,9,7,0.2665079771541059,0.029611997461567324,0.0036922810486832223
$3:4:5$,math notation,2,1,0.059197603608481586,0.029598801804240793,0.004383432641879702
5})\],math notation,1,1,0.02959572966210544,0.02959572966210544,0.0
bought,other word,3,3,0.08877269178628922,0.029590897262096405,0.06860109136186562
collection,other word,3,3,0.08873520325869322,0.02957840108623107,0.036749747097241214
bounded,other word,2,2,0.05909720854833722,0.02954860427416861,0.01565446943468561
assignment,other word,1,1,0.029536258429288864,0.029536258429288864,0.0
$$-3x,math notation,1,1,0.02952124341391027,0.02952124341391027,0.0
2.56\),math notation,1,1,0.02949919190723449,0.02949919190723449,0.0
\rceil,math notation,1,1,0.029486211948096752,0.029486211948096752,0.0
15}{2,math notation,1,1,0.02947789430618286,0.02947789430618286,0.0
\frac{2020}{30},math notation,2,2,0.0589042044011876,0.0294521022005938,0.0005241124013685571
y\right),math notation,2,1,0.05890087713487446,0.02945043856743723,0.0013164061876287214
\frac{10,math notation,4,4,0.11772597418166697,0.029431493545416743,0.006219386478244546
-7,number,2,2,0.05879605677910149,0.029398028389550745,0.011262652327607368
\(p_2,math notation,2,2,0.05878366273827851,0.029391831369139254,0.004690731447068363
180x,number,2,2,0.058758899569511414,0.029379449784755707,0.007864678323295753
f(6,math notation,1,1,0.029348054667934775,0.029348054667934775,0.0
(\text{not,math notation,1,1,0.029282575007528067,0.029282575007528067,0.0
1)}{2,math notation,1,1,0.02926837420091033,0.02926837420091033,0.0
\frac{25}{4},math notation,2,2,0.05845895456150174,0.02922947728075087,0.007823268303771223
\frac{25}{9},math notation,4,3,0.11682969657704234,0.029207424144260585,0.0068072748248614685
\sqrt{(2)^2,math notation,1,1,0.02919279271736741,0.02919279271736741,0.0
\frac{9}{2},math notation,2,2,0.05831965821562335,0.029159829107811674,0.00020393384443129166
\frac{10}{5},math notation,1,1,0.02913778374204412,0.02913778374204412,0.0
\(3,math notation,10,10,0.2913229903206229,0.02913229903206229,0.007765019756207045
integers,other word,35,26,1.0193582633510232,0.029124521810029235,0.00836463350489709
tomato-to-can,other word,1,1,0.029111702926456928,0.029111702926456928,0.0
15\],math notation,1,1,0.02909091883338988,0.02909091883338988,0.0
flashlight,other word,2,1,0.058179574087262154,0.029089787043631077,0.020989105533733926
left,other word,38,28,1.105374768609181,0.029088809700241608,0.00938573264690636
\((-2,math notation,1,1,0.029087976785376668,0.029087976785376668,0.0
3}{2,math notation,2,1,0.058077022433280945,0.029038511216640472,0.004518946243212087
t(5,math notation,4,3,0.1161331661278382,0.02903329153195955,0.001812706305664404
\frac{8}{2},math notation,2,1,0.05805913987569511,0.029029569937847555,0.001731183778218512
8)\),math notation,1,1,0.02902330062352121,0.02902330062352121,0.0
|s|,math notation,5,4,0.14507402386516333,0.029014804773032664,0.004604093942090256
2\sqrt{2},math notation,2,2,0.05795485875569284,0.02897742937784642,0.002367659883512269
25\),math notation,4,4,0.11584536283044145,0.02896134070761036,0.008498752965580881
\frac{5}{2},math notation,2,2,0.05791302165016532,0.02895651082508266,0.00407106872392596
\text{andrea's,math notation,6,3,0.17351532040629536,0.028919220067715894,0.0024693452869082545
$p(x)$,math notation,2,1,0.05779821495525539,0.028899107477627695,0.002671987953266386
9-12,number,1,1,0.028889191104099154,0.028889191104099154,0.0
anti-pascal,other word,2,2,0.05775308283045888,0.02887654141522944,0.004644083035255093
\(125\),math notation,1,1,0.028784362599253654,0.028784362599253654,0.0
-4)\),math notation,1,1,0.02875099901575595,0.02875099901575595,0.0
\text{shaded,math notation,1,1,0.028726783581078053,0.028726783581078053,0.0
fifth,other word,26,23,0.746789439348504,0.02872267074417323,0.006456673454380413
\frac{5}{3},math notation,1,1,0.028712441446259618,0.028712441446259618,0.0
\frac{81}{2},math notation,1,1,0.028705988312140107,0.028705988312140107,0.0
zeros,other word,1,1,0.028696734458208084,0.028696734458208084,0.0
$\tan{\angle,math notation,1,1,0.028678696951828897,0.028678696951828897,0.0
shoes,other word,6,4,0.17194631323218346,0.028657718872030575,0.047679341307780954
\frac{k}{36},math notation,1,1,0.028628512227442116,0.028628512227442116,0.0
-5,number,2,2,0.05721984006231651,0.028609920031158254,0.010830981938514467
3k,number,2,1,0.05719394487095997,0.028596972435479984,0.018087750006275338
\frac{6}{30},math notation,1,1,0.02854470122838393,0.02854470122838393,0.0
criterion,other word,2,2,0.05704068404156715,0.028520342020783573,0.002482007699721963
condition,other word,7,6,0.19961518875788897,0.028516455536841283,0.015653106226739592
spoons,other word,7,4,0.19948334991931915,0.028497621417045593,0.03515361379906277
21)}\],math notation,1,1,0.02849361253902316,0.02849361253902316,0.0
\(\mathbf{c},math notation,1,1,0.028475343366153538,0.028475343366153538,0.0
45^\circ,math notation,3,2,0.08537060464732349,0.028456868215774495,0.0050250725137795955
(\cos^2,math notation,1,1,0.02844398724846542,0.02844398724846542,0.0
\boxed{x,math notation,1,1,0.028433294966816902,0.028433294966816902,0.0
once,other word,8,7,0.22738398145884275,0.028422997682355344,0.010849374778754774
pennies,other word,3,2,0.08524208050221205,0.028414026834070683,0.01692162974406482
-\frac{67}{20},math notation,1,1,0.028390239749569446,0.028390239749569446,0.0
54^\circ,math notation,1,1,0.028378276387229562,0.028378276387229562,0.0
538,number,4,4,0.11333814426325262,0.028334536065813154,0.038141116191730634
2(3)(\sqrt{5}),math notation,1,1,0.028312819689745083,0.028312819689745083,0.0
4-hole,number,1,1,0.02827693521976471,0.02827693521976471,0.0
r+s,math notation,1,1,0.028245385619811714,0.028245385619811714,0.0
\text{anne's,math notation,1,1,0.028169194236397743,0.028169194236397743,0.0
$5,math notation,5,4,0.1407914343290031,0.02815828686580062,0.017267615431280397
\(u\),math notation,9,5,0.2533329831203446,0.02814810923559384,0.0009273974557140248
then,other word,96,90,2.702180687105283,0.02814771549068003,0.004317925125089112
respectively,other word,7,7,0.19700966426171362,0.028144237751673375,0.005234619091949676
3s,number,1,1,0.028121214359998703,0.028121214359998703,0.0
\((-4,math notation,1,1,0.028104677330702543,0.028104677330702543,0.0
-3,number,5,3,0.14041794126387686,0.02808358825277537,0.004371917730017275
\left(\frac{3-3}{3-1}\right)t_1,math notation,1,1,0.028082005330361426,0.028082005330361426,0.0
2(u-v,math notation,4,4,0.11223530257120728,0.02805882564280182,0.0004919228428092398
\(\{1,math notation,5,5,0.1402803331729956,0.02805606663459912,0.0035361165047951525
25\],math notation,5,4,0.14010147482622415,0.02802029496524483,0.007337540361358651
ahd,other word,1,1,0.028010986279696226,0.028010986279696226,0.0
\frac{36}{7},math notation,5,4,0.1400162022036966,0.02800324044073932,0.006698217965650625
m)\),math notation,2,2,0.055993570014834404,0.027996785007417202,0.0012273155700927262
\[2,math notation,2,2,0.055968149565160275,0.027984074782580137,0.0008274837294297015
$$-x^7,math notation,1,1,0.027974567958153784,0.027974567958153784,0.0
\(a_1\),math notation,2,2,0.05587976169772446,0.02793988084886223,0.003376244340453972
\frac{4800}{1296},math notation,1,1,0.02790043829008937,0.02790043829008937,0.0
package,other word,3,3,0.08367194421589375,0.02789064807196458,0.01117984828812422
\(|x,math notation,2,1,0.05575879104435444,0.02787939552217722,0.0016219121465534316
sequence's,other word,1,1,0.027867671567946672,0.027867671567946672,0.0
\ldots,math notation,14,13,0.38919201062526554,0.02779942933037611,0.003345034952082238
24\],math notation,1,1,0.027787573053501546,0.027787573053501546,0.0
\sqrt{\log_2,math notation,1,1,0.027780817006714642,0.027780817006714642,0.0
|z|,math notation,1,1,0.027770020999014378,0.027770020999014378,0.0
\frac{5}{\frac{25}{3}},math notation,1,1,0.02775602028123103,0.02775602028123103,0.0
1+2)^2,math notation,2,1,0.05545960125164129,0.027729800625820644,0.0017839574462673667
\left(\frac{2,math notation,1,1,0.027667458867654204,0.027667458867654204,0.0
fair,other word,4,4,0.11063906596973538,0.027659766492433846,0.00802469437407857
\(\triangle,math notation,5,2,0.13829200703185052,0.027658401406370103,0.0024410458610940053
\(s_n,math notation,1,1,0.027635167934931815,0.027635167934931815,0.0
"v,$",math notation,1,1,0.027621290646493435,0.027621290646493435,0.0
\sqrt{256},math notation,1,1,0.027605487499386072,0.027605487499386072,0.0
\frac{102}{870},math notation,1,1,0.027594166807830334,0.027594166807830334,0.0
2}{2,math notation,1,1,0.027582067996263504,0.027582067996263504,0.0
main\,math notation,1,1,0.027542922645807266,0.027542922645807266,0.0
\sqrt{s(s,math notation,1,1,0.027532879379577935,0.027532879379577935,0.0
\frac{5600}{81},math notation,1,1,0.027521520387381315,0.027521520387381315,0.0
6x,number,2,2,0.05500859580934048,0.02750429790467024,0.021633900290934472
feasibility,other word,1,1,0.027491452172398567,0.027491452172398567,0.0
\frac{49}{20},math notation,2,2,0.05495468439767137,0.027477342198835686,0.00938524308366916
10^n,math notation,2,2,0.05490329395979643,0.027451646979898214,0.01324605214925623
$\overline{ad}$,math notation,1,1,0.027445037616416812,0.027445037616416812,0.0
braylen,other word,2,2,0.05479400255717337,0.027397001278586686,0.02765363662293184
\(a_0,math notation,2,1,0.05479256249964237,0.027396281249821186,0.00024342784928934358
arml,other word,1,1,0.0273842578753829,0.0273842578753829,0.0
diagram,other word,2,1,0.05471809348091483,0.027359046740457416,0.02091045638632618
\frac{4}{5},math notation,3,3,0.08179103524889797,0.027263678416299324,0.0056986078473788
\frac{50}{4},math notation,1,1,0.027240004972554743,0.027240004972554743,0.0
\frac{a}{1,math notation,1,1,0.027234599459916353,0.027234599459916353,0.0
t_{n-2,math notation,1,1,0.027205825666897,0.027205825666897,0.0
\[ab,math notation,1,1,0.027184294303879142,0.027184294303879142,0.0
196\),math notation,1,1,0.027182928286492825,0.027182928286492825,0.0
\(a_{3},math notation,1,1,0.027182801743038,0.027182801743038,0.0
p(\text{odd,math notation,1,1,0.027118944912217557,0.027118944912217557,0.0
80y}{x,math notation,1,1,0.0271080678794533,0.0271080678794533,0.0
0.40,number,1,1,0.02709419932216406,0.02709419932216406,0.0
-4\),math notation,2,1,0.05410002777352929,0.027050013886764646,0.007193253178645271
\(x,math notation,29,19,0.7838724592584185,0.027030084802014433,0.003995152061546314
4\],math notation,2,2,0.054053594591096044,0.027026797295548022,0.008474091706670102
\[20,math notation,1,1,0.026997301960363984,0.026997301960363984,0.0
$10^{72,math notation,1,1,0.026992231025360525,0.026992231025360525,0.0
10\sqrt{3}),math notation,1,1,0.026947697391733527,0.026947697391733527,0.0
105\),math notation,1,1,0.026947420090436935,0.026947420090436935,0.0
\{a_i,math notation,2,1,0.05388962686993182,0.02694481343496591,0.0007608010765945926
\angle,math notation,26,14,0.6998008487862535,0.02691541726100975,0.002545178330210764
\frac{1}{2,math notation,2,2,0.053808868397027254,0.026904434198513627,0.002839193638614157
\left\lfloor,math notation,6,3,0.1613067133584991,0.026884452226416517,0.002262953413867107
probability,other word,88,50,2.365376742265653,0.02687928116210969,0.004965268821492586
3\sqrt{6},math notation,2,2,0.053729566861875355,0.026864783430937678,0.001389546157477835
\(\mathbf{v}_3,math notation,1,1,0.026846442720852792,0.026846442720852792,0.0
\frac{335}{5},math notation,1,1,0.026832358329556882,0.026832358329556882,0.0
$2019$,math notation,2,1,0.05365492985583842,0.02682746492791921,0.019024169653727628
4/5)^2,math notation,1,1,0.026818557642400265,0.026818557642400265,0.0
\left(\frac{5,math notation,1,1,0.02678802004083991,0.02678802004083991,0.0
$10^{72}$,math notation,1,1,0.026787612470798194,0.026787612470798194,0.0
$\frac{2}{5}$,math notation,1,1,0.026775583159178495,0.026775583159178495,0.0
3\sqrt{2},math notation,2,2,0.053515597246587276,0.026757798623293638,0.0001438598709493658
\frac{10^n,math notation,1,1,0.026695769280195236,0.026695769280195236,0.0
\(g,math notation,4,2,0.10675881523638964,0.02668970380909741,0.005267968667314917
-8,number,3,3,0.08003934595035389,0.026679781983451296,0.00742638538085975
laundry,other word,4,2,0.10666701942682266,0.026666754856705666,0.009459523375078473
y_1)$,math notation,1,1,0.026664931792765856,0.026664931792765856,0.0
\sqrt{b^{2},math notation,1,1,0.02665707335108891,0.02665707335108891,0.0
\((v,math notation,4,4,0.10660131528857164,0.02665032882214291,0.003517118685393395
20}{2,math notation,2,1,0.05328926508082077,0.026644632540410385,0.005448392480551282
-3\],math notation,1,1,0.026629111729562283,0.026629111729562283,0.0
\[g,math notation,1,1,0.026618385571055114,0.026618385571055114,0.0
\frac{20x,math notation,1,1,0.02641965908696875,0.02641965908696875,0.0
a_{2}^2,math notation,1,1,0.026414938387461007,0.026414938387461007,0.0
-7\),math notation,1,1,0.026397026143968105,0.026397026143968105,0.0
\(a^3,math notation,2,2,0.05269780266098678,0.02634890133049339,0.006043395942853729
\frac{2}{4},math notation,3,2,0.07894850574666634,0.026316168582222115,0.0062854682909444974
square,other word,55,36,1.4472181052551605,0.026313056459184737,0.0076990594692289745
implants,other word,6,3,0.15782997687347233,0.026304996145578723,0.020855593122966382
minutes/episode,math notation,1,1,0.0262995685916394,0.0262995685916394,0.0
1)(b,math notation,1,1,0.026264232117682695,0.026264232117682695,0.0
second,other word,167,144,4.384447610820644,0.026254177310303255,0.002272210877856088
\frac{b}{2},math notation,1,1,0.02624413406010717,0.02624413406010717,0.0
\sqrt{(x_2,math notation,1,1,0.026231584255583584,0.026231584255583584,0.0
\frac{67}{20},math notation,1,1,0.02620656866929494,0.02620656866929494,0.0
\(-11,math notation,1,1,0.026202540146186948,0.026202540146186948,0.0
s|,math notation,10,6,0.26181990071199834,0.026181990071199833,0.0035734203266532226
\(7^a,math notation,2,1,0.0522750515374355,0.02613752576871775,0.00291956930450618
loss,other word,7,5,0.18290166999213398,0.026128809998876283,0.006004099346805489
$6$,math notation,2,1,0.05221247911686078,0.02610623955843039,0.014705977472790082
estimated,other word,2,1,0.05217066593468189,0.026085332967340946,0.004506113844929536
\(2x,math notation,2,2,0.05215761112049222,0.02607880556024611,0.006433209181280703
\mathbf{b},math notation,12,5,0.31267133486107923,0.0260559445717566,0.0036590571922214964
\mathbf{v}\|,math notation,1,1,0.02605363295879215,0.02605363295879215,0.0
\frac{9}{125},math notation,1,1,0.026052250992506742,0.026052250992506742,0.0
becomes,other word,15,15,0.39061677968129516,0.026041118645419678,0.004063720422363932
\frac{120,math notation,1,1,0.02601437922567129,0.02601437922567129,0.0
fund,other word,1,1,0.026003241539001465,0.026003241539001465,0.0
$a,math notation,8,7,0.20793993643019348,0.025992492053774185,0.004567490487924593
dice,other word,18,12,0.4677897202782333,0.025988317793235183,0.00892185113153634
\[81,math notation,4,4,0.10391619522124529,0.025979048805311322,0.0002775947886124008
2013\),math notation,1,1,0.025928962975740433,0.025928962975740433,0.0
\frac{a^4,math notation,1,1,0.025918855099007487,0.025918855099007487,0.0
\right)^2},math notation,1,1,0.025913904304616153,0.025913904304616153,0.0
\(ae\),math notation,1,1,0.025903719244524837,0.025903719244524837,0.0
-64,number,2,1,0.051790566300041974,0.025895283150020987,0.00287094326295591
\frac{6}{4},math notation,2,2,0.05164232716197148,0.02582116358098574,0.003686857209140497
\text{cubic,math notation,5,3,0.129062911728397,0.025812582345679402,0.005419380101508856
\(a_{2},math notation,1,1,0.025804291246458888,0.025804291246458888,0.0
-\frac{1}{5}\),math notation,1,1,0.025787259335629642,0.025787259335629642,0.0
equation,other word,142,110,3.659368069085758,0.025770197669618015,0.00345591525831806
\frac{8}{11},math notation,3,1,0.07724255975335836,0.02574751991778612,0.0011949750054312733
45\),math notation,1,1,0.025689360685646534,0.025689360685646534,0.0
tie,other word,4,2,0.10261439939495176,0.02565359984873794,0.009235315736066793
intersection,other word,9,5,0.2304739896208048,0.02560822106897831,0.005618529533495599
cm}\],math notation,1,1,0.025602529756724834,0.025602529756724834,0.0
\frac{2187}{5625},math notation,1,1,0.02559185028076172,0.02559185028076172,0.0
\tag{2},math notation,1,1,0.025587249430827796,0.025587249430827796,0.0
\(\log_b,math notation,1,1,0.02558586691156961,0.02558586691156961,0.0
2\sqrt{6},math notation,2,2,0.05114770238287747,0.025573851191438735,0.0008290262053035077
products,other word,8,5,0.20448891632258892,0.025561114540323615,0.007647533973806458
272,number,1,1,0.02553979679942131,0.02553979679942131,0.0
2a_{2}a_{1,math notation,1,1,0.02553426823578775,0.02553426823578775,0.0
feet}}{2,math notation,1,1,0.02550532598979771,0.02550532598979771,0.0
19^{20,math notation,1,1,0.025497621158137918,0.025497621158137918,0.0
3^x,math notation,7,4,0.1782745225355029,0.025467788933643272,0.004893836783630405
y^2,math notation,2,2,0.0509252876508981,0.02546264382544905,0.0077300463895824635
$v$,math notation,3,3,0.07637632661499083,0.025458775538330276,0.007667324476117556
365079,number,3,1,0.07634562184102833,0.025448540613676112,0.008923197076541958
\(2187\),math notation,1,1,0.025382537918630987,0.025382537918630987,0.0
\text{revenue},math notation,1,1,0.025379570201039314,0.025379570201039314,0.0
$x=2$,math notation,1,1,0.025374669581651688,0.025374669581651688,0.0
\[-7,math notation,1,1,0.025352864293381572,0.025352864293381572,0.0
arrangements,other word,7,3,0.1772131285397336,0.02531616121996194,0.02424831502640386
$10^{4/2,math notation,1,1,0.025292226811870933,0.025292226811870933,0.0
\((t+10),math notation,1,1,0.025276461034081876,0.025276461034081876,0.0
2^{61,math notation,3,3,0.07581235631369054,0.025270785437896848,0.007877987278941649
\frac{80}{20},math notation,1,1,0.02526948941522278,0.02526948941522278,0.0
375,number,3,2,0.07580735627561808,0.02526911875853936,0.040027612720740714
\right\rfloor,math notation,6,3,0.1513716539775487,0.025228608996258117,0.002216628263688332
harvests/year,math notation,2,2,0.0504228426143527,0.02521142130717635,0.001847335059722322
\sum_{i=1}^{100},math notation,2,2,0.050414300756528974,0.025207150378264487,0.003791435250040559
\(-2+5,math notation,1,1,0.025198130344506353,0.025198130344506353,0.0
\(b^2,math notation,1,1,0.025169007829390466,0.025169007829390466,0.0
true,other word,6,6,0.1509643117315136,0.02516071862191893,0.01012740463630864
5}{4}\],math notation,1,1,0.025156259129289538,0.025156259129289538,0.0
\(ab,math notation,8,8,0.20120959111955017,0.02515119888994377,0.004324220879385686
\text{bags},math notation,2,2,0.0502494559623301,0.02512472798116505,7.104542790152157e-06
\frac{390625}{442368},math notation,1,1,0.025114567077253014,0.025114567077253014,0.0
42,number,3,3,0.07520587515318766,0.025068625051062554,0.020233738518592156
\(a+b,math notation,2,1,0.05011603102320805,0.025058015511604026,0.002793491040770956
\geq,math notation,14,8,0.35055493740946986,0.025039638386390704,0.004787498450101352
bed,other word,3,1,0.07511695148423314,0.025038983828077715,0.018167268335414936
8\],math notation,2,2,0.05005198554135859,0.025025992770679295,0.003874101025038614
investment,other word,2,1,0.050050812074914575,0.025025406037457287,0.016965466666998025
\le,math notation,1,1,0.025017901323735714,0.025017901323735714,0.0
\[n_2,math notation,1,1,0.024981959024444222,0.024981959024444222,0.0
315^\circ,math notation,2,2,0.04993133549578488,0.02496566774789244,0.00539836353340386
\right),math notation,20,12,0.49929764633998275,0.024964882316999136,0.0038818946474796644
pounds/bag,math notation,1,1,0.024951328756287694,0.024951328756287694,0.0
representation,other word,3,2,0.07479749852791429,0.024932499509304762,0.014938973124423499
\(b^c,math notation,1,1,0.02491204149555415,0.02491204149555415,0.0
ab\),math notation,1,1,0.02490871073678136,0.02490871073678136,0.0
x_1)^2,math notation,1,1,0.024893507594242692,0.024893507594242692,0.0
-\frac{5}{6},math notation,3,1,0.07461448654066771,0.024871495513555903,0.003944519107049245
\[a^2,math notation,2,2,0.04965402220841497,0.024827011104207486,0.013665204409853502
-2,number,13,8,0.32243942288914695,0.02480303252993438,0.002360203492299895
\text{weight,math notation,2,1,0.04953854507766664,0.02476927253883332,0.0025815281393802287
\frac{12}{37},math notation,1,1,0.024765031528659165,0.024765031528659165,0.0
1/3,math notation,3,2,0.07426090794615448,0.024753635982051492,0.005426407661466401
(3+\sqrt{5})^{34},math notation,1,1,0.024747790477704257,0.024747790477704257,0.0
\frac{400}{3},math notation,1,1,0.024732968537136912,0.024732968537136912,0.0
89^\circ,math notation,1,1,0.024730925913900137,0.024730925913900137,0.0
\frac{x,math notation,1,1,0.02472756360657513,0.02472756360657513,0.0
form,other word,20,19,0.49416750093223527,0.024708375046611764,0.010372822104449526
tomatoes}}{\text{volume,math notation,1,1,0.02470341045409441,0.02470341045409441,0.0
win,other word,4,2,0.09874642780050635,0.02468660695012659,0.006538566017773815
columns,other word,1,1,0.024674583226442337,0.024674583226442337,0.0
1000x,number,2,2,0.049313491210341454,0.024656745605170727,0.003989155089074085
\(2014,math notation,1,1,0.024643838522024453,0.024643838522024453,0.0
cubes,other word,16,9,0.39429157081758603,0.024643223176099127,0.010734275508498464
2)(x,math notation,1,1,0.024619100731797516,0.024619100731797516,0.0
\frac{dc}{ad},math notation,1,1,0.024589987588115036,0.024589987588115036,0.0
\sqrt[3]{8},math notation,1,1,0.024566625943407416,0.024566625943407416,0.0
seats,other word,3,2,0.07368925807531923,0.02456308602510641,0.009760212160502798
equals,other word,8,7,0.19638834986835718,0.024548543733544648,0.004129597712463131
\(28,math notation,2,2,0.04908184939995408,0.02454092469997704,0.0120856962322823
b\],math notation,2,2,0.04906849819235504,0.02453424909617752,0.0040607625023760295
appearances,other word,1,1,0.024532988667488098,0.024532988667488098,0.0
20\pi,math notation,1,1,0.024504760513082147,0.024504760513082147,0.0
\frac{2020}{6},math notation,1,1,0.02449915703618899,0.02449915703618899,0.0
\frac{18}{12},math notation,1,1,0.024478739127516747,0.024478739127516747,0.0
<,math notation,26,19,0.6362266470678151,0.024470255656454425,0.004436534920974333
\cdot,math notation,286,109,6.998263952264097,0.024469454378545794,0.0008479454178350474
margot,other word,2,2,0.04890898405574262,0.02445449202787131,0.016403311507651334
inequalities,other word,6,6,0.14671232883119956,0.024452054805199925,0.006698927691429658
n_a,math notation,5,2,0.1221767672104761,0.02443535344209522,0.002064609728057705
b^3,math notation,1,1,0.024411702761426568,0.024411702761426568,0.0
non-negative,other word,3,2,0.07322933594696224,0.024409778648987412,0.010443592676679755
ce\),math notation,3,1,0.07317168620647863,0.02439056206882621,0.0058826578336055625
prime,other word,17,12,0.41392072872258723,0.02434827816015219,0.004365416813976223
\(70\%,math notation,1,1,0.02431555971270427,0.02431555971270427,0.0
3/5,math notation,1,1,0.024306057253852487,0.024306057253852487,0.0
bc\),math notation,1,1,0.024305913597345352,0.024305913597345352,0.0
3-\sqrt{5},math notation,1,1,0.024303871759912,0.024303871759912,0.0
solutions,other word,31,21,0.7524590116227046,0.02427287134266789,0.008172139735599842
\text{sister's,math notation,1,1,0.024256798904389143,0.024256798904389143,0.0
5d}{10,math notation,2,2,0.0484974063874688,0.0242487031937344,0.0034350951189610424
\[-8,math notation,2,1,0.0484799575060606,0.0242399787530303,0.002109702813697445
\frac{3,math notation,5,4,0.12110569991637021,0.02422113998327404,0.005452544654778872
case,other word,26,25,0.6295657514128834,0.024214067362033978,0.006403063518045304
2\sqrt{5},math notation,1,1,0.024209744529798627,0.024209744529798627,0.0
angle-angle,other word,1,1,0.02420576650183648,0.02420576650183648,0.0
\(t,math notation,5,5,0.12075491226278245,0.02415098245255649,0.0063454558948076055
4ac}}{2a,math notation,4,4,0.09658361610490829,0.024145904026227072,0.011135723213032753
\frac{243}{625},math notation,1,1,0.024137035361491144,0.024137035361491144,0.0
10(x,math notation,1,1,0.024133810540661216,0.024133810540661216,0.0
\(49,math notation,1,1,0.024097546469420195,0.024097546469420195,0.0
b^4}{ab,math notation,1,1,0.024073901935480535,0.024073901935480535,0.0
\sqrt{(2,math notation,1,1,0.024003951577469707,0.024003951577469707,0.0
pineapples/harvest,math notation,1,1,0.0238902666606009,0.0238902666606009,0.0
-2023,number,3,2,0.07166849233908579,0.02388949744636193,0.008214474715062632
\(a_3,math notation,1,1,0.023860306129790843,0.023860306129790843,0.0
\frac{78}{7},math notation,4,4,0.09540747327264398,0.023851868318160996,0.0033625569845096804
f(4,math notation,5,5,0.11924676247872412,0.023849352495744824,0.0045092782366762865
approximately,other word,3,3,0.07154022715985775,0.02384674238661925,0.013617332641608373
$g(1,math notation,1,1,0.02381179458461702,0.02381179458461702,0.0
patterns,other word,3,3,0.07139164814725518,0.023797216049085062,0.018054591170252137
11}{2,math notation,1,1,0.023781638126820326,0.023781638126820326,0.0
seventh,other word,13,11,0.3090483285486698,0.02377294834989768,0.007301767272013055
1.024,number,1,1,0.02376423531677574,0.02376423531677574,0.0
here,other word,7,7,0.16629471397027373,0.023756387710039104,0.005726607300391172
x_k,math notation,1,1,0.023689078632742167,0.023689078632742167,0.0
$(a,math notation,4,1,0.09470037999562919,0.023675094998907298,0.0031215012105468075
optimal,other word,2,2,0.047342047560960054,0.023671023780480027,0.014575483771026408
$\frac{2}{6},math notation,3,1,0.07080534065607935,0.02360178021869312,0.00470976129399527
4(72,math notation,1,1,0.023601379245519638,0.023601379245519638,0.0
\sqrt{324,math notation,1,1,0.023582535330206156,0.023582535330206156,0.0
$a_i$,math notation,1,1,0.023573619546368718,0.023573619546368718,0.0
puppy,other word,5,5,0.11758139682933688,0.023516279365867376,0.008211320411791921
\(60,math notation,1,1,0.023479738039895892,0.023479738039895892,0.0
$c$,math notation,2,2,0.04690807848237455,0.023454039241187274,0.011440890197507051
\[n_1,math notation,1,1,0.02343398192897439,0.02343398192897439,0.0
\frac{10}{8},math notation,1,1,0.023420582758262753,0.023420582758262753,0.0
$(x^n,math notation,1,1,0.023420174373313785,0.023420174373313785,0.0
t_{2,math notation,1,1,0.02340368874138221,0.02340368874138221,0.0
work,other word,16,14,0.3731680102646351,0.023323000641539693,0.014641115964995332
\frac{648}{16},math notation,1,1,0.023287682270165533,0.023287682270165533,0.0
6\sqrt{3},math notation,4,3,0.09297859627986327,0.023244649069965817,0.0027736572645421227
\(v\),math notation,10,6,0.23231274541467428,0.02323127454146743,0.0020858362850922525
2028,number,2,2,0.04644062684383243,0.023220313421916217,0.01379795364713653
\(4,math notation,8,7,0.18572787893936038,0.023215984867420048,0.004031771297519103
situation,other word,3,3,0.06964332424104214,0.023214441413680714,0.0046057144974963535
\frac{y_1,math notation,1,1,0.023201477248221636,0.023201477248221636,0.0
\text{length},math notation,2,2,0.04640134144574404,0.02320067072287202,0.0037055051522344984
3+\sqrt{5},math notation,1,1,0.02317584678530693,0.02317584678530693,0.0
\[s_2,math notation,2,2,0.046330238692462444,0.023165119346231222,0.006248386524845699
posts,other word,21,2,0.4860946817789227,0.023147365798996317,0.006905834513124128
r^{n-1,math notation,2,2,0.046250563114881516,0.023125281557440758,0.002184964161201925
\frac{4800}{576},math notation,3,3,0.06935983535367996,0.02311994511789332,0.00014797123780636582
b^2)^2,math notation,3,2,0.06924550316762179,0.023081834389207263,0.0018081702589281834
12\],math notation,2,2,0.046142025385051966,0.023071012692525983,0.00277452259229673
theorem,other word,18,12,0.41494253429118544,0.02305236301617697,0.005844812620006561
=,math notation,2714,968,62.55199493400869,0.02304789791230976,0.0005683621012214323
13\],math notation,1,1,0.023002873174846172,0.023002873174846172,0.0
1482,number,3,3,0.06899256352335215,0.022997521174450714,0.03609750986856679
50\%,math notation,1,1,0.022980935173109174,0.022980935173109174,0.0
\sqrt{a^2,math notation,1,1,0.022978787194006145,0.022978787194006145,0.0
\sqrt[3]{r_1,math notation,1,1,0.02296453923918307,0.02296453923918307,0.0
$ae,math notation,1,1,0.022963554598391056,0.022963554598391056,0.0
(3+\sqrt{5})^2,math notation,2,1,0.045925140439067036,0.022962570219533518,0.0033991942667053895
\|,math notation,1,1,0.022953025996685028,0.022953025996685028,0.0
\frac{729}{1875},math notation,1,1,0.022895658941706643,0.022895658941706643,0.0
two-digit,other word,3,1,0.06861957651562989,0.022873192171876628,0.002695488489804659
discard,other word,1,1,0.02286330610513687,0.02286330610513687,0.0
\(r,math notation,9,7,0.20535723259672523,0.022817470288525026,0.0048306485089113565
\frac{2020}{15},math notation,1,1,0.02281030308222398,0.02281030308222398,0.0
\text{jamal's,math notation,6,2,0.13670930149964988,0.02278488358327498,0.0038671105906305124
complementary,other word,2,1,0.045537098310887814,0.022768549155443907,0.01344882788143173
\(20,math notation,1,1,0.022761302068829536,0.022761302068829536,0.0
\text{estimated,math notation,1,1,0.022755141369998455,0.022755141369998455,0.0
horizontal,other word,2,2,0.04542368184775114,0.02271184092387557,0.0018028166278020626
60^\circ,math notation,2,1,0.04542212514206767,0.022711062571033835,0.0025847313821851163
xyz,other word,6,3,0.13601989607559517,0.02266998267926586,0.0012136476107559352
\frac{5}{16},math notation,2,2,0.045322445614147,0.0226612228070735,0.0036323200566519523
2\sqrt{3},math notation,2,2,0.045317493844777346,0.022658746922388673,0.002028707272207742
\(d,math notation,3,3,0.06787984911352396,0.022626616371174652,0.006730674183431193
triangle,other word,55,33,1.244370500324294,0.022624918187714435,0.004146839139887065
avery,other word,1,1,0.022622089833021164,0.022622089833021164,0.0
buildings,other word,8,4,0.180891920812428,0.0226114901015535,0.025551834220123717
\(a_7,math notation,1,1,0.022566447965800762,0.022566447965800762,0.0
monday,other word,8,5,0.1805002298206091,0.022562528727576137,0.014775638268960634
proportional,other word,4,4,0.09016423346474767,0.022541058366186917,0.022858209967794148
-20,number,2,1,0.04505715845152736,0.02252857922576368,0.006893760636577147
\frac{126}{7},math notation,2,2,0.045032842084765434,0.022516421042382717,0.0017802441916103275
\frac{0+20}{2},math notation,1,1,0.022446434013545513,0.022446434013545513,0.0
a_{i+1}\},math notation,1,1,0.022438409330789,0.022438409330789,0.0
normal,other word,3,2,0.06727278605103493,0.022424262017011642,0.0055178863661922714
17\),math notation,1,1,0.02242310915607959,0.02242310915607959,0.0
(\sqrt{5})^2,math notation,1,1,0.02242234008735977,0.02242234008735977,0.0
\(,math notation,847,288,18.986830528709106,0.022416564968959985,0.0005970955076999516
\(25,math notation,1,1,0.022407575510442257,0.022407575510442257,0.0
expression,other word,48,42,1.075411477999296,0.022404405791652,0.0055236908658795195
eighth,other word,12,10,0.26883091987110674,0.02240257665592556,0.007944968531189363
\)-th,math notation,4,2,0.0894835070357658,0.02237087675894145,0.003904974894680584
\frac{1}{2}},math notation,1,1,0.02236075047403574,0.02236075047403574,0.0
\(be,math notation,2,2,0.04470489965751767,0.022352449828758836,0.0037352590162857964
\frac{2020}{10},math notation,1,1,0.022317434661090374,0.022317434661090374,0.0
\$670,math notation,1,1,0.022271158173680305,0.022271158173680305,0.0
feasible,other word,1,1,0.022261809557676315,0.022261809557676315,0.0
\(a_{4},math notation,1,1,0.02225406578509137,0.02225406578509137,0.0
\(a_n,math notation,2,1,0.04450054035987705,0.022250270179938525,0.003300152609483947
\(p_6,math notation,1,1,0.022240231279283762,0.022240231279283762,0.0
3\sqrt{3},math notation,2,2,0.044437231961637735,0.022218615980818868,0.0014446327058670527
66,number,5,4,0.11097405833425,0.02219481166685,0.01408611954693957
s_1(n,math notation,1,1,0.0221943132346496,0.0221943132346496,0.0
$amb$,math notation,1,1,0.022173681354615837,0.022173681354615837,0.0
160,number,5,5,0.11086022120434791,0.022172044240869583,0.014195666203229042
e[x_n,math notation,1,1,0.02216977090574801,0.02216977090574801,0.0
wednesday,other word,6,3,0.13263710914179683,0.022106184856966138,0.014167319213488445
360^\circ,math notation,1,1,0.02208035415969789,0.02208035415969789,0.0
2(3+4,math notation,2,2,0.0441530704847537,0.02207653524237685,0.00011720365620701682
47,number,5,4,0.11025296454317868,0.022050592908635737,0.017689760156944533
$t,math notation,5,3,0.11000110441818833,0.022000220883637667,0.007410035945460912
\frac{8112}{4},math notation,1,1,0.021963213686831295,0.021963213686831295,0.0
2^4\),math notation,1,1,0.02195198112167418,0.02195198112167418,0.0
\text{speed},math notation,1,1,0.021936143515631557,0.021936143515631557,0.0
\text{width},math notation,4,2,0.08769745100289583,0.021924362750723958,0.001809429873875455
\frac{44}{120},math notation,1,1,0.02190768951550126,0.02190768951550126,0.0
742-736,number,1,1,0.021896471036598086,0.021896471036598086,0.0
bounds,other word,1,1,0.02184888068586588,0.02184888068586588,0.0
chance,other word,3,2,0.06527876295149326,0.021759587650497753,0.006111564223887927
numbers,other word,86,53,1.871175562409917,0.021757855376859498,0.003832508720721803
\(c,math notation,15,13,0.32596617052331567,0.02173107803488771,0.0045202043246347955
6\],math notation,2,1,0.04344254964962602,0.02172127482481301,0.002408158148165493
\frac{147}{20},math notation,3,1,0.06511072779539973,0.021703575931799907,0.001163120873695565
$1^2,math notation,1,1,0.021677395794540644,0.021677395794540644,0.0
\sqrt{6336},math notation,1,1,0.021658016892615706,0.021658016892615706,0.0
\(\log_2,math notation,2,2,0.04328847039141692,0.02164423519570846,0.0019673466776831687
four-letter,other word,1,1,0.02163307461887598,0.02163307461887598,0.0
\(1900,math notation,1,1,0.021619440987706184,0.021619440987706184,0.0
\(p_3,math notation,3,3,0.06483017298160121,0.021610057660533737,0.0032924029539515044
\left(,math notation,27,14,0.5827719108201563,0.021584144845190976,0.0014447407718407956
90^\circ,math notation,3,3,0.06471428863005713,0.021571429543352377,0.0058437871585170905
|b|,math notation,4,3,0.08627519477158785,0.021568798692896962,0.0013686461649956097
\frac{125}{9},math notation,3,2,0.06467615644214675,0.021558718814048916,0.001135508131195056
3x^2,math notation,2,2,0.04307696642354131,0.021538483211770654,0.017122400375110276
regular,other word,4,2,0.08606776222586632,0.02151694055646658,0.010243023543047788
elements,other word,12,7,0.2580869084922597,0.021507242374354973,0.00973812448400158
g_a,math notation,5,5,0.10752637131372467,0.021505274262744935,0.0010522297725709896
10^3\),math notation,1,1,0.021503590745851398,0.021503590745851398,0.0
e[x,math notation,2,2,0.04298452055081725,0.021492260275408626,0.0016258853102062184
$m$,math notation,1,1,0.0214344693813473,0.0214344693813473,0.0
sale,other word,6,5,0.1286044977605343,0.021434082960089047,0.011828731737039836
\sqrt{1^2,math notation,1,1,0.021432226058095694,0.021432226058095694,0.0
time,other word,34,23,0.7286301344865933,0.021430298073135096,0.009412919343882373
2(10x,math notation,1,1,0.021419985219836235,0.021419985219836235,0.0
black,other word,2,2,0.0428287610411644,0.0214143805205822,0.008600736154046069
\(de\),math notation,1,1,0.02139760076534003,0.02139760076534003,0.0
fixed,other word,3,3,0.06419270159676671,0.021397567198922236,0.015306736385147728
\sqrt{b^2,math notation,5,5,0.10695929086068645,0.02139185817213729,0.0016469590334045234
\frac{81}{16},math notation,1,1,0.021375623677158728,0.021375623677158728,0.0
4\sqrt{5},math notation,1,1,0.02136338467244059,0.02136338467244059,0.0
p)(x,math notation,1,1,0.021362641360610723,0.021362641360610723,0.0
2(a_1,math notation,3,1,0.06408238565200008,0.02136079521733336,0.00265272781868824
-6,number,5,4,0.10679457779042423,0.021358915558084845,0.0027574606252957806
g^2)^2,math notation,1,1,0.02135125524364412,0.02135125524364412,0.0
28\),math notation,1,1,0.0213411848526448,0.0213411848526448,0.0
radical,other word,4,4,0.08535142568871379,0.021337856422178447,0.019537704810952003
\sqrt{25},math notation,1,1,0.021331517142243683,0.021331517142243683,0.0
primes,other word,3,3,0.06394526257645339,0.02131508752548446,0.004935753328657595
wpm,other word,4,2,0.08523858804255724,0.02130964701063931,0.016908627094241648
##,other word,13,13,0.2770213200128637,0.021309332308681823,0.004399262177525942
\(80\%,math notation,1,1,0.02130585361737758,0.02130585361737758,0.0
9}{4,math notation,1,1,0.021300878608599305,0.021300878608599305,0.0
exponential,other word,1,1,0.02129431441426277,0.02129431441426277,0.0
d^2,math notation,2,2,0.042539199348539114,0.021269599674269557,0.0011430388305920186
\frac{11}{2},math notation,3,1,0.06374198163393885,0.02124732721131295,0.0018515465936001512
components,other word,1,1,0.02119574835523963,0.02119574835523963,0.0
\cup,math notation,6,3,0.127128466963768,0.021188077827294666,0.007626654602040905
n_b,math notation,1,1,0.021176003850996494,0.021176003850996494,0.0
\text{total,math notation,21,14,0.4446761606959626,0.021175055271236316,0.0027772214815452376
\(p_1,math notation,3,2,0.06349534029141068,0.021165113430470228,0.004200309109717972
amount}}{\text{daily,math notation,1,1,0.021163139957934618,0.021163139957934618,0.0
*,math notation,46,36,0.9730068705976009,0.02115232327386089,0.0027280672689448
6\sqrt{2},math notation,2,2,0.04227803519461304,0.02113901759730652,0.005034432781660913
11^t\),math notation,2,2,0.042260387155693024,0.021130193577846512,0.0004785930435347218
months,other word,18,12,0.37941967602819204,0.021078870890455112,0.015182150032985503
2(2,math notation,1,1,0.021042304346337914,0.021042304346337914,0.0
$y=12$,math notation,1,1,0.02104172995314002,0.02104172995314002,0.0
simplest,other word,1,1,0.02094191126525402,0.02094191126525402,0.0
\(3x^2,math notation,1,1,0.020933602703735232,0.020933602703735232,0.0
\(4b\),math notation,1,1,0.020871587214060128,0.020871587214060128,0.0
three-digit,other word,5,3,0.10433300049044192,0.020866600098088384,0.007552273725069714
3/5)^2,math notation,1,1,0.020857170107774436,0.020857170107774436,0.0
\(16,math notation,3,3,0.0625669586006552,0.020855652866885066,0.003464971075659295
5\],math notation,1,1,0.0208514443365857,0.0208514443365857,0.0
daisy,other word,1,1,0.020842771977186203,0.020842771977186203,0.0
muffin,other word,7,3,0.14585768221877515,0.020836811745539308,0.01844320185686825
43\),math notation,1,1,0.020816360600292683,0.020816360600292683,0.0
\sqrt{5},math notation,2,1,0.041576195042580366,0.020788097521290183,0.0012871395641952735
|m|,math notation,3,2,0.06233083736151457,0.020776945787171524,0.0027106631821984294
one-fifth,other word,2,1,0.04148953245021403,0.020744766225107014,0.0026496311904010126
\text{car,math notation,1,1,0.020718008279800415,0.020718008279800415,0.0
g_{al,math notation,4,4,0.08287080843001604,0.02071770210750401,0.002974393130131853
\sqrt{20},math notation,1,1,0.02068560413317755,0.02068560413317755,0.0
\frac{r^2,math notation,1,1,0.020669053308665752,0.020669053308665752,0.0
\mathbf{c},math notation,6,4,0.1239921473315917,0.020665357888598617,0.0015726444236279773
7(301,math notation,1,1,0.020665221847593784,0.020665221847593784,0.0
penny,other word,10,2,0.20664261979982257,0.02066426197998226,0.012154467762052423
a}{2,math notation,1,1,0.020637124311178923,0.020637124311178923,0.0
\(r_1,math notation,1,1,0.020627354737371206,0.020627354737371206,0.0
\(v,math notation,4,4,0.0824973457492888,0.0206243364373222,7.79474204116216e-05
2880,number,3,3,0.061869551544077694,0.0206231838480259,0.0070544105073703095
a^2,math notation,9,8,0.18547849438618869,0.02060872159846541,0.0029911259749354903
hour,other word,13,8,0.2677684884984046,0.020597576038338818,0.016924317500897592
sixth,other word,14,12,0.28786951350048184,0.020562108107177273,0.006548027497078226
\text{tomatoes,math notation,1,1,0.02055160142481327,0.02055160142481327,0.0
$1002000,math notation,1,1,0.020529538858681917,0.020529538858681917,0.0
\frac{390625}{256},math notation,3,1,0.06156586259021424,0.02052195419673808,0.00660609999710621
0,number,106,71,2.169913570280187,0.02047088273849233,0.004133902672985551
vectors,other word,2,2,0.04090982559137046,0.02045491279568523,0.014040012588188992
-3p_3,math notation,1,1,0.020441340748220682,0.020441340748220682,0.0
p(\text{rolling,math notation,4,1,0.08171756443334743,0.02042939110833686,0.0038243077058941685
\frac{bc}{2},math notation,1,1,0.020429331809282303,0.020429331809282303,0.0
constraints,other word,14,12,0.285957639280241,0.020425545662874356,0.00796793217592855
distinctness,other word,1,1,0.020417331717908382,0.020417331717908382,0.0
\$500,math notation,1,1,0.020415651611983776,0.020415651611983776,0.0
$a$,math notation,3,2,0.06105491565540433,0.020351638551801443,0.007960457127201646
\frac{18}{4},math notation,1,1,0.020350013801362365,0.020350013801362365,0.0
\(y,math notation,13,10,0.2637752203736454,0.020290401567203496,0.003030217253467814
\text{area,math notation,2,2,0.040568945463746786,0.020284472731873393,0.006625173917540901
-11,number,1,1,0.02025763306301087,0.02025763306301087,0.0
###,other word,1,1,0.020234756637364626,0.020234756637364626,0.0
10080\),math notation,1,1,0.02023358247242868,0.02023358247242868,0.0
\frac{16}{6},math notation,1,1,0.020179049693979323,0.020179049693979323,0.0
tomatoes,other word,12,4,0.24175842572003603,0.02014653547666967,0.014567139586329866
s_1(101,math notation,1,1,0.020138041931204498,0.020138041931204498,0.0
quadrilateral,other word,5,4,0.10067398124374449,0.0201347962487489,0.011535538872048673
rectangle,other word,3,3,0.06034437473863363,0.020114791579544544,0.010001200660325917
\approx,math notation,10,6,0.20114587200805545,0.020114587200805546,0.004987588749241399
10}{2,math notation,4,2,0.08035164442844689,0.020087911107111722,0.0063019961131187425
\sqrt{2},math notation,2,2,0.040117483702488244,0.020058741851244122,0.0034217619078699387
obtain,other word,3,3,0.06000862829387188,0.020002876097957294,0.009045273474923052
3)(b,math notation,1,1,0.01998034492135048,0.01998034492135048,0.0
46,number,1,1,0.019978754222393036,0.019978754222393036,0.0
a_0,math notation,3,2,0.05989054637029767,0.01996351545676589,0.0031685601501123747
a_7,math notation,1,1,0.019959559198468924,0.019959559198468924,0.0
\(p_0,math notation,1,1,0.019932629773393273,0.019932629773393273,0.0
3c,number,2,2,0.03985481522977352,0.01992740761488676,0.0035099322506150603
\(\boxed{there,math notation,1,1,0.019924993626773357,0.019924993626773357,0.0
$\sqrt{10^{8}},math notation,1,1,0.019917207886464894,0.019917207886464894,0.0
\cdots,math notation,23,14,0.4580497107235715,0.019915204814068325,0.0016194265701146133
$n=11$,math notation,1,1,0.01989554858300835,0.01989554858300835,0.0
\(b^3,math notation,2,2,0.039777845377102494,0.019888922688551247,0.0011613867860831128
funding,other word,2,2,0.03975516278296709,0.019877581391483545,0.06869580067624134
homework,other word,10,5,0.1986405187053606,0.01986405187053606,0.016678753218339382
cases,other word,6,6,0.11900613736361265,0.019834356227268774,0.018547406115575503
wait,hedging / contrast,2,2,0.03961276775225997,0.019806383876129985,0.006119118353831866
\begin{pmatrix},math notation,1,1,0.01977130596060306,0.01977130596060306,0.0
\binom{n}{k},math notation,1,1,0.01976458332501352,0.01976458332501352,0.0
congruent,other word,7,4,0.1383186339517124,0.019759804850244627,0.0036387029260614833
denote,other word,24,24,0.47413630940718576,0.01975567955863274,0.005009149472371004
percentages,other word,1,1,0.019754829816520214,0.019754829816520214,0.0
a_1^2,math notation,3,2,0.059240467147901654,0.019746822382633884,0.0056444130526230474
4k,number,3,3,0.059215186804067343,0.01973839560135578,0.01522477010084986
$255^2,math notation,2,2,0.03945887798909098,0.01972943899454549,0.0015517697889865841
initial,other word,27,21,0.5320135324727744,0.019704204906399053,0.003031679323586168
field,other word,1,1,0.019686292856931686,0.019686292856931686,0.0
\text{number,math notation,26,14,0.5117129604332149,0.019681267708969805,0.002256742592685106
\(ca,math notation,1,1,0.0196047255594749,0.0196047255594749,0.0
\frac{y_2,math notation,2,2,0.0391562181757763,0.01957810908788815,0.00445203618672655
\(s,math notation,2,2,0.03913910989649594,0.01956955494824797,0.0002182237869256786
**case,math notation,8,8,0.15649474179372191,0.01956184272421524,0.002029824657185199
\frac{320,math notation,1,1,0.019542839494533837,0.019542839494533837,0.0
\(n,math notation,15,9,0.2929069310775958,0.019527128738506386,0.0013248289790098937
\cos^2,math notation,4,3,0.07792091777082533,0.01948022944270633,0.0018510683654153462
x^{2,math notation,2,1,0.03895698254927993,0.019478491274639964,0.0023938336526639855
right,other word,10,9,0.19464164040982723,0.019464164040982723,0.01191213831578567
5)^4,math notation,2,2,0.03892530640587211,0.019462653202936053,0.0012443409212576034
670,number,10,9,0.19458418840076774,0.019458418840076774,0.010864657517501783
\frac{2187}{9,math notation,1,1,0.019454842171398923,0.019454842171398923,0.0
\frac{4800}{400},math notation,1,1,0.019434011541306973,0.019434011541306973,0.0
\frac{7}{4},math notation,2,2,0.03885084192734212,0.01942542096367106,0.008788392897930205
60%,number,4,3,0.07748545659705997,0.01937136414926499,0.00507668916537048
736,number,1,1,0.0193548072129488,0.0193548072129488,0.0
addition,other word,3,3,0.058061518240720034,0.019353839413573343,0.00675396662076975
\dfrac{7,math notation,1,1,0.01935023779515177,0.01935023779515177,0.0
incorrect,hedging / contrast,2,2,0.03863050136715174,0.01931525068357587,0.007773528190129103
\frac{3a}{2},math notation,1,1,0.019304396293591708,0.019304396293591708,0.0
calculation,other word,8,8,0.15442603989504278,0.019303254986880347,0.013946265015963646
9\],math notation,2,2,0.03860612347489223,0.019303061737446114,0.008032090400608222
(,math notation,6,6,0.11552741006016731,0.019254568343361218,0.0003801468521101911
\sqrt{3},math notation,2,2,0.03849281108705327,0.019246405543526635,6.851188367294122e-06
a^c,math notation,1,1,0.019223218667320907,0.019223218667320907,0.0
variables,other word,5,4,0.09590332605876029,0.019180665211752056,0.010208285315184718
2^a,math notation,1,1,0.019145107362419367,0.019145107362419367,0.0
5-2)(5-3)(5-4,math notation,1,1,0.01914383319672197,0.01914383319672197,0.0
sign,other word,3,3,0.05742189800366759,0.019140632667889197,0.010368792977164327
2g_{al,math notation,1,1,0.01912878453731537,0.01912878453731537,0.0
10%,number,4,3,0.07628310844302177,0.019070777110755444,0.0106002472903946
\frac{5}{4},math notation,1,1,0.019068550202064216,0.019068550202064216,0.0
33\],math notation,1,1,0.019003869500011206,0.019003869500011206,0.0
a_2,math notation,9,5,0.17094448918942362,0.01899383213215818,0.006271086556386376
\frac{5,math notation,4,4,0.07583312143106014,0.018958280357765034,0.001217888150158286
6\sqrt{6},math notation,2,2,0.03791574330534786,0.01895787165267393,0.0005392916053233561
\[32,math notation,2,1,0.0379071650095284,0.0189535825047642,0.00028874822378426203
21}{2,math notation,2,2,0.037902840645983815,0.018951420322991908,0.0005024942373279209
x_{101,math notation,2,2,0.03788307189824991,0.018941535949124955,0.0011990822750205991
k8,number,2,1,0.03781995619647205,0.018909978098236024,0.010103191290301721
a\],math notation,1,1,0.018903165124356747,0.018903165124356747,0.0
hyperbola,other word,3,3,0.05660852021537721,0.01886950673845907,0.004738947667731185
feet}}{3,math notation,1,1,0.01886428496800363,0.01886428496800363,0.0
f(0,math notation,1,1,0.01885281316936016,0.01885281316936016,0.0
arc,other word,7,4,0.13193171215243638,0.018847387450348054,0.011391955052427119
expressions,other word,6,5,0.1130546439671889,0.01884244066119815,0.01086738913609429
sum,other word,110,81,2.0724209554609843,0.018840190504190765,0.004192609759716911
\langle,math notation,3,1,0.056467441376298666,0.018822480458766222,0.0018619371754424975
thousands,other word,1,1,0.01876224623993039,0.01876224623993039,0.0
unit,other word,12,7,0.22508285962976515,0.018756904969147097,0.014378371722849847
\left|,math notation,6,4,0.11251177114900202,0.018751961858167004,0.001338897288334028
\(ad,math notation,2,2,0.03749822615645826,0.01874911307822913,0.003868347157036242
input,other word,2,2,0.03742592968046665,0.018712964840233326,0.004145079989318169
pears,other word,10,3,0.18683063390199095,0.018683063390199095,0.00823370851850404
\[e,math notation,1,1,0.018678082968108356,0.018678082968108356,0.0
\frac{4800}{625},math notation,1,1,0.018669383018277586,0.018669383018277586,0.0
similarly,other word,8,8,0.14934125333093107,0.018667656666366383,0.007033635522188335
9a,number,1,1,0.018656523898243904,0.018656523898243904,0.0
\frac{10}{32},math notation,1,1,0.018652452155947685,0.018652452155947685,0.0
6\sqrt{5},math notation,2,1,0.03729041694896296,0.01864520847448148,0.000966031389366967
14\],math notation,1,1,0.018639942165464163,0.018639942165464163,0.0
209,number,3,2,0.05586526170372963,0.01862175390124321,0.0021626100650480582
10^3)^2,math notation,1,1,0.01861840969650075,0.01861840969650075,0.0
10\sqrt{3},math notation,1,1,0.018557011004304513,0.018557011004304513,0.0
non-zero,other word,7,5,0.12988025913364254,0.018554322733377506,0.004447454298416391
-12,number,2,2,0.0371001596795395,0.01855007983976975,0.0026112311720273168
\text{area},math notation,5,5,0.09273194259731099,0.0185463885194622,0.0019240807962768234
die,other word,50,23,0.9269324748311192,0.018538649496622383,0.0027597813408143518
3c^2,math notation,1,1,0.01848550932481885,0.01848550932481885,0.0
\overline{ab},math notation,6,3,0.11076002131449059,0.0184600035524151,0.0025834514121391835
\[=,math notation,1,1,0.018457884900271893,0.018457884900271893,0.0
y_2,math notation,1,1,0.018453890865202993,0.018453890865202993,0.0
\frac{180,math notation,3,1,0.055276622355449945,0.01842554078514998,0.002989974121550209
lumber,other word,1,1,0.01842077448964119,0.01842077448964119,0.0
2^{16,math notation,1,1,0.018393974052742124,0.018393974052742124,0.0
so,other word,198,189,3.638997245405335,0.01837877396669361,0.002410096615928748
\(cd,math notation,6,2,0.11025537824025378,0.018375896373375628,0.006528145649492356
\right|,math notation,6,4,0.1101765763014555,0.01836276271690925,0.000977435612262556
y_2)$,math notation,1,1,0.018342273426242173,0.018342273426242173,0.0
x^2,math notation,18,11,0.33010620257118717,0.018339233476177066,0.003377714592914603
\frac{0,math notation,2,2,0.03664203331572935,0.018321016657864675,1.3054389521181234e-05
generate,other word,1,1,0.018289975821971893,0.018289975821971893,0.0
\(2023,math notation,1,1,0.018287043902091682,0.018287043902091682,0.0
185,number,6,3,0.10945519246160984,0.018242532076934975,0.015017984628511165
$(\pm,math notation,1,1,0.018236533273011446,0.018236533273011446,0.0
x_{i+1,math notation,3,2,0.054704271926311776,0.018234757308770593,0.004117046786989081
10\%,math notation,1,1,0.01823149318806827,0.01823149318806827,0.0
areas,other word,7,5,0.12760624988004565,0.01822946426857795,0.022064779442568076
format,other word,2,2,0.03641902655363083,0.018209513276815414,0.007308733732567725
3|b,math notation,1,1,0.018204265739768744,0.018204265739768744,0.0
2(ab)^2,math notation,1,1,0.01819863962009549,0.01819863962009549,0.0
infinite,other word,2,2,0.036351564107462764,0.018175782053731382,0.011631936593450869
2401\),math notation,2,2,0.036295264842920005,0.018147632421460003,0.000598981420982427
300}}{2}\],math notation,1,1,0.0181462379405275,0.0181462379405275,0.0
32}}{2,math notation,2,2,0.036273126723244786,0.018136563361622393,0.002216541864268077
196,number,1,1,0.018130645621567965,0.018130645621567965,0.0
ax^{2,math notation,1,1,0.01810776023194194,0.01810776023194194,0.0
chosen,other word,9,9,0.1628515520133078,0.018094616890367534,0.009786807596474885
sets,other word,8,7,0.14466379745863378,0.018082974682329223,0.0041798386968465795
-260,number,1,1,0.01807153783738613,0.01807153783738613,0.0
120,number,25,17,0.4512318589258939,0.018049274357035756,0.010708670106540436
\(3a,math notation,2,2,0.03604370728135109,0.018021853640675545,0.004627717381051085
a_2^2,math notation,3,2,0.05402764305472374,0.01800921435157458,0.0010883136074973287
distributions,other word,1,1,0.017967693507671356,0.017967693507671356,0.0
\(36a\),math notation,1,1,0.01796267373720184,0.01796267373720184,0.0
99,number,4,3,0.07172337081283331,0.017930842703208327,0.014953665127629757
90,number,8,7,0.1433522100560367,0.01791902625700459,0.012369316434057264
structure,other word,3,2,0.053732662461698055,0.017910887487232685,0.008265307461676714
\frac{3^7}{5^7},math notation,1,1,0.017826150287874043,0.017826150287874043,0.0
3^\circ,math notation,1,1,0.01780319365207106,0.01780319365207106,0.0
\(m,math notation,9,8,0.16017905855551362,0.017797673172834847,0.0017140515982567211
40\),math notation,3,3,0.05332392739364877,0.01777464246454959,0.0020834912155753074
david,other word,1,1,0.017740074545145035,0.017740074545145035,0.0
\(bd,math notation,1,1,0.017734985798597336,0.017734985798597336,0.0
circles,other word,7,4,0.12413472076877952,0.017733531538397074,0.02178279444462527
shaded,other word,9,6,0.15958152571693063,0.017731280635214515,0.00716174346521774
verify,hedging / contrast,5,5,0.08861231547780335,0.01772246309556067,0.012305662845428155
1250,number,4,3,0.07088242867030203,0.01772060716757551,0.0028402282609670316
us,other word,36,34,0.6373260589898564,0.017703501638607122,0.009732227612900542
x_{i+2,math notation,10,4,0.176991747925058,0.017699174792505802,0.0021274338159080323
|v|,math notation,3,1,0.053079450968652964,0.01769315032288432,0.001484649918656567
dimensions,other word,3,3,0.053033864591270685,0.017677954863756895,0.009663409227048917
rhombus,other word,2,1,0.035280063515529037,0.017640031757764518,0.007613199026533692
\(23,math notation,1,1,0.017620466416701674,0.017620466416701674,0.0
follows,other word,17,17,0.2994351532543078,0.017613832544371048,0.00422356381470945
consume,other word,1,1,0.017583969980478287,0.017583969980478287,0.0
end,other word,10,9,0.17577531840652227,0.01757753184065223,0.009862259861060953
1020,number,1,1,0.017576294485479593,0.017576294485479593,0.0
$b_i$,math notation,1,1,0.017573705757968128,0.017573705757968128,0.0
\leq,math notation,42,15,0.737952931842301,0.01757030790100717,0.001079547961935054
25\pi,math notation,4,2,0.07027278782334179,0.017568196955835447,0.0015671601884442922
\frac{6,math notation,6,3,0.10478367342147976,0.017463945570246626,0.002815169345394025
\frac{4800}{225},math notation,1,1,0.01742280030157417,0.01742280030157417,0.0
resulting,other word,2,2,0.034834167920053005,0.017417083960026503,0.008262036506150683
2(a,math notation,4,2,0.06963741430081427,0.017409353575203568,0.0007510984748341043
\frac{25,math notation,2,2,0.03478753595845774,0.01739376797922887,0.003671055886420806
off-diagonal,other word,1,1,0.017393173649907112,0.017393173649907112,0.0
miles}}{40,math notation,1,1,0.017366899410262704,0.017366899410262704,0.0
\frac{80}{1,math notation,1,1,0.0173553426284343,0.0173553426284343,0.0
write,other word,9,9,0.1561111961491406,0.017345688461015623,0.004831126314115874
cycles,other word,3,2,0.052035324508324265,0.01734510816944142,0.011895223808116891
budget,other word,4,3,0.06936021521687508,0.01734005380421877,0.036193071456296126
\dots,math notation,1,1,0.017333144322037697,0.017333144322037697,0.0
account,other word,2,2,0.03465363569557667,0.017326817847788334,0.0062280286091981754
2)^2,math notation,8,4,0.13856768008554354,0.017320960010692943,0.0020539407079635335
diagonals,other word,8,5,0.1385252127656713,0.017315651595708914,0.003077275316158101
reduces,other word,1,1,0.017300531268119812,0.017300531268119812,0.0
specifically,other word,2,2,0.03459186479449272,0.01729593239724636,0.010352668694077577
\frac{25^4}{4^4},math notation,1,1,0.017270973650738597,0.017270973650738597,0.0
segments,other word,8,7,0.13813029089942575,0.017266286362428218,0.017541069414787953
10^{8/2,math notation,1,1,0.017265805741772056,0.017265805741772056,0.0
fish,other word,8,5,0.13812528585549444,0.017265660731936805,0.011089236966757903
third,other word,102,94,1.7609493079944514,0.017264208901906386,0.00244425066641132
randomly,other word,2,2,0.03452690597623587,0.017263452988117933,0.00011456270751445178
$$y,math notation,3,2,0.051730764913372695,0.017243588304457564,0.00644587616210872
89,number,9,7,0.15508382441475987,0.01723153604608443,0.01735442167298829
\frac{20,math notation,7,4,0.12059564085211605,0.017227948693159436,0.004213157058111743
blocks,other word,2,1,0.03436991246417165,0.017184956232085824,0.012336785999967887
3$$,math notation,1,1,0.017167663667351007,0.017167663667351007,0.0
angle,other word,43,19,0.7375437335576862,0.01715217985017875,0.0026341936065180033
\frac{78}{7}},math notation,1,1,0.017149377497844398,0.017149377497844398,0.0
\[33,math notation,1,1,0.017139083705842495,0.017139083705842495,0.0
inventory,other word,1,1,0.017124932259321213,0.017124932259321213,0.0
\frac{1,math notation,4,2,0.06838980363681912,0.01709745090920478,0.002156573172873769
-pq,other word,2,2,0.034171707229688764,0.017085853614844382,0.0011585423677170086
\text{feet},math notation,3,1,0.05108773452229798,0.017029244840765994,0.0018851502286416925
year,other word,45,28,0.763909260276705,0.016975761339482334,0.01118272899882615
double-counted,other word,1,1,0.016975647769868374,0.016975647769868374,0.0
1}{1^2,math notation,1,1,0.01697072316892445,0.01697072316892445,0.0
\frac{4800}{256},math notation,1,1,0.01696170575451106,0.01696170575451106,0.0
\(2q,math notation,1,1,0.01694586966186762,0.01694586966186762,0.0
bac,other word,5,4,0.08455533860251307,0.016911067720502614,0.006171264350233563
10^{2,math notation,1,1,0.016883070580661297,0.016883070580661297,0.0
\(7^2,math notation,2,2,0.03376504342304543,0.016882521711522713,0.005525373822833526
3^1,math notation,3,3,0.05063529312610626,0.01687843104203542,0.0033194412656243257
\$4,math notation,2,2,0.03374567884020507,0.016872839420102537,0.00979392570078094
$10^6$,math notation,1,1,0.016858426854014397,0.016858426854014397,0.0
furthermore,other word,1,1,0.016848700121045113,0.016848700121045113,0.0
\[,math notation,804,525,13.542830311940634,0.016844316308383872,0.00068199492423021
23,number,7,5,0.1178457863861695,0.016835112340881357,0.017021595597709292
2a^2b^2,math notation,2,2,0.03365955897606909,0.016829779488034546,0.001565019087101723
\frac{7x}{4x,math notation,1,1,0.0168260844075121,0.0168260844075121,0.0
\rfloor,math notation,5,3,0.08412906303419732,0.016825812606839463,0.0029277582588574562
mathematically,other word,2,2,0.033643586095422506,0.016821793047711253,0.007297254807885205
limited,other word,1,1,0.016820920631289482,0.016820920631289482,0.0
equilateral,other word,11,7,0.18501539432327263,0.016819581302115694,0.0037786193624407935
\((4,math notation,3,3,0.05043823167216033,0.01681274389072011,0.0038166879170184577
77,number,3,3,0.05035451450385153,0.01678483816795051,0.0186974163629255
flashlights,other word,20,3,0.33545450773090124,0.016772725386545062,0.004594293107215131
1800,number,3,2,0.050311578437685966,0.01677052614589532,0.0050192556263699865
\(7^1,math notation,2,2,0.03353242919547483,0.016766214597737417,0.001876438014266033
trapezoid,other word,1,1,0.016765901818871498,0.016765901818871498,0.0
connection,other word,1,1,0.016759932041168213,0.016759932041168213,0.0
40%,number,7,5,0.11731808498734608,0.016759726426763728,0.014475882879782397
assume,hedging / contrast,7,7,0.11729489732533693,0.016756413903619562,0.005470416433584698
equations,other word,28,27,0.46908313647145405,0.016752969159694788,0.00694433322818545
-t,other word,1,1,0.016747857676818967,0.016747857676818967,0.0
length,other word,31,25,0.5190094934077933,0.016742241722832042,0.008611934890014336
bases,other word,4,4,0.06693189009092748,0.01673297252273187,0.007187756148401256
formula,other word,51,42,0.8520310143940151,0.01670649047831402,0.004660663080211443
2^\circ,math notation,1,1,0.01670210307929665,0.01670210307929665,0.0
p(\text{even,math notation,1,1,0.0166813776595518,0.0166813776595518,0.0
coordinates,other word,7,4,0.11676900857128203,0.016681286938754574,0.011123995544882338
\(2r,math notation,2,1,0.033330989186652005,0.016665494593326002,0.004580915569526483
interest,other word,4,2,0.06648362544365227,0.016620906360913068,0.018385990019162975
xa,other word,2,1,0.03310520946979523,0.016552604734897614,0.000903822702703423
4rs,number,1,1,0.016536054201424122,0.016536054201424122,0.0
6.4,number,1,1,0.016493624891154468,0.016493624891154468,0.0
cde\),math notation,1,1,0.016493305622134358,0.016493305622134358,0.0
right-angled,other word,5,4,0.08242671971675009,0.016485343943350016,0.0014959652860635662
7th,number,1,1,0.0164780686609447,0.0164780686609447,0.0
7\],math notation,2,2,0.03293876675888896,0.01646938337944448,0.0014102225205540055
\frac{8,math notation,3,2,0.049400035524740815,0.01646667850824694,0.0012608077756641571
300\),math notation,1,1,0.01645766058936715,0.01645766058936715,0.0
\cos,math notation,12,3,0.1970553207793273,0.016421276731610607,0.000854998387021633
\(0,math notation,5,3,0.08210001897532493,0.016420003795064985,0.0016574574535803029
\frac{2187}{78125},math notation,2,1,0.03283968637697399,0.016419843188486993,0.0034268345527378313
naive,other word,1,1,0.016416095197200775,0.016416095197200775,0.0
560,number,1,1,0.01640881970524788,0.01640881970524788,0.0
choosing,other word,2,1,0.03280343231745064,0.01640171615872532,0.00035886370450336315
\frac{1}{32},math notation,1,1,0.016401405358919874,0.016401405358919874,0.0
choose,other word,8,8,0.13118216255679727,0.016397770319599658,0.00418573474244031
c^3,math notation,3,2,0.04914107080549002,0.016380356935163338,0.00482693166962024
$f$,math notation,1,1,0.016378474421799183,0.016378474421799183,0.0
added,other word,5,3,0.08173052570782602,0.016346105141565204,0.007794955635442662
multiples,other word,11,10,0.17978360631968826,0.01634396421088075,0.00547087751977933
\sin^2,math notation,5,4,0.08166595478542149,0.016333190957084298,0.005170644903563491
6)^2,math notation,1,1,0.016328530851751566,0.016328530851751566,0.0
\sqrt{32400,math notation,1,1,0.0163218536763452,0.0163218536763452,0.0
u5,number,3,3,0.0488610320026055,0.016287010667535167,0.01618125010066124
\sqrt{18^2,math notation,1,1,0.01627220818772912,0.01627220818772912,0.0
-39,number,3,2,0.048755626659840345,0.016251875553280115,0.007911468696913733
$$4y,math notation,3,2,0.04868842934956774,0.016229476449855913,0.006749549344133473
\frac{500}{9},math notation,1,1,0.016197379562072456,0.016197379562072456,0.0
\[4,math notation,2,2,0.0323556256480515,0.01617781282402575,0.0003712796557026883
steps,other word,50,45,0.8086184054845944,0.016172368109691887,0.006574756970744467
2c,number,10,7,0.16163213818799704,0.016163213818799704,0.007295925894116024
a_4,math notation,3,3,0.04847561559290625,0.01615853853096875,0.004072626987317437
guess,other word,1,1,0.01611555740237236,0.01611555740237236,0.0
phone\,math notation,2,1,0.032227627700194716,0.016113813850097358,0.0022741819601460266
|e|,math notation,3,1,0.048258033813908696,0.016086011271302898,0.003301913149436608
a_3,math notation,4,3,0.06433718476910144,0.01608429619227536,0.0029506657373665366
altitudes,other word,3,2,0.048223478079307824,0.01607449269310261,0.010593784838456095
\mod,math notation,3,3,0.04811924183741212,0.016039747279137373,0.0003008842317684309
collected,other word,8,5,0.1282795863226056,0.0160349482903257,0.03544155464540509
18)(32,math notation,1,1,0.0160309337079525,0.0160309337079525,0.0
process,other word,4,4,0.06405721278861165,0.016014303197152913,0.01723839274957928
1}{2^2,math notation,1,1,0.015991898020729423,0.015991898020729423,0.0
|u|,math notation,1,1,0.0159733472391963,0.0159733472391963,0.0
b^2,math notation,13,13,0.20751334994565696,0.01596256538043515,0.0037409880825830548
\text{base},math notation,1,1,0.01594922225922346,0.01594922225922346,0.0
\(40,math notation,2,2,0.03189433866646141,0.015947169333230704,0.006840491341757708
3b,number,4,4,0.06377290934324265,0.01594322733581066,0.002530997977969198
\frac{2}{5}},math notation,1,1,0.015931650064885616,0.015931650064885616,0.0
\sqrt{16,math notation,2,2,0.031837696325965226,0.015918848162982613,0.0003667361513469545
x_{100,math notation,3,3,0.04773867019684985,0.01591289006561662,0.0031054985977449516
2g_a,math notation,2,2,0.031714487355202436,0.015857243677601218,0.0003010787288336557
pairs,other word,19,15,0.3010675642872229,0.01584566127827489,0.004786687070896508
cleaners,other word,9,6,0.14256491465494037,0.01584054607277115,0.023903437546131515
ah/hd,math notation,2,1,0.03167160786688328,0.01583580393344164,0.0008222152087296963
4\pi,math notation,1,1,0.01582841807976365,0.01582841807976365,0.0
group,other word,10,8,0.15811830654274672,0.01581183065427467,0.021921865320387098
\[20^4,math notation,1,1,0.01580154336988926,0.01580154336988926,0.0
edges,other word,9,4,0.14216216409113258,0.015795796010125842,0.009542663730339976
m|,math notation,17,4,0.2684948015958071,0.015793811858576888,0.0014947006065407003
10080,number,2,2,0.031585241900756955,0.015792620950378478,0.008566108813681512
\frac{a}{2},math notation,1,1,0.015784619143232703,0.015784619143232703,0.0
u-v,other word,12,4,0.18931056797737256,0.015775880664781045,0.0009651354022072673
\(14,math notation,1,1,0.015764267649501562,0.015764267649501562,0.0
\[343,math notation,4,4,0.06304755050223321,0.015761887625558302,0.0005458321474802056
a^b,math notation,1,1,0.015743541065603495,0.015743541065603495,0.0
position,other word,16,14,0.2518876862595789,0.015742980391223682,0.004626297598037147
rents,other word,2,1,0.03147880197502673,0.015739400987513363,0.008666165761318628
7y,number,1,1,0.01573029113933444,0.01573029113933444,0.0
\(x^5,math notation,1,1,0.01572807424236089,0.01572807424236089,0.0
\text{alyana's,math notation,2,2,0.03141446225345135,0.015707231126725674,0.007585061313023052
triples,other word,3,3,0.04699338600039482,0.015664462000131607,0.00952553032165223
roll,other word,15,7,0.23477238044142723,0.015651492029428483,0.006149639916448194
5^{4,math notation,1,1,0.015651429072022438,0.015651429072022438,0.0
expand,other word,3,3,0.046691731084138155,0.015563910361379385,0.004912115850094022
\(kassidy's,math notation,1,1,0.01554688042961061,0.01554688042961061,0.0
\frac{pa}{pb,math notation,1,1,0.015461535309441388,0.015461535309441388,0.0
7+10,math notation,1,1,0.015397882350953296,0.015397882350953296,0.0
\quad,math notation,66,27,1.0149402444949374,0.015377882492347535,0.0010699485603712525
323,number,1,1,0.015361452475190163,0.015361452475190163,0.0
minus,other word,3,3,0.04599582031369209,0.015331940104564032,0.004931747015739314
\frac{35}{37},math notation,1,1,0.015312636271119118,0.015312636271119118,0.0
\$5,math notation,2,1,0.030596383148804307,0.015298191574402153,0.003169847272029068
$\lfloor,math notation,1,1,0.015295019606128335,0.015295019606128335,0.0
minimize,other word,4,4,0.06114833167521283,0.015287082918803208,0.00860707115831918
11}{12,math notation,2,1,0.03053591144271195,0.015267955721355975,0.003698338130036058
15-18,number,1,1,0.015228854375891387,0.015228854375891387,0.0
g_l,math notation,4,4,0.06090050644706935,0.015225126611767337,0.001845512718746293
\lfloor,math notation,5,3,0.07608381798490882,0.015216763596981764,0.002347697769254361
property,other word,6,5,0.09109480981715024,0.015182468302858373,0.012679085397714568
line,other word,15,12,0.22759971022605896,0.015173314015070598,0.003702883209716102
rayna's,other word,3,2,0.04546673386357725,0.015155577954525748,0.011534869648441822
ned,other word,3,2,0.04546379763633013,0.015154599212110043,0.019485588400830582
truck,other word,1,1,0.015143319964408875,0.015143319964408875,0.0
\frac{125,math notation,1,1,0.015129771083593369,0.015129771083593369,0.0
16807\),math notation,2,2,0.030231707845814526,0.015115853922907263,0.0001269344950726942
\(7^5,math notation,2,2,0.030205610615666956,0.015102805307833478,0.0011793174507308277
x,other word,182,106,2.7486757781589404,0.015102614165708463,0.0016217764887637663
logic,other word,1,1,0.015102080069482327,0.015102080069482327,0.0
n^2,math notation,6,3,0.09049669816158712,0.015082783026931187,0.003939727653780841
\[429,math notation,1,1,0.015076804906129837,0.015076804906129837,0.0
11^t,math notation,3,2,0.04521194822154939,0.015070649407183131,0.0031030499681872366
4n,number,14,11,0.21081817673984915,0.015058441195703511,0.002652432180153956
$10,math notation,1,1,0.015051071997731924,0.015051071997731924,0.0
3^b,math notation,1,1,0.015044256346300244,0.015044256346300244,0.0
mathematics,other word,2,1,0.030051322537474334,0.015025661268737167,0.0011924567924926446
\$8,math notation,1,1,0.015011128270998597,0.015011128270998597,0.0
coefficients,other word,5,4,0.075014733010903,0.0150029466021806,0.009680598496165007
9}{3,math notation,1,1,0.015002401603851467,0.015002401603851467,0.0
pounds,other word,25,14,0.37482316279783845,0.014992926511913538,0.01228056532353509
2x^2,math notation,2,2,0.029936446342617273,0.014968223171308637,0.003152980383136425
\frac{2187,math notation,1,1,0.01495883276220411,0.01495883276220411,0.0
bananas,other word,18,8,0.2690350819611922,0.014946393442288455,0.005878591701699058
dab,other word,4,2,0.059773167595267296,0.014943291898816824,0.0033787515450384134
d\),math notation,1,1,0.014931929064914584,0.014931929064914584,0.0
9$,math notation,1,1,0.014882191317155957,0.014882191317155957,0.0
28}{6,math notation,2,1,0.029718033270910382,0.014859016635455191,0.0038875394489046346
\sqrt{24,math notation,1,1,0.014820387936197221,0.014820387936197221,0.0
2.56,number,1,1,0.01479543540335726,0.01479543540335726,0.0
angles,other word,14,9,0.2070700375479646,0.014790716967711757,0.004194830840229396
amplitude,other word,3,1,0.04431474953889847,0.014771583179632822,0.011626377889845527
perpendicular,other word,7,3,0.10337194055318832,0.014767420079026903,0.0025537666203601962
$3$,math notation,1,1,0.014716379111632705,0.014716379111632705,0.0
\frac{9,math notation,2,2,0.029430250695440918,0.014715125347720459,0.0026328181581014086
east,other word,6,6,0.08823551516979933,0.014705919194966555,0.005847685173467277
p_i,math notation,1,1,0.014697777573019266,0.014697777573019266,0.0
3d,number,11,5,0.16161530010867864,0.014692300009879877,0.003616103103186694
-210,number,1,1,0.014682860113680363,0.014682860113680363,0.0
\frac{15}{25},math notation,1,1,0.014679762884043157,0.014679762884043157,0.0
product,other word,49,31,0.7192586166784167,0.014678747279151362,0.0017259334284467187
space,other word,1,1,0.01467638835310936,0.01467638835310936,0.0
\[s,math notation,2,2,0.029318175744265318,0.014659087872132659,0.003060340786928845
\text{height},math notation,2,2,0.029299853835254908,0.014649926917627454,5.5536540083325676e-05
dogs,other word,6,4,0.08783666137605906,0.01463944356267651,0.03760356904194644
ar^2,math notation,1,1,0.01458236447069794,0.01458236447069794,0.0
\(3d\),math notation,1,1,0.014542588964104652,0.014542588964104652,0.0
cm,other word,16,3,0.232564723235555,0.014535295202222187,0.0035314664750170834
\frac{12}{2},math notation,1,1,0.01453094370663166,0.01453094370663166,0.0
\sqrt{8261},math notation,1,1,0.014526176790241152,0.014526176790241152,0.0
\frac{25}{4,math notation,4,1,0.05810371751431376,0.01452592937857844,0.0008873174174567132
p+q)x,math notation,1,1,0.014523111516609788,0.014523111516609788,0.0
\(ae,math notation,2,2,0.029038775945082307,0.014519387972541153,0.001434554176080763
polyhedron,other word,1,1,0.014518461655825377,0.014518461655825377,0.0
c_n,math notation,2,2,0.029033095634076744,0.014516547817038372,0.006464876919728803
19,number,10,9,0.1450156710925512,0.01450156710925512,0.012336969583668353
\frac{729,math notation,1,1,0.01446844998281449,0.01446844998281449,0.0
removes,other word,1,1,0.014466984197497368,0.014466984197497368,0.0
boundary,other word,1,1,0.014461793936789036,0.014461793936789036,0.0
2e,number,1,1,0.014450012240558863,0.014450012240558863,0.0
emptying,other word,2,1,0.028896786272525787,0.014448393136262894,1.2420149420554085e-05
\[3,math notation,3,3,0.043290162924677134,0.014430054308225712,0.0004272977183652429
move,other word,13,5,0.18752903176937252,0.014425310136105578,0.0058295490513160415
satisfying,other word,1,1,0.014411317184567451,0.014411317184567451,0.0
g^2,math notation,3,2,0.043219137587584555,0.014406379195861518,0.002128476843747832
day,other word,20,15,0.2879390432499349,0.014396952162496746,0.012383152240367016
ed,other word,8,3,0.1151500497944653,0.014393756224308163,0.00847316762502243
2)(c,math notation,1,1,0.01436607853975147,0.01436607853975147,0.0
\frac{35}{4},math notation,2,2,0.028683588781859726,0.014341794390929863,0.0018411112996339957
\frac{74}{37},math notation,1,1,0.014338988810777664,0.014338988810777664,0.0
5$$,math notation,1,1,0.014323997776955366,0.014323997776955366,0.0
pounds}}{50,math notation,1,1,0.0143088698387146,0.0143088698387146,0.0
34(x,math notation,1,1,0.014298458816483617,0.014298458816483617,0.0
2^n,math notation,4,3,0.05715853872243315,0.014289634680608287,0.0023341559118172255
38\],math notation,2,1,0.02857490035239607,0.014287450176198035,0.0004868600202771443
arrangements}}{\text{total,math notation,1,1,0.014278784627094865,0.014278784627094865,0.0
slope,other word,7,5,0.09988272422924638,0.014268960604178054,0.004914968469550008
discriminant,other word,3,3,0.0428034967626445,0.014267832254214833,0.0039052539384074087
sells,other word,2,1,0.028454646468162537,0.014227323234081268,0.05679116088435289
(\sin,math notation,2,1,0.02845162618905306,0.01422581309452653,0.0012784396973364407
\delta,math notation,1,1,0.014224887825548649,0.014224887825548649,0.0
\implies,math notation,82,31,1.1658754482050426,0.014217993270793202,0.0008023053388116192
\log_x,math notation,2,1,0.02841605292633176,0.01420802646316588,0.0021689984904684568
endpoints,other word,3,3,0.04260892770253122,0.01420297590084374,0.0030756099655494928
m$,math notation,1,1,0.014185605105012655,0.014185605105012655,0.0
a_1,math notation,9,7,0.12759489609743468,0.014177210677492743,0.0016950802920920128
\[b,math notation,2,2,0.028331471781712025,0.014165735890856013,0.0010205838993192255
harvests,other word,5,3,0.07077225542161614,0.014154451084323227,0.002844924940646266
\sqrt[4]{36a,math notation,2,1,0.028303590646828525,0.014151795323414262,0.0021338512960982726
\(t_8,math notation,1,1,0.014111084630712867,0.014111084630712867,0.0
\(p,math notation,5,1,0.07054575369693339,0.014109150739386678,0.001905821479528801
v^2,math notation,11,10,0.15514055150561035,0.014103686500510032,0.0016281798252585345
\(t_7,math notation,1,1,0.014099207590334117,0.014099207590334117,0.0
years,other word,34,22,0.4784920592792332,0.014073295861153919,0.009916893331726498
purchasing,other word,2,2,0.028140012174844742,0.014070006087422371,0.048097318390679204
-52,number,1,1,0.014068961841985583,0.014068961841985583,0.0
\[x^2,math notation,1,1,0.014053083024919033,0.014053083024919033,0.0
490,number,4,4,0.056156537495553493,0.014039134373888373,0.006135189639436182
18x,number,1,1,0.014028709498234093,0.014028709498234093,0.0
beyond,other word,3,3,0.042044269386678934,0.01401475646222631,0.03101576149486941
green,other word,6,5,0.08400415303185582,0.01400069217197597,0.007934293286970415
b,other word,91,66,1.2732264191145077,0.013991499111148437,0.002313337833169958
rmp,other word,1,1,0.013987030601128936,0.013987030601128936,0.0
\text{distance},math notation,1,1,0.013986934442073107,0.013986934442073107,0.0
salary,other word,4,2,0.055878099985420704,0.013969524996355176,0.009248869820468133
335,number,8,4,0.11168152210302651,0.013960190262878314,0.009862258642358677
terms,other word,62,44,0.8651119553833269,0.013953418635214949,0.004365514405019071
\frac{4}{6},math notation,1,1,0.013940424745669588,0.013940424745669588,0.0
staircase,other word,1,1,0.013931332156062126,0.013931332156062126,0.0
generality,other word,1,1,0.01391515787690878,0.01391515787690878,0.0
|h,math notation,4,3,0.05554175144061446,0.013885437860153615,0.0024715391804900843
current,other word,12,11,0.16659089259337634,0.013882574382781362,0.0067435109521917554
$7,math notation,1,1,0.013849744107574224,0.013849744107574224,0.0
$x,math notation,4,3,0.055317907594144344,0.013829476898536086,0.005104507837218028
fn,other word,1,1,0.013821041211485863,0.013821041211485863,0.0
cdb,other word,3,3,0.04144011833705008,0.013813372779016694,0.0038077118983058334
b\},math notation,1,1,0.01379608316347003,0.01379608316347003,0.0
a_6,math notation,2,2,0.027562206058064476,0.013781103029032238,0.005111521909157546
greedy,other word,1,1,0.01375584490597248,0.01375584490597248,0.0
\(64,math notation,1,1,0.01374593551736325,0.01374593551736325,0.0
3^{2022,math notation,1,1,0.01373054482974112,0.01373054482974112,0.0
values,other word,104,84,1.4269355886790436,0.013720534506529266,0.0032204534440129755
recurrence,other word,5,4,0.06856474839150906,0.013712949678301811,0.00829829954038046
standard,other word,8,7,0.10954921133816242,0.013693651417270303,0.003683312901754801
3600,number,3,2,0.04099107184447348,0.013663690614824494,0.008129600829048645
ah,other word,4,1,0.054531078319996595,0.013632769579999149,0.008768916086076432
cbd,other word,5,4,0.06813859264366329,0.013627718528732657,0.002158288104410313
patrons,other word,1,1,0.013617321848869324,0.013617321848869324,0.0
ax^2,math notation,1,1,0.013616641517728567,0.013616641517728567,0.0
343\),math notation,2,2,0.027205954655073583,0.013602977327536792,0.0016679458482275345
\text{chenny's,math notation,1,1,0.013596128672361374,0.013596128672361374,0.0
\cap,math notation,26,6,0.35339514631778,0.013592121012222309,0.0014118097978455379
\frac{400}{9},math notation,1,1,0.013584877829998732,0.013584877829998732,0.0
altitude,other word,4,3,0.054338204208761454,0.013584551052190363,0.009055117906423339
re-evaluate,hedging / contrast,1,1,0.01356615568511188,0.01356615568511188,0.0
\frac{(10,math notation,1,1,0.013559889746829867,0.013559889746829867,0.0
\frac{7}{2},math notation,3,1,0.040599564905278385,0.013533188301759461,0.0034129251706015414
configuration,other word,5,5,0.06766305956989527,0.013532611913979054,0.005757858525088833
matching,other word,5,2,0.0676364004611969,0.01352728009223938,0.005158916799486463
however,hedging / contrast,32,32,0.43236767780035734,0.013511489931261167,0.003645412756558496
/,math notation,24,17,0.32395836152136326,0.013498265063390136,0.0023470572478393524
asymptote,other word,1,1,0.013495421502739191,0.013495421502739191,0.0
fountains,other word,1,1,0.013495318591594696,0.013495318591594696,0.0
\(bc,math notation,3,3,0.04045842739287764,0.013486142464292547,0.002363870742204026
\(5x,math notation,1,1,0.01348070241510868,0.01348070241510868,0.0
cougars,other word,17,5,0.22898244322277606,0.013469555483692709,0.005030082642097928
340,number,1,1,0.013437258079648018,0.013437258079648018,0.0
$bd$,math notation,9,2,0.12071928795194253,0.013413254216882504,0.004394407338672455
fourth,other word,46,41,0.6166971888160333,0.013406460626435506,0.004848513615610569
\[x,math notation,4,3,0.053603144304361194,0.013400786076090299,0.0062142946037296795
\parallel,math notation,2,2,0.02677018567919731,0.013385092839598656,2.435165881618499e-05
\hline,math notation,1,1,0.013345943298190832,0.013345943298190832,0.0
result,other word,10,9,0.13327524345368147,0.013327524345368148,0.012556792763501098
78}{7,math notation,2,2,0.026605942111928016,0.013302971055964008,0.0005878534799431502
selfies,other word,2,1,0.026575013296678662,0.013287506648339331,0.0019919967909283235
$12,math notation,2,2,0.026560220634564757,0.013280110317282379,0.013752637923612254
140,number,1,1,0.013266129419207573,0.013266129419207573,0.0
middle,other word,1,1,0.013249707408249378,0.013249707408249378,0.0
old,other word,11,10,0.14573229476809502,0.013248390433463183,0.020452377844619524
\(1a,math notation,2,1,0.0264946473762393,0.01324732368811965,0.001145841431381866
pineapples/year,math notation,1,1,0.013241522945463657,0.013241522945463657,0.0
\(4c\),math notation,1,1,0.013237044680863619,0.013237044680863619,0.0
decimal,other word,5,4,0.06617182353511453,0.013234364707022906,0.005262082750089235
volume,other word,11,6,0.14533858746290207,0.013212598860263824,0.003638573602438811
subtraction,other word,6,6,0.07924306369386613,0.013207177282311022,0.010238444570647948
|b,math notation,16,4,0.21100878494326025,0.013188049058953766,0.001738838713197515
identity,other word,3,3,0.03952523833140731,0.013175079443802437,0.0038123060310862674
\[2^4,math notation,1,1,0.013152879662811756,0.013152879662811756,0.0
\[a,math notation,2,2,0.026296255295164883,0.013148127647582442,0.0014434235769913665
2013,number,2,1,0.026235762983560562,0.013117881491780281,0.00356344096752218
ab)(s,math notation,1,1,0.013113340362906456,0.013113340362906456,0.0
hold,other word,1,1,0.01309789065271616,0.01309789065271616,0.0
step,other word,105,66,1.3751212226925418,0.013096392597071826,0.0045360977006901225
18^2,math notation,2,2,0.026172170415520668,0.013086085207760334,0.001368327071409034
\log_2,math notation,14,6,0.18296667252434418,0.013069048037453155,0.0021291261107714583
r_1,math notation,3,2,0.039187814691103995,0.013062604897034666,0.005991529287866928
matchings,other word,4,1,0.05223274417221546,0.013058186043053865,0.0030296269252188877
party,other word,2,1,0.026101958705112338,0.013050979352556169,0.015846276202581965
books,other word,9,2,0.1171740447753109,0.013019338308367878,0.004888178034037318
\frac{360}{3},math notation,1,1,0.013018355937674642,0.013018355937674642,0.0
\(7^4,math notation,2,2,0.02600161381997168,0.01300080690998584,0.005198833108563701
\sqrt{1,math notation,4,3,0.05192021437687799,0.012980053594219498,0.0007823418236369596
\[(y,math notation,1,1,0.012974995537661016,0.012974995537661016,0.0
orthocenter,other word,1,1,0.012964408844709396,0.012964408844709396,0.0
\frac{900}{9},math notation,1,1,0.012962455162778497,0.012962455162778497,0.0
ninth,other word,5,4,0.06473944056779146,0.012947888113558292,0.011047832681389182
marbles,other word,55,19,0.712038325262256,0.012946151368404653,0.0034501918783657044
\(3x,math notation,1,1,0.012938875588588417,0.012938875588588417,0.0
tasting,other word,1,1,0.01290476880967617,0.01290476880967617,0.0
\sqrt{36,math notation,1,1,0.01286975375842303,0.01286975375842303,0.0
\tan,math notation,2,1,0.025729725137352943,0.012864862568676472,0.001122029779062227
a_8,math notation,3,2,0.03859443968394771,0.012864813227982571,0.0015274564449576607
progression,other word,3,3,0.03858192905317992,0.01286064301772664,0.011133565617996612
exclusion,other word,2,2,0.025719400378875434,0.012859700189437717,0.011191342205991746
ca,other word,1,1,0.01284061768092215,0.01284061768092215,0.0
start,other word,30,30,0.3851632853038609,0.012838776176795363,0.0019448552680423046
algorithm,other word,2,2,0.025656024692580104,0.012828012346290052,0.001880073859074117
width,other word,3,2,0.03847628692165017,0.01282542897388339,0.003579912884677582
\frac{13,math notation,6,2,0.07694643648574129,0.012824406080956882,0.0014078393999548092
\(u,math notation,4,4,0.05124721419997513,0.012811803549993783,0.0005914300816362354
b_3,math notation,1,1,0.012803343881387264,0.012803343881387264,0.0
\frac{84}{7},math notation,2,2,0.025563583010807633,0.012781791505403817,0.00021771736619903984
3r,number,3,3,0.038315155426971614,0.012771718475657204,0.0018049443537155082
100(x^2,math notation,1,1,0.012767563806846738,0.012767563806846738,0.0
fraction,other word,32,23,0.40845538314897567,0.01276423072340549,0.006486759763035681
-10,number,2,2,0.025509714731015265,0.012754857365507632,0.0030072383508241186
ax,other word,8,5,0.10193539783358574,0.012741924729198217,0.002244352952928099
potatoes,other word,6,3,0.07612186251208186,0.012686977085346976,0.012546316399798835
center,other word,14,8,0.1774024642072618,0.012671604586232985,0.0016670882925227096
domain,other word,3,2,0.03792506689205766,0.012641688964019219,0.003807859401679919
b_1,math notation,1,1,0.012630901648662984,0.012630901648662984,0.0
\alpha\beta,math notation,1,1,0.012625164818018675,0.012625164818018675,0.0
g_t,math notation,3,3,0.03784440679010004,0.012614802263366679,0.0007359746424655725
blue,other word,24,13,0.30250827386043966,0.012604511410851652,0.010633649893803786
1)(c,math notation,1,1,0.012583371484652162,0.012583371484652162,0.0
factors,other word,7,6,0.08772271068301052,0.012531815811858646,0.013164346572671933
radius,other word,21,13,0.2628519364516251,0.012516758878648813,0.004046256933240946
3)(c,math notation,1,1,0.012514062225818634,0.012514062225818634,0.0
\log_{10},math notation,2,2,0.025022219633683562,0.012511109816841781,0.00021006293874662913
vertical,other word,3,2,0.0375217548571527,0.0125072516190509,0.005540927118264321
e,other word,22,14,0.27447359962388873,0.01247607271017676,0.002469693888527307
candidates,other word,4,2,0.049820262007415295,0.012455065501853824,0.013467898438105702
diameter,other word,3,3,0.0373432922642678,0.012447764088089267,0.01296458887019001
\to,math notation,1,1,0.012431265437044203,0.012431265437044203,0.0
ten,other word,2,1,0.0248419139534235,0.01242095697671175,0.0006940446667745437
bd,other word,13,7,0.16106594714801759,0.012389688242155198,0.0009442451674397248
stick,other word,6,2,0.07426492683589458,0.012377487805982431,0.018355524828126985
1|,math notation,2,1,0.024736760184168816,0.012368380092084408,0.0009813258180311473
criteria,other word,1,1,0.012328427284955978,0.012328427284955978,0.0
student,other word,3,2,0.03693396062590182,0.012311320208633939,0.01060735354514846
pass,other word,1,1,0.012307403609156609,0.012307403609156609,0.0
roots,other word,17,12,0.20903154916595668,0.012295973480350393,0.006790331927693803
\dfrac{b,math notation,1,1,0.012258503120392561,0.012258503120392561,0.0
2^{\log_2,math notation,4,1,0.04898347507696599,0.012245868769241497,0.0034155999567320318
\[1,math notation,1,1,0.012211622204631567,0.012211622204631567,0.0
4(a_1,math notation,1,1,0.012182238511741161,0.012182238511741161,0.0
aiming,other word,1,1,0.012180943042039871,0.012180943042039871,0.0
\[a^4,math notation,1,1,0.012175588170066476,0.012175588170066476,0.0
fixing,other word,1,1,0.012173650786280632,0.012173650786280632,0.0
$$,math notation,10,4,0.12162067205645144,0.012162067205645144,0.004752141933752899
issues,other word,4,2,0.04857107810676098,0.012142769526690245,0.00325243587775126
kangaroo,other word,3,1,0.03640666976571083,0.012135556588570276,0.025597358537972036
cubic,other word,1,1,0.012135238386690617,0.012135238386690617,0.0
cans,other word,3,2,0.036392354872077703,0.012130784957359234,0.008469673121345007
a_n,math notation,5,3,0.06038843095302582,0.012077686190605164,0.001982688152497323
87^\circ,math notation,1,1,0.012069834920112044,0.012069834920112044,0.0
160^\circ$,math notation,1,1,0.01202687423210591,0.01202687423210591,0.0
incrementally,other word,1,1,0.012023917399346828,0.012023917399346828,0.0
\(7^3,math notation,2,2,0.024025567225180566,0.012012783612590283,0.0017188655797195837
state,other word,1,1,0.011997689493000507,0.011997689493000507,0.0
removed,other word,8,4,0.09585917415097356,0.011982396768871695,0.011938811813157063
ticket,other word,6,3,0.07183937216177583,0.011973228693629304,0.0050015761448334506
|s,math notation,6,3,0.07179370080120862,0.011965616800201436,0.0011541593989070204
scalar,other word,1,1,0.01195019343867898,0.01195019343867898,0.0
g_w,math notation,5,5,0.059742488781921566,0.011948497756384313,0.0012906471203832145
\frac{3}{25},math notation,1,1,0.01190719660371542,0.01190719660371542,0.0
>,math notation,41,28,0.4874965576454997,0.011890159942573163,0.002000718030161416
$8,math notation,2,2,0.023758266121149063,0.011879133060574532,0.013244870391136655
$n,math notation,2,2,0.02372661279514432,0.01186330639757216,0.0020239148791870378
\[r,math notation,4,2,0.04734557628398761,0.011836394070996903,0.004385114889030183
bac}$,math notation,1,1,0.01182886806782335,0.01182886806782335,0.0
ar,other word,1,1,0.011819129809737206,0.011819129809737206,0.0
needed,other word,21,17,0.24810803215950727,0.011814668198071775,0.010308062269492312
3(67,math notation,1,1,0.011796415725257248,0.011796415725257248,0.0
$$3x,math notation,1,1,0.011782825575210154,0.011782825575210154,0.0
apply,other word,9,9,0.10586880019400269,0.011763200021555854,0.0031450977903516395
32}{6,math notation,2,1,0.023496629670262337,0.011748314835131168,0.0007344244757343931
\sin^6,math notation,6,1,0.07040362461702898,0.011733937436171496,0.0018482148426200264
jamal,other word,6,4,0.07020617043599486,0.011701028405999144,0.009960289320923304
3-student,number,1,1,0.011700177972670645,0.011700177972670645,0.0
tangent,other word,8,6,0.09352634195238352,0.01169079274404794,0.0038804707521368563
cdb$,math notation,2,2,0.023349461262114346,0.011674730631057173,0.0024349430054615784
fix,other word,1,1,0.011667035520076752,0.011667035520076752,0.0
game,other word,7,5,0.08156408462673426,0.011652012089533465,0.021079931718539658
pounds/book,math notation,2,1,0.02327546093147248,0.01163773046573624,0.0007364995083200137
happens,other word,3,3,0.03491177409887314,0.011637258032957712,0.017287043948038865
r^2,math notation,12,8,0.13940626406110823,0.011617188671759019,0.0023903386116439582
$ab$,math notation,7,4,0.08124648693774361,0.01160664099110623,0.005497811899977249
ac^2,math notation,3,3,0.03479095100192353,0.011596983667307844,0.0018523742973940544
bcd,other word,2,2,0.023179941810667515,0.011589970905333757,0.00321845106712267
satisfies,other word,19,18,0.21964568714611232,0.011560299323479595,0.002401217637549931
102,number,10,6,0.11548427061643451,0.01154842706164345,0.005026314286993219
semi-automatic,other word,9,4,0.10378249594941735,0.01153138843882415,0.009826351071635233
output,other word,2,2,0.023055873811244965,0.011527936905622482,0.0019127978411744785
h,other word,13,8,0.14963299297960475,0.011510230229200365,0.003507401345385558
oranges,other word,6,3,0.06905760522931814,0.011509600871553024,0.009510195379298245
d,other word,17,13,0.1951484172604978,0.011479318662382224,0.0029045485420807495
\[d,math notation,2,1,0.02295444905757904,0.01147722452878952,0.00462028899900104
2^3,math notation,13,11,0.14918449078686535,0.011475730060528103,0.002522904901820974
rotation,other word,1,1,0.01144383754581213,0.01144383754581213,0.0
define,other word,6,6,0.06861475622281432,0.011435792703802386,0.007343359748132893
2}{4,math notation,1,1,0.011425086879171431,0.011425086879171431,0.0
\[n,math notation,5,2,0.057095890399068594,0.011419178079813718,0.0011266274296174053
c^2,math notation,15,13,0.1712282970547676,0.011415219803651174,0.0015931881561320803
abc,other word,13,9,0.1481435257010162,0.011395655823155092,0.003790626539351937
twelfth,other word,1,1,0.01137072965502739,0.01137072965502739,0.0
oliver,other word,8,2,0.0909417625516653,0.011367720318958163,0.005099955740955316
centroid,other word,2,1,0.022695991210639477,0.011347995605319738,0.002030196899884812
\(2a,math notation,1,1,0.01134655624628067,0.01134655624628067,0.0
a_1x,math notation,1,1,0.011304357671178877,0.011304357671178877,0.0
am-gm,other word,3,3,0.03388160211034119,0.01129386737011373,0.0033849110971131734
\triangle,math notation,16,9,0.1806633613887243,0.011291460086795269,0.000780059490419165
e$,math notation,2,2,0.022525124019011855,0.011262562009505928,0.0007967780216101611
3g_l,math notation,1,1,0.011254768585786223,0.011254768585786223,0.0
\(t_6,math notation,1,1,0.011225656664464623,0.011225656664464623,0.0
multiply,other word,28,27,0.31408026174176484,0.01121715220506303,0.0022970555105017517
:,other word,5,3,0.05599495815113187,0.011198991630226373,0.001667392492448929
t_{6,math notation,1,1,0.011178109503816813,0.011178109503816813,0.0
204,number,2,1,0.02234821068122983,0.011174105340614915,0.005418920247174732
\[s_n,math notation,1,1,0.011173866572789848,0.011173866572789848,0.0
4)^2,math notation,4,2,0.04468395235016942,0.011170988087542355,0.0006381196325771
set,other word,60,51,0.6696528765314724,0.01116088127552454,0.002737329455049243
hours,other word,23,11,0.2566392016597092,0.011158226159117792,0.009776392219116272
factor,other word,14,14,0.15600151801481843,0.011142965572487031,0.008957563568472599
negative,other word,16,8,0.17758152913302183,0.011098845570813864,0.0032962956234210213
adb,other word,1,1,0.011089003644883633,0.011089003644883633,0.0
light,other word,1,1,0.011084571480751038,0.011084571480751038,0.0
degree,other word,4,3,0.044079615850932896,0.011019903962733224,0.005307532941928462
+,math notation,1227,451,13.499039827089291,0.01100166245076552,0.000286388285366768
88^\circ,math notation,1,1,0.011000581900589168,0.011000581900589168,0.0
characteristic,other word,4,3,0.04399463115260005,0.010998657788150012,0.0027050345101976197
\text{cost,math notation,1,1,0.010951734497211874,0.010951734497211874,0.0
determined,other word,1,1,0.010947910137474537,0.010947910137474537,0.0
257,number,3,3,0.032840795582160354,0.010946931860720118,0.01111507286824831
boxed,other word,1,1,0.010935844853520393,0.010935844853520393,0.0
divisible,other word,43,20,0.4697159714414738,0.010923627242824972,0.0017480018353004429
inspection,other word,1,1,0.010907689109444618,0.010907689109444618,0.0
bc,other word,13,10,0.1415935391560197,0.010891810704309206,0.0059527191640431605
4f,number,3,1,0.03266559820622206,0.010888532735407352,0.001752573581742935
cosine,other word,4,3,0.04354802565649152,0.01088700641412288,0.003984119611058863
row,other word,12,8,0.13041703426279128,0.01086808618856594,0.006536128578154097
\[7^1,math notation,1,1,0.010856706416234374,0.010856706416234374,0.0
m_1,math notation,1,1,0.010830271290615201,0.010830271290615201,0.0
calculate,other word,181,174,1.9565709471935406,0.010809784238638346,0.001462388912057607
262,number,1,1,0.010797761380672455,0.010797761380672455,0.0
\},math notation,2,2,0.021579841151833534,0.010789920575916767,0.0008703666660643769
interior,other word,1,1,0.010786117985844612,0.010786117985844612,0.0
formulas,other word,6,5,0.06464990274980664,0.01077498379163444,0.011200608920435982
\[7,math notation,1,1,0.010764423524960876,0.010764423524960876,0.0
1,number,311,192,3.345831736223772,0.010758301402648785,0.0012803872626856057
feet,other word,72,31,0.7735011327313259,0.010743071287935082,0.008266421194533947
10x,number,4,2,0.042956652119755745,0.010739163029938936,0.001507519707215512
7r,number,2,2,0.021452180575579405,0.010726090287789702,0.004908501826100311
2017,number,5,4,0.053629346657544374,0.010725869331508875,0.0010599979300473035
foci,other word,2,2,0.021447968669235706,0.010723984334617853,0.0037416421235655422
escaping,other word,1,1,0.01072319969534874,0.01072319969534874,0.0
cyclic,other word,4,3,0.04284243960864842,0.010710609902162105,0.004390907364276151
park,other word,1,1,0.01070345938205719,0.01070345938205719,0.0
s_2,math notation,6,2,0.0640613854629919,0.010676897577165315,0.001271925249493946
64}}{2,math notation,1,1,0.010672370670363307,0.010672370670363307,0.0
p_1^2,math notation,1,1,0.010668711736798286,0.010668711736798286,0.0
xy,other word,1,1,0.010663159191608429,0.010663159191608429,0.0
\pi,math notation,7,5,0.07462174806278199,0.01066024972325457,0.0013892659170389292
evaluate,other word,7,7,0.07426943257451057,0.010609918939215797,0.00168465139319811
26,number,9,5,0.09531037707347423,0.010590041897052692,0.00819077756557402
baking,other word,1,1,0.010583089664578438,0.010583089664578438,0.0
$p,math notation,1,1,0.010564032243564725,0.010564032243564725,0.0
oat,other word,3,3,0.03168938867747784,0.010563129559159279,0.008405824802051242
12)}{10,math notation,1,1,0.010556739522144198,0.010556739522144198,0.0
\(t_5,math notation,1,1,0.010550563456490636,0.010550563456490636,0.0
allocated,other word,1,1,0.01055040955543518,0.01055040955543518,0.0
\sqrt{169,math notation,1,1,0.010514756722841412,0.010514756722841412,0.0
10-12,number,1,1,0.010496256756596267,0.010496256756596267,0.0
300,number,7,6,0.07266595587134361,0.010380850838763373,0.016060211423517257
construction,other word,2,2,0.0207451730966568,0.0103725865483284,0.0006310515918634567
tables,other word,1,1,0.010339541360735893,0.010339541360735893,0.0
3}{1875,math notation,1,1,0.01032230630517006,0.01032230630517006,0.0
p(5,math notation,6,1,0.06192089067189954,0.01032014844531659,0.002335349770660065
yields,other word,2,2,0.020630531013011932,0.010315265506505966,0.00115255693900202
\log_{2,math notation,1,1,0.010292620630934834,0.010292620630934834,0.0
x_{99,math notation,3,3,0.03085177723551169,0.010283925745170563,0.001849177216012064
computing,other word,1,1,0.010267923586070538,0.010267923586070538,0.0
150,number,10,6,0.10263908538036048,0.010263908538036048,0.01451142680520021
3x,number,9,8,0.09234324016142637,0.010260360017936263,0.0017479763407596304
$\frac{1}{2,math notation,1,1,0.010240439441986382,0.010240439441986382,0.0
$100,math notation,1,1,0.01023753359913826,0.01023753359913826,0.0
immediate,other word,1,1,0.010237380862236023,0.010237380862236023,0.0
midpoint,other word,14,12,0.14316937630064785,0.010226384021474846,0.0013026522987760144
3/8ths,math notation,1,1,0.010224620578810573,0.010224620578810573,0.0
possible,other word,88,71,0.8992569533293135,0.010218829015105835,0.00320385300369419
ac)(s,math notation,1,1,0.010195172624662519,0.010195172624662519,0.0
\frac{4,math notation,1,1,0.010158153832890093,0.010158153832890093,0.0
induction,other word,1,1,0.010146924294531345,0.010146924294531345,0.0
s,other word,56,26,0.5673026565928012,0.010130404582014307,0.0014493831673938527
\frac{15,math notation,1,1,0.01011741440743208,0.01011741440743208,0.0
place,other word,18,11,0.1820479459129274,0.01011377477294041,0.006648584101679873
5}$,math notation,2,2,0.020222384482622147,0.010111192241311073,0.006171498983996812
2023,number,12,9,0.12111271172761917,0.010092725977301598,0.005528881766078737
3^4,math notation,2,2,0.0201170954387635,0.01005854771938175,0.0006096122638157618
one-fourth,other word,1,1,0.010045224102213979,0.010045224102213979,0.0
taken,other word,6,6,0.060237782541662455,0.01003963042361041,0.006580649142858724
y,other word,67,36,0.6724253827705979,0.010036199742844745,0.0010977469397219232
3,number,276,186,2.7581949104205705,0.009993459820364385,0.0020961810385367414
rent,other word,4,2,0.03985653631389141,0.009964134078472853,0.008600838059224788
same,other word,25,21,0.24880343105178326,0.00995213724207133,0.008061091588453367
minimized,other word,1,1,0.009933446301147342,0.009933446301147342,0.0
horse,other word,3,1,0.029779209289699793,0.009926403096566597,0.02021873407444091
f,other word,8,7,0.0793738104403019,0.009921726305037737,0.0057419162825939896
difference,other word,28,17,0.2777477502822876,0.0099195625100817,0.006111638119989455
3p_3,math notation,3,3,0.02973547938745469,0.009911826462484896,0.006002781168273647
cz,other word,1,1,0.00991145335137844,0.00991145335137844,0.0
8m,number,6,2,0.059409513836726546,0.009901585639454424,0.003677609285072663
information,other word,18,18,0.17818778264336288,0.009899321257964604,0.00531923309489297
100,number,54,29,0.5341551142046228,0.009891761374159681,0.004824559687002226
x_2,math notation,4,4,0.03953586611896753,0.009883966529741883,0.00230146634269604
x_1,math notation,4,4,0.03949334961362183,0.009873337403405458,0.0024376698580698746
$b$,math notation,4,4,0.03938405227381736,0.00984601306845434,0.0017596155214385572
3ab,number,2,2,0.01967918872833252,0.00983959436416626,0.0182680220172626
180,number,23,14,0.22616848559118807,0.009833412417008178,0.0062280012640891684
2s,number,1,1,0.00981007725931704,0.00981007725931704,0.0
term,other word,61,33,0.597974205884384,0.009802855834170229,0.0027016003418034915
digits,other word,24,17,0.2342931260354817,0.009762213584811738,0.0063157326926066674
days,other word,37,16,0.3610610910691321,0.0097584078667333,0.008490610130936398
become,other word,1,1,0.00975804403424263,0.00975804403424263,0.0
paths,other word,2,1,0.019474642351269722,0.009737321175634861,0.01878945426596078
deposit,other word,3,2,0.029145704582333565,0.009715234860777855,0.00997448580353346
described,other word,2,2,0.01941854227334261,0.009709271136671305,0.002843383463410065
snack,other word,5,3,0.04848267766647041,0.009696535533294082,0.0061344783043880855
\[(9,math notation,1,1,0.00967994233360514,0.00967994233360514,0.0
ad^2,math notation,5,3,0.04835962469223887,0.009671924938447773,0.0025306429299403093
computers,other word,9,3,0.0870360778644681,0.009670675318274233,0.00938372180715744
32}{2,math notation,1,1,0.009668237878941,0.009668237878941,0.0
9y,number,1,1,0.009662291035056114,0.009662291035056114,0.0
b_2,math notation,1,1,0.009659146890044212,0.009659146890044212,0.0
element,other word,9,4,0.08691365760751069,0.009657073067501187,0.003934171390675711
pencils,other word,28,4,0.27026387373916805,0.009652281204970288,0.004309941499351818
real,other word,3,3,0.028887786902487278,0.009629262300829092,0.000556443889469884
odd,other word,25,18,0.23996204230934381,0.009598481692373753,0.004518363548524454
5d,number,1,1,0.00959821604192257,0.00959821604192257,0.0
8092}}{2,math notation,1,1,0.009594163740985096,0.009594163740985096,0.0
rightmost,other word,5,4,0.04796792520210147,0.009593585040420294,0.001704313713819596
p_4,math notation,2,2,0.01918039855081588,0.00959019927540794,0.0015515478594874004
\text{dollars,math notation,1,1,0.00958384433761239,0.00958384433761239,0.0
3}{5625,math notation,1,1,0.00955240719486028,0.00955240719486028,0.0
month,other word,9,5,0.08595641097053885,0.009550712330059873,0.01517688904873288
255$,math notation,1,1,0.00954465288668871,0.00954465288668871,0.0
m^2,math notation,4,2,0.038103464525192976,0.009525866131298244,0.0024071473185247787
12)(10,math notation,1,1,0.00951900368090719,0.00951900368090719,0.0
2(10,math notation,1,1,0.009516024263575673,0.009516024263575673,0.0
window,other word,1,1,0.009496038779616356,0.009496038779616356,0.0
3g_{al,math notation,1,1,0.009465065086260438,0.009465065086260438,0.0
four-digit,other word,1,1,0.009462874848395586,0.009462874848395586,0.0
bc^2,math notation,3,3,0.02835332287941128,0.009451107626470426,0.0008507220938126874
17^2,math notation,1,1,0.009431140555534512,0.009431140555534512,0.0
eric,other word,4,4,0.037710133008658886,0.009427533252164721,0.009275182602348945
\text{money,math notation,3,1,0.02826732024550438,0.009422440081834793,0.0006387744198705021
let,other word,15,13,0.1411645479965955,0.0094109698664397,0.0017999986901665163
chip,other word,8,7,0.07519195321947336,0.00939899415243417,0.0025018884547366926
2m,number,6,4,0.056367314769886434,0.00939455246164774,0.007606059111211575
x_{102,math notation,2,2,0.018753080570604652,0.009376540285302326,0.0014525108120775046
dce,other word,1,1,0.009337200317531824,0.009337200317531824,0.0
2^c,math notation,1,1,0.009329944266937673,0.009329944266937673,0.0
wins,other word,3,2,0.027987152920104563,0.009329050973368188,0.011059985193585356
\[196,math notation,1,1,0.009309920656960458,0.009309920656960458,0.0
2,number,377,232,3.50693088103435,0.009302203928473076,0.001318454860388805
$24,math notation,10,6,0.09255501558072865,0.009255501558072865,0.019541389672107005
4500,number,5,4,0.04623025842010975,0.00924605168402195,0.03529778006359949
original,other word,31,26,0.28631411906098947,0.009235939324548047,0.001962492061338413
gerbils,other word,3,2,0.027680337196215987,0.00922677906540533,0.004270737066055202
research,other word,3,2,0.027660995721817017,0.009220331907272339,0.004198303628447455
preceding,other word,1,1,0.009185587987303734,0.009185587987303734,0.0
36,number,37,27,0.3397214679280296,0.009181661295352151,0.006620555553768577
t_{1,math notation,1,1,0.009154553525149822,0.009154553525149822,0.0
0^3,math notation,1,1,0.00915445841383189,0.00915445841383189,0.0
\(36a,math notation,4,2,0.03650629456387833,0.009126573640969582,0.0008575224068930258
corner,other word,6,3,0.05469959415495396,0.009116599025825659,0.0023366386439561578
2p_2,math notation,5,4,0.04547670588362962,0.009095341176725924,0.0042539233442579075
\sqrt{4^2,math notation,2,2,0.018160137813538313,0.009080068906769156,0.00588295457973777
pythagoras,other word,1,1,0.009041691897436976,0.009041691897436976,0.0
\alpha},math notation,1,1,0.009041173849254847,0.009041173849254847,0.0
equal,other word,54,45,0.48662126815179363,0.009011504965773956,0.00534851440978956
$be$,math notation,6,1,0.0540378907462582,0.009006315124376366,0.0006843400017829664
\[de,math notation,1,1,0.009006053674966097,0.009006053674966097,0.0
60,number,32,20,0.28807509189937264,0.009002346621855395,0.008625150291319625
6$,math notation,2,2,0.018002362921833992,0.009001181460916996,0.008654716388820906
2\theta},math notation,1,1,0.008970585884526372,0.008970585884526372,0.0
306n,number,3,1,0.02681522723287344,0.00893840907762448,0.0005634476001922352
k^2,math notation,2,2,0.017802645568735898,0.008901322784367949,0.003560673393068351
32^2,math notation,1,1,0.008894125930964947,0.008894125930964947,0.0
discount,other word,8,3,0.07111657719360664,0.00888957214920083,0.0033060182713149176
114,number,1,1,0.008886868134140968,0.008886868134140968,0.0
tens,other word,9,6,0.07981064775958657,0.008867849751065174,0.003467701231476966
substitution,other word,2,2,0.01765483955387026,0.00882741977693513,0.0039021039427202782
\[49,math notation,5,5,0.0440925492439419,0.00881850984878838,0.0007730484985232216
early,other word,4,4,0.03514261171221733,0.008785652928054333,0.02209269185820622
2)(b,math notation,1,1,0.008777715149335563,0.008777715149335563,0.0
area,other word,74,36,0.6488275455776602,0.008767939805103516,0.001241332474143939
10)(24,math notation,1,1,0.00875826133415103,0.00875826133415103,0.0
18n,number,3,1,0.026256858953274786,0.008752286317758262,0.001149089910221327
$ad$,math notation,11,2,0.0962598841288127,0.008750898557164792,0.003740277212451696
selecting,other word,1,1,0.008717014454305172,0.008717014454305172,0.0
2(336,math notation,2,2,0.017423153622075915,0.008711576811037958,0.007442806561993736
b_1x,math notation,1,1,0.008707356930244714,0.008707356930244714,0.0
16x,number,2,2,0.017383424565196037,0.008691712282598019,0.003333470639889535
maximize,other word,7,6,0.06083090719766915,0.00869012959966702,0.005002814134707258
38,number,10,6,0.08678489876911044,0.008678489876911045,0.004699473408277765
33,number,7,4,0.06023116607684642,0.008604452296692346,0.011377145585914527
q,other word,17,10,0.14613933127839118,0.00859643125167007,0.0019985376505810364
scenarios,other word,2,2,0.017172216903418303,0.008586108451709151,0.013333317363734163
given,other word,165,153,1.4107362426584587,0.008549916622172476,0.0017698799162658599
t_{3,math notation,2,1,0.017061902064597234,0.008530951032298617,0.002778125170317403
\\,math notation,1,1,0.008503606542944908,0.008503606542944908,0.0
\[91,math notation,1,1,0.008479114709189162,0.008479114709189162,0.0
\alpha,math notation,4,2,0.033826207742094994,0.008456551935523748,0.000330134455582456
ac,other word,9,7,0.07568516558967531,0.008409462843297256,0.0015594900318019764
1^2,math notation,5,5,0.04201361848390661,0.008402723696781323,0.0020141052391796825
three-quarters,other word,1,1,0.008394790813326836,0.008394790813326836,0.0
perform,other word,7,7,0.05873722955584526,0.00839103279369218,0.0032694870751309975
sits,other word,2,2,0.01676676468923688,0.00838338234461844,0.003308516906756927
\pm,math notation,33,11,0.2763597529847175,0.008374537969233863,0.0008062704398594416
magnitude,other word,2,2,0.016706771682947874,0.008353385841473937,0.004806057325349504
6x^5,math notation,1,1,0.008306187926791608,0.008306187926791608,0.0
225n,number,2,1,0.016597536858171225,0.008298768429085612,0.002165672182158636
9p_3,math notation,4,4,0.03314263338688761,0.008285658346721902,0.006749896357803261
consumes,other word,2,1,0.01654998934827745,0.008274994674138725,0.0008200124596685577
way,other word,6,6,0.0496151689440012,0.0082691948240002,0.01562533039055972
base,other word,15,11,0.1238653565524146,0.00825769043682764,0.0022701168733386683
am,other word,1,1,0.008243845775723457,0.008243845775723457,0.0
23y,number,1,1,0.008236939320340753,0.008236939320340753,0.0
2g_w,math notation,2,2,0.016459511942230165,0.008229755971115083,0.00024063607332489823
switches,other word,24,6,0.19655862636864185,0.008189942765360078,0.004505207738762311
\[m,math notation,2,2,0.016353465034626424,0.008176732517313212,0.0007462515646664759
side,other word,45,35,0.3678493525949307,0.008174430057665126,0.00321051987175557
l,other word,13,12,0.10578537179389969,0.008137336291838437,0.0038913538228946094
squares,other word,17,15,0.13807440921664238,0.008122024071567199,0.008480708783319905
460,number,1,1,0.00810454972088337,0.00810454972088337,0.0
\[m_1,math notation,1,1,0.008096899837255478,0.008096899837255478,0.0
polynomial,other word,4,4,0.03220275230705738,0.008050688076764345,0.00741429911690175
bottles,other word,3,1,0.024133644998073578,0.008044548332691193,0.012396011175250644
harvest,other word,8,5,0.06435495242476463,0.00804436905309558,0.015487990770424604
),math notation,6,6,0.04824025882408023,0.008040043137346705,0.00036979542527111327
conjugate,other word,3,2,0.02411817281972617,0.008039390939908722,0.018085006548529126
cde,other word,2,1,0.016050567151978612,0.008025283575989306,0.0019229903814787176
12+10,math notation,1,1,0.008025087881833315,0.008025087881833315,0.0
p^2,math notation,4,3,0.03198470233473927,0.007996175583684817,0.0030734716259655506
3g_w,math notation,1,1,0.007982640992850065,0.007982640992850065,0.0
2019,number,3,2,0.02392310369759798,0.007974367899199327,0.008975551326669823
lemons,other word,8,4,0.06344825681298971,0.007931032101623714,0.0036600649085252136
factorizations,other word,1,1,0.007921840064227581,0.007921840064227581,0.0
pieces,other word,7,4,0.05540244351141155,0.007914634787344508,0.0011654784038817641
candles,other word,21,3,0.16595387004781514,0.00790256524037215,0.001999522860556974
68,number,2,2,0.01578391925431788,0.00789195962715894,0.0029676800349789463
s_8,math notation,1,1,0.007886194391176105,0.007886194391176105,0.0
total,other word,291,214,2.293996052991133,0.007883147948423139,0.0011267482060349754
370,number,3,3,0.023548907600343227,0.007849635866781076,0.0015190523513719679
\(abc,math notation,1,1,0.007836023985873908,0.007836023985873908,0.0
combinations,other word,7,6,0.05477725435048342,0.00782532205006906,0.010205870928052094
256,number,2,2,0.015639823046512902,0.007819911523256451,0.006009601867086927
comb,other word,2,1,0.01562836905941367,0.007814184529706836,0.00407871137989529
combine,other word,9,7,0.07028548698872328,0.007809498554302586,0.005154195414832577
$150,math notation,1,1,0.007805185858160257,0.007805185858160257,0.0
2g_t,math notation,1,1,0.00778585160151124,0.00778585160151124,0.0
number,other word,457,261,3.5545741253590677,0.0077780615434552905,0.0010992919626457362
4/5,math notation,1,1,0.0077558247139677405,0.0077558247139677405,0.0
62%,number,1,1,0.007740291766822338,0.007740291766822338,0.0
168,number,2,2,0.015468501020222902,0.007734250510111451,0.005658339371407913
10,number,123,80,0.9501577683840878,0.00772485990556169,0.0035983932611594605
value,other word,125,104,0.9652715763659216,0.007722172610927373,0.0031064568561854447
310,number,3,3,0.023133815731853247,0.007711271910617749,0.0019017573924532338
flipped,other word,2,2,0.015390416607260704,0.007695208303630352,0.0011279859848646768
\(4-5,math notation,1,1,0.007689762569498271,0.007689762569498271,0.0
proceed,other word,1,1,0.007683407515287399,0.007683407515287399,0.0
$bc,math notation,4,3,0.030675056332256645,0.007668764083064161,0.00265492890624095
phases,other word,1,1,0.00766861904412508,0.00766861904412508,0.0
178,number,1,1,0.007668478414416313,0.007668478414416313,0.0
≤,math notation,4,1,0.030622197780758142,0.007655549445189536,0.001406656447191588
3}{43,math notation,1,1,0.0076519695576280355,0.0076519695576280355,0.0
born,other word,8,5,0.061207789927721024,0.007650973740965128,0.016147738136336777
pq,other word,7,5,0.053547435672953725,0.007649633667564818,0.0018211568953891784
r_2,math notation,5,3,0.03809444699436426,0.0076188893988728525,0.0025175412385320577
piece,other word,7,3,0.05330901825800538,0.007615574036857912,0.0014376933223623812
10z,number,1,1,0.007588739390484989,0.007588739390484989,0.0
$120,math notation,2,1,0.015177221968770027,0.007588610984385014,0.01207181427869015
2^8,math notation,4,3,0.030310167698189616,0.007577541924547404,0.0011265010654401696
\(7x,math notation,1,1,0.007572629954665899,0.007572629954665899,0.0
cost,other word,94,42,0.7092413564678282,0.007545120813487533,0.0025631902913664266
s_1,math notation,1,1,0.007544668682385236,0.007544668682385236,0.0
p(13,math notation,1,1,0.007515384582802653,0.007515384582802653,0.0
$dc$,math notation,2,2,0.015000780011177994,0.007500390005588997,0.002979688794732291
extended,other word,1,1,0.00749859306961298,0.00749859306961298,0.0
create,other word,2,2,0.014971370692364872,0.007485685346182436,0.004834741095734358
mean,other word,15,8,0.1116029650438577,0.007440197669590513,0.0022436025477672716
110,number,3,2,0.022272282745689154,0.007424094248563051,0.004889322094014271
$k$,math notation,2,2,0.014813552115811035,0.0074067760579055175,0.001227930496316813
8}}{2,math notation,1,1,0.007402196817565709,0.007402196817565709,0.0
minimum,other word,24,16,0.17764535552123562,0.007401889813384817,0.00146466809980885
25$,math notation,2,1,0.014798374613747,0.0073991873068735,0.00471459973421569
circular,other word,2,2,0.014783912105485797,0.0073919560527428985,0.0026986176821718116
hotdogs,other word,4,1,0.029541089665144682,0.0073852724162861705,0.012213406060668215
x_i,math notation,13,4,0.09599346584582236,0.007384112757370951,0.0007718944927722734
\theta,math notation,5,4,0.036841428256593645,0.007368285651318729,0.001673432634047337
2^2,math notation,15,13,0.11043232755037025,0.007362155170024683,0.0016817162017301562
3q,number,1,1,0.007341137155890465,0.007341137155890465,0.0
t_n,math notation,3,1,0.022010426153428853,0.0073368087178096175,0.00194417337400884
7a,number,6,3,0.0439891517162323,0.007331525286038716,0.0009727095082970044
p_1,math notation,22,9,0.16084940524888225,0.007311336602221921,0.0009930397054490525
bx,other word,2,2,0.014610172947868705,0.007305086473934352,0.00043306026785651564
random,other word,1,1,0.007303554564714432,0.007303554564714432,0.0
7^2,math notation,2,2,0.014558002760168165,0.0072790013800840825,0.002279192722409689
else,other word,1,1,0.007270018104463816,0.007270018104463816,0.0
subsets,other word,1,1,0.007252402137964964,0.007252402137964964,0.0
factorization,other word,5,4,0.03616265277378261,0.007232530554756522,0.0026528984197200507
\frac{390625}{256,math notation,1,1,0.007229583541629836,0.007229583541629836,0.0
3^2,math notation,18,17,0.12986529379850253,0.007214738544361252,0.0011754534729769752
\frac{11,math notation,1,1,0.007202943321317434,0.007202943321317434,0.0
answer,other word,43,35,0.30928630707785487,0.007192704815764067,0.004129510714787417
decompositions,other word,1,1,0.007175622507929802,0.007175622507929802,0.0
|,math notation,4,2,0.028644408099353313,0.007161102024838328,0.000910685555514782
edge,other word,3,2,0.021404674742370844,0.007134891580790281,0.0004223893496974013
ab,other word,15,12,0.10678448696853593,0.007118965797902396,0.002977726881812118
b^4,math notation,3,3,0.021231020742561668,0.007077006914187223,0.0026460429932471698
spaced,other word,2,2,0.01403347821906209,0.007016739109531045,0.00973320732091849
\[m_2,math notation,1,1,0.007010222063399851,0.007010222063399851,0.0
general,other word,4,3,0.02796533051878214,0.006991332629695535,0.006967424436768664
2000,number,9,9,0.06286434573121369,0.006984927303468187,0.0013824810845765754
shortest,other word,2,2,0.01396134844981134,0.00698067422490567,0.006186415922601319
cooking,other word,4,2,0.027921199798583984,0.006980299949645996,0.008041143851579531
circle's,other word,3,3,0.02092378947418183,0.006974596491393943,0.00873277876341187
330$,math notation,1,1,0.006951936520636082,0.006951936520636082,0.0
$h$,math notation,1,1,0.006935263983905315,0.006935263983905315,0.0
$b,math notation,4,4,0.027738874487113208,0.006934718621778302,0.0015779945286569686
intersects,other word,1,1,0.006912975572049618,0.006912975572049618,0.0
\sqrt{4,math notation,1,1,0.006904989946633577,0.006904989946633577,0.0
gives,other word,43,40,0.29686514276545495,0.006903840529429185,0.006697643396700464
geometry,other word,2,2,0.013752988539636135,0.0068764942698180676,0.0009136195400764279
51n,number,3,1,0.02060826832894236,0.00686942277631412,0.0008741580814375407
2)(6,math notation,1,1,0.006865443254355341,0.006865443254355341,0.0
7)(13,math notation,1,1,0.006838130531832576,0.006838130531832576,0.0
1010,number,5,4,0.03414650016929954,0.006829300033859909,0.0029916484853569148
a^4,math notation,2,2,0.013651017798110843,0.006825508899055421,0.0010301103835921896
couple,other word,4,1,0.027239974355325103,0.006809993588831276,0.004547370125169221
44,number,5,5,0.03403480025008321,0.006806960050016642,0.008890804518377286
flipping,other word,1,1,0.00679672509431839,0.00679672509431839,0.0
290,number,2,2,0.013558144215494394,0.006779072107747197,0.0004122322337483557
2g_l,math notation,1,1,0.006766562815755606,0.006766562815755606,0.0
midpoints,other word,8,6,0.05402178203803487,0.006752722754754359,0.005123388963530287
130,number,1,1,0.006743115838617086,0.006743115838617086,0.0
is,other word,961,573,6.471135942090768,0.006733752281051788,0.0006404304450091731
11^2,math notation,1,1,0.006721878191456199,0.006721878191456199,0.0
pickaxes,other word,2,1,0.01338818168733269,0.006694090843666345,0.011961940943139947
pc,other word,4,1,0.026769309304654598,0.0066923273261636496,0.00037409588973560427
80y,number,2,1,0.013379930052906275,0.006689965026453137,0.00046967789436032326
isosceles,other word,6,6,0.04001659282948822,0.006669432138248037,0.0035097272270851396
p_0,math notation,1,1,0.006668173940852284,0.006668173940852284,0.0
\frac{4a,math notation,1,1,0.006666046567261219,0.006666046567261219,0.0
2\theta,math notation,2,1,0.013284712156746536,0.006642356078373268,0.000653647962032161
couples,other word,4,2,0.026465723058208823,0.006616430764552206,0.00630466414797328
irreducible,other word,1,1,0.00660043372772634,0.00660043372772634,0.0
},math notation,1,1,0.006576870568096638,0.006576870568096638,0.0
diagonal,other word,2,2,0.013114029541611671,0.006557014770805836,0.0018930329448563932
11,number,28,21,0.183220878476277,0.006543602802724179,0.0040392644104201994
strategy,other word,6,4,0.039224615786224604,0.0065374359643707676,0.006268762490249383
2^0,math notation,1,1,0.006532113533467054,0.006532113533467054,0.0
strings,other word,1,1,0.0064931875094771385,0.0064931875094771385,0.0
\boxed{33,math notation,1,1,0.006474494701251388,0.006474494701251388,0.0
8^2,math notation,1,1,0.006473029381595552,0.006473029381595552,0.0
sector,other word,5,3,0.03236387181095779,0.006472774362191558,0.0017527970028764542
\[13,math notation,1,1,0.006458260235376656,0.006458260235376656,0.0
holds,other word,4,4,0.025831515435129404,0.006457878858782351,0.004198825967884856
positive,other word,49,30,0.3163311706157401,0.006455738175831431,0.0019051832065607977
$y,math notation,4,4,0.025673653872217983,0.006418413468054496,0.0016882718164142614
3pd,number,2,1,0.012786578387022018,0.006393289193511009,0.0017353948410747918
1900,number,1,1,0.006390765774995089,0.006390765774995089,0.0
34y,number,1,1,0.006390561582520604,0.006390561582520604,0.0
consecutive,other word,5,4,0.03192465892061591,0.006384931784123182,0.002371345399688115
\text{donation,math notation,1,1,0.006376475095748901,0.006376475095748901,0.0
marble,other word,11,5,0.07004490913823247,0.006367719012566588,0.005230682775259255
24,number,32,28,0.20371621462982148,0.006366131707181921,0.004734352171889734
$t$,math notation,1,1,0.006358723388984799,0.006358723388984799,0.0
216,number,2,2,0.01267541479319334,0.00633770739659667,0.00019991929537212396
numerator,other word,12,11,0.07596926647238433,0.0063307722060320275,0.01489600186333592
check,hedging / contrast,22,21,0.13910608814330772,0.006323004006513987,0.0011883089171956436
20x,number,2,1,0.012627699878066778,0.006313849939033389,0.0003864739238631196
6y,number,2,1,0.012560118921101093,0.006280059460550547,0.0011286092972414823
z,other word,6,3,0.03757613059133291,0.006262688431888819,0.001470419605095484
i+2,math notation,1,1,0.006250129546970129,0.006250129546970129,0.0
magnitudes,other word,1,1,0.006245689117349684,0.006245689117349684,0.0
approximations,other word,1,1,0.006239933893084526,0.006239933893084526,0.0
240i,number,5,1,0.031085744500160217,0.006217148900032043,0.002653472672892057
triple,other word,2,2,0.012428099638782442,0.006214049819391221,0.0043780355403645315
nearest,other word,1,1,0.006200501229614019,0.006200501229614019,0.0
k^{2,math notation,1,1,0.006198671297170222,0.006198671297170222,0.0
change,other word,11,8,0.06803246261551976,0.006184769328683615,0.005426165912126669
2(1,math notation,2,1,0.01235800888389349,0.006179004441946745,0.0018421943789749529
\[y,math notation,4,3,0.024679101654328406,0.0061697754135821015,0.0008587286417202395
4(56,math notation,1,1,0.0061681491788476706,0.0061681491788476706,0.0
percentage,other word,13,9,0.08006144128739834,0.006158572406722949,0.005733032806035535
3665,number,2,2,0.012281932635232806,0.006140966317616403,0.005089039415739933
adam,other word,2,2,0.012281219009310007,0.0061406095046550035,0.0020529240940359308
t_{4,math notation,2,1,0.012253670603968203,0.0061268353019841015,0.0017398786648344879
≥,math notation,1,1,0.006118600722402334,0.006118600722402334,0.0
ab^2,math notation,3,3,0.018354481901042163,0.006118160633680721,0.0014347497845011393
phones,other word,4,2,0.02443585079163313,0.006108962697908282,0.014142826053968542
long,other word,7,6,0.04263438517227769,0.006090626453182527,0.008943582621976257
\(t_4,math notation,1,1,0.006088303169235587,0.006088303169235587,0.0
109,number,2,2,0.012133174110203981,0.006066587055101991,0.0013998198222336567
fits,other word,1,1,0.006053786259144545,0.006053786259144545,0.0
18(18n,math notation,1,1,0.006052334560081363,0.006052334560081363,0.0
\[(0,math notation,1,1,0.006049585994333029,0.006049585994333029,0.0
2^{11,math notation,1,1,0.006046655238606036,0.006046655238606036,0.0
550,number,1,1,0.006035004276782274,0.006035004276782274,0.0
deduce,other word,3,1,0.017979695287067443,0.005993231762355815,0.0025034258825446317
inner,other word,4,4,0.02391408639959991,0.0059785215998999774,0.002854558384998735
4p_2,math notation,7,6,0.04179259351803921,0.00597037050257703,0.0027016881677645955
10^3$,math notation,2,2,0.011853897711262107,0.0059269488556310534,0.002827600703413688
rap,other word,1,1,0.00592468585819006,0.00592468585819006,0.0
consider,other word,68,68,0.40214417810784653,0.005913884972174214,0.0015454508471155035
111x^2,math notation,1,1,0.005905330996029079,0.005905330996029079,0.0
t_{5,math notation,1,1,0.005877656512893736,0.005877656512893736,0.0
\beta,math notation,1,1,0.00587757327593863,0.00587757327593863,0.0
rearrange,other word,4,4,0.023376069497317076,0.005844017374329269,0.0047517106702776755
digit,other word,50,18,0.2917555461754091,0.005835110923508182,0.0015432441109957849
145,number,1,1,0.005816943943500519,0.005816943943500519,0.0
division,other word,3,3,0.017369724810123444,0.005789908270041148,0.0011171206715876575
additional,other word,12,8,0.06938028964214027,0.005781690803511689,0.0021160556614981843
double,other word,1,1,0.005775039549916983,0.005775039549916983,0.0
suppose,hedging / contrast,1,1,0.00575886107981205,0.00575886107981205,0.0
x_6,math notation,1,1,0.005756445287261158,0.005756445287261158,0.0
2187}{9,math notation,1,1,0.005756128754001111,0.005756128754001111,0.0
7x,number,3,3,0.017217590706422925,0.005739196902140975,0.002217019128148123
13,number,24,19,0.13772366131888703,0.005738485888286959,0.005593314332516805
305,number,2,1,0.011453951941803098,0.005726975970901549,0.0028561698458951213
\frac{7,math notation,2,1,0.011447327909991145,0.005723663954995573,0.0005438086855807315
380$,math notation,1,1,0.00571734132245183,0.00571734132245183,0.0
pb,other word,7,4,0.04000955726951361,0.005715651038501944,0.0015663899963286772
counts,other word,2,2,0.011381818912923336,0.005690909456461668,0.0019653640162545483
rewrite,other word,16,16,0.0910143789369613,0.005688398683560081,0.0018466504327932364
positions,other word,8,4,0.04542132560163736,0.00567766570020467,0.0015374848514585848
\frac{9}{2,math notation,1,1,0.005668404744938016,0.005668404744938016,0.0
2018,number,1,1,0.005663821008056402,0.005663821008056402,0.0
banana,other word,1,1,0.0056571364984847605,0.0056571364984847605,0.0
8,number,89,68,0.5018049741629511,0.005638258136662372,0.002777401071923704
factorize,other word,2,2,0.011261992854997516,0.005630996427498758,0.0018670608549602532
lunch,other word,4,2,0.022479470004327595,0.005619867501081899,0.0032388507057570654
hectares,other word,2,1,0.011223132722079754,0.005611566361039877,0.003860506773078391
17)(24,math notation,1,1,0.005611455300822854,0.005611455300822854,0.0
22}{120,math notation,1,1,0.005604484584182501,0.005604484584182501,0.0
3n,number,3,1,0.016778917459305376,0.0055929724864351256,0.0009228860949395139
o,other word,3,3,0.016760146245360374,0.005586715415120125,0.0003169862361312226
\(1000,math notation,1,1,0.005583370570093393,0.005583370570093393,0.0
statement,other word,2,2,0.011133784428238869,0.005566892214119434,8.038523536691062e-05
102n,number,3,1,0.016672922065481544,0.005557640688493848,0.0010715856218343931
3d}{4,math notation,1,1,0.005551933427341282,0.005551933427341282,0.0
9^2,math notation,1,1,0.005507684545591474,0.005507684545591474,0.0
3/4,math notation,2,2,0.011014046962372959,0.005507023481186479,0.018095378277163073
6000,number,3,3,0.016494428156875074,0.005498142718958358,0.0028163331239344867
10^{3,math notation,4,2,0.02191385583137162,0.005478463957842905,0.0017867730904367084
400n,number,2,1,0.01091468008235097,0.005457340041175485,0.0015325982001111644
some,other word,5,5,0.027198062045499682,0.005439612409099936,0.001206737185706524
p_2,math notation,5,3,0.02711513201938942,0.005423026403877884,0.0018820373013085489
have,other word,145,126,0.7859787791967392,0.005420543304805098,0.002633329059277149
cad,other word,2,1,0.010790396016091108,0.005395198008045554,0.0004530603468820143
logarithms,other word,4,3,0.021558656881097704,0.005389664220274426,0.00328938776795969
dwarves,other word,3,1,0.016143291490152478,0.005381097163384159,0.002259649629029627
unsold,other word,2,1,0.010754653601907194,0.005377326800953597,0.0023335214712858587
15^2,math notation,1,1,0.005373758147470653,0.005373758147470653,0.0
5/5,math notation,1,1,0.005351189291104674,0.005351189291104674,0.0
range,other word,14,10,0.07477201375877485,0.005340858125626775,0.004492515612741767
tx,other word,2,2,0.010672892909497023,0.005336446454748511,0.0008661702558233839
rate,other word,17,12,0.09067701315507293,0.005333941950298408,0.0037134135583437506
table,other word,1,1,0.005288615822792053,0.005288615822792053,0.0
5^4,math notation,3,2,0.015817764680832624,0.005272588226944208,0.0012867553022513926
rooms,other word,13,3,0.06849376764148474,0.005268751357037287,0.003124843656146318
test,other word,14,14,0.07364457205403596,0.005260326575288283,0.002104581224977752
2k,number,1,1,0.005259697558358312,0.005259697558358312,0.0
34n,number,3,1,0.01576720818411559,0.005255736061371863,0.00100582269965649
geometric,other word,16,12,0.08387069299351424,0.00524191831209464,0.0010360960154299768
c,other word,61,50,0.31775553623447195,0.005209107151384786,0.0008186060417185633
reference,other word,4,2,0.020816334057599306,0.0052040835143998265,0.0004978036909020709
\(q,math notation,2,2,0.010394470416940749,0.005197235208470374,0.0032234111008797007
x_3,math notation,5,3,0.02595166675746441,0.005190333351492882,0.0005841272694488063
internally,other word,2,2,0.010373069439083338,0.005186534719541669,0.0019107798961658926
inch,other word,11,4,0.0570026240311563,0.005182056730105119,0.011330546597396591
2n,number,4,2,0.020652206148952246,0.005163051537238061,0.0006555421586387294
where,other word,84,70,0.4333214338403195,0.005158588498099042,0.0014676107942079857
future,other word,3,2,0.015446978621184826,0.005148992873728275,0.003774618042530215
written,other word,4,4,0.020595195703208447,0.005148798925802112,0.0030800615816858326
\[24,math notation,1,1,0.005125113879330456,0.005125113879330456,0.0
737,number,5,5,0.02559483889490366,0.005118967778980732,0.009277413479854862
5}{81,math notation,1,1,0.005109009565785527,0.005109009565785527,0.0
6n,number,3,1,0.015322485298383981,0.005107495099461327,0.0010092905422157041
5y,number,4,4,0.020419275388121605,0.005104818847030401,0.002435917472999884
desktop,other word,11,4,0.056019590236246586,0.005092690021476962,0.0025186158988293903
men,other word,3,2,0.01524976221844554,0.00508325407281518,0.0012488537089023284
5c,number,20,13,0.10148964400286786,0.005074482200143393,0.0013036458665101655
\(4+5,math notation,1,1,0.005049735715147108,0.005049735715147108,0.0
figure,other word,6,4,0.030277542129624635,0.005046257021604106,0.0033350083283494505
cycle,other word,2,2,0.01003866782411933,0.005019333912059665,0.006797398123629812
words,other word,10,6,0.05011429515434429,0.005011429515434429,0.009294614663844814
complex,other word,1,1,0.0050004879012703896,0.0050004879012703896,0.0
science,other word,9,3,0.04496047296561301,0.004995608107290334,0.007607947462762012
v,other word,20,17,0.09984924411401153,0.004992462205700576,0.0013630731956024182
valid,other word,7,6,0.03477192448917776,0.004967417784168252,0.0006248617238819188
celine,other word,1,1,0.004966692067682743,0.004966692067682743,0.0
power,other word,14,9,0.06900954875163734,0.00492925348225981,0.002714123787864582
360,number,3,2,0.014717420330271125,0.004905806776757042,0.003489677264641012
subset,other word,1,1,0.004888403229415417,0.004888403229415417,0.0
67,number,16,14,0.07807069236878306,0.004879418273048941,0.005652801240596415
coefficient,other word,4,4,0.019501582020893693,0.004875395505223423,0.008197267638029923
7c,number,1,1,0.004867232404649258,0.004867232404649258,0.0
7,number,82,58,0.3988365256227553,0.004863860068570186,0.0032876286331332085
625,number,4,2,0.019262595800682902,0.004815648950170726,0.0005572477389928615
20th,number,2,1,0.00962217478081584,0.00481108739040792,0.0003464334299610083
pounds/day,math notation,3,3,0.014405553229153156,0.004801851076384385,0.0035868412899158863
cd,other word,11,8,0.052597189554944634,0.0047815626868131485,0.002157792373363619
2^b,math notation,1,1,0.004742916906252503,0.004742916906252503,0.0
r,other word,27,20,0.1275392867391929,0.004723677286636774,0.0009472135114145666
vice,other word,1,1,0.004711714573204517,0.004711714573204517,0.0
0^2,math notation,1,1,0.004707192187197506,0.004707192187197506,0.0
scores,other word,6,2,0.028240800136700273,0.004706800022783379,0.013159451478576693
ced,other word,2,1,0.009406793862581253,0.0047033969312906265,0.0009701905712637309
10^3,math notation,3,3,0.014008129481226206,0.004669376493742068,0.002424887714665335
husband,other word,1,1,0.004667248576879501,0.004667248576879501,0.0
256n,number,2,1,0.009322096593677998,0.004661048296838999,0.003021135492098983
ones,other word,1,1,0.004637046251446009,0.004637046251446009,0.0
2^6,math notation,2,2,0.009263899642974138,0.004631949821487069,0.0020003373394399866
above,other word,3,3,0.013801145658362657,0.004600381886120886,0.00456332315619971
acb,other word,1,1,0.004593738471157849,0.004593738471157849,0.0
350,number,1,1,0.004579765722155571,0.004579765722155571,0.0
door,other word,9,3,0.04115564946550876,0.004572849940612084,0.01569871903776261
102(102n,math notation,1,1,0.0045708660036325455,0.0045708660036325455,0.0
proportion,other word,2,2,0.009130089776590466,0.004565044888295233,0.0033094972325751226
4a_{100,math notation,1,1,0.004554733633995056,0.004554733633995056,0.0
corresponding,other word,6,6,0.027232140535488725,0.004538690089248121,0.001223927761139452
mc,other word,1,1,0.0045270537957549095,0.0045270537957549095,0.0
9n,number,3,1,0.013541993452236056,0.004513997817412019,0.0012803873799805494
express,other word,12,11,0.05409650783985853,0.004508042319988211,0.0020432589796115356
5,number,267,157,1.201554210158065,0.004500203034299869,0.0022441610072248745
point,other word,24,20,0.10793285490944982,0.004497202287893742,0.0017028429792033653
2nd,number,1,1,0.0044970037415623665,0.0044970037415623665,0.0
simple,other word,5,3,0.02231847104849294,0.004463694209698587,0.0013312240691965968
event,other word,4,3,0.01782477367669344,0.00445619341917336,0.005526524057548545
192,number,2,2,0.008857406908646226,0.004428703454323113,0.0010783461346238919
3^3,math notation,4,4,0.017664973274804652,0.004416243318701163,0.003695433643358062
conclusion,other word,1,1,0.004406099207699299,0.004406099207699299,0.0
2r,number,2,1,0.008802498981822282,0.004401249490911141,0.0023536138082810225
20,number,104,65,0.4571596769383177,0.004395766124406901,0.002871726790969649
goals,other word,10,2,0.04371568723581731,0.004371568723581731,0.00120006291543293
m,other word,48,25,0.2096174112521112,0.00436702940108565,0.000746826209971411
1680,number,1,1,0.004352422431111336,0.004352422431111336,0.0
n_0,math notation,2,1,0.00867839518468827,0.004339197592344135,0.00019761681797705763
denotes,other word,1,1,0.004329985938966274,0.004329985938966274,0.0
1^4,math notation,1,1,0.004295488470233977,0.004295488470233977,0.0
scenario,other word,7,5,0.030063415761105716,0.0042947736801579595,0.002785389353508183
9,number,88,62,0.37686527386540547,0.0042825599302886985,0.0026448830571006695
sequences,other word,6,4,0.02568670571781695,0.0042811176196361584,0.003178041195501273
compute,other word,17,17,0.07257862412370741,0.004269330830806319,0.002243077993083533
stewart's,other word,3,2,0.01279640250140801,0.004265467500469337,0.0021279492281511643
team,other word,12,6,0.051038618839811534,0.004253218236650961,0.006547732781364617
1296n,number,2,1,0.008497383212670684,0.004248691606335342,0.0015847433182964426
78125,number,2,1,0.008464226906653494,0.004232113453326747,4.160727418417648e-05
crown,other word,4,2,0.016817842610180378,0.0042044606525450945,0.007571745403016666
people,other word,18,9,0.07549487915821373,0.004194159953234096,0.007995598081254229
x_4,math notation,3,3,0.012569335754960775,0.004189778584986925,0.0005045587147647149
3by,number,1,1,0.00415448285639286,0.00415448285639286,0.0
starting,other word,9,9,0.03733815415762365,0.004148683795291517,0.003480143912698503
places,other word,2,2,0.008283448638394475,0.0041417243191972375,0.014900788212039108
4,number,261,156,1.0782524836831726,0.004131235569667328,0.0016314005987016252
euclidean,other word,1,1,0.00413104984909296,0.00413104984909296,0.0
divide,other word,37,37,0.15274989092722535,0.0041283754304655505,0.003708144257716948
20^4,math notation,3,2,0.01237389084417373,0.004124630281391243,0.0013355128932115532
intersections,other word,1,1,0.004119981545954943,0.004119981545954943,0.0
cups,other word,34,16,0.13900906208436936,0.0040885018260108635,0.007534778639323599
vieta's,other word,5,4,0.020326244935858995,0.004065248987171799,0.00309205158092512
prism,other word,1,1,0.004063753876835108,0.004063753876835108,0.0
measure,other word,11,7,0.04456160659901798,0.004051055145365271,0.0025298681049324228
625n,number,2,1,0.008096601697616279,0.0040483008488081396,0.004240408216956685
red,other word,26,15,0.104873439646326,0.004033593832551001,0.004768408707474695
hypotenuse,other word,3,2,0.012100120686227456,0.004033373562075819,0.0021276371233595243
plates,other word,4,1,0.01612075953744352,0.00403018988436088,0.013338841889294389
shoot,other word,2,1,0.008032815530896187,0.004016407765448093,0.0036042885077188246
5f,number,3,2,0.011962986551225185,0.003987662183741729,0.003494215639300908
x_5,math notation,3,3,0.011910474859178066,0.003970158286392689,0.0009745671490943669
30,number,35,29,0.1381916409591213,0.003948332598832037,0.00297589132148694
2$$,math notation,2,1,0.007833364652469754,0.003916682326234877,0.0068906793891423575
ad,other word,13,9,0.05071009183302522,0.0039007762948480938,0.0004467350913786822
306(1,math notation,2,1,0.00779716344550252,0.00389858172275126,6.905695274059189e-05
4}{12,math notation,1,1,0.003884522942826152,0.003884522942826152,0.0
midterm,other word,3,1,0.011553732212632895,0.0038512440708776316,0.0020542254006984534
pair,other word,17,16,0.06541909748921171,0.0038481822052477475,0.0012445313743469826
km^2,math notation,1,1,0.003839010838419199,0.003839010838419199,0.0
counted,other word,4,4,0.015297259204089642,0.0038243148010224104,0.016040651249558533
them,other word,19,19,0.07265012862626463,0.0038236909803297174,0.01016871096936259
represents,other word,8,7,0.03032012708717957,0.0037900158858974464,0.01821962786577638
$ae$,math notation,10,1,0.037788542394991964,0.0037788542394991964,0.001000296766529683
2010,number,7,3,0.02638321602717042,0.0037690308610243456,0.002367669001390611
constraint,other word,3,3,0.011291849485132843,0.0037639498283776143,0.0020162037934815624
\sqrt{400,math notation,1,1,0.0037522045895457268,0.0037522045895457268,0.0
even,other word,22,16,0.08210154355037957,0.0037318883431990716,0.007210545660710812
edwah,other word,4,2,0.014880778267979622,0.0037201945669949055,0.005371197982897498
dc,other word,9,6,0.03341850568540394,0.003713167298378216,0.0008696920343546151
5^2,math notation,14,13,0.051437956281006336,0.0036741397343575954,0.0018888841898690634
9/25,math notation,1,1,0.0036553293466567993,0.0036553293466567993,0.0
13p,number,4,3,0.014610840124078095,0.0036527100310195237,0.0015460865567416156
repeating,other word,4,4,0.014580127783119678,0.0036450319457799196,0.0009820328299203105
orange,other word,3,2,0.010905495379120111,0.0036351651263733706,0.004188337887458224
plus,other word,4,4,0.014498763717710972,0.003624690929427743,0.002087561975435209
**counting,math notation,2,2,0.007240496634040028,0.003620248317020014,5.4642298380036644e-05
1$$,math notation,2,1,0.007230581948533654,0.003615290974266827,0.004830367742815877
11^5,math notation,5,2,0.017857533413916826,0.0035715066827833653,0.0018785404898805699
chord,other word,4,1,0.014209872344508767,0.0035524680861271918,0.00022115499587985307
pd,other word,3,2,0.010640947381034493,0.003546982460344831,0.0008484939078046524
quadratic,other word,27,18,0.09550223799305968,0.003537119925668877,0.0010773594321507485
t,other word,27,23,0.09544040658511221,0.0035348298735226745,0.000532907664578156
oats,other word,4,3,0.014138029888272285,0.0035345074720680714,0.03100335475170628
4)(b,math notation,1,1,0.003525860025547445,0.003525860025547445,0.0
17n,number,3,1,0.010548907797783613,0.0035163025992612043,0.0006024249211757628
6^4,math notation,1,1,0.0035104311536997557,0.0035104311536997557,0.0
hd,other word,2,1,0.007008517859503627,0.0035042589297518134,0.005232727241936682
since,other word,244,213,0.8504990999936126,0.00348565204915415,0.0011375680749500677
larry,other word,8,7,0.027873882558196783,0.003484235319774598,0.0026107456488809904
21,number,25,18,0.08681763021741062,0.003472705208696425,0.007120008791399566
any,other word,43,38,0.14908443932654336,0.003467079984338218,0.00164952850334531
34(34n,math notation,1,1,0.0034636612981557846,0.0034636612981557846,0.0
w,other word,26,15,0.08972944505512714,0.0034511325021202746,0.000581085724384881
102(1,math notation,2,1,0.006893020821735263,0.0034465104108676314,0.0015408866412886348
124,number,1,1,0.0034097437746822834,0.0034097437746822834,0.0
speed,other word,11,5,0.03740251716226339,0.003400228832933036,0.005248228483117237
1^3,math notation,1,1,0.0033717842306941748,0.0033717842306941748,0.0
de,other word,9,5,0.030193920130841434,0.003354880014537937,0.0009108265831521826
3}{999,math notation,1,1,0.003345952834933996,0.003345952834933996,0.0
connecting,other word,1,1,0.0033325371332466602,0.0033325371332466602,0.0
unknown,other word,1,1,0.0033166988287121058,0.0033166988287121058,0.0
assuming,hedging / contrast,2,2,0.006576557992957532,0.003288278996478766,0.0015886090980353964
new,other word,40,29,0.1314853539224714,0.003287133848061785,0.001623405378505301
context,other word,1,1,0.0032795134466141462,0.0032795134466141462,0.0
an,other word,99,86,0.3217183397500776,0.003249680199495733,0.0012260181351235525
enough,other word,2,2,0.0064876447431743145,0.0032438223715871572,0.02686863156612701
straightforward,other word,1,1,0.0032113674096763134,0.0032113674096763134,0.0
rotates,other word,1,1,0.003189384937286377,0.003189384937286377,0.0
p,other word,38,17,0.12105892109684646,0.0031857610814959593,0.000498822728373376
en,other word,3,2,0.009465737268328667,0.0031552457561095557,0.001308190430955033
18(1,math notation,2,1,0.006300738314166665,0.0031503691570833325,0.0022474159125274516
depending,other word,1,1,0.0031348844058811665,0.0031348844058811665,0.0
maximum,other word,19,16,0.0593952257768251,0.0031260645145697423,0.00181035353238107
setting,other word,1,1,0.0031154565513134003,0.0031154565513134003,0.0
2ab,number,2,2,0.006172559398692101,0.0030862796993460506,1.6065419646926237e-05
semiperimeter,other word,1,1,0.003083767369389534,0.003083767369389534,0.0
bug,other word,1,1,0.0030675940215587616,0.0030675940215587616,0.0
andras,other word,8,3,0.024424654198810458,0.0030530817748513073,0.00705284038061447
380,number,1,1,0.0030511068180203438,0.0030511068180203438,0.0
remaining,other word,62,45,0.1885491773718968,0.0030411157640628517,0.0018250490863729013
pictures,other word,2,1,0.006055467762053013,0.0030277338810265064,0.0031166458484529866
4)(c,math notation,1,1,0.0030001774430274963,0.0030001774430274963,0.0
n,other word,144,75,0.4318696401605848,0.0029990947233373946,0.00028243699270630865
following,other word,12,12,0.03592443186789751,0.002993702655658126,0.0030011358917277284
306(306n,math notation,1,1,0.0029683333123102784,0.0029683333123102784,0.0
highest,other word,5,2,0.01482364465482533,0.002964728930965066,0.001909335653238184
51,number,5,2,0.014774421753827482,0.0029548843507654966,0.0024121916858965845
adjacent,other word,3,3,0.008828701451420784,0.002942900483806928,0.00042712196646545734
overall,other word,6,6,0.01765726285520941,0.002942877142534902,0.0041577823250764515
tasks,other word,1,1,0.002927093766629696,0.002927093766629696,0.0
10+12,math notation,1,1,0.002923496038420126,0.002923496038420126,0.0
365,number,3,2,0.008729633875191212,0.0029098779583970704,0.0036900888798285375
interpret,other word,1,1,0.002891234355047345,0.002891234355047345,0.0
times,other word,29,24,0.08301810128614306,0.0028626931477980368,0.004290844255572014
marker,other word,2,1,0.005718591040931642,0.002859295520465821,0.0027561258633530057
decrease,other word,1,1,0.0028576948679983616,0.0028576948679983616,0.0
me,other word,1,1,0.002856804057955742,0.002856804057955742,0.0
1700,number,1,1,0.0028505295049399137,0.0028505295049399137,0.0
passing,other word,3,3,0.008528079371899366,0.0028426931239664555,0.005334685975175052
2^1,math notation,1,1,0.0028290742193348706,0.0028290742193348706,0.0
4c,number,10,2,0.028160208894405514,0.0028160208894405514,0.0006012667821252271
household,other word,1,1,0.002815217711031437,0.002815217711031437,0.0
\{,math notation,2,2,0.005625314079225063,0.0028126570396125317,0.0007950933824406821
remainder,other word,3,3,0.008401032187975943,0.0028003440626586476,0.0007032475743021386
6,number,181,116,0.5049187663244084,0.0027896064437812618,0.0018696935208142372
4ac,number,1,1,0.0027796518988907337,0.0027796518988907337,0.0
4y,number,7,3,0.01945196377346292,0.00277885196763756,0.0015047142569148536
3925,number,1,1,0.0027637742459774017,0.0027637742459774017,0.0
1233,number,2,2,0.005520018516108394,0.002760009258054197,0.0038304067615700884
ounces,other word,6,3,0.016529983840882778,0.0027549973068137965,0.013030287822419948
recognize,other word,1,1,0.0027499450370669365,0.0027499450370669365,0.0
kassidy's,other word,2,2,0.005498024052940309,0.0027490120264701545,0.0014709177278815822
36a,number,3,1,0.008187364088371396,0.0027291213627904654,0.0001977731499627127
maximized,other word,3,3,0.008171446854248643,0.002723815618082881,0.0012949007906500878
key,other word,6,5,0.016046285862103105,0.0026743809770171842,0.003975371602359471
4^4,math notation,1,1,0.002662598853930831,0.002662598853930831,0.0
ceiling,other word,1,1,0.0026453786995261908,0.0026453786995261908,0.0
sitting,other word,1,1,0.002643863670527935,0.002643863670527935,0.0
half-life,other word,1,1,0.0026416946202516556,0.0026416946202516556,0.0
13x,number,1,1,0.0026312845293432474,0.0026312845293432474,0.0
91^{2,math notation,1,1,0.0026302938349545,0.0026302938349545,0.0
measuring,other word,8,4,0.02101284684613347,0.002626605855766684,0.003383155566256405
history,other word,5,3,0.01304281409829855,0.00260856281965971,0.00506349082385631
simpler,other word,2,2,0.005212271120399237,0.0026061355601996183,0.0053579742578667095
jonathan,other word,5,5,0.012926575727760792,0.0025853151455521584,0.004924699479860056
(\(,math notation,1,1,0.002553833881393075,0.002553833881393075,0.0
algebraic,other word,4,3,0.010208543855696917,0.002552135963924229,0.004137875862260825
200,number,17,12,0.04304417537059635,0.0025320103159174323,0.0014344296499459322
largest,other word,13,9,0.03262517030816525,0.002509628485243481,0.0027023311013612264
observe,other word,4,4,0.009933016961440444,0.002483254240360111,0.003347310608816741
grouping,other word,2,2,0.004964806837961078,0.002482403418980539,0.00038941029150615106
flies,other word,10,5,0.02460932987742126,0.002460932987742126,0.00971138216797342
51(51n,math notation,1,1,0.0024540184531360865,0.0024540184531360865,0.0
sends,other word,2,2,0.0049016643315553665,0.0024508321657776833,0.01602256107642516
11x,number,1,1,0.0024450160562992096,0.0024450160562992096,0.0
powers,other word,8,6,0.019208305049687624,0.002401038131210953,0.004363097820969047
one,other word,75,54,0.18001253681723028,0.0024001671575630706,0.0017473573414475607
3431,number,1,1,0.0023987552849575877,0.0023987552849575877,0.0
thrown,other word,3,2,0.00715223141014576,0.0023840771367152533,0.02310130051263246
225,number,2,1,0.004755998495966196,0.002377999247983098,5.627575629353628e-05
bernoulli,other word,1,1,0.0023675598204135895,0.0023675598204135895,0.0
fall,other word,1,1,0.002345142886042595,0.002345142886042595,0.0
medium,other word,7,1,0.01633163174847141,0.0023330902497816297,0.0003854697766921019
$$900,math notation,4,2,0.009228604147210717,0.0023071510368026793,0.0030024532446518283
twice,other word,23,22,0.05302193854004145,0.002305301675653976,0.009312522346696595
saves,other word,2,2,0.004610313102602959,0.0023051565513014793,0.005075671867726582
$6,math notation,3,3,0.006887009833008051,0.002295669944336017,0.02255475596735432
5x,number,2,1,0.004587937146425247,0.0022939685732126236,0.009031112770714491
17(1,math notation,2,1,0.004560077446512878,0.002280038723256439,0.0011510795355573924
operation,other word,5,1,0.011351284803822637,0.0022702569607645274,0.001115805077826005
emil,other word,9,4,0.020347998943179846,0.0022608887714644275,0.0013000312761245096
be,other word,157,106,0.3548129354021512,0.0022599550025614724,0.000990600365829328
4^2,math notation,14,13,0.03149988781660795,0.002249991986900568,0.0010352047081444635
125,number,3,3,0.0066885355627164245,0.002229511854238808,0.002145453654591003
510,number,2,2,0.004396095173433423,0.0021980475867167115,0.0025363587362138224
nth,other word,2,1,0.004362036823295057,0.0021810184116475284,0.0017778932288758534
12,number,99,68,0.21531441807746887,0.002174893111893625,0.002907690899151119
84,number,3,2,0.006505351979285479,0.002168450659761826,0.00621152330822964
top,other word,7,6,0.015134509885683656,0.002162072840811951,0.0020042939054814774
10^2,math notation,1,1,0.0021504280157387257,0.0021504280157387257,0.0
common,other word,29,20,0.06206173181999475,0.0021400597179308534,0.000520085310518365
b_4,math notation,1,1,0.002135135931894183,0.002135135931894183,0.0
6(1,math notation,2,1,0.004228731035254896,0.002114365517627448,0.0024226633729754156
notice,other word,6,6,0.012619912275113165,0.002103318712518861,0.0024466564072625845
28,number,9,5,0.018901215633377433,0.0021001350703752702,0.0027009778960226795
notation,other word,1,1,0.002099789446219802,0.002099789446219802,0.0
gumballs,other word,4,1,0.008306763833388686,0.0020766909583471715,0.010888931124082638
math,other word,8,4,0.01651104015763849,0.0020638800197048113,0.0016735119516501206
hundreds,other word,8,6,0.016474774689413607,0.002059346836176701,0.0022503579368683114
son,other word,2,1,0.004101542988792062,0.002050771494396031,0.015259693981072929
two,other word,110,88,0.22553971817251295,0.0020503610742955724,0.0010286378010431617
101,number,4,2,0.008131019538268447,0.0020327548845671117,0.0016966740466032785
\frac{36a,math notation,1,1,0.002007888862863183,0.002007888862863183,0.0
512,number,1,1,0.001971728401258588,0.001971728401258588,0.0
144,number,2,2,0.003912588115781546,0.001956294057890773,0.0004135078344603182
effectively,other word,1,1,0.0019543501548469067,0.0019543501548469067,0.0
3(1,math notation,2,1,0.003878075396642089,0.0019390376983210444,0.0022286125735090844
cup/day,math notation,1,1,0.0019332112278789282,0.0019332112278789282,0.0
2(2n,math notation,1,1,0.0019312386866658926,0.0019312386866658926,0.0
1016,number,1,1,0.0019097968470305204,0.0019097968470305204,0.0
1728abc,number,2,1,0.003816186304902658,0.001908093152451329,5.069542505877669e-05
16^2,math notation,1,1,0.0018832507776096463,0.0018832507776096463,0.0
$ac,math notation,1,1,0.0018739358056336641,0.0018739358056336641,0.0
block,other word,3,3,0.005609079264104366,0.0018696930880347888,0.006312334702898446
ae,other word,1,1,0.0018390424083918333,0.0018390424083918333,0.0
2500,number,3,3,0.005516852485015988,0.0018389508283386629,0.0053527219958566736
8p_2,math notation,4,3,0.007340246520470828,0.001835061630117707,0.001695764257737116
155,number,1,1,0.0018347539007663727,0.0018347539007663727,0.0
occurring,other word,2,2,0.003668698249384761,0.0018343491246923804,0.009398139628302691
handle,other word,1,1,0.0018280141521245241,0.0018280141521245241,0.0
centered,other word,1,1,0.0018155265133827925,0.0018155265133827925,0.0
6^2,math notation,8,7,0.014190982386935502,0.0017738727983669378,0.002000527344950871
4800,number,12,10,0.021106710366439074,0.0017588925305365895,0.00178686826108072
6(6n,math notation,1,1,0.0017509526805952191,0.0017509526805952191,0.0
cecilia,other word,5,5,0.008698439691215754,0.0017396879382431507,0.010822030189675817
106,number,2,2,0.0034545036032795906,0.0017272518016397953,0.004030107337847499
defined,other word,4,4,0.00681081460788846,0.001702703651972115,0.0043999627064539755
soil,other word,5,5,0.00850073213223368,0.0017001464264467358,0.02095274361537381
169,number,16,11,0.027061093598604202,0.0016913183499127626,0.0012027802141446131
2q,number,1,1,0.0016841886099427938,0.0016841886099427938,0.0
consecutively,other word,2,1,0.0032615612726658583,0.0016307806363329291,0.0028971917357502536
kent,other word,1,1,0.0016270359046757221,0.0016270359046757221,0.0
9(1,math notation,2,1,0.003242501901695505,0.0016212509508477524,0.0024712347244622407
basic,other word,1,1,0.0016134995967149734,0.0016134995967149734,0.0
see,other word,6,6,0.00954523531254381,0.0015908725520906348,0.002820328718489782
full,other word,4,4,0.006217949092388153,0.0015544872730970383,0.004245272653224278
\(13,math notation,1,1,0.0015346948057413101,0.0015346948057413101,0.0
pattern,other word,15,12,0.022641009010840207,0.0015094006007226805,0.0034480488246267037
socially,other word,1,1,0.001488877460360527,0.001488877460360527,0.0
48,number,7,7,0.010407549794763327,0.0014867928278233325,0.0022788308256278004
probabilities,other word,7,6,0.01038690136920195,0.001483843052743136,0.001700753353372714
items,other word,2,1,0.002964983694255352,0.001482491847127676,0.0008912499355931439
m_2,math notation,1,1,0.0014709032257087529,0.0014709032257087529,0.0
logs,other word,1,1,0.0014603962190449238,0.0014603962190449238,0.0
85,number,7,6,0.010187894105911255,0.0014554134437016078,0.010132216339477383
intervals,other word,2,2,0.0028901747427880764,0.0014450873713940382,0.0009659674076521012
let's,other word,184,181,0.2581682163872756,0.0014030881325395414,0.00271881954920391
3(3n,math notation,1,1,0.0013798355357721448,0.0013798355357721448,0.0
switch,other word,1,1,0.0013253812212496996,0.0013253812212496996,0.0
five-letter,other word,1,1,0.0013157706707715988,0.0013157706707715988,0.0
4b,number,10,2,0.01294779876479879,0.001294779876479879,0.0004452178686941504
already-on,other word,3,2,0.0038555124774575233,0.0012851708258191745,0.008781193313751651
atoms,other word,8,3,0.010278661269694567,0.0012848326587118208,0.0024150798434220203
every,other word,16,16,0.020324560115113854,0.001270285007194616,0.004482053285194962
6p_3,math notation,3,3,0.00379541190341115,0.00126513730113705,0.00964651289001888
999x,number,1,1,0.0012647344265133142,0.0012647344265133142,0.0
2b,number,8,7,0.009955763001926243,0.0012444703752407804,0.007709221894199322
245,number,2,1,0.002459934214130044,0.001229967107065022,0.00113477302688201
361,number,1,1,0.001213321229442954,0.001213321229442954,0.0
sine,other word,4,3,0.004764240002259612,0.001191060000564903,0.002250067940578793
payment,other word,2,1,0.0023491885513067245,0.0011745942756533623,0.012443773387688949
4x,number,7,6,0.008169297594577074,0.0011670425135110105,0.0032131043361768082
exists,other word,1,1,0.0011664878111332655,0.0011664878111332655,0.0
shakes,other word,1,1,0.0011643851175904274,0.0011643851175904274,0.0
289,number,2,1,0.0023216730915009975,0.0011608365457504988,0.00011640803154388286
640,number,2,2,0.0022805442567914724,0.0011402721283957362,0.0022618265127233835
square's,other word,1,1,0.0011235128622502089,0.0011235128622502089,0.0
4000,number,1,1,0.0011202702298760414,0.0011202702298760414,0.0
school,other word,2,1,0.0022313790395855904,0.0011156895197927952,0.0017670787344428564
bp,other word,3,3,0.0032666195766068995,0.0010888731922022998,0.0003990244629763658
18,number,34,24,0.03697992500383407,0.0010876448530539433,0.0025372277540723757
constrained,other word,1,1,0.0010863218922168016,0.0010863218922168016,0.0
equality,other word,2,2,0.0021470036590471864,0.0010735018295235932,0.001247728103775381
if,hedging / contrast,66,58,0.06833027667016722,0.001035307222275261,0.002016072739534452
binary,other word,1,1,0.0010274501983076334,0.0010274501983076334,0.0
9(9n,math notation,1,1,0.0010089458664879203,0.0010089458664879203,0.0
14x,number,1,1,0.0009852050570771098,0.0009852050570771098,0.0
16/25,math notation,1,1,0.0009765750728547573,0.0009765750728547573,0.0
inches,other word,11,8,0.010560091119259596,0.0009600082835690541,0.017053994415037434
equally,other word,1,1,0.0009529367089271545,0.0009529367089271545,0.0
basil,other word,1,1,0.0009014983661472797,0.0009014983661472797,0.0
20^2,math notation,1,1,0.0008839117363095284,0.0008839117363095284,0.0
axis,other word,1,1,0.0008646610076539218,0.0008646610076539218,0.0
gcd,other word,7,3,0.005916994996368885,0.0008452849994812693,0.005352625557599857
12g^2,math notation,1,1,0.0008362862281501293,0.0008362862281501293,0.0
$20x,math notation,1,1,0.0008177243871614337,0.0008177243871614337,0.0
simplify,other word,34,32,0.026511268311878666,0.0007797431856434902,0.0048934395060933715
154,number,1,1,0.0007616666262038052,0.0007616666262038052,0.0
arithmetic,other word,15,11,0.011126898520160466,0.0007417932346773644,0.0007861528583927621
dec,other word,2,1,0.0014448101865127683,0.0007224050932563841,0.0010681794010325594
1728,number,2,2,0.0014380194479599595,0.0007190097239799798,0.001478866936319378
34(1,math notation,2,1,0.001415810373146087,0.0007079051865730435,0.002312048495729709
canadian,other word,2,1,0.0014082761481404305,0.0007041380740702152,0.0033561881205091608
46y,number,1,1,0.0007020521443337202,0.0007020521443337202,0.0
money,other word,22,17,0.01541647408157587,0.0007007488218898123,0.012928310118101801
16,number,53,42,0.03641743864864111,0.0006871214839366247,0.0033367893502820383
taking,other word,11,3,0.0074146275874227285,0.0006740570534020662,0.0029751765444619976
404,number,5,4,0.0032248608767986298,0.0006449721753597259,0.001688294354134256
circumference,other word,2,2,0.001282314769923687,0.0006411573849618435,0.01773911084322339
choice,other word,1,1,0.0006382144056260586,0.0006382144056260586,0.0
approximating,other word,1,1,0.0006371834315359592,0.0006371834315359592,0.0
capacity,other word,1,1,0.0006355894729495049,0.0006355894729495049,0.0
restrict,other word,1,1,0.0006340664112940431,0.0006340664112940431,0.0
105,number,2,2,0.0012229048879817128,0.0006114524439908564,0.0004261730035968736
subsequent,other word,2,2,0.00120074232108891,0.000600371160544455,0.001211601134089052
1691,number,1,1,0.0005897078663110733,0.0005897078663110733,0.0
increase,other word,22,14,0.012646189890801907,0.0005748268132182685,0.007042265610084936
3g_a,math notation,1,1,0.0005508395843207836,0.0005508395843207836,0.0
closest,other word,1,1,0.0005383285460993648,0.0005383285460993648,0.0
52,number,8,4,0.004198229522444308,0.0005247786903055385,0.003285560761213355
\(t_3,math notation,1,1,0.0005125836760271341,0.0005125836760271341,0.0
pa,other word,5,2,0.0025468101375736296,0.0005093620275147259,0.0007792223523182203
aa,other word,2,2,0.0010122747626155615,0.0005061373813077807,0.0009023073094724912
58,number,3,3,0.0014945054426789284,0.0004981684808929762,0.003546254897799356
multiple,other word,9,8,0.00421139900572598,0.0004679332228584422,0.0032614725240026447
beginning,other word,3,2,0.0014027750585228205,0.0004675916861742735,0.0017336588422351272
approximate,other word,3,3,0.0013829008676111698,0.00046096695587038994,0.0012243666786689266
complete,other word,4,4,0.0018414338119328022,0.00046035845298320055,0.007084596969160553
306,number,35,10,0.016088728792965412,0.0004596779655132975,0.0004942813749922596
22,number,12,8,0.005458451574668288,0.0004548709645556907,0.004543170022635491
17,number,46,24,0.02063851134153083,0.0004486632900332789,0.0041971212997862625
relative,other word,4,4,0.0017055547796189785,0.0004263886949047446,0.005699877317034708
factored,other word,4,4,0.0016989274299703538,0.00042473185749258846,0.001023982193264407
face,other word,11,8,0.00463607267010957,0.0004214611518281427,0.0018999705951871714
inclusion,other word,2,2,0.0008083144202828407,0.00040415721014142036,0.0010774586635813215
centers,other word,3,1,0.0012032317463308573,0.00040107724877695244,0.0007973026144057638
rectangular,other word,2,2,0.0007290332578122616,0.0003645166289061308,0.001944139456034519
flavor,other word,2,2,0.0006951466202735901,0.00034757331013679504,0.00418345403634283
internal,other word,3,2,0.0010385164059698582,0.00034617213532328606,0.001589869291938598
201,number,5,4,0.0016950652934610844,0.0003390130586922169,0.0022966029317427823
this,other word,253,229,0.08489600260509178,0.0003355573225497699,0.0010765760050669843
rs,other word,2,2,0.0006300220265984535,0.00031501101329922676,0.0023111994878023084
implies,other word,5,4,0.0014816555194556713,0.00029633110389113424,0.0009043768768198082
interval,other word,3,1,0.000823723734356463,0.00027457457811882097,0.00043461171029533416
repetition,other word,1,1,0.0002689128741621971,0.0002689128741621971,0.0
satisfy,other word,13,10,0.0031274271896108985,0.00024057132227776141,0.0007081083808151968
plug,other word,3,3,0.0007199239917099476,0.00023997466390331587,0.0009878038254898633
1500,number,2,2,0.00040770694613456726,0.00020385347306728363,0.002042688501384482
shared,other word,1,1,0.00019858882296830416,0.00019858882296830416,0.0
match,other word,5,5,0.0008417717181146145,0.0001683543436229229,0.003778385431319204
surface,other word,1,1,0.0001620075199753046,0.0001620075199753046,0.0
rocks,other word,8,4,0.0012200141791254282,0.00015250177239067852,0.0077968005217540935
andrea,other word,5,3,0.000760383321903646,0.0001520766643807292,0.0009549081318623188
bisector,other word,15,5,0.00210531271295622,0.000140354180863748,0.001111370198993657
1920,number,1,1,0.0001367335207760334,0.0001367335207760334,0.0
catalan,other word,1,1,0.00010881992056965828,0.00010881992056965828,0.0
sit,other word,3,3,0.00029701879248023033,9.900626416007678e-05,0.006985636595554914
420,number,1,1,8.056778460741043e-05,8.056778460741043e-05,0.0
51(1,math notation,2,1,0.00015134448767639697,7.567224383819848e-05,0.0020190327286078343
dishwasher,other word,4,2,0.00028009305242449045,7.002326310612261e-05,0.01184197466104569
multiplied,other word,1,1,3.226287662982941e-05,3.226287662982941e-05,0.0
replace,other word,1,1,1.117750070989132e-05,1.117750070989132e-05,0.0
k,other word,45,23,-0.0002683336933841929,-5.962970964093175e-06,0.0003164956776327484
a,other word,448,294,-0.01133186201332137,-2.5294334851163774e-05,0.0010017639211248543
ce,other word,1,1,-4.2835716158151627e-05,-4.2835716158151627e-05,0.0
turning,other word,7,4,-0.0003793272189795971,-5.418960271137101e-05,0.0033692106743400283
floor,other word,13,6,-0.0011254369746893644,-8.657207497610495e-05,0.0014587930031190028
room,other word,12,8,-0.0012013230007141829,-0.00010011025005951524,0.012351644528816317
30°,number,1,1,-0.00010340102016925812,-0.00010340102016925812,0.0
natural,other word,1,1,-0.00011023739352822304,-0.00011023739352822304,0.0
80,number,14,12,-0.001610341714695096,-0.00011502440819250686,0.0029748731332732516
checking,other word,1,1,-0.00012647460971493274,-0.00012647460971493274,0.0
quickly,other word,1,1,-0.00016178202349692583,-0.00016178202349692583,0.0
expansion,other word,1,1,-0.00016859243623912334,-0.00016859243623912334,0.0
104,number,2,2,-0.00035051011946052313,-0.00017525505973026156,6.161840440970483e-05
dad,other word,2,1,-0.0003571789711713791,-0.00017858948558568954,0.006619613003079368
12^2,math notation,1,1,-0.0001988064032047987,-0.0001988064032047987,0.0
admission,other word,5,2,-0.0011013899929821491,-0.00022027799859642984,0.0008258086528672975
mn,other word,1,1,-0.0002535296371206641,-0.0002535296371206641,0.0
complement,other word,1,1,-0.0002618539147078991,-0.0002618539147078991,0.0
weighted,other word,1,1,-0.0002676032017916441,-0.0002676032017916441,0.0
volumes,other word,1,1,-0.00026934780180454254,-0.00026934780180454254,0.0
average,other word,23,16,-0.006265605101361871,-0.00027241761310269004,0.0026330246748706037
erasing,other word,1,1,-0.00030137738212943077,-0.00030137738212943077,0.0
fruit,other word,5,3,-0.001563425175845623,-0.0003126850351691246,0.006033399133087647
508,number,1,1,-0.00031449447851628065,-0.00031449447851628065,0.0
ourselves,other word,1,1,-0.0003157173050567508,-0.0003157173050567508,0.0
expected,other word,10,6,-0.0034633742761798203,-0.00034633742761798204,0.0015538171417934644
pyramid,other word,1,1,-0.00037144613452255726,-0.00037144613452255726,0.0
5(6,math notation,1,1,-0.00037238956429064274,-0.00037238956429064274,0.0
means,other word,53,49,-0.01983377616852522,-0.0003742221918589664,0.0026594035771254107
balloons,other word,28,9,-0.010826797690242529,-0.0003866713460800903,0.0026302472935118325
flip,other word,14,5,-0.006039305939339101,-0.0004313789956670787,0.0015796260381743588
190,number,1,1,-0.0004470711573958397,-0.0004470711573958397,0.0
near,other word,1,1,-0.00046167289838194847,-0.00046167289838194847,0.0
periods,other word,4,3,-0.0018658214248716831,-0.0004664553562179208,0.00970380457601774
call,other word,2,2,-0.0009659202769398689,-0.00048296013846993446,0.00018900029815751648
innermost,other word,1,1,-0.0004884812515228987,-0.0004884812515228987,0.0
61,number,3,3,-0.0015408063773065805,-0.0005136021257688602,0.0013990796297956216
faster,other word,1,1,-0.0005327060353010893,-0.0005327060353010893,0.0
2^{3x,math notation,2,1,-0.001065971504431218,-0.000532985752215609,0.0006280643722366995
3a,number,9,6,-0.004862077068537474,-0.0005402307853930526,0.0028182743758932826
17(17n,math notation,1,1,-0.0005803864914923906,-0.0005803864914923906,0.0
related,other word,4,3,-0.002328514470718801,-0.0005821286176797003,0.00435818819977177
2020,number,7,5,-0.004121085745282471,-0.000588726535040353,0.0027279992896091752
576n,number,6,3,-0.003579495125450194,-0.0005965825209083656,0.0013101684750065142
rule,other word,1,1,-0.0006064634653739631,-0.0006064634653739631,0.0
g^4,math notation,1,1,-0.0006257665809243917,-0.0006257665809243917,0.0
12^3,math notation,1,1,-0.0006282934918999672,-0.0006282934918999672,0.0
combination,other word,7,6,-0.004488039645366371,-0.0006411485207666244,0.0027096095668194833
34x,number,1,1,-0.000683498801663518,-0.000683498801663518,0.0
40,number,37,25,-0.025367309746798128,-0.0006856029661296791,0.002118940075516595
basketball,other word,4,2,-0.0027861157432198524,-0.0006965289358049631,0.006059500227780633
falls,other word,7,1,-0.0048786066472530365,-0.0006969438067504338,0.0008061580733138586
$64$,math notation,2,1,-0.0014072582125663757,-0.0007036291062831879,0.0012246428672070785
similarity,other word,4,3,-0.002820929395966232,-0.000705232348991558,0.0010999495827556914
each,other word,171,146,-0.12506318860687315,-0.0007313636760635857,0.0026973643395624266
plate,other word,2,2,-0.001476457342505455,-0.0007382286712527275,0.00047526268106027074
such,other word,40,38,-0.030521701904945076,-0.0007630425476236269,0.0033557170882475007
respective,other word,1,1,-0.0007680063135921955,-0.0007680063135921955,0.0
gains,other word,1,1,-0.0007828562520444393,-0.0007828562520444393,0.0
determinant,other word,1,1,-0.0007860388141125441,-0.0007860388141125441,0.0
existing,other word,1,1,-0.000810080673545599,-0.000810080673545599,0.0
add,other word,39,38,-0.031644491478800774,-0.0008113972174051481,0.0022784766183159043
4^5,math notation,1,1,-0.0008194271940737963,-0.0008194271940737963,0.0
erase,other word,1,1,-0.0008462491678074002,-0.0008462491678074002,0.0
below,other word,1,1,-0.0008532158099114895,-0.0008532158099114895,0.0
clarification,other word,1,1,-0.0008758167969062924,-0.0008758167969062924,0.0
2(15,math notation,1,1,-0.0008836789056658745,-0.0008836789056658745,0.0
x^3,math notation,3,2,-0.002659846388269216,-0.0008866154627564052,0.000804439558158613
25,number,44,34,-0.03933017625240609,-0.0008938676421001384,0.0029916270308266426
markers,other word,1,1,-0.0008944327710196376,-0.0008944327710196376,0.0
teams,other word,5,4,-0.004547542193904519,-0.0009095084387809038,0.005125056472580071
repeats,other word,2,2,-0.0018401907291263342,-0.0009200953645631671,0.0005934499352285959
raised,other word,6,3,-0.005526976892724633,-0.0009211628154541055,0.0011002831764128048
4^3,math notation,1,1,-0.0009274623589590192,-0.0009274623589590192,0.0
frances,other word,8,3,-0.007446829695254564,-0.0009308537119068205,0.008391553647806782
raising,other word,1,1,-0.0009347429731860757,-0.0009347429731860757,0.0
153,number,1,1,-0.0009349319152534008,-0.0009349319152534008,0.0
potential,other word,1,1,-0.0010094731114804745,-0.0010094731114804745,0.0
sixteen,other word,2,1,-0.0020563711877912283,-0.0010281855938956141,0.001405883617745098
2)(10,math notation,1,1,-0.001083252253010869,-0.001083252253010869,0.0
sines,other word,1,1,-0.0011001040693372488,-0.0011001040693372488,0.0
correctly,other word,1,1,-0.001105787232518196,-0.001105787232518196,0.0
deal,other word,1,1,-0.0011241866741329432,-0.0011241866741329432,0.0
divides,other word,7,7,-0.007961930707097054,-0.0011374186724424362,0.004704816915400968
ends,other word,2,2,-0.002280812244862318,-0.001140406122431159,0.00025984972673077385
relationships,other word,3,3,-0.0035206046886742115,-0.0011735348962247372,0.03817921984503026
recursive,other word,2,2,-0.0023541381815448403,-0.0011770690907724202,0.00029805777938039145
buttons,other word,17,6,-0.020148917101323605,-0.0011852304177249178,0.013398818911310674
size,other word,4,2,-0.004783604759722948,-0.001195901189930737,0.0005526271363452771
children,other word,12,6,-0.014550366438925266,-0.0012125305365771055,0.007071793137750422
aim,other word,1,1,-0.0012189007829874754,-0.0012189007829874754,0.0
assumed,other word,1,1,-0.0012302180984988809,-0.0012302180984988809,0.0
exact,other word,3,3,-0.0037147533148527145,-0.0012382511049509048,0.005495097720429411
behavior,other word,3,3,-0.0038345512002706528,-0.0012781837334235509,0.0010168826987957446
impact,other word,1,1,-0.0012925025075674057,-0.0012925025075674057,0.0
ef,other word,1,1,-0.0012944908812642097,-0.0012944908812642097,0.0
liters,other word,6,5,-0.007840442936867476,-0.0013067404894779127,0.01256281630253112
511,number,1,1,-0.0013313000090420246,-0.0013313000090420246,0.0
discern,other word,1,1,-0.0013395417481660843,-0.0013395417481660843,0.0
decay,other word,3,1,-0.0040457891300320625,-0.001348596376677354,0.0021032762929658923
464,number,1,1,-0.0013490705750882626,-0.0013490705750882626,0.0
sugar,other word,8,7,-0.011051518842577934,-0.0013814398553222418,0.006665987388092938
required,other word,11,11,-0.01521221362054348,-0.0013829285109584982,0.010817520274226423
50,number,12,8,-0.016617085435427725,-0.0013847571196189772,0.002150018033768865
theoretically,other word,1,1,-0.0014404961839318275,-0.0014404961839318275,0.0
curve,other word,1,1,-0.0014479088131338358,-0.0014479088131338358,0.0
4a_1,math notation,1,1,-0.001469164912123233,-0.001469164912123233,0.0
alternate,other word,1,1,-0.0015039832796901464,-0.0015039832796901464,0.0
137,number,2,2,-0.0030240074265748262,-0.0015120037132874131,0.001288928911941526
kilos,other word,2,2,-0.0030387365259230137,-0.0015193682629615068,0.0007335677093295075
egyptian,other word,5,1,-0.0076389005407691,-0.00152778010815382,0.0021616939355375816
remains,other word,4,3,-0.006225114921107888,-0.001556278730276972,0.003753900193125936
5^3,math notation,1,1,-0.001561622484587133,-0.001561622484587133,0.0
7b,number,1,1,-0.0015868351329118013,-0.0015868351329118013,0.0
students,other word,65,25,-0.10411693528294563,-0.0016017990043530098,0.002000002581838428
age,other word,51,18,-0.082955711055547,-0.0016265825697166078,0.004571330078823022
sides,other word,68,58,-0.11064070160500705,-0.0016270691412501037,0.0030198158600212724
of,other word,1589,735,-2.589792844024487,-0.0016298255783665746,0.00038245910328901496
three,other word,51,42,-0.0834110404830426,-0.0016355105977067176,0.0012302738242584833
represent,other word,7,7,-0.011458162916824222,-0.0016368804166891745,0.002532607323529787
trilisa,other word,1,1,-0.0016477620229125023,-0.0016477620229125023,0.0
lana,other word,1,1,-0.0016791516682133079,-0.0016791516682133079,0.0
885,number,3,2,-0.005054937792010605,-0.001684979264003535,0.0028242826880683007
factorized,other word,2,2,-0.0034574801102280617,-0.0017287400551140308,0.00033036181587981704
achieved,other word,3,2,-0.005194613477215171,-0.0017315378257383902,0.0007349248489012136
enumerate,other word,2,1,-0.0034861917374655604,-0.0017430958687327802,0.0007700850312729431
\text{daily,math notation,1,1,-0.0018043667078018188,-0.0018043667078018188,0.0
missing,other word,1,1,-0.0018559717573225498,-0.0018559717573225498,0.0
we,other word,790,579,-1.4731643331761006,-0.0018647649787039249,0.0006730958058113556
recall,other word,3,3,-0.0057387815322726965,-0.0019129271774242322,0.0008794863439516623
63,number,1,1,-0.0019321476574987173,-0.0019321476574987173,0.0
x^4,math notation,1,1,-0.0019362152088433504,-0.0019362152088433504,0.0
320,number,1,1,-0.0020094113424420357,-0.0020094113424420357,0.0
ace,other word,6,4,-0.012115614488720894,-0.002019269081453482,0.00160147914422243
method,other word,1,1,-0.002024174900725484,-0.002024174900725484,0.0
chart,other word,1,1,-0.002029187511652708,-0.002029187511652708,0.0
land,other word,2,1,-0.004117901436984539,-0.0020589507184922695,0.0037480382370993245
cardinality,other word,1,1,-0.0020641013979911804,-0.0020641013979911804,0.0
p_3,math notation,4,4,-0.00828852434642613,-0.0020721310866065323,0.0020026791435765875
relates,other word,1,1,-0.002076182048767805,-0.002076182048767805,0.0
kilo,other word,4,3,-0.008406719076447189,-0.002101679769111797,0.004253261634787896
small,other word,16,7,-0.03380864777136594,-0.0021130404857103713,0.0013863162743548167
mx,other word,1,1,-0.0021286874543875456,-0.0021286874543875456,0.0
pays,other word,5,5,-0.010801919735968113,-0.0021603839471936227,0.007189917910424509
involving,other word,2,2,-0.004374892567284405,-0.0021874462836422026,0.0024564625113031205
bottle,other word,2,1,-0.004391186637803912,-0.002195593318901956,0.0004989420482518688
iron,other word,2,1,-0.004393965005874634,-0.002196982502937317,0.0021496361294808756
tallest,other word,3,3,-0.006639210507273674,-0.0022130701690912247,0.008587520637044049
passes,other word,1,1,-0.002230779267847538,-0.002230779267847538,0.0
gerta,other word,2,1,-0.0044829883845523,-0.00224149419227615,0.001502929741050749
walk,other word,1,1,-0.0022695381194353104,-0.0022695381194353104,0.0
785,number,2,2,-0.00455862027592957,-0.002279310137964785,0.0015269260739458456
45%,number,1,1,-0.0022931285202503204,-0.0022931285202503204,0.0
as,other word,193,135,-0.4486251832859125,-0.0023244828149529143,0.001310263956565271
70%,number,2,2,-0.004662442486733198,-0.002331221243366599,0.019416970296997002
equivalent,other word,5,5,-0.011725270189344883,-0.0023450540378689767,0.0027206181590078973
assignments,other word,2,2,-0.0047253514640033245,-0.0023626757320016623,0.001962855949495896
plan,other word,1,1,-0.002376261632889509,-0.002376261632889509,0.0
210,number,1,1,-0.0023767403326928616,-0.0023767403326928616,0.0
region,other word,6,5,-0.014272080734372139,-0.0023786801223953566,0.0026435691452135397
bcde,other word,1,1,-0.0023809410631656647,-0.0023809410631656647,0.0
rectangles,other word,4,2,-0.009531146381050348,-0.002382786595262587,0.0033105075002785008
half,other word,24,19,-0.05723765050061047,-0.002384902104192103,0.0019950836946309156
31,number,4,2,-0.009615280199795961,-0.0024038200499489903,0.003054875756566936
comic,other word,1,1,-0.002405994338914752,-0.002405994338914752,0.0
few,other word,4,4,-0.009660225710831583,-0.0024150564277078956,0.0021135776080351957
64,number,8,7,-0.0194084532558918,-0.002426056656986475,0.0039779088294084166
cevian,other word,1,1,-0.0024318010546267033,-0.0024318010546267033,0.0
canceling,other word,1,1,-0.0024342239485122263,-0.0024342239485122263,0.0
plane,other word,3,2,-0.007333585643209517,-0.0024445285477365055,0.004202027560025796
leaving,other word,4,2,-0.00978100299835205,-0.0024452507495880127,0.001924731206641452
35,number,11,8,-0.027171463472768664,-0.0024701330429789696,0.006686901462103063
pe,other word,3,2,-0.007505858666263521,-0.002501952888754507,0.0018837469057510698
parallel,other word,2,2,-0.005029474152252078,-0.002514737076126039,9.061646516099365e-05
most,other word,6,4,-0.015124689904041588,-0.002520781650673598,0.009025727811873382
coordinate,other word,1,1,-0.002527195494621992,-0.002527195494621992,0.0
6m,number,2,2,-0.005067981779575348,-0.002533990889787674,0.005820182611145239
central,other word,6,5,-0.015324652544222772,-0.002554108757370462,0.0012732328763337866
younger,other word,2,2,-0.005161679699085653,-0.0025808398495428264,0.003116820239270507
achieve,other word,4,4,-0.010326649411581457,-0.002581662352895364,0.0031209827866285314
principal,other word,2,2,-0.005239254329353571,-0.0026196271646767855,0.007158507053315088
8112,number,1,1,-0.0026418614434078336,-0.0026418614434078336,0.0
cosines,other word,2,2,-0.00533018063288182,-0.00266509031644091,0.0013269713406473859
contain,other word,2,2,-0.005343222990632057,-0.0026716114953160286,0.00270959718316309
corresponds,other word,1,1,-0.002687344327569008,-0.002687344327569008,0.0
27p_3,math notation,3,3,-0.008075135061517358,-0.0026917116871724525,0.005697862974400618
6^3,math notation,1,1,-0.002699333243072033,-0.002699333243072033,0.0
separately,other word,4,4,-0.01083601638674736,-0.00270900409668684,0.014235999560874523
there,other word,100,88,-0.27269581879954785,-0.0027269581879954784,0.0013887389797893558
large,other word,14,11,-0.03889471641741693,-0.002778194029815495,0.0018352042705559043
imagine,other word,1,1,-0.002784348325803876,-0.002784348325803876,0.0
degrees,other word,2,2,-0.005617048474960029,-0.0028085242374800146,0.0025563822347283863
jar,other word,1,1,-0.0028255695942789316,-0.0028255695942789316,0.0
emerge,other word,1,1,-0.002830902114510536,-0.002830902114510536,0.0
definitions,other word,1,1,-0.002853316254913807,-0.002853316254913807,0.0
3/8th,math notation,1,1,-0.0028694365173578262,-0.0028694365173578262,0.0
turn,other word,2,2,-0.0057625737972557545,-0.0028812868986278772,0.0012660806279190019
isotope,other word,11,3,-0.03184970060829073,-0.00289542732802643,0.006069163886438461
34,number,10,7,-0.029219970921985805,-0.0029219970921985803,0.003305978060517766
goal,other word,2,2,-0.0058560920879244804,-0.0029280460439622402,0.0011379902637576962
3(10,math notation,1,1,-0.0029406992252916098,-0.0029406992252916098,0.0
×,math notation,11,9,-0.03265621897298843,-0.002968747179362584,0.0021490869908317284
utensils,other word,3,3,-0.008913743309676647,-0.0029712477698922157,0.0044483793209069665
close,other word,4,3,-0.011912182555533946,-0.0029780456388834864,0.001680692864336143
applying,other word,7,4,-0.020913342479616404,-0.002987620354230915,0.003254478457160958
results,other word,8,7,-0.02396941091865301,-0.0029961763648316264,0.008282332313729844
stanley,other word,4,2,-0.012058973545208573,-0.0030147433863021433,0.003826630023840471
1024,number,3,3,-0.0090885199024342,-0.003029506634144733,0.0015006743943966278
pythagorean,other word,6,6,-0.018236984906252474,-0.003039497484375412,0.0010834133380361495
extremes,other word,2,2,-0.0061176675371825695,-0.0030588337685912848,0.001336423718083684
reading,other word,1,1,-0.0030917776748538017,-0.0030917776748538017,0.0
law,other word,2,2,-0.006186107872053981,-0.0030930539360269904,0.0015260643684571504
anne,other word,2,2,-0.0062047215178608894,-0.0031023607589304447,0.0060482713124824505
through,other word,15,13,-0.04740588250569999,-0.003160392167046666,0.003832909869250756
letters,other word,15,5,-0.04755696281790733,-0.003170464187860489,0.0017489300675947298
735840,number,2,1,-0.0063670623349025846,-0.0031835311674512923,0.0015814254475881304
72,number,7,5,-0.022372917272150517,-0.003196131038878645,0.0021648109279708127
closer,other word,1,1,-0.0031990637071430683,-0.0031990637071430683,0.0
soccer,other word,4,3,-0.01286189176607877,-0.0032154729415196925,0.006914578205613503
$12$,math notation,1,1,-0.0032259467989206314,-0.0032259467989206314,0.0
mathematical,other word,1,1,-0.00325086060911417,-0.00325086060911417,0.0
343,number,4,4,-0.013013592455536127,-0.0032533981138840318,0.0005799749186447663
4a_2,math notation,1,1,-0.0032567402813583612,-0.0032567402813583612,0.0
tangency,other word,1,1,-0.003275098279118538,-0.003275098279118538,0.0
sell,other word,2,1,-0.006588947959244251,-0.0032944739796221256,0.001989427726484618
infer,other word,2,2,-0.006590248784050345,-0.0032951243920251727,0.0024206435758104008
cheerios,other word,6,4,-0.019919175188988447,-0.0033198625314980745,0.021359095261214763
41,number,1,1,-0.003333587432280183,-0.003333587432280183,0.0
mines,other word,1,1,-0.0033447020687162876,-0.0033447020687162876,0.0
miles,other word,15,6,-0.05074652167968452,-0.0033831014453123013,0.018131184587369155
5(4,math notation,1,1,-0.003407851792871952,-0.003407851792871952,0.0
distance,other word,23,14,-0.07859364117030054,-0.0034171148334913278,0.0012835308241945403
consists,other word,2,2,-0.0068494840525090694,-0.0034247420262545347,0.0019775566385475942
other,other word,21,19,-0.07299733374384232,-0.003476063511611539,0.0036759980909881187
$2t$,math notation,1,1,-0.0034803356975317,-0.0034803356975317,0.0
15,number,36,27,-0.12595482787583023,-0.003498745218773062,0.004325846834594619
rewritten,other word,2,2,-0.007063419907353818,-0.003531709953676909,0.001309253365296238
contestant,other word,2,1,-0.007105776574462652,-0.003552888287231326,0.0011745864052469309
carrots,other word,3,2,-0.010666049551218748,-0.0035553498504062495,0.015868375709221637
simply,other word,1,1,-0.003581203520298004,-0.003581203520298004,0.0
9th,number,2,1,-0.007168643642216921,-0.0035843218211084604,0.0004797580705078878
acronym,other word,1,1,-0.003617348149418831,-0.003617348149418831,0.0
teacher,other word,9,4,-0.03270734893158078,-0.0036341498812867534,0.0042863708248537065
tight,other word,1,1,-0.0036472096107900143,-0.0036472096107900143,0.0
8281,number,4,1,-0.014631900005042553,-0.0036579750012606382,0.0011557564448026654
part,other word,7,7,-0.025808623293414712,-0.0036869461847735302,0.0032541932546729705
subtended,other word,3,2,-0.01106655050534755,-0.0036888501684491834,0.003013400988666898
splits,other word,1,1,-0.003707976546138525,-0.003707976546138525,0.0
distinct,other word,14,11,-0.05240414186846465,-0.003743152990604618,0.0045479078960609255
471,number,6,4,-0.0227400038857013,-0.0037900006476168833,0.0027680510712456644
2^4,math notation,1,1,-0.0038023883244022727,-0.0038023883244022727,0.0
donuts,other word,6,4,-0.022891977336257696,-0.003815329556042949,0.025241771811861522
looking,other word,8,8,-0.03053209587233141,-0.0038165119840414263,0.0020211716540001474
leave,other word,1,1,-0.003817579708993435,-0.003817579708993435,0.0
noting,other word,1,1,-0.0038321646861732006,-0.0038321646861732006,0.0
2^9,math notation,1,1,-0.003839302808046341,-0.003839302808046341,0.0
evenly,other word,1,1,-0.003856482682749629,-0.003856482682749629,0.0
expanding,other word,2,2,-0.007728492841124535,-0.0038642464205622673,0.00040029035227672405
round,other word,4,4,-0.015484066680073738,-0.0038710166700184345,0.0025807158405119356
purchased,other word,1,1,-0.0039163632318377495,-0.0039163632318377495,0.0
isolate,other word,7,7,-0.02742619509808719,-0.003918027871155313,0.00599645808152402
336,number,6,6,-0.0235137902200222,-0.003918965036670367,0.01130691574503905
outcome,other word,1,1,-0.003931819461286068,-0.003931819461286068,0.0
eaten,other word,12,8,-0.04722431430127472,-0.003935359525106226,0.005154483017238974
inscribed,other word,4,2,-0.01575020095333457,-0.0039375502383336425,0.003961553110859518
2^{3,math notation,1,1,-0.003964815172366798,-0.003964815172366798,0.0
break,other word,53,53,-0.21236005250830203,-0.004006793443552869,0.0017676977385522254
dot,other word,1,1,-0.004023158457130194,-0.004023158457130194,0.0
pot,other word,2,1,-0.008059305138885975,-0.0040296525694429874,0.004088639102989257
invested,other word,1,1,-0.004033515229821205,-0.004033515229821205,0.0
amount,other word,72,52,-0.29052859696093947,-0.0040351194022352705,0.003533326373353163
it,other word,117,97,-0.4735940577229485,-0.0040478124591705,0.002438558084245481
14,number,27,24,-0.10961739113554358,-0.0040599033753905035,0.001686874678675854
for,other word,364,285,-1.4789887022634503,-0.004063155775449039,0.0011120641820853373
removing,other word,2,2,-0.008127871435135603,-0.0040639357175678015,0.008049383758808332
extra,other word,2,2,-0.008178164716809988,-0.004089082358404994,0.0022915552697653106
lies,other word,4,4,-0.016538386465981603,-0.004134596616495401,0.0014773622467308032
smallest,other word,37,28,-0.15301798708969727,-0.0041356212726945205,0.0015353444485611907
rises,other word,6,1,-0.024828586727380753,-0.004138097787896792,0.0009942195078377976
hundred,other word,2,1,-0.008315833751112223,-0.004157916875556111,0.0021926415553940523
yield,other word,4,4,-0.016689006006345153,-0.004172251501586288,0.001543952966781498
900,number,4,4,-0.016719980398193002,-0.0041799950995482504,0.005789563298810819
person,other word,13,8,-0.05449163087178022,-0.004191663913213863,0.008499840277392399
jerry,other word,2,2,-0.00838559027761221,-0.004192795138806105,0.0005026466080634621
clear,other word,3,3,-0.012792288791388273,-0.004264096263796091,0.0028530954583424546
gold,other word,2,2,-0.008531726896762848,-0.004265863448381424,0.005680899953798512
4a,number,1,1,-0.004293348640203476,-0.004293348640203476,0.0
255,number,2,1,-0.00859303493052721,-0.004296517465263605,0.00082962284662774
give,other word,5,4,-0.02152612805366516,-0.004305225610733032,0.0029361203869291133
allocate,other word,2,1,-0.008620525011792779,-0.0043102625058963895,0.003063413308648902
bisect,other word,1,1,-0.004328364506363869,-0.004328364506363869,0.0
created,other word,1,1,-0.004329327493906021,-0.004329327493906021,0.0
figures,other word,2,2,-0.008725905907340348,-0.004362952953670174,0.004088941004487135
elementary,other word,1,1,-0.004373394418507814,-0.004373394418507814,0.0
logarithm,other word,2,2,-0.008753861649893224,-0.004376930824946612,0.004841084443389439
96,number,2,2,-0.008769149892032146,-0.004384574946016073,0.00011984028320142529
less,other word,26,23,-0.11417907918803394,-0.004391503045693613,0.0016368627694583627
mixing,other word,1,1,-0.004397463984787464,-0.004397463984787464,0.0
anne's,other word,1,1,-0.00444793701171875,-0.00444793701171875,0.0
system,other word,3,3,-0.013345128507353365,-0.004448376169117789,0.011292942193586515
located,other word,1,1,-0.0044772448018193245,-0.0044772448018193245,0.0
jogging,other word,1,1,-0.004522290080785751,-0.004522290080785751,0.0
2a,number,16,11,-0.07238369574770331,-0.004523980984231457,0.002713258554572723
32,number,13,13,-0.05931287363637239,-0.004562528741259415,0.0055549863314105835
and,other word,637,446,-2.917675046279328,-0.0045803375922752404,0.0007548974517097253
explore,other word,1,1,-0.0045847282744944096,-0.0045847282744944096,0.0
divisibility,other word,5,5,-0.02292447886429727,-0.004584895772859454,0.004825269914088963
net,other word,1,1,-0.004598874598741531,-0.004598874598741531,0.0
states,other word,8,8,-0.03691026830347255,-0.004613783537934069,0.002231409119338824
49,number,10,10,-0.046151465736329556,-0.004615146573632956,0.001628860618785918
1884,number,1,1,-0.004615952260792255,-0.004615952260792255,0.0
main,other word,4,2,-0.01859582681208849,-0.004648956703022122,0.004748652793865494
indicating,other word,1,1,-0.004673191346228123,-0.004673191346228123,0.0
perfect,other word,18,16,-0.08509328402578831,-0.00472740466809935,0.0012218908593902718
convert,other word,17,13,-0.08039626048412174,-0.004729191793183631,0.004210171396119762
phone,other word,8,2,-0.038068587658926845,-0.004758573457365856,0.013291707273822178
3)(15,math notation,1,1,-0.004774895263835788,-0.004774895263835788,0.0
opposite,other word,9,9,-0.04298908181954175,-0.00477656464661575,0.0011105322432664112
soda,other word,3,1,-0.014380477601662278,-0.004793492533887426,0.003399114289516597
leaves,other word,1,1,-0.004822812043130398,-0.004822812043130398,0.0
ambiguity,other word,1,1,-0.004858639091253281,-0.004858639091253281,0.0
john,other word,12,12,-0.05912329885177314,-0.0049269415709810955,0.006132015512698617
happen,other word,1,1,-0.00493484316393733,-0.00493484316393733,0.0
when,other word,57,46,-0.28384332518908195,-0.004979707459457578,0.0021682986468999285
averaging,other word,1,1,-0.005008305422961712,-0.005008305422961712,0.0
minutes/hour,math notation,1,1,-0.005027237348258495,-0.005027237348258495,0.0
martin,other word,2,2,-0.010059750638902187,-0.005029875319451094,0.001848455408566535
medal,other word,2,1,-0.010118088219314814,-0.005059044109657407,0.0017840337859815064
coffee,other word,1,1,-0.005069898907095194,-0.005069898907095194,0.0
encoded,other word,1,1,-0.0050961775705218315,-0.0050961775705218315,0.0
5040,number,1,1,-0.005104003939777613,-0.005104003939777613,0.0
clues,other word,1,1,-0.005128974560648203,-0.005128974560648203,0.0
depends,other word,1,1,-0.005146757699549198,-0.005146757699549198,0.0
substitute,other word,41,38,-0.2116088536567986,-0.005161191552604844,0.0020678235182907557
relationship,other word,2,2,-0.010334792546927929,-0.0051673962734639645,0.00224338026946447
2³,number,1,1,-0.005190772004425526,-0.005190772004425526,0.0
ratio,other word,36,24,-0.1871986478799954,-0.0051999624411109835,0.0021829622620754613
pounds/horse/day,math notation,1,1,-0.005211274139583111,-0.005211274139583111,0.0
132,number,2,1,-0.010425286367535591,-0.0052126431837677956,0.0014672068707381313
effect,other word,2,2,-0.010469822911545634,-0.005234911455772817,0.0010428415306566385
ways,other word,21,15,-0.11067770165391266,-0.005270366745424413,0.004422022666089181
numerical,other word,3,3,-0.015852538170292974,-0.005284179390097658,0.0027918611976470126
variable,other word,3,3,-0.015899877762421966,-0.0052999592541406555,0.002354885617795458
2037171,number,1,1,-0.005303602898493409,-0.005303602898493409,0.0
768,number,2,2,-0.010673246812075377,-0.005336623406037688,0.001029084288930689
binomial,other word,1,1,-0.005338016198948026,-0.005338016198948026,0.0
2025,number,1,1,-0.005347143858671188,-0.005347143858671188,0.0
ben,other word,2,2,-0.010738953249529004,-0.005369476624764502,0.0028475374798483566
higher,other word,1,1,-0.0054351636208593845,-0.0054351636208593845,0.0
calculated,other word,9,9,-0.04942890931852162,-0.005492101035391291,0.005885839306528535
2x,number,7,7,-0.03848160640336573,-0.005497372343337962,0.005466357027542527
simplified,other word,8,8,-0.04407661920413375,-0.005509577400516719,0.002334430089470715
characteristics,other word,1,1,-0.005536006297916174,-0.005536006297916174,0.0
mind,other word,1,1,-0.005543277598917484,-0.005543277598917484,0.0
30}{0,math notation,1,1,-0.005577564937993884,-0.005577564937993884,0.0
look,other word,5,5,-0.02806499437429011,-0.005612998874858022,0.002599972744625297
slightly,other word,1,1,-0.005621369928121567,-0.005621369928121567,0.0
103041,number,1,1,-0.005640219897031784,-0.005640219897031784,0.0
8261,number,2,2,-0.01128384773619473,-0.005641923868097365,0.0005037565025136035
500$,math notation,1,1,-0.005641992669552565,-0.005641992669552565,0.0
lead,other word,1,1,-0.005663867108523846,-0.005663867108523846,0.0
whole,other word,3,3,-0.017027009278535843,-0.005675669759511948,0.0024939591429537743
post-it,other word,17,4,-0.09654902224428952,-0.005679354249664089,0.010635631481290632
desired,other word,4,4,-0.023064336739480495,-0.005766084184870124,0.0026919197602525246
identify,other word,23,23,-0.13317260006442666,-0.00579011304627942,0.006809722859582424
raymond,other word,4,3,-0.02323577692732215,-0.005808944231830537,0.006803151336481497
weight,other word,21,10,-0.12214108591433614,-0.00581624218639696,0.0029845346748015923
drawing,other word,9,4,-0.052499061508569866,-0.0058332290565077625,0.002811673018467676
ore,other word,7,2,-0.041016408475115895,-0.005859486925016556,0.0018800332310254656
verified,other word,1,1,-0.005860081873834133,-0.005860081873834133,0.0
impacts,other word,1,1,-0.0058609489351511,-0.0058609489351511,0.0
jackie,other word,1,1,-0.005891505163162947,-0.005891505163162947,0.0
calculating,other word,8,8,-0.047200457425788045,-0.005900057178223506,0.002800099379547641
doing,other word,2,1,-0.011802076827734709,-0.005901038413867354,0.0033858474834235594
decreases,other word,1,1,-0.005920360330492258,-0.005920360330492258,0.0
converting,other word,1,1,-0.005931698717176914,-0.005931698717176914,0.0
differ,other word,2,1,-0.011941541451960802,-0.005970770725980401,0.0010457928801872265
arranged,other word,3,2,-0.018026522593572736,-0.006008840864524245,0.0019095820736881037
equiangular,other word,1,1,-0.0060163503512740135,-0.0060163503512740135,0.0
ball,other word,1,1,-0.006059796549379826,-0.006059796549379826,0.0
back,other word,19,17,-0.11539285921026021,-0.006073308379487379,0.004067685269735275
well-known,other word,1,1,-0.006079602753743529,-0.006079602753743529,0.0
week,other word,9,6,-0.05490966513752937,-0.00610107390416993,0.01186039510380039
grade,other word,6,5,-0.03677881881594658,-0.0061298031359910965,0.04603481448345991
possibility,other word,3,3,-0.018401548266410828,-0.006133849422136943,0.007149392444188806
cinnamon,other word,4,2,-0.024581243749707937,-0.006145310937426984,0.004082713904983472
principle,other word,4,4,-0.024636438582092524,-0.006159109645523131,0.002363425443575549
increases,other word,13,9,-0.08020343165844679,-0.006169494742957445,0.006561242049917917
eventually,other word,3,3,-0.018581863958388567,-0.006193954652796189,0.005654277539964843
price,other word,19,8,-0.11829613533336669,-0.006226112385966668,0.003370707770423302
emil's,other word,3,1,-0.01870772964321077,-0.006235909881070256,0.0039008050680839792
easily,other word,1,1,-0.006244118791073561,-0.006244118791073561,0.0
candidate,other word,1,1,-0.006258342415094376,-0.006258342415094376,0.0
using,other word,48,48,-0.30190914776176214,-0.006289773911703378,0.0011689573864949385
1}{3,math notation,1,1,-0.006301407003775239,-0.006301407003775239,0.0
post,other word,8,5,-0.05060051940381527,-0.006325064925476909,0.0032525826423814514
1/2,math notation,4,3,-0.025327499955892563,-0.006331874988973141,0.016371877019343006
automatic,other word,3,2,-0.019071434624493122,-0.00635714487483104,0.004137545583098299
consumption,other word,5,3,-0.03178894682787359,-0.006357789365574717,0.002628883193703059
cars,other word,18,4,-0.11540554033126682,-0.006411418907292601,0.008503426811737063
journey,other word,1,1,-0.006413631606847048,-0.006413631606847048,0.0
6th,number,8,5,-0.05148537689819932,-0.006435672112274915,0.0017441989876604543
98,number,2,2,-0.012879673391580582,-0.006439836695790291,0.0017736605575278898
shifting,other word,1,1,-0.006445270963013172,-0.006445270963013172,0.0
pan,other word,2,1,-0.012893052771687508,-0.006446526385843754,0.00041011781196935014
individuals,other word,3,3,-0.01940851705148816,-0.006469505683829387,0.0036146153285817433
rotated,other word,1,1,-0.006488010287284851,-0.006488010287284851,0.0
draws,other word,3,3,-0.01952075958251953,-0.006506919860839844,0.0007167206176516087
9c,number,1,1,-0.0065206727012991905,-0.0065206727012991905,0.0
profit,other word,3,2,-0.019615753553807735,-0.006538584517935912,0.018457695615892368
purpose,other word,1,1,-0.006562188267707825,-0.006562188267707825,0.0
4027,number,2,1,-0.013300087302923203,-0.006650043651461601,0.004036215667431293
outer,other word,3,3,-0.0199901185114868,-0.0066633728371622665,0.0027580125533499464
internet,other word,1,1,-0.006682581268250942,-0.006682581268250942,0.0
gardener,other word,2,2,-0.013367973268032074,-0.006683986634016037,0.020708256057414533
person's,other word,2,1,-0.013407471356913447,-0.006703735678456724,0.000992940155928121
smaller,other word,12,10,-0.08126850082771853,-0.006772375068976544,0.003081753357357048
french,other word,10,5,-0.06778209935873747,-0.006778209935873747,0.006368640698345883
expressing,other word,2,2,-0.013563478831201792,-0.006781739415600896,0.0005226494035850562
good,other word,1,1,-0.006783127784729004,-0.006783127784729004,0.0
reach,other word,4,4,-0.02716068713925779,-0.006790171784814447,0.005986836377959656
81,number,13,12,-0.08845115662552416,-0.006803935125040321,0.004672215015751252
leading,other word,3,3,-0.02051346469670534,-0.006837821565568447,0.01078615023144034
70,number,3,2,-0.020531163085252047,-0.006843721028417349,0.00829813273209261
joined,other word,1,1,-0.00686661247164011,-0.00686661247164011,0.0
linear,other word,5,5,-0.03442211588844657,-0.0068844231776893135,0.010791350208977677
bags,other word,19,8,-0.13086723163723946,-0.0068877490335389185,0.0074097178209898
rainwater,other word,3,2,-0.020708570256829262,-0.006902856752276421,0.007281315468609715
senior,other word,3,2,-0.020721730776131153,-0.006907243592043717,0.01213816026323658
maintain,other word,2,2,-0.013863762374967337,-0.006931881187483668,0.006011124627784542
brianna's,other word,2,2,-0.01389802130870521,-0.006949010654352605,0.001053954139956593
sums,other word,3,3,-0.020998716354370117,-0.006999572118123372,0.002262328123122686
continue,other word,5,4,-0.03515085997059941,-0.007030171994119883,0.006828102647290048
bill,other word,4,4,-0.028147032018750906,-0.0070367580046877265,0.02893584370419255
the,other word,3214,1046,-22.620920704779564,-0.007038245396633343,0.00029546751872688945
lengths,other word,6,5,-0.04225923353806138,-0.007043205589676897,0.004207749057369142
child,other word,2,2,-0.014122659340500832,-0.007061329670250416,0.013452363277622835
673,number,5,4,-0.03550409059971571,-0.007100818119943142,0.0025789221640699854
steel,other word,6,2,-0.04263968486338854,-0.0071066141438980894,0.0021497298474716575
rolling,other word,11,7,-0.07837008580099791,-0.007124553254636174,0.002727140096516673
29,number,2,2,-0.014275808120146394,-0.007137904060073197,0.0070630820607929315
spans,other word,1,1,-0.0071742599830031395,-0.0071742599830031395,0.0
1959,number,4,1,-0.0288743837736547,-0.007218595943413675,0.0008177795304561388
crosses,other word,1,1,-0.007244632579386234,-0.007244632579386234,0.0
forms,other word,1,1,-0.007289207074791193,-0.007289207074791193,0.0
converts,other word,1,1,-0.007300373166799545,-0.007300373166799545,0.0
months/year,math notation,1,1,-0.007303078193217516,-0.007303078193217516,0.0
success,other word,2,1,-0.014626235701143742,-0.007313117850571871,0.0002793272506891882
pineapples,other word,11,5,-0.08080541284289211,-0.007345946622081101,0.007629662485420483
rayna,other word,3,2,-0.022066217614337802,-0.007355405871445934,0.005554303692495416
combined,other word,20,13,-0.14793228940106928,-0.007396614470053464,0.0035869163186203305
fruits,other word,12,7,-0.08997839549556375,-0.007498199624630312,0.007684959845590489
has,other word,107,84,-0.8027036783169024,-0.007501903535671985,0.0047138000463355706
4th,number,8,5,-0.06003196246456355,-0.007503995308070444,0.003308408769608695
seconds,other word,6,4,-0.045222660759463906,-0.007537110126577318,0.004730732798142304
treat,other word,1,1,-0.007546990644186735,-0.007546990644186735,0.0
equate,other word,3,3,-0.02271357295103371,-0.007571190983677904,0.003028007840373744
by,other word,308,228,-2.332106694462709,-0.007571774982021783,0.0008579031626521572
lost,other word,4,2,-0.03031889657722786,-0.007579724144306965,0.011233215261653466
simplification,other word,3,2,-0.022826165426522493,-0.007608721808840831,0.003740022274077899
mixed,other word,1,1,-0.007636618800461292,-0.007636618800461292,0.0
db$,math notation,1,1,-0.00766549538820982,-0.00766549538820982,0.0
assign,other word,2,2,-0.015428664162755013,-0.007714332081377506,0.0015320557240727135
charlie,other word,7,5,-0.0540709663182497,-0.007724423759749958,0.0012010742533788024
building,other word,4,3,-0.030900310026481748,-0.007725077506620437,0.0026909148807315185
pets,other word,4,2,-0.031106044305488467,-0.007776511076372117,0.0028238230131949417
simplifying,other word,23,22,-0.17964961805409985,-0.0078108529588739066,0.010242083077417688
broken,other word,1,1,-0.007830639369785786,-0.007830639369785786,0.0
400,number,7,5,-0.05496905720792711,-0.007852722458275301,0.004149192125508461
handshakes,other word,7,3,-0.05505781713873148,-0.007865402448390211,0.005205826721116529
solve,other word,64,61,-0.5034158997586928,-0.007865873433729575,0.002433064841668213
fit,other word,1,1,-0.007897468283772469,-0.007897468283772469,0.0
another,other word,8,6,-0.06338016083464026,-0.007922520104330033,0.003638796211172737
dinner,other word,10,5,-0.0795073052868247,-0.00795073052868247,0.009618741673405701
neil,other word,1,1,-0.007980515249073505,-0.007980515249073505,0.0
placing,other word,1,1,-0.00798129104077816,-0.00798129104077816,0.0
1296,number,1,1,-0.007992423139512539,-0.007992423139512539,0.0
tickets,other word,5,3,-0.03996428661048412,-0.007992857322096824,0.006230952361782336
certain,other word,1,1,-0.007992926985025406,-0.007992926985025406,0.0
mix,other word,1,1,-0.008050564676523209,-0.008050564676523209,0.0
juicy,other word,2,1,-0.016153582837432623,-0.008076791418716311,0.0018575546826694591
733,number,3,2,-0.02439300622791052,-0.008131002075970173,0.005965822380226091
56,number,11,11,-0.08959237742237747,-0.008144761583852496,0.0033008857475305773
mined,other word,3,2,-0.02445558924227953,-0.008151863080759844,0.0009571827846467496
similar,other word,4,3,-0.032640192192047834,-0.008160048048011959,0.0017258190812356941
meeting,other word,2,2,-0.01632924284785986,-0.00816462142392993,0.009798910800388307
follow,other word,35,35,-0.28657651657704264,-0.00818790047362979,0.0017553799558151406
interpretation,other word,1,1,-0.008210440166294575,-0.008210440166294575,0.0
five,other word,11,6,-0.09035441116429865,-0.008214037378572604,0.004957458852761208
easier,other word,2,2,-0.016529348213225603,-0.008264674106612802,0.008164589864307084
cal's,other word,4,2,-0.03322995617054403,-0.008307489042636007,0.004781812110189959
expressed,other word,4,4,-0.03324578516185284,-0.00831144629046321,0.0009910843889701232
construct,other word,1,1,-0.008337117731571198,-0.008337117731571198,0.0
score,other word,8,5,-0.06730832974426448,-0.00841354121803306,0.00401713475115755
recheck,hedging / contrast,1,1,-0.00842789572197944,-0.00842789572197944,0.0
find,other word,239,217,-2.0175806352344807,-0.008441759980060588,0.001157762215870739
charges,other word,1,1,-0.008598913438618183,-0.008598913438618183,0.0
27,number,6,6,-0.051956503244582564,-0.008659417207430428,0.002463802280776602
432,number,1,1,-0.008659875253215432,-0.008659875253215432,0.0
very,other word,7,6,-0.06085090874694288,-0.008692986963848983,0.0010476259176425175
648,number,1,1,-0.008740060962736607,-0.008740060962736607,0.0
earnings,other word,14,8,-0.12253844179213047,-0.008752745842295033,0.0073955223117757015
many,other word,61,55,-0.5359830730012618,-0.008786607754119045,0.0013222784548393674
tend,other word,1,1,-0.008787969127297401,-0.008787969127297401,0.0
playing,other word,5,2,-0.0439953044988215,-0.008799060899764299,0.002399153271126651
finding,other word,7,6,-0.0619297381490469,-0.008847105449863843,0.0033332724410945094
page,other word,1,1,-0.008881939575076103,-0.008881939575076103,0.0
cindy,other word,1,1,-0.00889801885932684,-0.00889801885932684,0.0
2209,number,1,1,-0.008917535655200481,-0.008917535655200481,0.0
720,number,1,1,-0.008924102410674095,-0.008924102410674095,0.0
previous,other word,4,4,-0.03577423607930541,-0.008943559019826353,0.002689110795080909
from,other word,172,131,-1.546784663310973,-0.008992934089017284,0.001393084216107527
themselves,other word,2,2,-0.018054485321044922,-0.009027242660522461,0.0022148853778763116
directly,other word,10,10,-0.090431785909459,-0.009043178590945899,0.003211412273200267
donates,other word,1,1,-0.009063251782208681,-0.009063251782208681,0.0
compare,other word,5,5,-0.0453592287376523,-0.00907184574753046,0.0020782763195273065
isolating,other word,1,1,-0.009097476722672582,-0.009097476722672582,0.0
potentially,other word,2,2,-0.018196978140622377,-0.009098489070311189,0.001502890598811556
found,other word,9,9,-0.08197658439166844,-0.009108509376852049,0.005148268216048046
nice,other word,1,1,-0.009138633497059345,-0.009138633497059345,0.0
known,other word,6,6,-0.05515239667147398,-0.00919206611191233,0.0011309903259208672
\(6.4,math notation,1,1,-0.009202048066072166,-0.009202048066072166,0.0
jason,other word,6,6,-0.05524564255028963,-0.009207607091714939,0.013854403839034702
knowing,other word,1,1,-0.009219231083989143,-0.009219231083989143,0.0
manual,other word,3,2,-0.027870849706232548,-0.009290283235410849,0.0024278676276144498
944,number,5,3,-0.04656406200956553,-0.009312812401913107,0.004291192786356074
$6000,math notation,2,2,-0.018677904037758708,-0.009338952018879354,0.017449709754877526
pension,other word,5,2,-0.04677806328982115,-0.00935561265796423,0.005160753004622988
leads,other word,1,1,-0.009382670745253563,-0.009382670745253563,0.0
produces,other word,1,1,-0.009383762255311012,-0.009383762255311012,0.0
exactly,other word,15,13,-0.14118921477347612,-0.009412614318231741,0.002811161425353723
color,other word,7,7,-0.06598897464573383,-0.009426996377961976,0.0040958165525316345
kb,other word,2,1,-0.01890869438648224,-0.00945434719324112,0.00955482687613283
carl,other word,7,5,-0.06654601031914353,-0.009506572902734791,0.010750061013923706
against,other word,4,2,-0.038060716819018126,-0.009515179204754531,0.0031486555932504247
reasoning,other word,1,1,-0.009516690857708454,-0.009516690857708454,0.0
picture,other word,2,1,-0.01912970095872879,-0.009564850479364395,0.004866880990015169
do,other word,10,10,-0.09575153241166845,-0.009575153241166845,0.0030249198184692083
savings,other word,8,6,-0.0767770647071302,-0.009597133088391274,0.011376655553756295
properties,other word,17,16,-0.16344322776421905,-0.009614307515542297,0.00211161622217178
divided,other word,16,16,-0.15390516724437475,-0.009619072952773422,0.0038280538913375147
fourier,other word,2,1,-0.0192714910954237,-0.00963574554771185,0.015965345412482602
202,number,5,5,-0.0482990046730265,-0.0096598009346053,0.0025114925949133553
heron's,other word,2,2,-0.019374552182853222,-0.009687276091426611,0.004265136933662721
adjust,other word,2,2,-0.019428148865699768,-0.009714074432849884,0.010033167923495666
used,other word,20,14,-0.1960437512025237,-0.009802187560126185,0.010009910420544107
greater,other word,18,15,-0.17697215685620904,-0.009831786492011614,0.0023199300839611622
sales,other word,1,1,-0.009833386167883873,-0.009833386167883873,0.0
ordered,other word,5,5,-0.0492064505815506,-0.00984129011631012,0.0073119989590092315
george,other word,13,7,-0.128126781899482,-0.009855906299960155,0.004059307489952439
weekly,other word,3,2,-0.029610631056129932,-0.00987021035204331,0.0036676840557048128
45,number,8,8,-0.07937253033742309,-0.009921566292177886,0.009271137570460096
try,other word,4,4,-0.039782490115612745,-0.009945622528903186,0.005675393395405953
four,other word,8,6,-0.07981978473253548,-0.009977473091566935,0.006315798942060489
oatmeal,other word,11,8,-0.11006899981293827,-0.010006272710267116,0.008773286933419791
seen,other word,1,1,-0.010011453181505203,-0.010011453181505203,0.0
imply,other word,1,1,-0.010020830668509007,-0.010020830668509007,0.0
logarithmic,other word,3,3,-0.030090562882833183,-0.010030187627611062,0.00355172834528998
driveway,other word,2,1,-0.020194642711430788,-0.010097321355715394,0.0037233340923352415
under,other word,5,5,-0.05110462615266442,-0.010220925230532885,0.004086321301582819
denominators,other word,1,1,-0.010251961881294847,-0.010251961881294847,0.0
wife,other word,8,5,-0.08209222322329879,-0.010261527902912349,0.015001783501662648
are,other word,251,197,-2.576659124781145,-0.010265574202315319,0.0013585479207977131
always,other word,3,3,-0.030815405305474997,-0.010271801768491665,0.004777642176277472
8092,number,1,1,-0.010274212341755629,-0.010274212341755629,0.0
672,number,3,3,-0.030846551759168506,-0.010282183919722835,0.00443644994415577
yellow,other word,8,4,-0.08235427201725543,-0.010294284002156928,0.0035216433107280237
exclude,other word,1,1,-0.010304971598088741,-0.010304971598088741,0.0
share,other word,1,1,-0.010314512997865677,-0.010314512997865677,0.0
play,other word,4,3,-0.041542444843798876,-0.010385611210949719,0.003942567141568409
say,other word,2,2,-0.020837266463786364,-0.010418633231893182,0.009737855328055831
1849,number,1,1,-0.010427812114357948,-0.010427812114357948,0.0
notices,other word,1,1,-0.010460386984050274,-0.010460386984050274,0.0
whose,other word,1,1,-0.010490331798791885,-0.010490331798791885,0.0
exceeding,other word,1,1,-0.010496136732399464,-0.010496136732399464,0.0
essentially,other word,3,3,-0.03162646293640137,-0.010542154312133789,0.006195253373609877
1856,number,1,1,-0.010559064336121082,-0.010559064336121082,0.0
sports,other word,1,1,-0.010562662966549397,-0.010562662966549397,0.0
into,other word,79,73,-0.8401387378107756,-0.010634667567225009,0.0022520018483030402
mine,other word,4,2,-0.042552204336971045,-0.010638051084242761,0.004150627844565918
more,other word,23,22,-0.2457539940951392,-0.010684956265006052,0.0025834258095799355
know,other word,55,55,-0.5894327773421537,-0.010716959588039159,0.004159277266092313
1938,number,2,1,-0.021495875902473927,-0.010747937951236963,0.0040421761537730435
suggests,other word,1,1,-0.010769981890916824,-0.010769981890916824,0.0
duration,other word,2,2,-0.021541571244597435,-0.010770785622298717,0.014426872172179599
shaken,other word,1,1,-0.010785913094878197,-0.010785913094878197,0.0
about,other word,4,4,-0.043167720548808575,-0.010791930137202144,0.0032288490102461366
hand,other word,4,1,-0.04332767706364393,-0.010831919265910983,0.0009666280643091209
individually,other word,2,2,-0.021690987516194582,-0.010845493758097291,0.03906286070777254
transactions,other word,2,2,-0.021716732531785965,-0.010858366265892982,0.03582768590286965
arrangement,other word,2,2,-0.02177923545241356,-0.01088961772620678,0.007870063900282035
mint,other word,6,4,-0.0653714973013848,-0.010895249550230801,0.0033989657138913574
weeks,other word,9,7,-0.09818659024313092,-0.010909621138125658,0.014030961886546725
because,other word,22,21,-0.24089248932432383,-0.010949658605651084,0.003511361271335725
65537,number,1,1,-0.010974705452099442,-0.010974705452099442,0.0
91,number,1,1,-0.011010406538844109,-0.011010406538844109,0.0
738816,number,2,1,-0.02212714811321348,-0.01106357405660674,0.0009966045856837581
cups/day,math notation,2,2,-0.02213020366616547,-0.011065101833082736,0.014334447508435811
use,other word,65,64,-0.7195281877648085,-0.011069664427150901,0.002654210428660194
ease,other word,1,1,-0.011071151122450829,-0.011071151122450829,0.0
keeping,other word,2,2,-0.02217921195551753,-0.011089605977758765,0.002515915456734451
solving,other word,17,17,-0.18939919298281893,-0.01114112899898935,0.0024856090921337674
gain,other word,1,1,-0.011143652722239494,-0.011143652722239494,0.0
diagrams,other word,1,1,-0.011195532977581024,-0.011195532977581024,0.0
done,other word,4,4,-0.04483914701268077,-0.011209786753170192,0.012192924441714211
determine,other word,100,97,-1.1218544894363731,-0.011218544894363731,0.0013566380429957062
repeat,other word,2,2,-0.022462215274572372,-0.011231107637286186,0.004882642594269227
ranges,other word,3,3,-0.033775558695197105,-0.011258519565065702,0.002553947990051245
$9^2,math notation,1,1,-0.011317359516397119,-0.011317359516397119,0.0
matches,other word,2,2,-0.022787098307162523,-0.011393549153581262,0.003102273937746899
exceed,other word,2,2,-0.02282718988135457,-0.011413594940677285,0.0034900051877118842
strategies,other word,2,1,-0.02286906773224473,-0.011434533866122365,0.004835219981068757
relate,other word,3,3,-0.034407093189656734,-0.011469031063218912,0.0032989518268805103
34$,math notation,1,1,-0.011472904123365879,-0.011472904123365879,0.0
unclear,hedging / contrast,1,1,-0.011483745649456978,-0.011483745649456978,0.0
nature,other word,2,2,-0.023034372366964817,-0.011517186183482409,0.0037599516365209858
analyzing,other word,4,4,-0.04610450938344002,-0.011526127345860004,0.003151843361690269
i,other word,11,8,-0.12751932279206812,-0.01159266570836983,0.006534913412987401
pounds/week,math notation,2,2,-0.02325010858476162,-0.01162505429238081,0.0012393478367980785
kangaroos,other word,2,1,-0.023301232839003205,-0.011650616419501603,0.0015546190229594101
daily,other word,6,4,-0.07000849768519402,-0.011668082947532335,0.0035439741734642877
9000,number,1,1,-0.011711036087945104,-0.011711036087945104,0.0
book,other word,4,3,-0.04693362908437848,-0.01173340727109462,0.0029701440069213013
emerges,other word,2,2,-0.02354822726920247,-0.011774113634601235,0.005574893879712407
384i^2,math notation,1,1,-0.011786038870923221,-0.011786038870923221,0.0
pots,other word,8,4,-0.09459914220497012,-0.011824892775621265,0.011101373557607517
indeed,other word,4,3,-0.047530404990538955,-0.011882601247634739,0.003083624437135395
likely,hedging / contrast,1,1,-0.011909537017345428,-0.011909537017345428,0.0
systematically,other word,1,1,-0.011943206191062927,-0.011943206191062927,0.0
that,other word,332,273,-3.972626038186718,-0.011965741078875656,0.001255009206138861
individual,other word,3,3,-0.03602811973541975,-0.012009373245139917,0.01537900772521935
travel,other word,3,1,-0.036034177988767624,-0.01201139266292254,0.002742647743091472
134,number,5,5,-0.06017463793978095,-0.01203492758795619,0.008132408910102385
puzzle,other word,1,1,-0.01206980086863041,-0.01206980086863041,0.0
chocolate,other word,8,7,-0.09660370508208871,-0.012075463135261089,0.003945772371589177
220,number,6,4,-0.07272441079840064,-0.012120735133066773,0.010410633290860874
specific,other word,4,4,-0.0485919879283756,-0.0121479969820939,0.006609766405265025
joining,other word,2,2,-0.024325961712747812,-0.012162980856373906,0.011791349227727295
formed,other word,7,6,-0.08524765260517597,-0.01217823608645371,0.0033804679937432126
happening,other word,1,1,-0.012259220704436302,-0.012259220704436302,0.0
arrange,other word,5,3,-0.061322994995862246,-0.01226459899917245,0.005153236469008208
retirement,other word,4,3,-0.04910822119563818,-0.012277055298909545,0.0026128745827786043
ratios,other word,2,2,-0.02456182148307562,-0.01228091074153781,0.0017970556804462298
consumed,other word,2,1,-0.024564506486058235,-0.012282253243029118,0.001967195593167375
lights,other word,2,2,-0.024569569155573845,-0.012284784577786922,0.00142640740429057
occurs,other word,6,5,-0.07384471088880673,-0.012307451814801121,0.007835472586757167
favorite,other word,1,1,-0.012309186160564423,-0.012309186160564423,0.0
stories,other word,9,3,-0.11086409073323011,-0.012318232303692235,0.007044240363131172
grows,other word,1,1,-0.012472255155444145,-0.012472255155444145,0.0
only,other word,24,23,-0.3010760393226519,-0.012544834971777163,0.0037719862936871477
plugging,other word,5,5,-0.06272457173326984,-0.012544914346653968,0.00755696622692616
increased,other word,1,1,-0.012560078874230385,-0.012560078874230385,0.0
subtends,other word,2,1,-0.025157382478937507,-0.012578691239468753,0.0016147508866194392
focusing,other word,1,1,-0.012673091143369675,-0.012673091143369675,0.0
441,number,1,1,-0.01283828355371952,-0.01283828355371952,0.0
pay,other word,1,1,-0.012842458672821522,-0.012842458672821522,0.0
pounds/meal,math notation,1,1,-0.012856683693826199,-0.012856683693826199,0.0
aurelia,other word,3,2,-0.03893323231022805,-0.01297774410340935,0.03786746019516702
testing,other word,1,1,-0.013002014718949795,-0.013002014718949795,0.0
adult's,other word,3,2,-0.03909747232683003,-0.01303249077561001,0.009486978757869151
per,other word,93,60,-1.2137405170942657,-0.013050973302088879,0.0011592236805308051
simplifies,other word,25,22,-0.32797130377730355,-0.013118852151092143,0.002991139192124367
increasing,other word,7,4,-0.09188251267187297,-0.013126073238838996,0.010754231504481598
603,number,1,1,-0.01315375417470932,-0.01315375417470932,0.0
shape,other word,1,1,-0.01315469853579998,-0.01315469853579998,0.0
necessary,other word,3,3,-0.03959126677364111,-0.013197088924547037,0.00666405054676057
our,other word,21,20,-0.27766524552134797,-0.013222154548635618,0.005826756408617643
elevation,other word,11,2,-0.14546618820168078,-0.013224198927425525,0.003488552651551109
climb,other word,5,2,-0.06628777598962188,-0.013257555197924376,0.003740261111691398
just,other word,1,1,-0.01332042831927538,-0.01332042831927538,0.0
cal,other word,5,4,-0.06685323128476739,-0.013370646256953478,0.007228888777120351
738826,number,1,1,-0.01338351028971374,-0.01338351028971374,0.0
low,other word,1,1,-0.013386235572397709,-0.013386235572397709,0.0
direct,other word,1,1,-0.013388048857450485,-0.013388048857450485,0.0
two-week,other word,1,1,-0.013411378487944603,-0.013411378487944603,0.0
six,other word,7,6,-0.0942957871593535,-0.013470826737050499,0.004260765058667612
catherine,other word,7,7,-0.09501500939950347,-0.013573572771357638,0.0056070484292278485
already,other word,12,11,-0.16321869508828968,-0.01360155792402414,0.005982227007813528
eliminate,other word,11,9,-0.1504729109001346,-0.013679355536375871,0.00831162510235502
larger,other word,8,8,-0.109863655641675,-0.013732956955209374,0.004078163375027647
$11,math notation,3,2,-0.04128148267045617,-0.01376049422348539,0.019029224454354666
seven,other word,1,1,-0.013779514469206333,-0.013779514469206333,0.0
725760,number,2,2,-0.02758958889171481,-0.013794794445857406,0.0024122157701514284
birth,other word,1,1,-0.013800018467009068,-0.013800018467009068,0.0
consisting,other word,1,1,-0.013803986832499504,-0.013803986832499504,0.0
15$,math notation,1,1,-0.013810399919748306,-0.013810399919748306,0.0
also,other word,24,23,-0.3328684294974664,-0.013869517895727768,0.005984549075038194
lumberjack's,other word,1,1,-0.013901419937610626,-0.013901419937610626,0.0
starts,other word,4,4,-0.05569412000477314,-0.013923530001193285,0.008152553627937082
on,other word,119,88,-1.6673183234524913,-0.014011078348340263,0.002621117705977462
yards,other word,3,2,-0.04216283233836293,-0.014054277446120977,0.02034950659602398
discounted,other word,1,1,-0.014191340655088425,-0.014191340655088425,0.0
accurately,other word,1,1,-0.014198784716427326,-0.014198784716427326,0.0
pack,other word,1,1,-0.014217501506209373,-0.014217501506209373,0.0
500,number,6,5,-0.0854136508423835,-0.014235608473730585,0.004228401532516828
738720,number,2,1,-0.028496363200247288,-0.014248181600123644,0.003243812768577974
prove,other word,1,1,-0.014249817468225956,-0.014249817468225956,0.0
dog,other word,19,10,-0.2708927553612739,-0.014257513440067046,0.004014338707728991
buying,other word,2,1,-0.028519090730696917,-0.014259545365348458,0.0058209524496750705
700,number,4,3,-0.057143100537359715,-0.014285775134339929,0.005989739658500397
sister,other word,7,5,-0.10039959335699677,-0.01434279905099954,0.0185487047549929
$1500,math notation,2,2,-0.028724011033773422,-0.014362005516886711,0.015764309554897195
grocery,other word,1,1,-0.014384351670742035,-0.014384351670742035,0.0
cup,other word,2,2,-0.028820240404456854,-0.014410120202228427,0.0056317536003483975
fewer,other word,6,6,-0.08700474351644516,-0.014500790586074194,0.004886245088010543
it's,other word,5,4,-0.07253079256042838,-0.014506158512085676,0.0071863181330343445
2087,number,2,1,-0.029077249579131603,-0.014538624789565802,0.00032294923889796353
living,other word,3,2,-0.04362239735201001,-0.01454079911733667,0.00861940228732609
pat,other word,1,1,-0.014543265104293823,-0.014543265104293823,0.0
weighs,other word,4,3,-0.058406916446983814,-0.014601729111745954,0.0021525832399563218
discernible,other word,1,1,-0.014604819472879171,-0.014604819472879171,0.0
asking,other word,3,3,-0.04388196021318436,-0.014627320071061453,0.004370041377813852
$5x,math notation,1,1,-0.01462898077443242,-0.01462898077443242,0.0
takes,other word,4,4,-0.05853302637115121,-0.014633256592787802,0.0029746847174283034
typical,other word,1,1,-0.01466292142868042,-0.01466292142868042,0.0
considering,other word,11,11,-0.16197028767783195,-0.014724571607075632,0.006751467020716765
inefficiency,other word,1,1,-0.014727004803717136,-0.014727004803717136,0.0
older,other word,3,3,-0.0442982807289809,-0.014766093576326966,0.007682029647816265
17th,number,2,2,-0.029607010656036437,-0.014803505328018218,0.01062475109083929
last,other word,17,12,-0.2517849459545687,-0.014810879173798157,0.004870585006250393
bag,other word,19,14,-0.28272654372267425,-0.014880344406456539,0.00841291968648848
phase,other word,2,2,-0.029774869792163372,-0.014887434896081686,0.0004243427026140309
correspond,other word,1,1,-0.014931293204426765,-0.014931293204426765,0.0
to,other word,825,503,-12.347971791488817,-0.01496723853513796,0.0009600177770735696
greatest,other word,3,3,-0.04495697724632919,-0.014985659082109729,0.007714768548389896
completing,other word,1,1,-0.014994441531598568,-0.014994441531598568,0.0
mom,other word,1,1,-0.015043828636407852,-0.015043828636407852,0.0
ending,other word,4,3,-0.06030224938876927,-0.015075562347192317,0.006959553691934472
asks,other word,1,1,-0.015088966116309166,-0.015088966116309166,0.0
turned,other word,1,1,-0.015114771202206612,-0.015114771202206612,0.0
dozen,other word,5,2,-0.07565799215808511,-0.015131598431617021,0.009757522452884599
floored,other word,1,1,-0.015147488564252853,-0.015147488564252853,0.0
richard,other word,2,1,-0.030356351286172867,-0.015178175643086433,0.0015669368510270343
kassidy,other word,5,3,-0.07596720196306705,-0.015193440392613411,0.02822444784427276
until,other word,10,9,-0.15207962575368583,-0.015207962575368583,0.004883454690263975
night,other word,10,5,-0.15243612579070032,-0.015243612579070032,0.012015706751222101
these,other word,121,116,-1.8458503113361076,-0.015254961250711633,0.002170448016484532
earn,other word,1,1,-0.015527261421084404,-0.015527261421084404,0.0
cover,other word,4,4,-0.0621106136823073,-0.015527653420576826,0.007723320119614315
sean,other word,3,3,-0.046657077036798,-0.015552359012266,0.031798140281333195
hands,other word,3,2,-0.04678340908139944,-0.015594469693799814,0.003478365725399553
dwarf,other word,4,2,-0.0623947661370039,-0.015598691534250975,0.0012555214781869283
nickels,other word,2,1,-0.03130123717710376,-0.01565061858855188,0.004975696085700075
escape,other word,3,3,-0.0470143323764205,-0.0156714441254735,0.010471441307236536
75%,number,1,1,-0.015715432353317738,-0.015715432353317738,0.0
adding,other word,21,21,-0.3304707945790142,-0.01573670450376258,0.00397782085583594
receive,other word,4,3,-0.06304792873561382,-0.015761982183903456,0.006363175913665121
child's,other word,2,2,-0.031553492648527026,-0.015776746324263513,0.0038557623714886922
92,number,4,4,-0.06343414913862944,-0.01585853728465736,0.0017069578348831082
asked,other word,3,3,-0.047693805769085884,-0.01589793525636196,0.0036768692647705173
meters,other word,9,5,-0.14327378012239933,-0.015919308902488813,0.007217264478862821
with,other word,126,101,-2.0078312685946003,-0.015935168798369842,0.0019164464355483977
substituting,other word,34,34,-0.5424340103054419,-0.015953941479571822,0.003922661803830535
represented,other word,2,2,-0.03193435072898865,-0.015967175364494324,0.0023718863398464398
influenced,other word,1,1,-0.01599089428782463,-0.01599089428782463,0.0
hope,other word,6,6,-0.09646998823154718,-0.01607833137192453,0.014375458133882633
colorings,other word,2,1,-0.03216158924624324,-0.01608079462312162,0.0006205967038908501
thomas,other word,9,6,-0.14486736385151744,-0.016096373761279717,0.004203787381334838
grow,other word,1,1,-0.016150925308465958,-0.016150925308465958,0.0
note,other word,4,4,-0.06468037495505996,-0.01617009373876499,0.010440755891679667
favorable,other word,16,10,-0.25991373625583947,-0.016244608515989967,0.0025597543847002344
scored,other word,10,4,-0.16266235342482105,-0.016266235342482106,0.010779897713502289
north,other word,6,6,-0.09773919638246298,-0.01628986606374383,0.011182597035746016
single,other word,4,4,-0.06517120241187513,-0.016292800602968782,0.008831838299826793
334,number,1,1,-0.01642971858382225,-0.01642971858382225,0.0
completes,other word,1,1,-0.016528524458408356,-0.016528524458408356,0.0
dealing,other word,2,2,-0.03325388766825199,-0.016626943834125996,0.0006415283764409538
according,other word,11,11,-0.18313113786280155,-0.016648285260254688,0.003898294987811052
show,other word,10,8,-0.16653058014344424,-0.016653058014344423,0.0021695317798617495
guests,other word,3,1,-0.04997583199292421,-0.01665861066430807,0.006625748863922566
live,other word,1,1,-0.016672737896442413,-0.016672737896442413,0.0
all,other word,93,84,-1.552157064434141,-0.01668986090789399,0.0023016559927580547
cannot,negation,8,7,-0.1341496454551816,-0.0167687056818977,0.00281972524906306
10^6,math notation,1,1,-0.016793493181467056,-0.016793493181467056,0.0
continuing,other word,2,2,-0.033725340850651264,-0.016862670425325632,0.0025787243038194302
at,other word,74,60,-1.2534153372980654,-0.016938045098622505,0.0038448656671630247
multiplying,other word,10,10,-0.16939438600093126,-0.016939438600093126,0.009185877036882681
being,other word,12,11,-0.20423079677857459,-0.017019233064881217,0.0037633980773161923
venn,other word,3,1,-0.05112135782837868,-0.01704045260945956,0.002825851079641059
4x4,number,1,1,-0.017058007419109344,-0.017058007419109344,0.0
will,other word,69,62,-1.1824190177139826,-0.0171365075031012,0.003118509817189459
megabits,other word,1,1,-0.017232896760106087,-0.017232896760106087,0.0
includes,other word,3,3,-0.05190314678475261,-0.017301048928250868,0.0068085171527273395
worth,other word,5,4,-0.08651420846581459,-0.01730284169316292,0.0058911271935130705
toy,other word,2,1,-0.03493085876107216,-0.01746542938053608,0.00034389852751365584
analyze,other word,14,14,-0.24530641548335552,-0.01752188682023968,0.007426458201608908
typographical,other word,1,1,-0.017538312822580338,-0.017538312822580338,0.0
recreational,other word,1,1,-0.01761203072965145,-0.01761203072965145,0.0
can,other word,254,218,-4.479060165205738,-0.017634095138605265,0.0008963282459451068
nick,other word,4,1,-0.07127994671463966,-0.017819986678659916,0.0023326917990857256
water,other word,8,5,-0.14298222912475467,-0.017872778640594333,0.007656144048577777
go,other word,5,5,-0.0895329755730927,-0.01790659511461854,0.007528143591861833
pedro,other word,1,1,-0.01791328936815262,-0.01791328936815262,0.0
help,other word,2,2,-0.036065030843019485,-0.018032515421509743,0.00764565300538578
martin's,other word,2,2,-0.036123352125287056,-0.018061676062643528,0.013968495560120767
mentions,other word,1,1,-0.01811380498111248,-0.01811380498111248,0.0
squaring,other word,3,2,-0.05449159489944577,-0.018163864966481924,0.012611899681323466
based,other word,8,8,-0.14538017753511667,-0.018172522191889584,0.007170185862400702
family,other word,2,2,-0.03665250074118376,-0.01832625037059188,0.0025582363256315796
episode,other word,4,3,-0.07374417036771774,-0.018436042591929436,0.02126245985865228
pet,other word,1,1,-0.01843666285276413,-0.01843666285276413,0.0
374,number,2,2,-0.03691406361758709,-0.018457031808793545,0.0014044785307192533
final,other word,39,32,-0.7224545034114271,-0.01852447444644685,0.004286276770801173
384,number,1,1,-0.018551508896052837,-0.018551508896052837,0.0
putting,other word,3,3,-0.056470382027328014,-0.018823460675776005,0.008208193006098543
trying,other word,2,2,-0.037759266793727875,-0.018879633396863937,0.0077654620077230755
comparing,other word,2,2,-0.03788484865799546,-0.01894242432899773,0.009549911335289119
getting,other word,1,1,-0.01897256448864937,-0.01897256448864937,0.0
buys,other word,8,7,-0.15265740384347737,-0.01908217548043467,0.007310453398189796
take,other word,30,20,-0.5767233492806554,-0.019224111642688512,0.004385629091791155
39,number,1,1,-0.01937677711248398,-0.01937677711248398,0.0
carl's,other word,6,3,-0.11637790594249964,-0.019396317657083273,0.006816450415635736
$3000,math notation,2,1,-0.038795223692432046,-0.019397611846216023,0.0024907713219209713
uses,other word,2,2,-0.03896116279065609,-0.019480581395328045,0.0143899963139106
tim,other word,3,3,-0.058453656267374754,-0.019484552089124918,0.026188956423488025
we'd,other word,2,2,-0.03901268937624991,-0.019506344688124955,0.028116448367615808
today,other word,10,4,-0.19593937741592526,-0.019593937741592526,0.01147044761072669
aurelia's,other word,1,1,-0.019648461835458875,-0.019648461835458875,0.0
potting,other word,5,5,-0.09864013083279133,-0.019728026166558266,0.012320110737994843
either,other word,8,8,-0.1580633269622922,-0.019757915870286524,0.007997634065174083
broader,other word,1,1,-0.019788766279816628,-0.019788766279816628,0.0
within,other word,8,8,-0.1583654705900699,-0.019795683823758736,0.008262261507015934
allows,other word,4,4,-0.07951471023261547,-0.019878677558153868,0.002223678424879947
separate,other word,2,2,-0.039768814109265804,-0.019884407054632902,0.010984633357901352
originally,other word,1,1,-0.019953548908233643,-0.019953548908233643,0.0
different,other word,14,13,-0.27981559606269,-0.019986828290192143,0.005957581831634905
majestic,other word,3,2,-0.05997201846912503,-0.019990672823041677,0.007944521863426167
450,number,2,1,-0.04006210807710886,-0.02003105403855443,0.003909833732359821
determining,other word,1,1,-0.02003210410475731,-0.02003210410475731,0.0
girls,other word,3,1,-0.06011877674609423,-0.020039592248698074,0.0023955981688519824
distribute,other word,4,3,-0.08025347907096148,-0.02006336976774037,0.008652427077983285
bulk,other word,1,1,-0.020171621814370155,-0.020171621814370155,0.0
question,other word,2,2,-0.04035109933465719,-0.020175549667328596,0.007598260520596549
los,other word,1,1,-0.02021973580121994,-0.02021973580121994,0.0
529,number,1,1,-0.020247836597263813,-0.020247836597263813,0.0
interested,other word,5,5,-0.1013695690780878,-0.02027391381561756,0.007982706295430764
annual,other word,8,5,-0.16225335490889847,-0.02028166936361231,0.004477437464836684
ashley's,other word,2,2,-0.04067963466513902,-0.02033981733256951,0.012161593281032147
everyone,other word,3,2,-0.061021074652671814,-0.02034035821755727,0.008808567127662962
jean,other word,1,1,-0.02034868858754635,-0.02034868858754635,0.0
out,other word,40,35,-0.8142957768286578,-0.020357394420716445,0.004724495332387478
requires,other word,1,1,-0.02037171646952629,-0.02037171646952629,0.0
must,other word,47,34,-0.9604664008948021,-0.02043545533818728,0.0032492611128937896
in,other word,356,261,-7.2781907707685605,-0.020444356097664495,0.0013996206478702885
which,other word,93,85,-1.901886821608059,-0.020450395931269454,0.0023617636553315675
involves,other word,1,1,-0.020464308559894562,-0.020464308559894562,0.0
manipulate,other word,1,1,-0.020576681941747665,-0.020576681941747665,0.0
subsequence,other word,1,1,-0.020605360623449087,-0.020605360623449087,0.0
put,other word,2,2,-0.041274961084127426,-0.020637480542063713,0.0020575208993377767
still,other word,5,5,-0.10328600089997053,-0.020657200179994107,0.004382993541699633
off,other word,4,3,-0.08279234915971756,-0.02069808728992939,0.0030290304793749415
zaid,other word,4,4,-0.08298736764118075,-0.02074684191029519,0.00900960611460122
food,other word,20,10,-0.41732191387563944,-0.02086609569378197,0.008093470719413173
steve,other word,1,1,-0.020885445177555084,-0.020885445177555084,0.0
inside,other word,12,12,-0.2523788313847035,-0.021031569282058626,0.006102004751542128
fact,other word,8,8,-0.16844299505464733,-0.021055374381830916,0.005864807509589466
won't,negation,1,1,-0.021056603640317917,-0.021056603640317917,0.0
insight,other word,3,3,-0.06324066780507565,-0.021080222601691883,0.008120147060523593
need,other word,160,144,-3.383118768746499,-0.02114449230466562,0.0018308075240763735
track,other word,1,1,-0.021169105544686317,-0.021169105544686317,0.0
identical,other word,1,1,-0.021205522119998932,-0.021205522119998932,0.0
entire,other word,10,10,-0.2130986797856167,-0.02130986797856167,0.006835585382503937
738824,number,2,1,-0.04268623958341777,-0.021343119791708887,0.00398237249223218
speaking,other word,2,2,-0.042988205794245005,-0.021494102897122502,0.01384846578073717
trash,other word,4,2,-0.08615208230912685,-0.021538020577281713,0.0025867159235186993
type,other word,4,4,-0.0862884083762765,-0.021572102094069123,0.005119649226040639
allow,other word,1,1,-0.021582257002592087,-0.021582257002592087,0.0
534,number,1,1,-0.021583564579486847,-0.021583564579486847,0.0
adult,other word,2,2,-0.04321756958961487,-0.021608784794807434,0.005321242456208831
implant,other word,1,1,-0.021715987473726273,-0.021715987473726273,0.0
james,other word,5,5,-0.10892903059720993,-0.021785806119441985,0.0036645811088620284
cream,other word,1,1,-0.02178635261952877,-0.02178635261952877,0.0
daughter,other word,3,2,-0.06552558485418558,-0.02184186161806186,0.007507034419120117
attempt,other word,1,1,-0.021852534264326096,-0.021852534264326096,0.0
pineapple,other word,1,1,-0.021866471506655216,-0.021866471506655216,0.0
afford,other word,1,1,-0.02187851257622242,-0.02187851257622242,0.0
earns,other word,1,1,-0.021879502572119236,-0.021879502572119236,0.0
does,other word,21,21,-0.4603697694838047,-0.02192236997541927,0.0026751494832380927
foury,other word,1,1,-0.02199165103957057,-0.02199165103957057,0.0
john's,other word,6,2,-0.13199349911883473,-0.02199891651980579,0.0064187895546108835
harvested,other word,1,1,-0.02203366905450821,-0.02203366905450821,0.0
forming,other word,1,1,-0.02212969958782196,-0.02212969958782196,0.0
its,other word,28,26,-0.6206700429902412,-0.02216678724965147,0.006535272298754035
important,other word,1,1,-0.022178269922733307,-0.022178269922733307,0.0
between,other word,30,29,-0.6663756066409405,-0.022212520221364683,0.004430356385343293
738822,number,2,1,-0.04457596910651773,-0.022287984553258866,0.0021020999585118125
$1000,math notation,2,1,-0.04460413008928299,-0.022302065044641495,0.014734675216666214
appear,hedging / contrast,3,3,-0.06700424756854773,-0.022334749189515907,0.0050918069009925635
understanding,other word,2,2,-0.044696880504488945,-0.022348440252244473,0.0006811582678423379
magazine,other word,3,2,-0.06723072659224272,-0.022410242197414238,0.007768264247728234
croissants,other word,2,1,-0.04484873916953802,-0.02242436958476901,0.003962907151347164
tea,other word,14,6,-0.314097594935447,-0.02243554249538907,0.018657624088407623
giving,other word,7,5,-0.15720024891197681,-0.022457178415996686,0.004752058847949717
not,negation,89,61,-2.002423650235869,-0.022499142137481675,0.003177544267285791
estimate,other word,1,1,-0.022503569722175598,-0.022503569722175598,0.0
ice,other word,1,1,-0.02268271893262863,-0.02268271893262863,0.0
lose,other word,1,1,-0.022857477888464928,-0.022857477888464928,0.0
tomato,other word,1,1,-0.023004798218607903,-0.023004798218607903,0.0
cheapest,other word,1,1,-0.023034734651446342,-0.023034734651446342,0.0
precise,other word,1,1,-0.02307283505797386,-0.02307283505797386,0.0
lauren,other word,8,4,-0.1850074315443635,-0.023125928943045437,0.008134995220916095
wrote,other word,6,2,-0.13877632142975926,-0.023129386904959876,0.012952969438875412
loses,other word,3,3,-0.06944125168956816,-0.02314708389652272,0.048638347700911126
up,other word,40,39,-0.9275066627888009,-0.023187666569720024,0.005467422749928341
randy,other word,7,6,-0.1631229491904378,-0.023303278455776826,0.007385383895633084
cane,other word,3,1,-0.07006724178791046,-0.02335574726263682,0.0034062728974318724
ate,other word,17,12,-0.3973755006445572,-0.023375029449679834,0.006895355927356878
theater,other word,1,1,-0.02340908907353878,-0.02340908907353878,0.0
reduce,other word,1,1,-0.02364114299416542,-0.02364114299416542,0.0
expenses,other word,4,3,-0.09464579075574875,-0.023661447688937187,0.013740534857560556
-4c,number,1,1,-0.023982636630535126,-0.023982636630535126,0.0
both,other word,80,74,-1.9196225170744583,-0.023995281463430728,0.003279486302277083
adults,other word,7,4,-0.16838073078542948,-0.02405439011220421,0.003802297543882346
settings,other word,1,1,-0.024098260328173637,-0.024098260328173637,0.0
having,other word,3,3,-0.07233142107725143,-0.024110473692417145,0.004223849627193862
least,other word,19,16,-0.4616635406855494,-0.024298081088713126,0.003262406780373154
or,other word,64,51,-1.556623579468578,-0.024322243429196533,0.0029049960982417944
car,other word,24,18,-0.5913358647376299,-0.024638994364067912,0.013936537196463159
i'll,other word,1,1,-0.024937908397987485,-0.024937908397987485,0.0
extends,other word,1,1,-0.024952981621026993,-0.024952981621026993,0.0
vivek,other word,2,2,-0.04991957149468362,-0.02495978574734181,0.005840542090835968
want,other word,12,12,-0.30124397692270577,-0.025103664743558813,0.008392840388652708
task,other word,5,5,-0.12593020405620337,-0.02518604081124067,0.004057404787092012
their,other word,23,21,-0.5824837643303908,-0.02532538105784308,0.004831350127315021
throwing,other word,1,1,-0.025388557463884354,-0.025388557463884354,0.0
skip,other word,1,1,-0.02541721984744072,-0.02541721984744072,0.0
thousand,other word,1,1,-0.02554262802004814,-0.02554262802004814,0.0
marcus,other word,6,4,-0.15428373031318188,-0.02571395505219698,0.0068696904861075166
save,other word,7,5,-0.1800749113317579,-0.02572498733310827,0.011868850562860305
notes,other word,16,4,-0.4117075311951339,-0.02573172069969587,0.00784866465233543
doxa's,other word,1,1,-0.0257516554556787,-0.0257516554556787,0.0
infinitely,other word,1,1,-0.025808868929743767,-0.025808868929743767,0.0
played,other word,4,4,-0.10329045541584492,-0.02582261385396123,0.004339233322004448
fractional,other word,1,1,-0.025947433430701494,-0.025947433430701494,0.0
trials,other word,2,1,-0.05210650712251663,-0.026053253561258316,0.005787750117307725
spends,other word,3,3,-0.0784459039568901,-0.026148634652296703,0.0020803726820562587
caterer,other word,1,1,-0.026270439382642508,-0.026270439382642508,0.0
types,other word,2,2,-0.05259158555418253,-0.026295792777091265,0.012124280848913387
rock,other word,1,1,-0.026314586400985718,-0.026314586400985718,0.0
wolves,other word,13,6,-0.3428913243114948,-0.026376255716268834,0.004714179814782361
chamomile,other word,5,3,-0.13205663370899856,-0.02641132674179971,0.009032731271589477
over,other word,10,10,-0.26474307337775826,-0.026474307337775827,0.009193510233213258
ensure,other word,6,6,-0.1601441577076912,-0.026690692951281864,0.004187465240001809
charlie's,other word,3,3,-0.0800899462774396,-0.02669664875914653,0.003855721206746406
city,other word,1,1,-0.026728790253400803,-0.026728790253400803,0.0
doxa,other word,5,5,-0.13399029895663261,-0.026798059791326524,0.03113296691560117
subtract,other word,35,34,-0.9427767635788769,-0.026936478959396482,0.004063595351956351
contains,other word,8,8,-0.21591614466160536,-0.02698951808270067,0.0071951974280730765
acknowledge,other word,1,1,-0.02715008333325386,-0.02715008333325386,0.0
kilobits,other word,1,1,-0.027171340072527528,-0.027171340072527528,0.0
1344,number,1,1,-0.02722481358796358,-0.02722481358796358,0.0
those,other word,12,12,-0.32773996895411983,-0.027311664079509985,0.007494751791447218
fed,other word,1,1,-0.02740829810500145,-0.02740829810500145,0.0
make,other word,14,10,-0.38394551863893867,-0.027424679902781333,0.00987827193381903
carried,other word,2,1,-0.05496023967862129,-0.027480119839310646,0.001314400837283853
before,other word,20,18,-0.5496702648233622,-0.02748351324116811,0.006708515403243833
dental,other word,1,1,-0.027499638497829437,-0.027499638497829437,0.0
rearranging,other word,7,7,-0.19276370375882834,-0.027537671965546906,0.013196561432554058
combining,other word,5,5,-0.1378715035971254,-0.02757430071942508,0.009625233328095839
cylinder's,other word,1,1,-0.027642596513032913,-0.027642596513032913,0.0
rid,other word,3,3,-0.08333809487521648,-0.027779364958405495,0.005071051581482237
5%,number,1,1,-0.02793330792337656,-0.02793330792337656,0.0
buy,other word,4,3,-0.11228884011507034,-0.028072210028767586,0.013873683752301507
but,hedging / contrast,24,22,-0.6755233893636614,-0.02814680789015256,0.004315731625702435
you,other word,5,4,-0.14135823026299477,-0.028271646052598954,0.015079688395717184
numerators,other word,1,1,-0.02848545555025339,-0.02848545555025339,0.0
who,other word,19,9,-0.5421546995639801,-0.028534457871788425,0.004036796429783093
too,other word,1,1,-0.028582461178302765,-0.028582461178302765,0.0
figuring,other word,1,1,-0.028587359935045242,-0.028587359935045242,0.0
elizabeth,other word,4,4,-0.11555846035480499,-0.028889615088701248,0.006773684306241063
billy,other word,4,2,-0.1156152468174696,-0.0289038117043674,0.012137780826784116
including,other word,6,6,-0.17373257892904803,-0.028955429821508005,0.010073020588833827
supposed,other word,1,1,-0.02901691012084484,-0.02901691012084484,0.0
participated,other word,1,1,-0.029152512550354004,-0.029152512550354004,0.0
appears,hedging / contrast,13,9,-0.3793738568201661,-0.02918260437078201,0.0057057646339652235
him,other word,5,3,-0.1461044568568468,-0.02922089137136936,0.0050136107172864515
meals/day,math notation,1,1,-0.02926568314433098,-0.02926568314433098,0.0
selling,other word,2,2,-0.058856223709881306,-0.029428111854940653,0.017949013508700404
office,other word,6,4,-0.17672664113342762,-0.029454440188904602,0.004902186711474445
might,hedging / contrast,3,2,-0.08840442635118961,-0.029468142117063206,0.008518820465011864
brother,other word,7,4,-0.206403911113739,-0.02948627301624843,0.007454683189944205
saved,other word,4,4,-0.11834857519716024,-0.02958714379929006,0.015614228676636912
boys,other word,3,2,-0.08898037299513817,-0.029660124331712723,0.03445832326213968
monthly,other word,5,3,-0.14848982449620962,-0.029697964899241924,0.011068465821794096
meal,other word,1,1,-0.02982521802186966,-0.02982521802186966,0.0
been,other word,5,5,-0.1496284194290638,-0.029925683885812758,0.0060501449040119585
actual,other word,2,2,-0.0603022426366806,-0.0301511213183403,0.010009009876764827
we'll,other word,18,18,-0.5471481763524935,-0.03039712090847186,0.011338209900202956
delivered,other word,13,4,-0.3973839310929179,-0.030567994699455224,0.004735054960851164
vacuum,other word,9,6,-0.2752334524411708,-0.030581494715685647,0.006505213460402569
no,negation,5,4,-0.15299347977270372,-0.030598695954540744,0.019839075374343058
crew,other word,2,1,-0.061236556619405746,-0.030618278309702873,0.018626503354361026
stars,other word,1,1,-0.030699146911501884,-0.030699146911501884,0.0
down,other word,59,59,-1.8198085236363113,-0.030844212265022226,0.003302623876742476
earned,other word,3,3,-0.09290791267994791,-0.030969304226649303,0.027376654730543584
activities,other word,1,1,-0.031050313264131546,-0.031050313264131546,0.0
shows,other word,13,4,-0.4039561115205288,-0.031073547040040676,0.0033450381490386684
should,other word,8,7,-0.2489410238340497,-0.031117627979256213,0.003765562953538741
chenny's,other word,1,1,-0.03116318117827177,-0.03116318117827177,0.0
were,other word,15,11,-0.46915388759225607,-0.03127692583948374,0.005670576871443937
rounds,other word,2,1,-0.06265404541045427,-0.03132702270522714,0.005610536119481829
come,other word,1,1,-0.031401943415403366,-0.031401943415403366,0.0
understand,other word,14,14,-0.4431476716417819,-0.03165340511727014,0.007146576153056111
we're,other word,19,18,-0.6092906020348892,-0.0320679264228889,0.009286696252580518
outside,other word,2,2,-0.06420069886371493,-0.03210034943185747,0.020116975450113296
proceeding,other word,1,1,-0.03238765895366669,-0.03238765895366669,0.0
devise,other word,1,1,-0.032401908189058304,-0.032401908189058304,0.0
saving,other word,1,1,-0.03242441266775131,-0.03242441266775131,0.0
rick,other word,9,5,-0.2918998571112752,-0.03243331745680836,0.00698415841414249
paint,other word,2,2,-0.064899493008852,-0.032449746504426,0.010026409939754746
focus,other word,3,3,-0.0981088001281023,-0.0327029333760341,0.011504303031216464
able,other word,1,1,-0.03282441198825836,-0.03282441198825836,0.0
on/off,math notation,1,1,-0.0328653531614691,-0.0328653531614691,0.0
movie,other word,3,2,-0.09876197576522827,-0.032920658588409424,0.011592986253227255
after,other word,65,58,-2.1415690169669688,-0.03294721564564567,0.003007696819028906
dividing,other word,15,15,-0.5006063007749617,-0.03337375338499745,0.0074112320116299256
eat,other word,6,3,-0.2007768601179123,-0.033462810019652046,0.0024521704717099476
how,other word,74,66,-2.477822247892618,-0.033484084430981324,0.0024321353923739335
placed,other word,2,2,-0.06728624133393168,-0.03364312066696584,0.021529509955798703
withdraws,other word,1,1,-0.03371974220499396,-0.03371974220499396,0.0
$21,math notation,2,2,-0.06770600704476237,-0.033853003522381186,0.02757711383342231
containing,other word,2,2,-0.06789347901940346,-0.03394673950970173,0.01128323159652764
crucial,other word,2,2,-0.06812471337616444,-0.03406235668808222,0.002505329189132502
meaning,other word,1,1,-0.034070469439029694,-0.034070469439029694,0.0
steak,other word,1,1,-0.034070611000061035,-0.034070611000061035,0.0
$250,math notation,3,2,-0.10235418286174536,-0.03411806095391512,0.014173366605525895
freda,other word,3,2,-0.1023750847671181,-0.034125028255706034,0.03519678672475439
magazines,other word,2,1,-0.06829597987234592,-0.03414798993617296,0.006716592242958427
they,other word,17,13,-0.5807323083863594,-0.03416072402272702,0.00675818154006187
scoring,other word,1,1,-0.03449319675564766,-0.03449319675564766,0.0
hourly,other word,1,1,-0.03451256453990936,-0.03451256453990936,0.0
don't,negation,4,4,-0.13816173083614558,-0.034540432709036395,0.008174720242668462
attending,other word,1,1,-0.03461964800953865,-0.03461964800953865,0.0
longer,other word,1,1,-0.0346728190779686,-0.0346728190779686,0.0
got,other word,1,1,-0.03501591831445694,-0.03501591831445694,0.0
foot,other word,1,1,-0.03512265905737877,-0.03512265905737877,0.0
316,number,1,1,-0.03527094051241875,-0.03527094051241875,0.0
needs,other word,18,16,-0.6353709094692022,-0.03529838385940012,0.008950961398095213
revenue,other word,2,2,-0.07062073424458504,-0.03531036712229252,0.015292342559827124
37,number,2,2,-0.07091127336025238,-0.03545563668012619,0.00017103981379130377
carefully,other word,1,1,-0.035561103373765945,-0.035561103373765945,0.0
away,other word,3,3,-0.10669234627857804,-0.03556411542619268,0.02070931940971828
susan,other word,1,1,-0.035641785711050034,-0.035641785711050034,0.0
much,other word,24,22,-0.8564580278471112,-0.0356857511602963,0.0031444441608074023
sean's,other word,4,2,-0.14285979140549898,-0.035714947851374745,0.001306931763643835
during,other word,2,2,-0.07152858003973961,-0.035764290019869804,0.00311361028754344
salads,other word,1,1,-0.035807954147458076,-0.035807954147458076,0.0
speak,other word,3,3,-0.10767803527414799,-0.035892678424715996,0.017992484940244937
260,number,1,1,-0.0360407680273056,-0.0360407680273056,0.0
plans,other word,2,2,-0.07237415947020054,-0.03618707973510027,0.004894299490605029
convinces,other word,1,1,-0.03637159615755081,-0.03637159615755081,0.0
he,other word,53,38,-1.9283942598849535,-0.03638479735631988,0.0036971973834264873
worked,other word,7,3,-0.25595762208104134,-0.036565374583005905,0.017100059186037925
received,other word,4,3,-0.14847035706043243,-0.03711758926510811,0.004869516180160675
doubled,other word,1,1,-0.037258319556713104,-0.037258319556713104,0.0
ee,other word,1,1,-0.03726909775286913,-0.03726909775286913,0.0
renting,other word,2,2,-0.07477487158030272,-0.03738743579015136,0.02239164234597139
600,number,6,5,-0.2253172150813043,-0.037552869180217385,0.012403894968984759
than,other word,81,67,-3.0552551290020347,-0.03771919912348191,0.003589465793450011
personal,other word,3,2,-0.11328805238008499,-0.037762684126695,0.009706520656967045
painter,other word,1,1,-0.03780265152454376,-0.03780265152454376,0.0
doesn't,negation,8,7,-0.3027886326890439,-0.037848579086130485,0.009516797285406497
shorter,other word,1,1,-0.03817432373762131,-0.03817432373762131,0.0
lauren's,other word,1,1,-0.038224772084504366,-0.038224772084504366,0.0
made,other word,5,4,-0.19126669876277447,-0.03825333975255489,0.005627166563605864
repeated,other word,1,1,-0.03832307457923889,-0.03832307457923889,0.0
batch,other word,1,1,-0.03832758218050003,-0.03832758218050003,0.0
limitations,other word,1,1,-0.03839642181992531,-0.03839642181992531,0.0
subtracting,other word,16,16,-0.6146899443119764,-0.03841812151949853,0.007879285928639311
due,other word,5,5,-0.19225813448429108,-0.038451626896858215,0.008965953644604506
sold,other word,10,7,-0.38829996809363365,-0.03882999680936337,0.01165651657568403
could,hedging / contrast,8,8,-0.31100367195904255,-0.03887545899488032,0.006942872382004777
frederick,other word,7,6,-0.2732632961124182,-0.039037613730345457,0.014275293085465681
shift,other word,1,1,-0.03912568837404251,-0.03912568837404251,0.0
would,other word,23,17,-0.9016858192626387,-0.03920373127228864,0.010400013061622209
well,other word,1,1,-0.03982638195157051,-0.03982638195157051,0.0
replaces,other word,1,1,-0.039877742528915405,-0.039877742528915405,0.0
traveled,other word,2,1,-0.07985071837902069,-0.039925359189510345,0.029329212162033706
expansions,other word,1,1,-0.04056161502376199,-0.04056161502376199,0.0
across,other word,3,1,-0.12198710069060326,-0.04066236689686775,0.0013416834161126259
eats,other word,6,4,-0.2447124347090721,-0.04078540578484535,0.007277930390726476
his,other word,50,34,-2.044027248863131,-0.040880544977262616,0.004736953699357794
what,other word,6,5,-0.24549113353714347,-0.04091518892285725,0.022013853213067175
nurses,other word,2,2,-0.08188026770949364,-0.04094013385474682,0.0019341175610759112
plants,other word,1,1,-0.04097224399447441,-0.04097224399447441,0.0
bedroom,other word,1,1,-0.04100529104471207,-0.04100529104471207,0.0
collect,other word,1,1,-0.041143111884593964,-0.041143111884593964,0.0
gets,other word,3,3,-0.12349920812994242,-0.04116640270998081,0.014698320973019709
without,negation,14,13,-0.5795731423422694,-0.041398081595876386,0.006343505549613378
collecting,other word,1,1,-0.04140649363398552,-0.04140649363398552,0.0
unusually,other word,1,1,-0.041444119065999985,-0.041444119065999985,0.0
salad,other word,1,1,-0.04162328504025936,-0.04162328504025936,0.0
tomatoes**,math notation,1,1,-0.04198092967271805,-0.04198092967271805,0.0
makeup,other word,1,1,-0.042305368930101395,-0.042305368930101395,0.0
sweet,other word,3,3,-0.12695646286010742,-0.04231882095336914,0.005939547770813042
caught,other word,1,1,-0.0424719862639904,-0.0424719862639904,0.0
alyana's,other word,2,2,-0.08528723334893584,-0.04264361667446792,0.007518951840864062
combinatorial,other word,1,1,-0.043115224689245224,-0.043115224689245224,0.0
chords,other word,1,1,-0.04370121657848358,-0.04370121657848358,0.0
typically,other word,1,1,-0.04376357048749924,-0.04376357048749924,0.0
remembered,other word,1,1,-0.04403026029467583,-0.04403026029467583,0.0
sally's,other word,2,2,-0.08808141690678895,-0.04404070845339447,0.0057704512232178385
steve's,other word,8,4,-0.35362139670178294,-0.04420267458772287,0.009123311228913855
spent,other word,12,10,-0.5332193989306688,-0.04443494991088907,0.007351504421599859
candice,other word,3,2,-0.13385467790067196,-0.044618225966890655,0.00894255058168781
cindy's,other word,1,1,-0.044733619317412376,-0.044733619317412376,0.0
marked,other word,6,3,-0.2684154324233532,-0.0447359054038922,0.005400816707538992
bakes,other word,1,1,-0.044857680797576904,-0.044857680797576904,0.0
best,other word,1,1,-0.04494289681315422,-0.04494289681315422,0.0
uncle,other word,2,2,-0.09087208285927773,-0.04543604142963886,0.00563159999484191
imposed,other word,1,1,-0.045441024005413055,-0.045441024005413055,0.0
walking,other word,1,1,-0.0455944761633873,-0.0455944761633873,0.0
can't,negation,4,4,-0.1827055341564119,-0.04567638353910297,0.008522116362040586
around,other word,1,1,-0.045770660042762756,-0.045770660042762756,0.0
especially,other word,2,2,-0.09156548604369164,-0.04578274302184582,0.008523353223091052
avoid,other word,2,2,-0.09181043319404125,-0.045905216597020626,0.011804611161665177
keep,other word,2,2,-0.09204908087849617,-0.046024540439248085,0.01850888730523531
wife's,other word,2,2,-0.09383730636909604,-0.04691865318454802,0.000846848559959155
suffering,other word,1,1,-0.047158434987068176,-0.047158434987068176,0.0
prepared,other word,2,1,-0.09460847079753876,-0.04730423539876938,0.009434282279580116
janet's,other word,2,2,-0.09514350397512317,-0.047571751987561584,0.004511620429469182
turns,other word,15,12,-0.731046206317842,-0.0487364137545228,0.005613410741207771
making,other word,2,2,-0.09801372140645981,-0.049006860703229904,0.016717602779584787
findings,other word,1,1,-0.04916055500507355,-0.04916055500507355,0.0
planned,other word,1,1,-0.050022102892398834,-0.050022102892398834,0.0
like,other word,6,5,-0.3006516871973872,-0.05010861453289787,0.021973504203887075
spending,other word,1,1,-0.05011695250868797,-0.05011695250868797,0.0
was,other word,17,12,-0.8532984424382448,-0.050194026025779104,0.010674441323271503
son's,other word,5,4,-0.2515817889943719,-0.050316357798874375,0.017340479485078414
measurements,other word,1,1,-0.050362713634967804,-0.050362713634967804,0.0
summing,other word,1,1,-0.05097421631217003,-0.05097421631217003,0.0
fell,other word,1,1,-0.051049403846263885,-0.051049403846263885,0.0
previously,other word,1,1,-0.051280416548252106,-0.051280416548252106,0.0
artist's,other word,1,1,-0.05130551429465413,-0.05130551429465413,0.0
feed,other word,3,3,-0.1539308875799179,-0.051310295859972634,0.007920866083737248
carson,other word,1,1,-0.05142420530319214,-0.05142420530319214,0.0
landed,other word,1,1,-0.05172937735915184,-0.05172937735915184,0.0
among,other word,6,6,-0.3109035037923604,-0.05181725063206007,0.016260775004791356
often,other word,2,2,-0.10396307334303856,-0.05198153667151928,0.0058623329170148
affects,other word,2,2,-0.10477074980735779,-0.052385374903678894,0.008845459195746544
painted,other word,6,5,-0.3178271297365427,-0.052971188289423786,0.021461068556238142
neither,negation,5,5,-0.26529355347156525,-0.05305871069431305,0.016419484304953103
isabel,other word,1,1,-0.05413445830345154,-0.05413445830345154,0.0
we've,other word,2,2,-0.10904675535857677,-0.05452337767928839,0.0539845317777501
73,number,2,2,-0.1091236025094986,-0.0545618012547493,0.02584699739121513
currently,other word,3,3,-0.16461820807307959,-0.05487273602435986,0.021017303656960532
quitting,other word,1,1,-0.05510071851313114,-0.05510071851313114,0.0
juan,other word,1,1,-0.05556579679250717,-0.05556579679250717,0.0
rephrased,other word,1,1,-0.055825281888246536,-0.055825281888246536,0.0
factorials,other word,1,1,-0.055901022627949715,-0.055901022627949715,0.0
billie's,other word,2,2,-0.11402375064790249,-0.057011875323951244,0.0047652945727582625
breakfast,other word,1,1,-0.05878815799951553,-0.05878815799951553,0.0
eating,other word,6,5,-0.358360230922699,-0.059726705153783165,0.009946583104126678
took,other word,4,4,-0.23902975767850876,-0.05975743941962719,0.018173457742961592
children's,other word,3,3,-0.17936295503750443,-0.05978765167916814,0.034868095948620705
**12,math notation,1,1,-0.06027442589402199,-0.06027442589402199,0.0
gauravi,other word,1,1,-0.060300988145172596,-0.060300988145172596,0.0
contradicts,other word,1,1,-0.060354831628501415,-0.060354831628501415,0.0
watching,other word,2,2,-0.12252278253436089,-0.06126139126718044,0.02861975030978278
spend,other word,3,3,-0.18416613712906837,-0.061388712376356125,0.020784782046221424
paid,other word,2,2,-0.12311947718262672,-0.06155973859131336,0.03985769906885251
killed,other word,21,7,-1.3112738132476807,-0.06244161015465146,0.014041819963578088
painting,other word,1,1,-0.06260380893945694,-0.06260380893945694,0.0
started,other word,2,2,-0.1253141164779663,-0.06265705823898315,0.007803620710693626
cities,other word,1,1,-0.06351248919963837,-0.06351248919963837,0.0
taller,other word,1,1,-0.06402536481618881,-0.06402536481618881,0.0
nor,negation,3,3,-0.19248373806476593,-0.06416124602158864,0.015244862644470879
akshan,other word,1,1,-0.0641727838665247,-0.0641727838665247,0.0
mario,other word,2,2,-0.12921101227402687,-0.06460550613701344,0.025071209570298215
yet,hedging / contrast,2,2,-0.13018977642059326,-0.06509488821029663,0.01998392031890631
shook,other word,1,1,-0.06572166085243225,-0.06572166085243225,0.0
had,other word,19,16,-1.2494292194023728,-0.06575943260012489,0.015957769771846424
cleaning,other word,2,1,-0.1325388252735138,-0.0662694126367569,0.0035618354360117187
convincing,other word,1,1,-0.06630418449640274,-0.06630418449640274,0.0
actually,hedging / contrast,2,2,-0.13308914378285408,-0.06654457189142704,0.003635296075877191
told,other word,1,1,-0.06689227372407913,-0.06689227372407913,0.0
training,other word,1,1,-0.06713599897921085,-0.06713599897921085,0.0
drives,other word,11,11,-0.752169881016016,-0.0683790800923651,0.008589708996170464
needing,other word,1,1,-0.06885876506567001,-0.06885876506567001,0.0
convince,other word,1,1,-0.06896738708019257,-0.06896738708019257,0.0
rather,other word,2,2,-0.14235751330852509,-0.07117875665426254,0.002562375607136505
she,other word,47,39,-3.365048971725628,-0.07159678663246016,0.00793246949968845
classic,other word,1,1,-0.07163186371326447,-0.07163186371326447,0.0
seems,hedging / contrast,4,4,-0.2905264087021351,-0.07263160217553377,0.0184858432381562
gerta's,other word,6,3,-0.44058472698088735,-0.07343078783014789,0.04346182083534599
wants,other word,7,6,-0.5201979018747807,-0.07431398598211152,0.014751328545221223
meals,other word,4,2,-0.3030344024300575,-0.07575860060751438,0.024617725797197808
they're,other word,1,1,-0.07620979938656092,-0.07620979938656092,0.0
lumberjack,other word,1,1,-0.07622884400188923,-0.07622884400188923,0.0
pilots,other word,2,2,-0.15310364961624146,-0.07655182480812073,0.028069558763876488
travels,other word,19,10,-1.4564189016819,-0.07665362640431053,0.0034101089013929176
emptied,other word,1,1,-0.07760794460773468,-0.07760794460773468,0.0
popsicle,other word,1,1,-0.07767540588974953,-0.07767540588974953,0.0
influencing,other word,1,1,-0.07843568921089172,-0.07843568921089172,0.0
ages,other word,3,3,-0.23632464557886124,-0.07877488185962041,0.052815630942650446
weighed,other word,5,2,-0.4009716287255287,-0.08019432574510574,0.010199316109878157
appetizing,other word,1,1,-0.08171590627171099,-0.08171590627171099,0.0
apart,other word,2,1,-0.16417145729064941,-0.08208572864532471,0.0036281851122799934
short,other word,1,1,-0.0821402370929718,-0.0821402370929718,0.0
mentioned,other word,1,1,-0.08227550983428955,-0.08227550983428955,0.0
while,other word,1,1,-0.0839039534330368,-0.0839039534330368,0.0
donations,other word,1,1,-0.08668850362300873,-0.08668850362300873,0.0
bars,other word,1,1,-0.08765757270157337,-0.08765757270157337,0.0
did,other word,7,6,-0.616233341395855,-0.08803333448512214,0.028431681081450562
makes,other word,2,2,-0.18706181272864342,-0.09353090636432171,0.02792089760955545
marcy's,other word,1,1,-0.09495536889880896,-0.09495536889880896,0.0
her,other word,48,33,-4.636860091239214,-0.09660125190081696,0.009541804635681836
aside,other word,1,1,-0.09690139442682266,-0.09690139442682266,0.0
reached,other word,1,1,-0.10155360400676727,-0.10155360400676727,0.0
holiday,other word,1,1,-0.10232949256896973,-0.10232949256896973,0.0
watches,other word,1,1,-0.10511660575866699,-0.10511660575866699,0.0
cleaned,other word,1,1,-0.1103559210896492,-0.1103559210896492,0.0
isn't,negation,2,2,-0.2303512985818088,-0.1151756492909044,0.09542740888659239
bowls,other word,1,1,-0.11834131181240082,-0.11834131181240082,0.0
she'll,other word,4,3,-0.4934340175241232,-0.1233585043810308,0.02682429559335364
there's,other word,2,2,-0.2563382536172867,-0.12816912680864334,0.012982080180859676
tina's,other word,1,1,-0.14210049621760845,-0.14210049621760845,0.0
meg's,other word,2,2,-0.31280890200287104,-0.15640445100143552,0.07543028557348166
haven't,negation,1,1,-0.18421609699726105,-0.18421609699726105,0.0
