word,category,count,examples,total_attribution,mean_attribution,sem
works,other word,4,4,3.029537887778133,0.7573844719445333,0.16107729034475016
appearances,other word,1,1,0.4430262576788664,0.4430262576788664,0.0
doesn't,negation,8,7,3.3669360443018377,0.4208670055377297,0.13561798225648566
inequalities,other word,6,6,2.470770043320954,0.411795007220159,0.09158310469324742
they're,other word,1,1,0.4096977636218071,0.4096977636218071,0.0
\text{(not,math notation,1,1,0.3646585922688246,0.3646585922688246,0.0
non-relevant,other word,1,1,0.3617301732301712,0.3617301732301712,0.0
not,negation,89,61,28.978002628311515,0.32559553514956757,0.02426656416276983
does,other word,21,21,6.098077077418566,0.2903846227342174,0.031010901379287956
suffering,other word,1,1,0.28653329610824585,0.28653329610824585,0.0
requested,other word,2,2,0.5656887935474515,0.28284439677372575,0.0094582812878125
actions,other word,2,2,0.5654554851353168,0.2827277425676584,0.12855662420966968
bug,other word,1,1,0.27376750111579895,0.27376750111579895,0.0
however,hedging / contrast,32,32,8.558888743398711,0.2674652732312097,0.0245064373531232
can't,negation,4,4,1.0454657613299787,0.2613664403324947,0.05422063736749166
holiday,other word,1,1,0.25271520018577576,0.25271520018577576,0.0
melanie,other word,1,1,0.25076547265052795,0.25076547265052795,0.0
criteria,other word,1,1,0.24635301530361176,0.24635301530361176,0.0
affects,other word,2,2,0.4844147562980652,0.2422073781490326,0.05386891967956218
available,other word,1,1,0.23955433256924152,0.23955433256924152,0.0
minimized,other word,1,1,0.23449250310659409,0.23449250310659409,0.0
don't,negation,4,4,0.9093118151649833,0.22732795379124582,0.06364302353859859
perspective,other word,2,2,0.45410463213920593,0.22705231606960297,0.03566189205462894
existing,other word,1,1,0.22252728044986725,0.22252728044986725,0.0
individually,other word,2,2,0.4125352092087269,0.20626760460436344,0.10914840349964186
areas,other word,7,5,1.4339548791758716,0.2048506970251245,0.03354323174011481
i.e,other word,3,3,0.6017910651862621,0.20059702172875404,0.07027441131002901
unnecessarily,other word,1,1,0.19850645028054714,0.19850645028054714,0.0
manipulations,other word,2,2,0.3951954059302807,0.19759770296514034,0.04166099939759566
findings,other word,1,1,0.19478818774223328,0.19478818774223328,0.0
magazines,other word,2,1,0.38875171542167664,0.19437585771083832,0.0028492007163213305
feed,other word,3,3,0.5828902721405029,0.19429675738016763,0.08734095509429124
non-face,other word,1,1,0.19257697649300098,0.19257697649300098,0.0
origin,other word,1,1,0.19042966421693563,0.19042966421693563,0.0
training,other word,1,1,0.19041083008050919,0.19041083008050919,0.0
withdraws,other word,1,1,0.1867862492799759,0.1867862492799759,0.0
like,other word,6,5,1.101531982421875,0.18358866373697916,0.05884758227034908
\text{donation,math notation,1,1,0.18263239972293377,0.18263239972293377,0.0
\frac{3}{4}a\),math notation,1,1,0.1824628710746765,0.1824628710746765,0.0
weekly,other word,3,2,0.5462257820181549,0.1820752606727183,0.11341141510803897
gift,other word,2,2,0.35563526302576065,0.17781763151288033,0.022054157712693232
double-counting,other word,1,1,0.17763155046850443,0.17763155046850443,0.0
aurelia's,other word,1,1,0.17611033143475652,0.17611033143475652,0.0
operations,other word,6,5,1.0429744098801166,0.17382906831335276,0.03460290568109276
socially,other word,1,1,0.17376814782619476,0.17376814782619476,0.0
neither,negation,5,5,0.8676441246643662,0.17352882493287325,0.12516045329769795
park,other word,1,1,0.17096957564353943,0.17096957564353943,0.0
fair,other word,4,4,0.6807735785841942,0.17019339464604855,0.023645362439145865
leg,other word,1,1,0.1697019562125206,0.1697019562125206,0.0
speaking,other word,2,2,0.3386048525571823,0.16930242627859116,0.035135493721796064
avoid,other word,2,2,0.3315311223268509,0.16576556116342545,0.07120205874240235
cities,other word,1,1,0.1649019978940487,0.1649019978940487,0.0
work,other word,16,14,2.618617745116353,0.16366360906977206,0.028460361461840823
consisting,other word,1,1,0.16320303082466125,0.16320303082466125,0.0
extremes,other word,2,2,0.3250988945364952,0.1625494472682476,0.03680835218857605
corners,other word,2,2,0.3246699646115303,0.16233498230576515,0.01827456004713785
plants,other word,1,1,0.16213375329971313,0.16213375329971313,0.0
expenses,other word,4,3,0.6465111766010523,0.16162779415026307,0.10439129629821677
365079,number,3,1,0.4841745325829834,0.16139151086099446,0.062118951510214675
jogging,other word,1,1,0.1613592654466629,0.1613592654466629,0.0
individual,other word,3,3,0.4829232022166252,0.16097440073887506,0.03351124717241297
donation,other word,2,1,0.3180435970425606,0.1590217985212803,0.028603019328012968
utensils,other word,3,3,0.47590733878314495,0.15863577959438166,0.05958806294029152
lumberjack's,other word,1,1,0.1573126893490553,0.1573126893490553,0.0
rectangles,other word,4,2,0.6287509016692638,0.15718772541731596,0.017476039377966494
eating,other word,6,5,0.9374424107372761,0.156240401789546,0.053593292996617636
present,other word,2,2,0.31177492812275887,0.15588746406137943,0.009425514418000835
marcy's,other word,1,1,0.15478291921317577,0.15478291921317577,0.0
solution,other word,28,26,4.297099890187383,0.15346785322097795,0.03755791133907005
initially,other word,8,8,1.2268813475966454,0.15336016844958067,0.024373813299229385
\(30.5^\circ,math notation,1,1,0.1528885618899949,0.1528885618899949,0.0
released,other word,3,1,0.4549602377228439,0.1516534125742813,0.06157793254030525
lunch,other word,4,2,0.6058307336643338,0.15145768341608346,0.0618188387732475
inefficiency,other word,1,1,0.15142573602497578,0.15142573602497578,0.0
sale,other word,6,5,0.9040161818265915,0.15066936363776526,0.028641915720696895
nice,other word,1,1,0.15034204721450806,0.15034204721450806,0.0
inclusion-exclusion,other word,3,3,0.4508793018758297,0.15029310062527657,0.022523434982219964
\(2037171\),math notation,1,1,0.1498365974985063,0.1498365974985063,0.0
mathematical,other word,1,1,0.14954394102096558,0.14954394102096558,0.0
speak,other word,3,3,0.4438263475894928,0.14794211586316428,0.010534181794302933
true,other word,6,6,0.8868493409827352,0.14780822349712253,0.024902237836379286
due,other word,5,5,0.7390261739492416,0.14780523478984833,0.01688336614436277
snowshoes,other word,2,1,0.2954794317483902,0.1477397158741951,0.06045577141045842
imposed,other word,1,1,0.14736022055149078,0.14736022055149078,0.0
gcds,other word,1,1,0.14704863354563713,0.14704863354563713,0.0
cleaners,other word,9,6,1.3229830167256296,0.1469981129695144,0.05036661471482233
\sum_{i=0}^{2015}\left\lfloor\frac{2^{i}}{25}\right\rfloor,math notation,1,1,0.1469158809632063,0.1469158809632063,0.0
funding,other word,2,2,0.29343718849122524,0.14671859424561262,0.010114244630595936
exceeding,other word,1,1,0.14610889554023743,0.14610889554023743,0.0
isn't,negation,2,2,0.291933536529541,0.1459667682647705,0.0035689924977244745
school,other word,2,1,0.2900845557451248,0.1450422778725624,0.05266013752755761
pay,other word,1,1,0.14416632056236267,0.14416632056236267,0.0
naive,other word,1,1,0.1438429355621338,0.1438429355621338,0.0
31.5^{\circ}+\ldots+\cos,math notation,1,1,0.142949823057279,0.142949823057279,0.0
\text{brother's,math notation,1,1,0.14199962164275348,0.14199962164275348,0.0
cannot,negation,8,7,1.132773818448186,0.14159672730602324,0.034518950527732586
converts,other word,1,1,0.14124734699726105,0.14124734699726105,0.0
earned,other word,3,3,0.4224780835211277,0.1408260278403759,0.014709834696477407
did,other word,7,6,0.9790604934096336,0.1398657847728048,0.03599991510973001
mixing,other word,1,1,0.13986192643642426,0.13986192643642426,0.0
limited,other word,1,1,0.13902755454182625,0.13902755454182625,0.0
perfectly,other word,1,1,0.1389303239993751,0.1389303239993751,0.0
proportion,other word,2,2,0.2775598168373108,0.1387799084186554,0.048789402570453486
selling,other word,2,2,0.2775573879480362,0.1387786939740181,0.016011603554356834
\(19cd\),math notation,1,1,0.1375765714328736,0.1375765714328736,0.0
line-up,other word,6,3,0.8208337659016252,0.13680562765027085,0.03800251867185716
12\%\),math notation,1,1,0.13624740159139037,0.13624740159139037,0.0
area,other word,74,36,9.999782573664561,0.13513219694141299,0.009565269079147239
typographical,other word,1,1,0.13447237480431795,0.13447237480431795,0.0
activities,other word,1,1,0.1344226896762848,0.1344226896762848,0.0
equally,other word,1,1,0.1342630386352539,0.1342630386352539,0.0
task,other word,5,5,0.6674372553825378,0.13348745107650756,0.016357030311257573
\left(\frac{3-3}{3-1}\right)t_1,math notation,1,1,0.1333499364554882,0.1333499364554882,0.0
calculations,other word,2,1,0.26534421741962433,0.13267210870981216,0.025611328019410403
"\(i(6,3)\)",math notation,1,1,0.1322255665436387,0.1322255665436387,0.0
situation,other word,3,3,0.3950077295303345,0.13166924317677817,0.041865346982328834
rapidly,other word,2,2,0.2610883400775492,0.1305441700387746,0.00904757226751092
volumes,other word,1,1,0.1291542947292328,0.1291542947292328,0.0
region,other word,6,5,0.7697008401155472,0.1282834733525912,0.026618821518728058
actually,hedging / contrast,2,2,0.25655680894851685,0.12827840447425842,0.0022223717118430592
sweet,other word,3,3,0.384587075561285,0.12819569185376167,0.046880280570113717
5%,number,1,1,0.12781570851802826,0.12781570851802826,0.0
lauren's,other word,1,1,0.12755663692951202,0.12755663692951202,0.0
removes,other word,1,1,0.1274498999118805,0.1274498999118805,0.0
grow,other word,1,1,0.12692812085151672,0.12692812085151672,0.0
partitions,other word,1,1,0.12585199624300003,0.12585199624300003,0.0
soil,other word,5,5,0.626670453697443,0.1253340907394886,0.016121265095056802
personal,other word,3,2,0.37054117023944855,0.12351372341314952,0.004673240440025442
196\),math notation,1,1,0.12280194577760994,0.12280194577760994,0.0
save,other word,7,5,0.8571765571832657,0.12245379388332367,0.025112720807109707
journey,other word,1,1,0.12229131162166595,0.12229131162166595,0.0
approach,other word,5,4,0.6071565775200725,0.1214313155040145,0.040784527775922313
sales,other word,1,1,0.1214263066649437,0.1214263066649437,0.0
cleaned,other word,1,1,0.12096428126096725,0.12096428126096725,0.0
decagon,other word,1,1,0.12096130568534136,0.12096130568534136,0.0
periods,other word,4,3,0.48065971955657005,0.12016492988914251,0.0973203981630447
bedroom,other word,1,1,0.12002284079790115,0.12002284079790115,0.0
during,other word,2,2,0.2396739423274994,0.1198369711637497,0.018962941889688254
adult,other word,2,2,0.2393549084663391,0.11967745423316956,0.007232694232408992
tomato,other word,1,1,0.11928112059831619,0.11928112059831619,0.0
ate,other word,17,12,2.012358285486698,0.11837401679333519,0.014701804947786862
told,other word,1,1,0.11816734075546265,0.11816734075546265,0.0
period,other word,11,9,1.29600761923939,0.11781887447630818,0.029692850542485646
non-ace-of-spades,other word,1,1,0.11747302114963531,0.11747302114963531,0.0
\text{sister's,math notation,1,1,0.11736290995031595,0.11736290995031595,0.0
ease,other word,1,1,0.11661931872367859,0.11661931872367859,0.0
minimize,other word,4,4,0.4654072895646095,0.11635182239115238,0.0656879944424349
\(b^3\),math notation,1,1,0.11626669066026807,0.11626669066026807,0.0
ones,other word,1,1,0.11514244228601456,0.11514244228601456,0.0
computation,other word,1,1,0.11513361521065235,0.11513361521065235,0.0
maximized,other word,3,3,0.3448714055120945,0.11495713517069817,0.053023185906329824
used,other word,20,14,2.2983438866212964,0.11491719433106481,0.019039754608986156
beds,other word,2,1,0.2289286144077778,0.1144643072038889,0.005307153555005048
makes,other word,2,2,0.22848032414913177,0.11424016207456589,0.007506337914722035
7/25\),math notation,1,1,0.11421061598230153,0.11421061598230153,0.0
incorrect,hedging / contrast,2,2,0.22751950472593307,0.11375975236296654,0.06981858317167619
walk,other word,1,1,0.11327041685581207,0.11327041685581207,0.0
process,other word,4,4,0.45201005414128304,0.11300251353532076,0.008628336830427437
theater,other word,1,1,0.11251284182071686,0.11251284182071686,0.0
cheerios,other word,6,4,0.673328414093703,0.1122214023489505,0.03383421425023819
\(a_3\)),math notation,1,1,0.1118205301463604,0.1118205301463604,0.0
colorings,other word,2,1,0.22339781001210213,0.11169890500605106,0.02957369944480032
remembered,other word,1,1,0.11160765588283539,0.11160765588283539,0.0
reality,other word,3,3,0.3348166085779667,0.11160553619265556,0.04370847258806017
him,other word,5,3,0.5551069639623165,0.1110213927924633,0.031223206520136444
inner,other word,4,4,0.44152405112981796,0.11038101278245449,0.011334139700228701
candidates,other word,4,2,0.4382675960659981,0.10956689901649952,0.029711295778784518
test,other word,14,14,1.5276444153860211,0.10911745824185866,0.024717369018748853
handshakes,other word,7,3,0.7627549306489527,0.10896499009270753,0.018805469656906916
shortest,other word,2,2,0.21558717638254166,0.10779358819127083,0.045424448234726314
spending,other word,1,1,0.10735263675451279,0.10735263675451279,0.0
horse,other word,3,1,0.32173866778612137,0.1072462225953738,0.012292574439548919
kassidy's,other word,2,2,0.2135036699473858,0.1067518349736929,0.03857872002356403
bandages,other word,9,2,0.959374241065234,0.1065971378961371,0.010165935808092032
fed,other word,1,1,0.10658304393291473,0.10658304393291473,0.0
only,other word,24,23,2.5527711960021406,0.1063654665000892,0.01362737359018509
uses,other word,2,2,0.21211291290819645,0.10605645645409822,0.05968756277828387
15/7,math notation,1,1,0.10533998301252723,0.10533998301252723,0.0
"\(\max(a,2)",math notation,1,1,0.10528628854081035,0.10528628854081035,0.0
remaining}\],math notation,1,1,0.10475909803062677,0.10475909803062677,0.0
making,other word,2,2,0.2087746411561966,0.1043873205780983,0.01823356433442691
pension,other word,5,2,0.5199932437390089,0.10399864874780178,0.025610799983024717
rents,other word,2,1,0.20780102908611298,0.10390051454305649,0.007935550883244852
landed,other word,1,1,0.10366718471050262,0.10366718471050262,0.0
gets,other word,3,3,0.30977022275328636,0.10325674091776212,0.02005199630431934
worked,other word,7,3,0.7194316266104579,0.10277594665863685,0.023605354412081152
help,other word,2,2,0.20462266728281975,0.10231133364140987,0.0779142301760787
rounds,other word,2,1,0.2044578194618225,0.10222890973091125,0.038912573113152917
pass,other word,1,1,0.10176046937704086,0.10176046937704086,0.0
possibilities,other word,4,4,0.404899169690907,0.10122479242272675,0.04792402874921351
shared,other word,1,1,0.10113583505153656,0.10113583505153656,0.0
mentioned,other word,1,1,0.10099552571773529,0.10099552571773529,0.0
wants,other word,7,6,0.7000359017401934,0.10000512882002763,0.019382417627254196
orthocenter,other word,1,1,0.09989600442349911,0.09989600442349911,0.0
emptied,other word,1,1,0.09978532046079636,0.09978532046079636,0.0
additionally,other word,1,1,0.09967644512653351,0.09967644512653351,0.0
forms,other word,1,1,0.09953440725803375,0.09953440725803375,0.0
asking,other word,3,3,0.29638080671429634,0.09879360223809878,0.042055954512157184
salads,other word,1,1,0.09861905127763748,0.09861905127763748,0.0
leaving,other word,4,2,0.3928874135017395,0.09822185337543488,0.0154220027393193
characteristics,other word,1,1,0.09783025830984116,0.09783025830984116,0.0
internet,other word,1,1,0.09780784696340561,0.09780784696340561,0.0
renting,other word,2,2,0.1954332534223795,0.09771662671118975,0.04206120545617538
statements,other word,1,1,0.09763793274760246,0.09763793274760246,0.0
having,other word,3,3,0.29236454516649246,0.09745484838883083,0.022547587983248542
\[24,math notation,1,1,0.09720636485144496,0.09720636485144496,0.0
fund,other word,1,1,0.0971793383359909,0.0971793383359909,0.0
hotdogs,other word,4,1,0.38817507959902287,0.09704376989975572,0.013908891682991763
fact,other word,8,8,0.7729776352643967,0.09662220440804958,0.026643869990126766
makeup,other word,1,1,0.0963665097951889,0.0963665097951889,0.0
were,other word,15,11,1.4443058893084526,0.09628705928723018,0.013688330802824193
halved,other word,1,1,0.0961249079555273,0.0961249079555273,0.0
\left(\frac{4-3}{4-1}\right)t_2,math notation,1,1,0.09596221428364515,0.09596221428364515,0.0
\(\log_5(x+3)\),math notation,1,1,0.09546674939338118,0.09546674939338118,0.0
plans,other word,2,2,0.1905941516160965,0.09529707580804825,0.0037758149859015277
anne's,other word,1,1,0.09491719119250774,0.09491719119250774,0.0
construction,other word,2,2,0.1897416189312935,0.09487080946564674,0.03348421444145365
put,other word,2,2,0.1894485168159008,0.0947242584079504,0.02653169006743181
research,other word,3,2,0.2839543968439102,0.09465146561463673,0.018944826107520043
42\),math notation,1,1,0.09455620124936104,0.09455620124936104,0.0
guests,other word,3,1,0.2832256034016609,0.0944085344672203,0.01870471068432545
teams,other word,5,4,0.47191176237538457,0.09438235247507691,0.029285169717393016
plates,other word,4,1,0.3772154520265758,0.09430386300664395,0.0160500940601024
\(p_0\),math notation,1,1,0.09430027776397765,0.09430027776397765,0.0
bounded,other word,2,2,0.18836915493011475,0.09418457746505737,0.008233976912482302
collection,other word,3,3,0.2825194736942649,0.09417315789808829,0.05031776242746447
had,other word,19,16,1.7879665400832891,0.0941035021096468,0.017181776117607815
tickets,other word,5,3,0.46880057360976934,0.09376011472195386,0.05400800469312525
profit,other word,3,2,0.2796740736812353,0.09322469122707844,0.01071687689861475
\(\frac{2187}{5625}\),math notation,1,1,0.09304131334647536,0.09304131334647536,0.0
ensure,other word,6,6,0.5579185551032424,0.0929864258505404,0.03816694230806015
\((t+10)^{23}\),math notation,1,1,0.09257401432842016,0.09257401432842016,0.0
but,hedging / contrast,24,22,2.213369161821902,0.09222371507591258,0.015347296007403156
323,number,1,1,0.09209766983985901,0.09209766983985901,0.0
simpler,other word,2,2,0.18417295813560486,0.09208647906780243,0.04919929120893406
children,other word,12,6,1.103595579857938,0.09196629832149483,0.035597966516174376
bill,other word,4,4,0.36747461277991533,0.09186865319497883,0.011577556791655279
separately,other word,4,4,0.36604694835841656,0.09151173708960414,0.022438945823944435
option,other word,1,1,0.09089386649429798,0.09089386649429798,0.0
akshan,other word,1,1,0.09062335267663002,0.09062335267663002,0.0
identical,other word,1,1,0.08982452005147934,0.08982452005147934,0.0
always,other word,3,3,0.2693469524383545,0.08978231747945149,0.06964658598970781
behavior,other word,3,3,0.26900694891810417,0.08966898297270139,0.027799720901209385
ef,other word,1,1,0.08943025884218514,0.08943025884218514,0.0
highway,other word,3,1,0.267772966530174,0.089257655510058,0.01859112118689449
originally,other word,1,1,0.0891689658164978,0.0891689658164978,0.0
they,other word,17,13,1.5103546911850572,0.08884439359912101,0.010054924517413879
4\)),math notation,1,1,0.0888105696067214,0.0888105696067214,0.0
took,other word,4,4,0.35505999624729156,0.08876499906182289,0.015254741635093352
doxa's,other word,1,1,0.08872071374207735,0.08872071374207735,0.0
space,other word,1,1,0.08859288692474365,0.08859288692474365,0.0
exclusion,other word,2,2,0.1770286113023758,0.0885143056511879,0.008494154676696114
exclude,other word,1,1,0.08850926160812378,0.08850926160812378,0.0
p(\text{not,math notation,1,1,0.08842597622424364,0.08842597622424364,0.0
recursive,other word,2,2,0.17677139677107334,0.08838569838553667,0.044126880453611
magazine,other word,3,2,0.2651541233062744,0.08838470776875813,0.08861787882251763
students,other word,65,25,5.733397435047664,0.08820611438534867,0.010498851964595178
remaining,other word,62,45,5.461591163650155,0.08809018005887347,0.00973535395641596
item,other word,1,1,0.08762400038540363,0.08762400038540363,0.0
leave,other word,1,1,0.08761626482009888,0.08761626482009888,0.0
eliminate,other word,11,9,0.9581072852015495,0.08710066229104996,0.01524021884682748
tasks,other word,1,1,0.08687111735343933,0.08687111735343933,0.0
started,other word,2,2,0.1730853021144867,0.08654265105724335,0.03334612292648574
knowing,other word,1,1,0.08654151111841202,0.08654151111841202,0.0
previously,other word,1,1,0.08647605776786804,0.08647605776786804,0.0
inclusive,other word,2,2,0.172728618606925,0.0863643093034625,0.021943082986165312
success,other word,2,1,0.1725449413061142,0.0862724706530571,0.010515981146612213
make,other word,14,10,1.2066702614538372,0.08619073296098836,0.014121539718110645
\(t^{2023}\),math notation,1,1,0.08611622569151223,0.08611622569151223,0.0
generality,other word,1,1,0.08588133752346039,0.08588133752346039,0.0
tuples,other word,1,1,0.08588065579533577,0.08588065579533577,0.0
convinces,other word,1,1,0.08571454882621765,0.08571454882621765,0.0
innermost,other word,1,1,0.08570892224088311,0.08570892224088311,0.0
sold,other word,10,7,0.8567616604268551,0.0856761660426855,0.015870345090955734
patrons,other word,1,1,0.08561886800453067,0.08561886800453067,0.0
has,other word,107,84,9.12472815066576,0.08527783318379215,0.007440622417705421
square's,other word,1,1,0.08526217751204967,0.08526217751204967,0.0
already-on,other word,3,2,0.25530725438147783,0.08510241812715928,0.006242542721409921
non-prime,other word,2,1,0.16907164454460144,0.08453582227230072,0.022101399061517882
contradicts,other word,1,1,0.08439761586487293,0.08439761586487293,0.0
being,other word,12,11,1.010875476989895,0.08423962308249126,0.01556197258615977
complement,other word,1,1,0.08422666788101196,0.08422666788101196,0.0
6561\),math notation,1,1,0.08406171458773315,0.08406171458773315,0.0
75%,number,1,1,0.08389815129339695,0.08389815129339695,0.0
children's,other word,3,3,0.2516414634883404,0.08388048782944679,0.08542235461066823
members,other word,2,2,0.16747654974460602,0.08373827487230301,0.013193112085531753
light,other word,1,1,0.08344894647598267,0.08344894647598267,0.0
still,other word,5,5,0.4169928478077054,0.08339856956154108,0.04743183012989937
distinctness,other word,1,1,0.0831177607178688,0.0831177607178688,0.0
5-2)(5-3)(5-4,math notation,1,1,0.08304003824014217,0.08304003824014217,0.0
rock,other word,1,1,0.08295191824436188,0.08295191824436188,0.0
doing,other word,2,1,0.16567688062787056,0.08283844031393528,0.04579807609550834
beyond,other word,3,3,0.24701054580509663,0.08233684860169888,0.04390840595283732
escaping,other word,1,1,0.082297682762146,0.082297682762146,0.0
lies,other word,4,4,0.3290745560079813,0.08226863900199533,0.03256321288502582
direction,other word,1,1,0.08205197006464005,0.08205197006464005,0.0
5-1)(5-3)(5-4,math notation,1,1,0.08183191157877445,0.08183191157877445,0.0
cups/day,math notation,2,2,0.1635238784365356,0.0817619392182678,0.03587097483219352
brother,other word,7,4,0.5701986607164145,0.08145695153091635,0.028904086613626513
surface,other word,1,1,0.08142927289009094,0.08142927289009094,0.0
painted,other word,6,5,0.48733942303806543,0.0812232371730109,0.021669815960496736
necessarily,other word,1,1,0.0811888724565506,0.0811888724565506,0.0
\(4c\),math notation,1,1,0.08107332233339548,0.08107332233339548,0.0
y)\],math notation,1,1,0.08107131673023105,0.08107131673023105,0.0
\(\frac{2187}{78125}\),math notation,1,1,0.08068057108903304,0.08068057108903304,0.0
influencing,other word,1,1,0.08055144548416138,0.08055144548416138,0.0
john's,other word,6,2,0.48308816459029913,0.08051469409838319,0.011610240515332416
\(abc\),math notation,2,2,0.16092605469748378,0.08046302734874189,0.01064933591557032
100%,number,3,2,0.24138225428760052,0.08046075142920017,0.033954261341770625
38%,number,2,1,0.16083978675305843,0.08041989337652922,0.01681504563479747
unclear,hedging / contrast,1,1,0.08041514456272125,0.08041514456272125,0.0
allocated,other word,1,1,0.08035638928413391,0.08035638928413391,0.0
event,other word,4,3,0.3206445276737213,0.08016113191843033,0.015354946126584546
24/25\),math notation,1,1,0.07996484241448343,0.07996484241448343,0.0
\frac{r_2}{\sqrt[3]{r_1}}\),math notation,1,1,0.07993073936086148,0.07993073936086148,0.0
earnings,other word,14,8,1.1181073114275932,0.0798648079591138,0.02025094190401545
cooking,other word,4,2,0.31940540205687284,0.07985135051421821,0.00944955351031796
black,other word,2,2,0.15944471210241318,0.07972235605120659,0.01815941485700609
oliver,other word,8,2,0.6357496455311775,0.07946870569139719,0.018908739204916453
fell,other word,1,1,0.07931787520647049,0.07931787520647049,0.0
walking,other word,1,1,0.079034224152565,0.079034224152565,0.0
itself,other word,1,1,0.07900981418788433,0.07900981418788433,0.0
evenly,other word,1,1,0.07896572351455688,0.07896572351455688,0.0
-1.\],math notation,1,1,0.07849459629505873,0.07849459629505873,0.0
relevant,other word,1,1,0.07842327654361725,0.07842327654361725,0.0
occurring,other word,2,2,0.15670776553452015,0.07835388276726007,0.010992123972407402
respective,other word,1,1,0.07818664610385895,0.07818664610385895,0.0
types,other word,2,2,0.15584102272987366,0.07792051136493683,0.009936498858079866
remains,other word,4,3,0.3116779252886772,0.0779194813221693,0.06201299487017752
different,other word,14,13,1.0862544607371092,0.07758960433836494,0.014600855985489512
\(6.4,math notation,1,1,0.07756486453581601,0.07756486453581601,0.0
\$640,math notation,1,1,0.07752513187006116,0.07752513187006116,0.0
post-it,other word,17,4,1.3166409246623516,0.07744946615660891,0.013819742502938872
draws,other word,3,3,0.23170925304293633,0.07723641768097878,0.022048380405415555
needed,other word,21,17,1.6198379427660257,0.0771351401317155,0.013579742744060437
dishwasher,other word,4,2,0.3085358878597617,0.07713397196494043,0.0114845042385987
maximize,other word,7,6,0.5389599222689867,0.07699427460985524,0.031112475803989292
binomial,other word,1,1,0.07678462588228285,0.07678462588228285,0.0
6-by-6-by-6,number,2,1,0.15310301864519715,0.07655150932259858,0.022120497016885506
distribution,other word,2,2,0.15140872448682785,0.07570436224341393,0.0007708368833059006
convince,other word,1,1,0.07549469918012619,0.07549469918012619,0.0
implants,other word,6,3,0.4513693507760763,0.07522822512934606,0.039747346645075766
costs,other word,17,13,1.2781397243961692,0.07518468967036289,0.015509650985964116
early,other word,4,4,0.30051723681390285,0.07512930920347571,0.045685193345377045
planned,other word,1,1,0.07511484622955322,0.07511484622955322,0.0
no,negation,5,4,0.37502153404057026,0.07500430680811405,0.027845950990776927
two,other word,110,88,8.236860684584826,0.07488055167804387,0.005858278171768373
bills,other word,26,8,1.9386903604026884,0.07456501386164185,0.008825991123229043
birth,other word,1,1,0.07391750812530518,0.07391750812530518,0.0
implant,other word,1,1,0.0738498866558075,0.0738498866558075,0.0
giving,other word,7,5,0.5151306800544262,0.07359009715063232,0.018237621839894472
grocery,other word,1,1,0.07342147827148438,0.07342147827148438,0.0
arguments,other word,2,2,0.14619890972971916,0.07309945486485958,0.009326745912693587
give,other word,5,4,0.36470356211066246,0.07294071242213249,0.016662249816884297
burst,other word,2,1,0.1458606868982315,0.07293034344911575,0.11698367254230015
actual,other word,2,2,0.1457967348396778,0.0728983674198389,0.0285989218640843
escape,other word,3,3,0.2184225358068943,0.07280751193563144,0.026022440917666655
type,other word,4,4,0.2911607138812542,0.07279017847031355,0.015751384522191603
home,other word,5,4,0.3638694607652724,0.07277389215305448,0.028269827327512993
known,other word,6,6,0.4366238536313176,0.07277064227188627,0.028164194291572624
end,other word,10,9,0.7273264168761671,0.0727326416876167,0.020044429379461732
representations,other word,1,1,0.07270478596910834,0.07270478596910834,0.0
79.6\],math notation,1,1,0.07260038144886494,0.07260038144886494,0.0
more,other word,23,22,1.6685160528868437,0.07254417621247146,0.012200241581086728
part,other word,7,7,0.5077782805310562,0.07253975436157946,0.021866322267726113
house,other word,9,6,0.6520429938100278,0.07244922153444754,0.017038633181694567
$\frac{3}{3}$),math notation,1,1,0.0723998963367194,0.0723998963367194,0.0
forming,other word,1,1,0.07216299325227737,0.07216299325227737,0.0
her,other word,48,33,3.4508527047000825,0.07189276468125172,0.00797789529280474
day,other word,20,15,1.4324720231816173,0.07162360115908087,0.014755735443515902
choices,other word,12,8,0.8579020574688911,0.0714918381224076,0.02251204757018326
boys,other word,3,2,0.21435450576245785,0.07145150192081928,0.016028115823172186
consumption,other word,5,3,0.3561763148754835,0.0712352629750967,0.03808544362735081
daily,other word,6,4,0.4259776957333088,0.07099628262221813,0.014010311489018724
suggests,other word,1,1,0.07089773565530777,0.07089773565530777,0.0
$\frac{60}{3}$,math notation,1,1,0.07089187717065215,0.07089187717065215,0.0
versa,other word,1,1,0.07088458351790905,0.07088458351790905,0.0
similarity,other word,4,3,0.2833630535751581,0.07084076339378953,0.04360977799628231
goods,other word,1,1,0.07077243365347385,0.07077243365347385,0.0
feasibility,other word,1,1,0.0707152858376503,0.0707152858376503,0.0
would,other word,23,17,1.6247089598327875,0.0706395199927299,0.012715621831133981
three,other word,51,42,3.5961814696202055,0.0705133621494158,0.005683316229383742
post,other word,8,5,0.5636759921908379,0.07045949902385473,0.007750173039689124
20th,number,2,1,0.14039622247219086,0.07019811123609543,0.022618453964871495
\(2x\),math notation,1,1,0.07018279889598489,0.07018279889598489,0.0
could,hedging / contrast,8,8,0.560520626604557,0.07006507832556963,0.012444973913160708
are,other word,251,197,17.448965494520962,0.06951779081482455,0.0050158267280697375
numerators,other word,1,1,0.06929613649845123,0.06929613649845123,0.0
aside,other word,1,1,0.06927499920129776,0.06927499920129776,0.0
\(5^1\),math notation,1,1,0.0691460088128224,0.0691460088128224,0.0
his,other word,50,34,3.451644852757454,0.06903289705514908,0.011475013243088921
doxa,other word,5,5,0.3441805811598897,0.06883611623197794,0.023636964964001826
10%,number,4,3,0.27530700573697686,0.06882675143424422,0.017163539127071536
averaging,other word,1,1,0.06882089376449585,0.06882089376449585,0.0
-6)\),math notation,2,1,0.13763214589562267,0.06881607294781134,0.060790595976673675
very,other word,7,6,0.4816728811711073,0.06881041159587246,0.01064526819440286
doors,other word,3,2,0.2060394766740501,0.0686798255580167,0.01794930047470565
distribute,other word,4,3,0.2744278348982334,0.06860695872455835,0.013627288994238778
\(a_3\),math notation,1,1,0.06798723340034485,0.06798723340034485,0.0
outer,other word,3,3,0.20358803402632475,0.06786267800877492,0.03400836498199894
60%,number,4,3,0.27125346194952726,0.06781336548738182,0.007476542099971463
cost,other word,94,42,6.358787357807159,0.0676466740192251,0.006380140682921848
invested,other word,1,1,0.06762243807315826,0.06762243807315826,0.0
themselves,other word,2,2,0.13513754960149527,0.06756877480074763,0.019659167985145488
needs,other word,18,16,1.2152180653065443,0.06751211473925246,0.032377186594237446
less,other word,26,23,1.752681981306523,0.06741084543486628,0.009565292662722852
exists,other word,1,1,0.06736259907484055,0.06736259907484055,0.0
dental,other word,1,1,0.06703232228755951,0.06703232228755951,0.0
comic,other word,1,1,0.06695819646120071,0.06695819646120071,0.0
loss,other word,7,5,0.46732708252966404,0.066761011789952,0.025093478228770824
optimal,other word,2,2,0.13299816101789474,0.06649908050894737,0.005855016487531111
adults,other word,7,4,0.4648808930069208,0.06641155614384583,0.021586639850157477
replacement,other word,2,2,0.1327949073165655,0.06639745365828276,0.053693842329392436
it's,other word,5,4,0.3319054404273629,0.06638108808547258,0.016117911939325717
simplification,other word,3,2,0.19887998048216105,0.06629332682738702,0.01403542580124614
on/off,math notation,1,1,0.06613907217979431,0.06613907217979431,0.0
pairwise,other word,2,1,0.13205517223104835,0.06602758611552417,0.012456382045474904
-16\),math notation,1,1,0.06579205626621842,0.06579205626621842,0.0
correctly,other word,1,1,0.06567919254302979,0.06567919254302979,0.0
janet's,other word,2,2,0.13131901249289513,0.06565950624644756,0.025978889368184894
happen,other word,1,1,0.06562336534261703,0.06562336534261703,0.0
inspection,other word,1,1,0.0653942720964551,0.0653942720964551,0.0
chenny,other word,2,2,0.1305985003709793,0.06529925018548965,0.01076298802066637
among,other word,6,6,0.3915103916078806,0.06525173193464677,0.010000903112556065
seven,other word,1,1,0.06510797142982483,0.06510797142982483,0.0
nearest,other word,1,1,0.0649554654955864,0.0649554654955864,0.0
allow,other word,1,1,0.0649137943983078,0.0649137943983078,0.0
placed,other word,2,2,0.1296668890863657,0.06483344454318285,0.030885412761947097
based,other word,8,8,0.5180479339323938,0.06475599174154922,0.02113650512231378
84^\circ\),math notation,1,1,0.06468353187665343,0.06468353187665343,0.0
expansion,other word,1,1,0.06457532197237015,0.06457532197237015,0.0
mix,other word,1,1,0.06444551795721054,0.06444551795721054,0.0
setup,other word,3,3,0.1925702691078186,0.0641900897026062,0.03211270497310904
made,other word,5,4,0.3203987628221512,0.06407975256443024,0.0068052767455922545
midterms,other word,2,2,0.12812438234686852,0.06406219117343426,0.02751646171960098
consecutively,other word,2,1,0.12808664701879025,0.06404332350939512,0.027006522718928366
3/8ths,math notation,1,1,0.06399415526539087,0.06399415526539087,0.0
similar,other word,4,3,0.25590770691633224,0.06397692672908306,0.014264659044655568
vacuum,other word,9,6,0.5726993982680142,0.06363326647422379,0.019036260626029873
tuple,other word,2,1,0.1272259997203946,0.0636129998601973,0.023358146632033623
bulk,other word,1,1,0.06355585157871246,0.06355585157871246,0.0
224,number,2,2,0.1270860880613327,0.06354304403066635,0.04527595435071031
carl's,other word,6,3,0.3811579237226397,0.06352632062043995,0.026020507895453418
allowance,other word,3,3,0.19055914878845215,0.06351971626281738,0.01163106227031503
pack,other word,1,1,0.06331726163625717,0.06331726163625717,0.0
mathletics,other word,1,1,0.06329403258860111,0.06329403258860111,0.0
angle-angle,other word,1,1,0.06287760147824883,0.06287760147824883,0.0
eaten,other word,12,8,0.7543316916562617,0.06286097430468847,0.011203911090437666
larger,other word,8,8,0.5026276363059878,0.06282845453824848,0.030194412986799125
food,other word,20,10,1.2545202486217022,0.06272601243108511,0.01003569944671799
teacher,other word,9,4,0.5638458412140608,0.06264953791267341,0.007315184563488528
got,other word,1,1,0.0625995546579361,0.0625995546579361,0.0
pays,other word,5,5,0.31277278624475,0.06255455724895001,0.06000733421763774
desired,other word,4,4,0.25006772950291634,0.06251693237572908,0.0038198281093545492
rap,other word,1,1,0.06242166832089424,0.06242166832089424,0.0
requires,other word,1,1,0.062351301312446594,0.062351301312446594,0.0
middle,other word,1,1,0.06232088804244995,0.06232088804244995,0.0
throwing,other word,1,1,0.06230119243264198,0.06230119243264198,0.0
contains,other word,8,8,0.4972175396978855,0.06215219246223569,0.02163726824408634
games,other word,8,7,0.4942342727445066,0.061779284093063325,0.039479388407186414
will,other word,69,62,4.258981707505882,0.061724372572549015,0.006298543170558105
bed,other word,3,1,0.1843640636652708,0.0614546878884236,0.029289600431510812
unknown,other word,1,1,0.06143392622470856,0.06143392622470856,0.0
previous,other word,4,4,0.24397313967347145,0.06099328491836786,0.012575246498590341
includes,other word,3,3,0.18282434903085232,0.060941449676950775,0.02100574716950745
pets,other word,4,2,0.2435285192914307,0.06088212982285768,0.03295884798080616
sean,other word,3,3,0.18246469646692276,0.06082156548897425,0.05211318728565117
change,other word,11,8,0.6686081532388926,0.06078255938535387,0.01774082900468079
martin,other word,2,2,0.1215217113494873,0.06076085567474365,0.0006658253760629762
pilots,other word,2,2,0.12145048752427101,0.060725243762135506,0.05528694908062219
canceling,other word,1,1,0.06069174408912659,0.06069174408912659,0.0
0.01,number,1,1,0.060577038675546646,0.060577038675546646,0.0
hundred,other word,2,1,0.12105514481663704,0.06052757240831852,0.004619340694909544
$64$,math notation,2,1,0.12090671062469482,0.06045335531234741,0.023430734371153766
262,number,1,1,0.06043611094355583,0.06043611094355583,0.0
do,other word,10,10,0.6040708497166634,0.06040708497166634,0.01466926121329887
\[\frac{8}{12}\],math notation,1,1,0.06028930563479662,0.06028930563479662,0.0
done,other word,4,4,0.2411085981875658,0.06027714954689145,0.022762410002347588
99,number,4,3,0.2404763763770461,0.06011909409426153,0.04988378628169344
foury,other word,1,1,0.059895800426602364,0.059895800426602364,0.0
estimation,other word,1,1,0.05962990038096905,0.05962990038096905,0.0
after,other word,65,58,3.86237486731261,0.059421151804809384,0.00986140495307746
\[p(\text{not,math notation,1,1,0.05936343432404101,0.05936343432404101,0.0
leading,other word,3,3,0.17788860574364662,0.059296201914548874,0.015566134651234504
achieved,other word,3,2,0.1773377452045679,0.05911258173485597,0.031226207129289044
entire,other word,10,10,0.58808858320117,0.058808858320116994,0.03143328019171562
diagonals,other word,8,5,0.4699118370190263,0.058738979627378285,0.027389780807060716
tea,other word,14,6,0.8221385348588228,0.058724181061344485,0.008302384943899488
pineapples,other word,11,5,0.645807278342545,0.058709752576595005,0.01570442861348374
budget,other word,4,3,0.23464982956647873,0.05866245739161968,0.024104406508085412
5\)),math notation,2,2,0.11705716466531157,0.05852858233265579,0.048647738286893644
sauce,other word,6,3,0.3501797979697585,0.05836329966162642,0.009550707576241825
manipulation,other word,1,1,0.05828779190778732,0.05828779190778732,0.0
1-10,number,1,1,0.0581325952662155,0.0581325952662155,0.0
certain,other word,1,1,0.05812820419669151,0.05812820419669151,0.0
related,other word,4,3,0.2323425579816103,0.058085639495402575,0.01306537388036935
vieta's,other word,5,4,0.29042527568526566,0.05808505513705313,0.023689880999002832
double,other word,1,1,0.05804025009274483,0.05804025009274483,0.0
\(a_7\),math notation,1,1,0.05794595705810934,0.05794595705810934,0.0
pineapple,other word,1,1,0.05792605131864548,0.05792605131864548,0.0
eats,other word,6,4,0.34723033756017685,0.057871722926696144,0.07656225297160073
supposed,other word,1,1,0.05776466429233551,0.05776466429233551,0.0
floored,other word,1,1,0.0577334389090538,0.0577334389090538,0.0
feasible,other word,1,1,0.05771744251251221,0.05771744251251221,0.0
become,other word,1,1,0.057707540690898895,0.057707540690898895,0.0
appropriately,other word,1,1,0.0576382614672184,0.0576382614672184,0.0
depends,other word,1,1,0.05758871138095856,0.05758871138095856,0.0
2014,number,7,5,0.4025498090777546,0.05750711558253637,0.019764312039013424
mines,other word,1,1,0.05718346685171127,0.05718346685171127,0.0
especially,other word,2,2,0.11432122066617012,0.05716061033308506,0.016507222833975613
east,other word,6,6,0.342939306050539,0.05715655100842317,0.011113175684403665
patterns,other word,3,3,0.17105895187705755,0.05701965062568585,0.029337828095399403
0.3,number,1,1,0.05683450074866414,0.05683450074866414,0.0
2^2}{2^4}\right)^2,math notation,1,1,0.05680511752143502,0.05680511752143502,0.0
admission,other word,5,2,0.28392638568766415,0.05678527713753283,0.02728160188821905
properties,other word,17,16,0.9628812689334154,0.05664007464314208,0.006048144593463501
team,other word,12,6,0.6794469694141299,0.05662058078451082,0.021393370584308825
circular,other word,2,2,0.11288694478571415,0.056443472392857075,0.03224008096171606
removing,other word,2,2,0.11287125200033188,0.05643562600016594,0.0018294761558464731
ourselves,other word,1,1,0.05643259733915329,0.05643259733915329,0.0
emptying,other word,2,1,0.11278269300237298,0.05639134650118649,0.002270507858017923
40%,number,7,5,0.3936545606702566,0.05623636581003666,0.015803907084217056
ceiling,other word,1,1,0.056236132979393005,0.056236132979393005,0.0
extra,other word,2,2,0.11203861236572266,0.05601930618286133,0.002508027245981707
input,other word,2,2,0.11185777373611927,0.055928886868059635,0.024438470128860797
intervals,other word,2,2,0.11168040335178375,0.055840201675891876,0.0009628421200533423
student,other word,3,2,0.16747980751097202,0.05582660250365734,0.015420153552379214
two-digit,other word,3,1,0.16732568689621985,0.05577522896540662,0.006180574998998525
city,other word,1,1,0.055710867047309875,0.055710867047309875,0.0
sean's,other word,4,2,0.22201833315193653,0.05550458328798413,0.012643535739428344
re-evaluate,hedging / contrast,1,1,0.0553765743970871,0.0553765743970871,0.0
midlines,other word,1,1,0.0552767738699913,0.0552767738699913,0.0
thomas,other word,9,6,0.49571461230516434,0.05507940136724048,0.008180990356554077
normal,other word,3,2,0.16459540836513042,0.054865136121710144,0.016346095061471225
\frac{5}{\frac{25}{3}},math notation,1,1,0.0547591841313988,0.0547591841313988,0.0
boundary,other word,1,1,0.054747074842453,0.054747074842453,0.0
bag,other word,19,14,1.0360123997088522,0.054526968405729064,0.009798417644527472
charity,other word,2,1,0.10857689194381237,0.054288445971906185,0.02911368305691661
last,other word,17,12,0.9185597330797464,0.0540329254752792,0.008800531990386672
utensils}\],math notation,1,1,0.054031381383538246,0.054031381383538246,0.0
decrease,other word,1,1,0.053809188306331635,0.053809188306331635,0.0
9\)),math notation,2,2,0.10759689938277006,0.05379844969138503,0.02670599395707693
been,other word,5,5,0.2680045757442713,0.053600915148854254,0.016441635716899116
possibility,other word,3,3,0.16071469336748123,0.05357156445582708,0.014425226372313645
including,other word,6,6,0.32138585951179266,0.05356430991863211,0.03310668206148208
equiangular,other word,1,1,0.053523795679211617,0.053523795679211617,0.0
connection,other word,1,1,0.053424738347530365,0.053424738347530365,0.0
favorable,other word,16,10,0.8537410981953144,0.05335881863720715,0.02369832652372179
already,other word,12,11,0.6396767385303974,0.053306394877533116,0.017185865166920625
effect,other word,2,2,0.10657176747918129,0.053285883739590645,0.001645751457742406
1-100,number,1,1,0.05327610485255718,0.05327610485255718,0.0
paths,other word,2,1,0.10632901359349489,0.053164506796747446,0.0030683416087924366
addition,other word,3,3,0.1591593031771481,0.05305310105904937,0.04421654305780598
$\lfloor,math notation,1,1,0.05304230866022408,0.05304230866022408,0.0
gcd,other word,7,3,0.37078204075805843,0.052968862965436916,0.022802730956697933
caught,other word,1,1,0.052957262843847275,0.052957262843847275,0.0
involved,other word,2,2,0.10584999434649944,0.05292499717324972,0.012237372367997006
u1,number,3,3,0.1584053705446422,0.0528017901815474,0.041554093281950796
car,other word,24,18,1.2669024169445038,0.05278760070602099,0.015075680753527146
**counting,math notation,2,2,0.1054205959662795,0.05271029798313975,0.0058874863537694624
\(1\)),math notation,1,1,0.05270691681653261,0.05270691681653261,0.0
exponents,other word,13,10,0.6850579120218754,0.052696762463221185,0.015701138522521783
81\),math notation,1,1,0.05264809541404247,0.05264809541404247,0.0
smaller,other word,12,10,0.6308776158839464,0.052573134656995535,0.01746680345828383
candies,other word,12,2,0.6308615542948246,0.052571796191235386,0.01001803575144724
mixed,other word,1,1,0.052551403641700745,0.052551403641700745,0.0
main,other word,4,2,0.21002200758084655,0.05250550189521164,0.019808989512687437
figures,other word,2,2,0.10493608750402927,0.05246804375201464,0.02703658362935651
62%,number,1,1,0.0524646881967783,0.0524646881967783,0.0
conditions,other word,15,13,0.7864005463197827,0.05242670308798551,0.017678021983775546
8\)),math notation,2,2,0.10463428450748324,0.05231714225374162,0.030399034343500463
money,other word,22,17,1.1481763059273362,0.05218983208760619,0.01881208104245435
criterion,other word,2,2,0.10429704491980374,0.05214852245990187,0.016852445282904503
\(5625\),math notation,1,1,0.0519702797755599,0.0519702797755599,0.0
places,other word,2,2,0.10387332737445831,0.051936663687229156,0.015789163024628464
clarification,other word,1,1,0.051929278299212456,0.051929278299212456,0.0
\(\log_{4}{t}\),math notation,1,1,0.051758938119746745,0.051758938119746745,0.0
\frac{36a,math notation,1,1,0.05175047577358782,0.05175047577358782,0.0
person,other word,13,8,0.6704157636268064,0.051570443355908185,0.01091128190232767
factorization,other word,5,4,0.2578145591542125,0.051562911830842495,0.018316681133243126
i\)),math notation,1,1,0.051508498727343976,0.051508498727343976,0.0
differ,other word,2,1,0.10285786911845207,0.051428934559226036,0.005098178943375908
\text{cost,math notation,1,1,0.05142488772980869,0.05142488772980869,0.0
seems,hedging / contrast,4,4,0.20528677757829428,0.05132169439457357,0.017697965880690756
selfies,other word,2,1,0.1026315912604332,0.0513157956302166,0.009163536193102197
theory,other word,1,1,0.051295697689056396,0.051295697689056396,0.0
acknowledge,other word,1,1,0.05104810371994972,0.05104810371994972,0.0
3/8th,math notation,1,1,0.050982638727873564,0.050982638727873564,0.0
large,other word,14,11,0.7129505535122007,0.05092503953658577,0.01963416015194649
\(\overline{ad}\),math notation,1,1,0.05055863410234451,0.05055863410234451,0.0
central,other word,6,5,0.3029390834271908,0.05048984723786513,0.005672782077180108
was,other word,17,12,0.858013741672039,0.05047139656894347,0.010545730999630023
$2t$,math notation,1,1,0.050412796437740326,0.050412796437740326,0.0
50%,number,11,8,0.554189836140722,0.050380894194611094,0.017113713280549343
unchanged,other word,1,1,0.05033285543322563,0.05033285543322563,0.0
individuals,other word,3,3,0.1509313303977251,0.05031044346590837,0.01951849617615927
field,other word,1,1,0.05029900744557381,0.05029900744557381,0.0
appetizing,other word,1,1,0.05007216800004244,0.05007216800004244,0.0
face,other word,11,8,0.5503798928111792,0.05003453571010719,0.022902715781190488
year,other word,45,28,2.250595322577283,0.05001322939060628,0.007873171206274081
arranged,other word,3,2,0.15002323687076569,0.05000774562358856,0.010470355846500459
right-angled,other word,5,4,0.25000216346234083,0.050000432692468164,0.015434223432426944
\frac{3^7}{5^7},math notation,1,1,0.049925224971957505,0.049925224971957505,0.0
broken,other word,1,1,0.04988698661327362,0.04988698661327362,0.0
rid,other word,3,3,0.14957190304994583,0.04985730101664861,0.046268925439170765
weeks,other word,9,7,0.44860939076170325,0.04984548786241147,0.025410313105008974
sixteen,other word,2,1,0.09966367483139038,0.04983183741569519,0.010446960413819558
today,other word,10,4,0.4969802019186318,0.04969802019186318,0.020659637583936553
64\),math notation,1,1,0.04965309798717499,0.04965309798717499,0.0
provided,other word,4,4,0.1983726592734456,0.0495931648183614,0.03545912522819662
she,other word,47,39,2.330717995762825,0.049589744590698405,0.013276063456272216
matrix,other word,2,2,0.09915144089609385,0.04957572044804692,0.032575873135608696
crew,other word,2,1,0.09911985602229834,0.04955992801114917,0.016284431629296745
played,other word,4,4,0.19806626811623573,0.04951656702905893,0.012760411976517649
caterer,other word,1,1,0.0495076198130846,0.0495076198130846,0.0
distinct,other word,14,11,0.6920204369816929,0.049430031212978065,0.02257009098977455
limitations,other word,1,1,0.0494009330868721,0.0494009330868721,0.0
45\),math notation,1,1,0.04937582369893789,0.04937582369893789,0.0
sell,other word,2,1,0.09830442816019058,0.04915221408009529,0.014057451752259073
cleaning,other word,2,1,0.09795108065009117,0.048975540325045586,0.003490050133374554
floor,other word,13,6,0.636422130279243,0.04895554848301869,0.008763395405446127
them,other word,19,19,0.9290811992250383,0.04889901048552833,0.010407014266640403
cards,other word,8,4,0.39099058136343956,0.048873822670429945,0.024947481523215333
buildings,other word,8,4,0.3905549356713891,0.04881936695892364,0.013818741012020828
back,other word,19,17,0.927319910377264,0.04880631107248758,0.02064276299606869
\$250\],math notation,1,1,0.048552009742707014,0.048552009742707014,0.0
play,other word,4,3,0.19355953112244606,0.048389882780611515,0.011204378789791676
99\),math notation,1,1,0.048348220996558666,0.048348220996558666,0.0
four,other word,8,6,0.3858186537399888,0.0482273317174986,0.013094561248899309
lead,other word,1,1,0.04813221096992493,0.04813221096992493,0.0
shoot,other word,2,1,0.09623429412022233,0.048117147060111165,0.059402094106149377
3-student,number,1,1,0.04800964891910553,0.04800964891910553,0.0
phone,other word,8,2,0.38377395644783974,0.04797174455597997,0.015303636726735776
freda,other word,3,2,0.143668161239475,0.047889387079825006,0.019854617281612946
cars,other word,18,4,0.8610662950668484,0.04783701639260269,0.013861730650041686
complementary,other word,2,1,0.09561541676521301,0.047807708382606506,0.014420122749517284
non-zero,other word,7,5,0.3344759941101074,0.04778228487287249,0.010730605650892542
six,other word,7,6,0.33424886129796505,0.04774983732828072,0.008966188386438987
\frac{3}{25},math notation,1,1,0.04769380402285606,0.04769380402285606,0.0
close,other word,4,3,0.19001164473593235,0.04750291118398309,0.018735349461283714
deal,other word,1,1,0.047425802797079086,0.047425802797079086,0.0
card,other word,4,3,0.18939011078327894,0.047347527695819736,0.028045403104041248
316,number,1,1,0.04730181396007538,0.04730181396007538,0.0
6-member,number,1,1,0.047257471829652786,0.047257471829652786,0.0
their,other word,23,21,1.0854965755715966,0.04719550328572159,0.014012060001871905
clarity,other word,1,1,0.04719098750501871,0.04719098750501871,0.0
y-intercept,other word,3,2,0.14142388198524714,0.04714129399508238,0.02377494466787429
added,other word,5,3,0.23569623939692974,0.04713924787938595,0.023047275036328484
participated,other word,1,1,0.04711664840579033,0.04711664840579033,0.0
arrangements,other word,7,3,0.3296696417964995,0.047095663113785644,0.01804055468193829
matches,other word,2,2,0.09386515617370605,0.04693257808685303,0.10835977932917537
common,other word,29,20,1.3605885652359575,0.04691684707710198,0.0065507506116509505
receive,other word,4,3,0.18753023818135262,0.046882559545338154,0.005323113608590276
person's,other word,2,1,0.0936577757820487,0.04682888789102435,0.005194266843263423
valid,other word,7,6,0.32770020607858896,0.046814315154084137,0.016180937082560798
also,other word,24,23,1.1233540745452046,0.04680641977271686,0.011750100700293005
numerator,other word,12,11,0.561383109074086,0.04678192575617383,0.03664449838219095
ten,other word,2,1,0.09351431578397751,0.046757157891988754,0.012537915617827619
killed,other word,21,7,0.9798159613274038,0.04665790292035256,0.009636057557617818
randomly,other word,2,2,0.09316024743020535,0.04658012371510267,0.022933209922273393
90^\circ\),math notation,1,1,0.046504006488248706,0.046504006488248706,0.0
property,other word,6,5,0.2785041891038418,0.0464173648506403,0.01804270734926609
internal,other word,3,2,0.13922309316694736,0.04640769772231579,0.05461146764375864
ed,other word,8,3,0.3697278518229723,0.04621598147787154,0.012921250564131051
rayna's,other word,3,2,0.13856143644079566,0.04618714548026522,0.004350035503621897
30.5^{\circ}+\sin,math notation,1,1,0.046164395462255925,0.046164395462255925,0.0
consists,other word,2,2,0.09225329477339983,0.046126647386699915,0.02233413231263377
buys,other word,8,7,0.3677899516187608,0.0459737439523451,0.030146597030334586
\boxed{16},math notation,1,1,0.04596625920385122,0.04596625920385122,0.0
parts,other word,7,7,0.3215622999705374,0.04593747142436249,0.022012857894999908
$\sum_{k=1001}^{2000},math notation,2,1,0.09171659126877785,0.045858295634388924,0.0010902747628872506
meals,other word,4,2,0.183398999273777,0.04584974981844425,0.029630764055360945
list,other word,5,4,0.2292246287688613,0.04584492575377226,0.030108612409970596
structure,other word,3,2,0.13737759739160538,0.04579253246386846,0.022113354002880684
received,other word,4,3,0.1823655590415001,0.04559138976037502,0.013837341033171925
canadian,other word,2,1,0.0910587701946497,0.04552938509732485,0.011591238789811728
salary,other word,4,2,0.18151682801544666,0.045379207003861666,0.019539370124696746
\(3d\),math notation,1,1,0.04537139611784369,0.04537139611784369,0.0
other,other word,21,19,0.9506513951346278,0.0452691140540299,0.010873861032234654
spent,other word,12,10,0.5431920429691672,0.045266003580763936,0.02363540460792818
\frac{15}{25},math notation,1,1,0.04520583397243172,0.04520583397243172,0.0
located,other word,1,1,0.04515552520751953,0.04515552520751953,0.0
spades,other word,6,4,0.27091219648718834,0.04515203274786472,0.01930349345209712
place,other word,18,11,0.8115817848592997,0.04508787693662776,0.014902551632153127
stories}\),math notation,3,1,0.13525020057568327,0.04508340019189442,0.016524587840118225
erasing,other word,1,1,0.045034244656562805,0.045034244656562805,0.0
\(2^1\),math notation,1,1,0.045005460851825774,0.045005460851825774,0.0
who,other word,19,9,0.8550787731073797,0.045004145953019985,0.007736585477415457
vice,other word,1,1,0.04494738578796387,0.04494738578796387,0.0
issues,other word,4,2,0.17970364540815353,0.044925911352038383,0.017347434912530026
\frac{1}{5}$,math notation,1,1,0.04489828972145915,0.04489828972145915,0.0
amount}}{\text{daily,math notation,1,1,0.04485799209214747,0.04485799209214747,0.0
hourly,other word,1,1,0.0448540523648262,0.0448540523648262,0.0
five,other word,11,6,0.4923401935957372,0.04475819941779429,0.010450086072479327
donuts,other word,6,4,0.26715961610898376,0.04452660268483063,0.021066703424374222
both,other word,80,74,3.5540063665248454,0.04442507958156057,0.007488340331950122
hand,other word,4,1,0.17768828757107258,0.044422071892768145,0.008592766528166873
**5**,math notation,1,1,0.04432571027427912,0.04432571027427912,0.0
fruit,other word,5,3,0.221615188755095,0.044323037751019,0.011398077526277377
want,other word,12,12,0.5316416141577065,0.04430346784647554,0.009191123590279137
away,other word,3,3,0.1325701605528593,0.044190053517619766,0.01481930850237749
bursting,other word,1,1,0.04416613932698965,0.04416613932698965,0.0
365,number,3,2,0.13209693040698767,0.044032310135662556,0.024450594668078824
he,other word,53,38,2.331294766161591,0.043986693701162094,0.007194977475933279
ties,other word,1,1,0.043980995658785105,0.043980995658785105,0.0
components,other word,1,1,0.043966881930828094,0.043966881930828094,0.0
\frac{8}{2},math notation,2,1,0.08792099880520254,0.04396049940260127,0.008202457367127998
nor,negation,3,3,0.1315148128196597,0.04383827093988657,0.022240587630443166
typical,other word,1,1,0.043831467628479004,0.043831467628479004,0.0
days,other word,37,16,1.6209636265411973,0.04380982774435668,0.011250506609149155
44.5^{\circ}}{\sin,math notation,1,1,0.04378783772699535,0.04378783772699535,0.0
born,other word,8,5,0.3502344284206629,0.04377930355258286,0.015899477687712858
single,other word,4,4,0.17485643923282623,0.04371410980820656,0.014317862293116658
prove,other word,1,1,0.043650008738040924,0.043650008738040924,0.0
original,other word,31,26,1.3526392315980047,0.043633523599935636,0.006909367584224715
faces,other word,17,13,0.7408357476815581,0.04357857339303283,0.021993833272814532
7th,number,1,1,0.04357850831001997,0.04357850831001997,0.0
sally's,other word,2,2,0.08706190343946218,0.04353095171973109,0.05761744952013671
$90^\circ$,math notation,1,1,0.043440514942631125,0.043440514942631125,0.0
increased,other word,1,1,0.043423544615507126,0.043423544615507126,0.0
\(t_4,math notation,1,1,0.0434157894924283,0.0434157894924283,0.0
\(-6\),math notation,2,2,0.08677445515058935,0.04338722757529467,0.010367420173374449
\boxed{160},math notation,1,1,0.043378321221098304,0.043378321221098304,0.0
"\(e(6,3)\)",math notation,1,1,0.04327835934236646,0.04327835934236646,0.0
fourier,other word,2,1,0.08645119331777096,0.04322559665888548,0.019267074207087374
36^\circ\),math notation,1,1,0.04321463615633547,0.04321463615633547,0.0
candice,other word,3,2,0.12960113398730755,0.04320037799576918,0.012971274330451314
possible,other word,88,71,3.7931787236593664,0.04310430367794735,0.01841919323816163
pickaxes,other word,2,1,0.08595113665796816,0.04297556832898408,0.02231474879590387
least,other word,19,16,0.8128353047650307,0.042780805513948986,0.0098345583429925
joining,other word,2,2,0.0854596677236259,0.04272983386181295,0.03078557955480657
emil's,other word,3,1,0.12809754069894552,0.04269918023298184,0.02329482338101701
210\),math notation,1,1,0.04260406410321593,0.04260406410321593,0.0
retirement,other word,4,3,0.1703276615589857,0.04258191538974643,0.014649341406027062
factorizations,other word,1,1,0.042452942579984665,0.042452942579984665,0.0
scenario,other word,7,5,0.2970216616522521,0.042431665950321724,0.01993821700594357
top,other word,7,6,0.29602845199406147,0.042289778856294494,0.01620504467056807
people,other word,18,9,0.7610898585990071,0.04228276992216706,0.007297656712812581
difference,other word,28,17,1.182718419469893,0.042239943552496176,0.011853536823049118
a_7\),math notation,3,2,0.12655718810856342,0.04218572936952114,0.013892289772422512
40$,math notation,1,1,0.04213203489780426,0.04213203489780426,0.0
marble,other word,11,5,0.46293754735961556,0.04208523157814687,0.007988115344675426
homework,other word,10,5,0.42078972421586514,0.042078972421586515,0.015769589999834147
easier,other word,2,2,0.08400152623653412,0.04200076311826706,0.07856798969966641
it,other word,117,97,4.9018843858502805,0.04189644774231009,0.004730327005281735
show,other word,10,8,0.4184747748076916,0.041847477480769155,0.01440945638745877
p(\text{even,math notation,1,1,0.04184638417791575,0.04184638417791575,0.0
20%,number,18,12,0.752519583562389,0.04180664353124383,0.012626268994139158
harvest,other word,8,5,0.3332276828587055,0.04165346035733819,0.009605421670026178
divisors,other word,5,5,0.20823831856250763,0.041647663712501524,0.024143633050391765
travel,other word,3,1,0.12473206222057343,0.041577354073524475,0.005057408691462358
gauravi,other word,1,1,0.04155000206083059,0.04155000206083059,0.0
opposite,other word,9,9,0.3732061292976141,0.0414673476997349,0.004450968048496904
n-1,number,16,12,0.6622066492564045,0.04138791557852528,0.010865981704774893
cases,other word,6,6,0.24828632920980453,0.04138105486830076,0.02827370658540227
\(\boxed{56}\),math notation,1,1,0.041285078041255474,0.041285078041255474,0.0
what,other word,6,5,0.24726825952529907,0.04121137658754984,0.031248728113123975
17th,number,2,2,0.08239230141043663,0.041196150705218315,0.011162573071775045
measuring,other word,8,4,0.32943110819905996,0.041178888524882495,0.019181672019189754
gumballs,other word,4,1,0.1646669921465218,0.04116674803663045,0.0115816572336318
112,number,2,2,0.08211785927414894,0.04105892963707447,0.03193038262613547
relations,other word,2,2,0.08208210952579975,0.041041054762899876,0.011855591726206151
construct,other word,1,1,0.04102565720677376,0.04102565720677376,0.0
rephrased,other word,1,1,0.04064234998077154,0.04064234998077154,0.0
arrangement,other word,2,2,0.0812704348936677,0.04063521744683385,0.002184568293634565
nurses,other word,2,2,0.08126523904502392,0.04063261952251196,0.010782623842260891
extended,other word,1,1,0.04055601358413696,0.04055601358413696,0.0
oranges,other word,6,3,0.24328743433579803,0.040547905722633004,0.015540698698193403
\(b'c'\),math notation,1,1,0.04052499821409583,0.04052499821409583,0.0
steve's,other word,8,4,0.3235108172520995,0.04043885215651244,0.03282149065958838
fish,other word,8,5,0.32257910445332527,0.04032238805666566,0.019423596377434287
tomatoes**,math notation,1,1,0.040283200331032276,0.040283200331032276,0.0
seats,other word,3,2,0.12078263144940138,0.04026087714980046,0.012141444581275357
broader,other word,1,1,0.04022394120693207,0.04022394120693207,0.0
live,other word,1,1,0.04018588364124298,0.04018588364124298,0.0
options,other word,7,5,0.2812938285060227,0.04018483264371753,0.019067852222974996
chenny's,other word,1,1,0.040181791642680764,0.040181791642680764,0.0
convincing,other word,1,1,0.040127746760845184,0.040127746760845184,0.0
removed,other word,8,4,0.32051211316138506,0.04006401414517313,0.015611325036433886
than,other word,81,67,3.24511409830302,0.040063137016086665,0.005572772481563857
extends,other word,1,1,0.0400325208902359,0.0400325208902359,0.0
pairs,other word,19,15,0.7605121230008081,0.04002695384214779,0.010866628994225924
1959,number,4,1,0.1594473198056221,0.039861829951405525,0.0023701631142459944
$0.05,math notation,1,1,0.03983925096690655,0.03983925096690655,0.0
states,other word,8,8,0.3182889181189239,0.03978611476486549,0.009445401211533418
necessary,other word,3,3,0.11930472403764725,0.039768241345882416,0.04347656971102952
french,other word,10,5,0.3972382307983935,0.03972382307983935,0.01085374634957448
wrote,other word,6,2,0.23828547820448875,0.039714246367414795,0.021119083595710412
30.5^{\circ}+\cos,math notation,1,1,0.03971212264150381,0.03971212264150381,0.0
\(w\),math notation,1,1,0.039665157441049814,0.039665157441049814,0.0
regular,other word,4,2,0.15861973073333502,0.039654932683333755,0.015536682861729682
0.80,number,1,1,0.03960628155618906,0.03960628155618906,0.0
octagon,other word,7,3,0.27617564145475626,0.03945366306496518,0.024495007470305405
can,other word,254,218,10.01273642689921,0.03942022215314649,0.0030865468444605773
bhc,other word,1,1,0.03940928401425481,0.03940928401425481,0.0
volume,other word,11,6,0.4327557261567563,0.039341429650614206,0.012711915332976945
these,other word,121,116,4.755074747139588,0.0392981384061123,0.006860048070776006
piece,other word,7,3,0.2748678270727396,0.0392668324389628,0.008128989325209094
\(17^{23}\),math notation,2,1,0.07852645090315491,0.039263225451577455,0.04347963784531525
nickels,other word,2,1,0.07833163999021053,0.03916581999510527,0.02398026539691855
household,other word,1,1,0.039148226380348206,0.039148226380348206,0.0
deduce,other word,3,1,0.11739865504205227,0.039132885014017425,0.008744878253441885
universal,other word,6,3,0.23418853804469109,0.03903142300744852,0.015190675004383206
score,other word,8,5,0.31211917474865913,0.03901489684358239,0.020544008137271128
strategy,other word,6,4,0.23403986915946007,0.03900664485991001,0.006040264108016651
nick,other word,4,1,0.1558113396167755,0.03895283490419388,0.00736465827803684
pan,other word,2,1,0.0778811052441597,0.03894055262207985,0.005189125257017337
generates,other word,1,1,0.03890655189752579,0.03890655189752579,0.0
general,other word,4,3,0.15552800707519054,0.038882001768797636,0.01483014534969947
flipping,other word,1,1,0.038831133395433426,0.038831133395433426,0.0
result,other word,10,9,0.3878743192180991,0.03878743192180991,0.02128314522487941
corner,other word,6,3,0.23254027497023344,0.038756712495038904,0.011859255368190862
understanding,other word,2,2,0.07736314833164215,0.038681574165821075,0.015306578975000694
pickaxe,other word,6,2,0.23199349432252347,0.03866558238708725,0.008144604113683793
\(\left(\frac{3}{5}\right)^7\),math notation,1,1,0.03859702788759023,0.03859702788759023,0.0
room,other word,12,8,0.46266784332692623,0.03855565361057719,0.012454061248953265
tnywr\),math notation,1,1,0.0384341177996248,0.0384341177996248,0.0
\):**,math notation,3,3,0.11522994749248028,0.038409982497493424,0.007070699955002454
reasoning,other word,1,1,0.03840899467468262,0.03840899467468262,0.0
35\],math notation,1,1,0.03829772723838687,0.03829772723838687,0.0
\ldots\),math notation,3,2,0.1147456667968072,0.03824855559893573,0.022395413012403498
considering,other word,11,11,0.4193724285578355,0.0381247662325305,0.01851437665433109
something,other word,1,1,0.03809930384159088,0.03809930384159088,0.0
144a^2\),math notation,1,1,0.03807905549183488,0.03807905549183488,0.0
functions,other word,4,4,0.152279332280159,0.03806983307003975,0.026637415125308796
good,other word,1,1,0.03804120793938637,0.03804120793938637,0.0
equality,other word,2,2,0.07555976882576942,0.03777988441288471,0.004159268330742657
function,other word,26,19,0.9822396878153086,0.03777844953135802,0.014182930720298585
water,other word,8,5,0.3014194667339325,0.03767743334174156,0.0135562403642471
term-by-term,other word,1,1,0.03764904011040926,0.03764904011040926,0.0
hold,other word,1,1,0.03763590753078461,0.03763590753078461,0.0
well-known,other word,1,1,0.03760979883372784,0.03760979883372784,0.0
weighed,other word,5,2,0.187996044754982,0.0375992089509964,0.030361319660340773
three-digit,other word,5,3,0.18658777605742216,0.03731755521148443,0.007482136276272065
couple,other word,4,1,0.14916324894875288,0.03729081223718822,0.018569652461424634
s_1,math notation,1,1,0.0372369596734643,0.0372369596734643,0.0
living,other word,3,2,0.11160535970702767,0.03720178656900922,0.016479764211717342
semicircle,other word,8,4,0.2966092452406883,0.03707615565508604,0.017334094273524843
getting,other word,1,1,0.0370621457695961,0.0370621457695961,0.0
mine,other word,4,2,0.14819728955626488,0.03704932238906622,0.0074567559397914806
terms,other word,62,44,2.288329201284796,0.036908535504593484,0.008892545527716353
cookie,other word,6,2,0.22140151588246226,0.036900252647077046,0.0193402122448788
found,other word,9,9,0.33185351407155395,0.036872612674617104,0.023354584128260844
\(2014,math notation,1,1,0.036804056260734797,0.036804056260734797,0.0
r_2\),math notation,2,2,0.0736009911634028,0.0368004955817014,0.0015938984863644733
64.5$,math notation,1,1,0.03678042395040393,0.03678042395040393,0.0
tight,other word,1,1,0.03677085041999817,0.03677085041999817,0.0
collect,other word,1,1,0.03674405813217163,0.03674405813217163,0.0
\[2014,math notation,1,1,0.03665348934009671,0.03665348934009671,0.0
yellow,other word,8,4,0.29299724474549294,0.03662465559318662,0.012103347488833583
maximum,other word,19,16,0.6942336317151785,0.03653861219553571,0.010104275930975832
largest,other word,13,9,0.4742113184183836,0.036477793724491045,0.010817531494858942
off-diagonal,other word,1,1,0.036464602686464787,0.036464602686464787,0.0
1938,number,2,1,0.07279475778341293,0.03639737889170647,0.012400379914424444
90.89,number,1,1,0.036347751738503575,0.036347751738503575,0.0
tend,other word,1,1,0.03625355660915375,0.03625355660915375,0.0
transactions,other word,2,2,0.07226832211017609,0.03613416105508804,0.07380489005575325
chosen,other word,9,9,0.324927378911525,0.036103042101280555,0.008148022019270848
prepared,other word,2,1,0.07208366086706519,0.036041830433532596,0.02410962741052477
sets,other word,8,7,0.28778653126209974,0.03597331640776247,0.014668716217676096
midterm,other word,3,1,0.10781416948884726,0.03593805649628242,0.0007704039385724995
\text{jamal's,math notation,6,2,0.2154214745387435,0.03590357908979058,0.003844938311523146
week,other word,9,6,0.3230452723801136,0.03589391915334596,0.02735520309625965
\(2021\),math notation,1,1,0.03582424484193325,0.03582424484193325,0.0
\sqrt{(-6)^{2},math notation,1,1,0.035752100055105984,0.035752100055105984,0.0
say,other word,2,2,0.07141368463635445,0.03570684231817722,0.017697987208241773
36\),math notation,2,2,0.0712171345949173,0.03560856729745865,0.018568763488990118
\frac{k}{36},math notation,1,1,0.035597346373833716,0.035597346373833716,0.0
44.5^{\circ}}\),math notation,1,1,0.03559338231571019,0.03559338231571019,0.0
lost,other word,4,2,0.14229003433138132,0.03557250858284533,0.013576240707692434
earlier,other word,4,4,0.14197968086227775,0.03549492021556944,0.01694578249024066
highest,other word,5,2,0.17742892121896148,0.0354857842437923,0.020000978296692038
else,other word,1,1,0.03533713519573212,0.03533713519573212,0.0
pieces,other word,7,4,0.24717923440039158,0.03531131920005594,0.009277164324777655
amount,other word,72,52,2.536836721235886,0.03523384335049842,0.007015489603281308
revenue,other word,2,2,0.07037918828427792,0.03518959414213896,0.0445967954239942
\sqrt{(-180)^2,math notation,1,1,0.03518858831375837,0.03518858831375837,0.0
bananas,other word,18,8,0.6326436912640929,0.03514687173689405,0.012678529172185073
10-12,number,1,1,0.03509634337387979,0.03509634337387979,0.0
\sum_{i=1}^{100},math notation,2,2,0.07015905529260635,0.03507952764630318,0.028930559445312205
greatest,other word,3,3,0.10502871684730053,0.03500957228243351,0.010323677682574786
juicy,other word,2,1,0.06965829990804195,0.03482914995402098,0.013530851246262247
fountains,other word,1,1,0.03479067236185074,0.03479067236185074,0.0
most,other word,6,4,0.20863135904073715,0.03477189317345619,0.01846712904747301
senior,other word,3,2,0.10423878580331802,0.03474626193443934,0.018362458240638414
meals/day,math notation,1,1,0.03469351399689913,0.03469351399689913,0.0
attending,other word,1,1,0.03467307239770889,0.03467307239770889,0.0
chocolate,other word,8,7,0.2773336013779044,0.03466670017223805,0.012481301672228651
percentages,other word,1,1,0.034662218764424324,0.034662218764424324,0.0
constrained,other word,1,1,0.034427326172590256,0.034427326172590256,0.0
hands,other word,3,2,0.103110546246171,0.034370182082057,0.00507149428699049
six-sided,other word,2,2,0.06867983844131231,0.03433991922065616,0.022716849404714974
length,other word,31,25,1.0641802130267024,0.0343283939686033,0.009643288337341559
gerbils,other word,3,2,0.10219846246764064,0.03406615415588021,0.020355219526991646
much,other word,24,22,0.81521100923419,0.033967125384757914,0.006855615571514561
separate,other word,2,2,0.0678541399538517,0.03392706997692585,0.012606805958807692
9(9n,math notation,1,1,0.033900690730661154,0.033900690730661154,0.0
10080\),math notation,1,1,0.03381605289177969,0.03381605289177969,0.0
maintain,other word,2,2,0.06762519478797913,0.03381259739398956,0.007627968451168411
aiming,other word,1,1,0.033804506063461304,0.033804506063461304,0.0
future,other word,3,2,0.10136217623949051,0.03378739207983017,0.01046251399928112
straightforward,other word,1,1,0.033784352242946625,0.033784352242946625,0.0
\(25\),math notation,2,1,0.06731540011242032,0.03365770005621016,0.03129819191690933
degree,other word,4,3,0.13430773001164198,0.033576932502910495,0.0218568259954986
computers,other word,9,3,0.30181541573256254,0.03353504619250695,0.016972263041560198
\(kassidy's,math notation,1,1,0.03351279301568866,0.03351279301568866,0.0
relation,other word,3,3,0.10047047957777977,0.033490159859259926,0.03693219094220344
against,other word,4,2,0.13366997614502907,0.03341749403625727,0.007583136733564325
\(1301_6\),math notation,1,1,0.03333387477323413,0.03333387477323413,0.0
6(6n,math notation,1,1,0.03313527116551995,0.03313527116551995,0.0
base-\(c\),math notation,1,1,0.03310446930117905,0.03310446930117905,0.0
ambiguity,other word,1,1,0.033010512590408325,0.033010512590408325,0.0
$f(n,math notation,1,1,0.032965154852718115,0.032965154852718115,0.0
lengths,other word,6,5,0.19743492640554905,0.03290582106759151,0.01415431140880216
fuel,other word,5,3,0.16435889713466167,0.032871779426932334,0.0248512753730261
\(t_3,math notation,1,1,0.032849898329004645,0.032849898329004645,0.0
banana,other word,1,1,0.03279493097215891,0.03279493097215891,0.0
bisector,other word,15,5,0.49110237369313836,0.032740158246209225,0.007625728339330009
r\,math notation,1,1,0.032703209202736616,0.032703209202736616,0.0
new,other word,40,29,1.3079008660279214,0.03269752165069804,0.008574302491906861
inventory,other word,1,1,0.032595982775092125,0.032595982775092125,0.0
division,other word,3,3,0.09773123078048229,0.03257707692682743,0.025647251053888258
17)(24,math notation,1,1,0.03253706160467118,0.03253706160467118,0.0
sides,other word,68,58,2.211108679883182,0.03251630411592915,0.006326138143789469
repeat,other word,2,2,0.06496714428067207,0.03248357214033604,0.034666724618856753
manual,other word,3,2,0.09721948485821486,0.032406494952738285,0.020621552222458293
which,other word,93,85,3.0034019337035716,0.0322946444484255,0.00681355400351876
circles,other word,7,4,0.22602407820522785,0.032289154029318264,0.022391201734572746
correspond,other word,1,1,0.03228479623794556,0.03228479623794556,0.0
30°,number,1,1,0.03222676133736968,0.03222676133736968,0.0
\(\frac{125}{9}\),math notation,1,1,0.032208153686951846,0.032208153686951846,0.0
have,other word,145,126,4.668117184424773,0.032193911616722574,0.006171245577017406
cinnamon,other word,4,2,0.12840769905596972,0.03210192476399243,0.01049542702729203
be,other word,157,106,5.016691731289029,0.03195345051776452,0.004403684839515639
additional,other word,12,8,0.3827334847301245,0.031894457060843706,0.012215700033613029
\(\sum_{n=1}^{\infty},math notation,1,1,0.03187225793953985,0.03187225793953985,0.0
buy,other word,4,3,0.12736525014042854,0.031841312535107136,0.024934018817015364
6.4,number,1,1,0.031815925147384405,0.031815925147384405,0.0
11^t\),math notation,2,2,0.06351883109891787,0.031759415549458936,0.00031127277144253146
decade,other word,5,3,0.1587094208225608,0.03174188416451216,0.014447061449605227
theoretically,other word,1,1,0.03171084076166153,0.03171084076166153,0.0
insight,other word,3,3,0.0946565130725503,0.03155217102418343,0.04112150138562427
cups}\],math notation,1,1,0.03152531245723367,0.03152531245723367,0.0
pattern,other word,15,12,0.4719507382251322,0.03146338254834215,0.010329170456365977
"6,000",number,3,1,0.09432428609579802,0.03144142869859934,0.024649940361513717
991-1000,number,1,1,0.031399637926369905,0.031399637926369905,0.0
because,other word,22,21,0.6904872953891754,0.03138578615405343,0.013956437072434784
3!\),math notation,1,1,0.03137422911822796,0.03137422911822796,0.0
meeting,other word,2,2,0.06271214596927166,0.03135607298463583,0.02373081005438371
decompositions,other word,1,1,0.031253340654075146,0.031253340654075146,0.0
altitudes,other word,3,2,0.09364694356918335,0.03121564785639445,0.007523484389618771
off,other word,4,3,0.12466392666101456,0.03116598166525364,0.004186395353300371
share,other word,1,1,0.031160881742835045,0.031160881742835045,0.0
delivered,other word,13,4,0.4043208481743932,0.031101603705722552,0.01091226437648482
snack,other word,5,3,0.1548424605280161,0.030968492105603217,0.014238724217343495
letters,other word,15,5,0.46336233522742987,0.030890822348495325,0.007377041285619243
interested,other word,5,5,0.15410257875919342,0.030820515751838685,0.03885864232754275
group,other word,10,8,0.30805744230747223,0.030805744230747223,0.02713240440479063
30\}\),math notation,5,5,0.15400896448409185,0.03080179289681837,0.0022518091009533026
counted,other word,4,4,0.12287941388785839,0.030719853471964598,0.01154807926412306
\(|x|,math notation,1,1,0.030645135790109634,0.030645135790109634,0.0
proceeding,other word,1,1,0.030546806752681732,0.030546806752681732,0.0
\frac{4}{3},math notation,1,1,0.03054210916161537,0.03054210916161537,0.0
domain,other word,3,2,0.09155724011361599,0.030519080037871998,0.01222519257089828
notices,other word,1,1,0.03047465905547142,0.03047465905547142,0.0
\(p_i\),math notation,1,1,0.030443866504356265,0.030443866504356265,0.0
testing,other word,1,1,0.030390173196792603,0.030390173196792603,0.0
k\),math notation,1,1,0.030381430638954043,0.030381430638954043,0.0
inclusion,other word,2,2,0.06044259387999773,0.030221296939998865,0.015965996383728746
aim,other word,1,1,0.03014226071536541,0.03014226071536541,0.0
9th,number,2,1,0.06027699634432793,0.030138498172163963,0.0007539847293466228
r^{n-1,math notation,2,2,0.06025538453832269,0.030127692269161344,0.010422381063239743
adding,other word,21,21,0.632609823718667,0.030124277319936527,0.010962240819569126
saved,other word,4,4,0.11933871544897556,0.02983467886224389,0.006514756729991763
trash,other word,4,2,0.11892522871494293,0.029731307178735733,0.015794210292829316
near,other word,1,1,0.02968628704547882,0.02968628704547882,0.0
adjacent,other word,3,3,0.08902501687407494,0.029675005624691646,0.001712740772129467
closest,other word,1,1,0.02966449037194252,0.02966449037194252,0.0
charges,other word,1,1,0.029660172760486603,0.029660172760486603,0.0
minimum,other word,24,16,0.7118040923960507,0.029658503849835444,0.007998021280141652
specific,other word,4,4,0.11843257071450353,0.02960814267862588,0.02611133921748782
\(36a\),math notation,1,1,0.029568889760412276,0.029568889760412276,0.0
price,other word,19,8,0.5608328841626644,0.0295175202190876,0.008729155089418156
abc\),math notation,2,1,0.05898176631308161,0.029490883156540804,0.0006390094951467499
\(10^{2}=100\),math notation,1,1,0.029468311695382,0.029468311695382,0.0
placing,other word,1,1,0.029396018013358116,0.029396018013358116,0.0
set,other word,60,51,1.7616238775663078,0.029360397959438463,0.011115389936948791
3/4,math notation,2,2,0.05866567604243755,0.029332838021218777,0.02384187556128852
operation,other word,5,1,0.14629223756492138,0.029258447512984277,0.0048556077998218854
defined,other word,4,4,0.11692721210420132,0.02923180302605033,0.022378034954274668
state,other word,1,1,0.029230711981654167,0.029230711981654167,0.0
flavor,other word,2,2,0.058408020064234734,0.029204010032117367,0.024545158290421046
driveway,other word,2,1,0.058353519067168236,0.029176759533584118,0.03441126137477559
consumed,other word,2,1,0.05820925906300545,0.029104629531502724,0.00887382270770536
scoring,other word,1,1,0.029036210849881172,0.029036210849881172,0.0
unsold,other word,2,1,0.05804413603618741,0.029022068018093705,0.002374304350643631
"\(\max(a,2)\)",math notation,1,1,0.02897557243704796,0.02897557243704796,0.0
altitude,other word,4,3,0.11581838224083185,0.028954595560207963,0.011577967281206376
determining,other word,1,1,0.028936240822076797,0.028936240822076797,0.0
gerta,other word,2,1,0.05768864881247282,0.02884432440623641,0.008996497366469142
need,other word,160,144,4.612232139334083,0.028826450870838016,0.003538777983682709
$\tan{\angle,math notation,1,1,0.028824015520513058,0.028824015520513058,0.0
produces,other word,1,1,0.028766553848981857,0.028766553848981857,0.0
x\),math notation,7,4,0.20134992117527872,0.028764274453611245,0.015484371476759922
\approx,math notation,10,6,0.2874032201943919,0.028740322019439192,0.013445884725445504
\text{estimated,math notation,1,1,0.02871348988264799,0.02871348988264799,0.0
\binom{n}{2},math notation,1,1,0.0285412062657997,0.0285412062657997,0.0
use,other word,65,64,1.8545095129520632,0.028530915583877894,0.011731411138957745
element,other word,9,4,0.2566581016872078,0.028517566854134202,0.00932365087364714
increasing,other word,7,4,0.1992797595448792,0.028468537077839886,0.020541037127661855
300\),math notation,1,1,0.02846573991701007,0.02846573991701007,0.0
gold,other word,2,2,0.05691825598478317,0.028459127992391586,0.009454186128789387
rhombus,other word,2,1,0.05683073773980141,0.028415368869900703,0.012366034184155113
posts,other word,21,2,0.5964357460616156,0.028401702193410268,0.006297560394824466
long,other word,7,6,0.19873838033527136,0.028391197190753052,0.016235132037445536
center,other word,14,8,0.3972274297848344,0.028373387841773883,0.007803365205914761
\(\triangle,math notation,5,2,0.14172265864908695,0.02834453172981739,0.014002148788242274
instance,other word,1,1,0.028259923681616783,0.028259923681616783,0.0
worth,other word,5,4,0.14106948301196098,0.028213896602392197,0.0246696018455132
185,number,6,3,0.1691253841854632,0.028187564030910533,0.02567822770965313
on,other word,119,88,3.3533955154707655,0.028179794247653493,0.00478325196898502
-5x^5\),math notation,1,1,0.02817448682617396,0.02817448682617396,0.0
49\),math notation,4,4,0.11185447592288256,0.02796361898072064,0.009678259873762744
height,other word,30,13,0.8384661362506449,0.02794887120835483,0.00813629517695498
\(cdbe\),math notation,2,1,0.055614994606003165,0.027807497303001583,0.029210311210254854
tank,other word,6,5,0.1666941624134779,0.027782360402246315,0.020002208301250823
885,number,3,2,0.08325704210437834,0.027752347368126113,0.0030101376915700516
3d}{4,math notation,1,1,0.02770951366983354,0.02770951366983354,0.0
emerge,other word,1,1,0.027708347886800766,0.027708347886800766,0.0
cevian,other word,1,1,0.02769211307168007,0.02769211307168007,0.0
\(\frac{125}{9},math notation,1,1,0.02758985839318484,0.02758985839318484,0.0
turn,other word,2,2,0.05511898919939995,0.027559494599699974,0.00275555173601914
described,other word,2,2,0.055089469999074936,0.027544734999537468,0.00907727344800154
adult's,other word,3,2,0.08262839983217418,0.02754279994405806,0.0079846089071818
\left(\frac{3}{2},math notation,1,1,0.02753469254821539,0.02753469254821539,0.0
\text{anne's,math notation,1,1,0.027528970036655664,0.027528970036655664,0.0
explore,other word,1,1,0.027519354596734047,0.027519354596734047,0.0
overall,other word,6,6,0.16496131382882595,0.027493552304804325,0.0135159312811181
"\(\max(c,1)\)",math notation,1,1,0.027481266763061285,0.027481266763061285,0.0
\(t-3\),math notation,3,3,0.08231396949850023,0.02743798983283341,0.004495991415997251
beginning,other word,3,2,0.08194994507357478,0.02731664835785826,0.011313521035056525
ab)(s,math notation,1,1,0.027316271793097258,0.027316271793097258,0.0
eb\),math notation,2,1,0.05450653191655874,0.02725326595827937,0.00014829763775262855
area}_{xyz,math notation,1,1,0.02724573388695717,0.02724573388695717,0.0
wife's,other word,2,2,0.0543529037386179,0.02717645186930895,0.004425809610537107
age,other word,51,18,1.3787874090485275,0.027035047236245637,0.004301068710606238
60^\circ\),math notation,3,2,0.08085503580514342,0.026951678601714473,0.00652630328236183
settings,other word,1,1,0.026903431862592697,0.026903431862592697,0.0
logarithms,other word,4,3,0.10752062802203,0.0268801570055075,0.012703138855873751
3(3n,math notation,1,1,0.026862386148422956,0.026862386148422956,0.0
46,number,1,1,0.02673012763261795,0.02673012763261795,0.0
closer,other word,1,1,0.02671215310692787,0.02671215310692787,0.0
p(\text{odd,math notation,1,1,0.026706048054620624,0.026706048054620624,0.0
assign,other word,2,2,0.05340773984789848,0.02670386992394924,0.029282741310283397
2010,number,7,3,0.18679464235901833,0.026684948908431188,0.006899018132289226
\frac{\log_2{t}}{2}\),math notation,1,1,0.02661069988971576,0.02661069988971576,0.0
\(a_7,math notation,1,1,0.02654743753373623,0.02654743753373623,0.0
decomposed,other word,2,1,0.05295009631663561,0.026475048158317804,0.008476866895544806
reduces,other word,1,1,0.0264267697930336,0.0264267697930336,0.0
passes,other word,1,1,0.0263997670263052,0.0263997670263052,0.0
340,number,1,1,0.0262407585978508,0.0262407585978508,0.0
climb,other word,5,2,0.13116458151489496,0.02623291630297899,0.015890115924049864
involves,other word,1,1,0.02620094269514084,0.02620094269514084,0.0
centers,other word,3,1,0.07848014682531357,0.02616004894177119,0.004888197064323994
\text{money,math notation,3,1,0.0783534359652549,0.0261178119884183,0.0011503282917316893
block,other word,3,3,0.07816580240614712,0.02605526746871571,0.02973016931706113
into,other word,79,73,2.05319260712713,0.02598977983705228,0.007363265167831431
generate,other word,1,1,0.025944547727704048,0.025944547727704048,0.0
0.1\),math notation,1,1,0.02590374043211341,0.02590374043211341,0.0
left,other word,38,28,0.9824226470664144,0.025853227554379327,0.013382705400927489
between,other word,30,29,0.7751443821471184,0.025838146071570613,0.011379295589047942
x-intercept,other word,4,2,0.10331252450123429,0.025828131125308573,0.01359155739344625
fixed,other word,3,3,0.07738183625042439,0.02579394541680813,0.02830401971860287
discernible,other word,1,1,0.025788405444473028,0.025788405444473028,0.0
spanish,other word,10,5,0.2562223421409726,0.02562223421409726,0.00722712473862695
over,other word,10,10,0.2557045044377446,0.025570450443774463,0.014221327389752191
18(18n,math notation,1,1,0.025556653272360563,0.025556653272360563,0.0
4}{16}\right)^2,math notation,1,1,0.02554752503056079,0.02554752503056079,0.0
shape,other word,1,1,0.0255421195179224,0.0255421195179224,0.0
3925,number,1,1,0.02547550480812788,0.02547550480812788,0.0
steel,other word,6,2,0.1528357369825244,0.025472622830420732,0.005614542265225917
mb,other word,3,1,0.07629424054175615,0.025431413513918717,0.014392306760103139
41,number,1,1,0.025332670658826828,0.025332670658826828,0.0
u6,number,3,3,0.07599304476752877,0.025331014922509592,0.017885689329493165
appropriate,other word,4,2,0.10123103484511375,0.02530775871127844,0.017828482188072117
pair,other word,17,16,0.42951344046741724,0.025265496498083368,0.01723007509620831
monday,other word,8,5,0.20196380629204214,0.025245475786505267,0.026095989459245565
sister,other word,7,5,0.17655362747609615,0.02522194678229945,0.044658838504401575
15\),math notation,2,2,0.05043863784521818,0.02521931892260909,0.016630723966096914
initial,other word,27,21,0.6791885040001944,0.025155129777784977,0.007363567828735293
number,other word,457,261,11.488286842242815,0.025138483243419725,0.0018182719316835584
8m,number,6,2,0.1507232659496367,0.02512054432493945,0.007128219076136221
strategies,other word,2,1,0.05010850355029106,0.02505425177514553,0.02538319107968798
cde\),math notation,1,1,0.025045156595297158,0.025045156595297158,0.0
all,other word,93,84,2.3256335349287838,0.02500681220353531,0.0060057893114768114
51(51n,math notation,1,1,0.024955190252512693,0.024955190252512693,0.0
painting,other word,1,1,0.02493082359433174,0.02493082359433174,0.0
\text{andrea's,math notation,6,3,0.14957837236579508,0.02492972872763251,0.004653773707732694
$12,math notation,2,2,0.04984685033559799,0.024923425167798996,0.004800618241621948
martin's,other word,2,2,0.049808744341135025,0.024904372170567513,0.09531261256041372
\(a_0,math notation,2,1,0.049683666322380304,0.024841833161190152,0.011666109867377174
product,other word,49,31,1.213938509579748,0.024774255297545875,0.006021584154872293
while,other word,1,1,0.024610979482531548,0.024610979482531548,0.0
10\%,math notation,1,1,0.024599558324553072,0.024599558324553072,0.0
matchings,other word,4,1,0.09825152717530727,0.02456288179382682,0.01782678168362326
systematically,other word,1,1,0.024543991312384605,0.024543991312384605,0.0
17\),math notation,1,1,0.024541640654206276,0.024541640654206276,0.0
complete,other word,4,4,0.09786571189761162,0.024466427974402905,0.011496286253292002
\(1938\),math notation,1,1,0.024462703615427017,0.024462703615427017,0.0
thrown,other word,3,2,0.07316207233816385,0.02438735744605462,0.011300601163775171
ninth,other word,5,4,0.12169533036649227,0.024339066073298454,0.025980690711851526
rectangular,other word,2,2,0.04852192848920822,0.02426096424460411,0.006242519881096335
right-hand,other word,6,4,0.14533558883704245,0.024222598139507074,0.02585463755521689
science,other word,9,3,0.21784301032312214,0.02420477892479135,0.006429609331095553
"...,",other word,3,2,0.07259884150698781,0.024199613835662603,0.0023370286960620115
\(36a,math notation,4,2,0.09679433377459645,0.024198583443649113,0.006352778253610097
subtraction,other word,6,6,0.1451779780909419,0.024196329681823652,0.03267359056868641
alyana,other word,2,2,0.04827894316986203,0.024139471584931016,0.0133537217067695
remainder,other word,3,3,0.07190756453201175,0.023969188177337248,0.00972803224996045
goals,other word,10,2,0.2390895951539278,0.02390895951539278,0.0022113469958698366
spend,other word,3,3,0.07158891670405865,0.023862972234686215,0.041076146914164294
nature,other word,2,2,0.047645941376686096,0.023822970688343048,0.006584997269561764
flashlights,other word,20,3,0.4759200814878568,0.02379600407439284,0.007038194415270438
2(a_1,math notation,3,1,0.07107685308437794,0.023692284361459315,0.0035932761672432248
one,other word,75,54,1.7759729757672176,0.023679639676896236,0.005450679101035794
\(3^1\),math notation,1,1,0.023651909083127975,0.023651909083127975,0.0
falls,other word,7,1,0.16527272295206785,0.02361038899315255,0.007889665197656208
0.\],math notation,2,1,0.0471461764536798,0.0235730882268399,0.018639820276765324
enumerate,other word,2,1,0.0471247531240806,0.0235623765620403,0.0023866645313549237
series,other word,14,10,0.32849257718771696,0.023463755513408353,0.01559603597002857
required,other word,11,11,0.2566786394454539,0.023334421767768534,0.018336173069763442
quadrilateral,other word,5,4,0.11555081605911255,0.02311016321182251,0.03250594774964068
2nd,number,1,1,0.02309996262192726,0.02309996262192726,0.0
\sqrt[4]{36a,math notation,2,1,0.046159258810803294,0.023079629405401647,0.00988149322834707
mom,other word,1,1,0.023079359903931618,0.023079359903931618,0.0
discern,other word,1,1,0.023055434226989746,0.023055434226989746,0.0
1.25,number,2,1,0.04603490233421326,0.02301745116710663,0.02051781815659609
2$,math notation,3,2,0.06898643355816603,0.022995477852722008,0.03642075363580551
focus,other word,3,3,0.06894998252391815,0.022983327507972717,0.01819686476832045
144\),math notation,1,1,0.0229289960116148,0.0229289960116148,0.0
sports,other word,1,1,0.022824615240097046,0.022824615240097046,0.0
order,other word,9,8,0.20536919590085745,0.022818799544539716,0.012611423090790866
paint,other word,2,2,0.04562067613005638,0.02281033806502819,0.006391062497405934
office,other word,6,4,0.136829630471766,0.022804938411961,0.0036492155991160852
\frac{ab}{ac},math notation,1,1,0.02279536344576627,0.02279536344576627,0.0
won't,negation,1,1,0.022691494785249233,0.022691494785249233,0.0
eventually,other word,3,3,0.06805924326181412,0.022686414420604706,0.019707045105106933
side,other word,45,35,1.0208688129205257,0.022685973620456126,0.008931816093775812
its,other word,28,26,0.6327948397956789,0.02259981570698853,0.008767453698838155
loses,other word,3,3,0.06774313189089298,0.022581043963630993,0.013557920473709196
equilateral,other word,11,7,0.24809488537721336,0.02255408048883758,0.01430812054391845
\(z\),math notation,1,1,0.02253706962801516,0.02253706962801516,0.0
shoes,other word,6,4,0.13519679568707943,0.022532799281179905,0.028259677130113105
outcome,other word,1,1,0.02253068797290325,0.02253068797290325,0.0
1)d\),math notation,1,1,0.02250173082575202,0.02250173082575202,0.0
\(\sqrt[3]{r_1}\),math notation,1,1,0.022476151469163597,0.022476151469163597,0.0
901-1000,number,1,1,0.022471136413514614,0.022471136413514614,0.0
-6\),math notation,2,2,0.044915038626641035,0.022457519313320518,0.0006303422571102904
choice,other word,1,1,0.0224190391600132,0.0224190391600132,0.0
ben,other word,2,2,0.044761788100004196,0.022380894050002098,0.015602322093912623
internally,other word,2,2,0.044733344577252865,0.022366672288626432,0.011587912810774162
\((2-4)^2,math notation,1,1,0.02232682565227151,0.02232682565227151,0.0
1884,number,1,1,0.02223653718829155,0.02223653718829155,0.0
book,other word,4,3,0.08872304856777191,0.022180762141942978,0.02574250620544409
phones,other word,4,2,0.08840202493593097,0.022100506233982742,0.016644988966276354
relative,other word,4,4,0.08826012443751097,0.022065031109377742,0.014099014247907339
yield,other word,4,4,0.0881629646755755,0.022040741168893874,0.018907474132166174
class,other word,6,5,0.13219961058348417,0.022033268430580694,0.02092438869161464
up,other word,40,39,0.8810896270442754,0.022027240676106886,0.019428504214401576
\(13201_6\),math notation,2,1,0.044008961180225015,0.022004480590112507,0.02196210825468287
even,other word,22,16,0.4820178422960453,0.021909901922547513,0.00596956898973867
\text{remaining,math notation,5,4,0.10952683631330729,0.021905367262661457,0.023354146993819276
this,other word,253,229,5.536408660351299,0.021883038183206714,0.004289446668566553
once,other word,8,7,0.1750425073551014,0.021880313419387676,0.017552580032736353
34(34n,math notation,1,1,0.02187214931473136,0.02187214931473136,0.0
investment,other word,2,1,0.04373186640441418,0.02186593320220709,0.029845290443881983
matching,other word,5,2,0.10910652810707688,0.021821305621415377,0.008114623618908995
-2\),math notation,2,2,0.04363744833972305,0.021818724169861525,0.0070613851973910175
102(102n,math notation,1,1,0.02179652824997902,0.02179652824997902,0.0
phone\,math notation,2,1,0.04341185372322798,0.02170592686161399,0.011699583520081807
error,hedging / contrast,1,1,0.021698882803320885,0.021698882803320885,0.0
shorter,other word,1,1,0.02167198807001114,0.02167198807001114,0.0
1849,number,1,1,0.02165091782808304,0.02165091782808304,0.0
missing,other word,1,1,0.021644890308380127,0.021644890308380127,0.0
egyptian,other word,5,1,0.10786118265241385,0.02157223653048277,0.0053128884650105925
proceed,other word,1,1,0.021492229774594307,0.021492229774594307,0.0
shook,other word,1,1,0.021491196006536484,0.021491196006536484,0.0
progression,other word,3,3,0.06446350738406181,0.02148783579468727,0.0236103840763888
picture,other word,2,1,0.042912524193525314,0.021456262096762657,0.010554399316118908
and,other word,637,446,13.586183519015322,0.021328388569882766,0.001904257360539914
comb,other word,2,1,0.042610909789800644,0.021305454894900322,0.012270126396190541
\(a_1\),math notation,2,2,0.042256174609065056,0.021128087304532528,0.01554005539359384
divided,other word,16,16,0.3371818922460079,0.021073868265375495,0.012994196108069766
6th,number,8,5,0.16831503249704838,0.021039379062131047,0.00448256164359495
expressing,other word,2,2,0.042075944133102894,0.021037972066551447,0.005455710330021567
effectively,other word,1,1,0.02103659138083458,0.02103659138083458,0.0
congruent,other word,7,4,0.14611016283743083,0.020872880405347263,0.006515745417436466
an,other word,99,86,2.065933659672737,0.020868016764371083,0.00716831632282758
\frac{2187}{78125},math notation,2,1,0.041653660766314715,0.020826830383157358,0.03081335550100765
might,hedging / contrast,3,2,0.06231656391173601,0.02077218797057867,0.009746805045366002
wins,other word,3,2,0.0622851497028023,0.020761716567600768,0.005236824062723992
edges,other word,9,4,0.18675251631066203,0.02075027959007356,0.012545768753491145
$0,math notation,1,1,0.020728897070512176,0.020728897070512176,0.0
10)(24,math notation,1,1,0.02072882908396423,0.02072882908396423,0.0
\frac{1}{3}\),math notation,3,3,0.06210587394889444,0.020701957982964814,0.020570579321389965
form,other word,20,19,0.4128827843815088,0.02064413921907544,0.014831079342429951
playing,other word,5,2,0.10245100222527981,0.02049020044505596,0.015190348030949204
verify,hedging / contrast,5,5,0.10234887152910233,0.020469774305820466,0.03988581154541423
-100,number,1,1,0.02031499007716775,0.02031499007716775,0.0
greedy,other word,1,1,0.02019094116985798,0.02019094116985798,0.0
month,other word,9,5,0.18125846236944199,0.02013982915216022,0.007112075492244712
respectively,other word,7,7,0.14091966021806002,0.02013138003115143,0.02292496965598541
holds,other word,4,4,0.0804961840622127,0.020124046015553176,0.024669800202418286
\(f(1),math notation,1,1,0.020093367900699377,0.020093367900699377,0.0
influenced,other word,1,1,0.020087435841560364,0.020087435841560364,0.0
edge,other word,3,2,0.060223729349672794,0.02007457644989093,0.005913223094900821
frogs,other word,12,5,0.23993249889463186,0.019994374907885987,0.01584993111431237
wood,other word,12,5,0.2392825549468398,0.01994021291223665,0.01186245680772421
\(1^{2}=1\),math notation,1,1,0.01992495683953166,0.01992495683953166,0.0
\(4b\),math notation,1,1,0.019881455809809268,0.019881455809809268,0.0
43\),math notation,1,1,0.019874506630003452,0.019874506630003452,0.0
\(a_1a_3\),math notation,1,1,0.01985707296989858,0.01985707296989858,0.0
kb,other word,2,1,0.03955475823022425,0.019777379115112126,0.013609497183265512
party,other word,2,1,0.039385680109262466,0.019692840054631233,0.00794082055639773
definitions,other word,1,1,0.01968347653746605,0.01968347653746605,0.0
bac\),math notation,1,1,0.01954641891643405,0.01954641891643405,0.0
drawing,other word,9,4,0.175528421998024,0.019503157999780443,0.009468551222885537
\(100\),math notation,7,3,0.13631645031273365,0.019473778616104807,0.014566488671233594
adb,other word,1,1,0.01946837641298771,0.01946837641298771,0.0
episodes,other word,6,2,0.11673848517239094,0.01945641419539849,0.026367967724663367
mathematics,other word,2,1,0.03872969059739262,0.01936484529869631,0.0022523746291954598
cycles,other word,3,2,0.05800311267375946,0.019334370891253155,0.003516800341433079
p(\text{rolling,math notation,4,1,0.07722171163186431,0.019305427907966077,0.007421785602275922
\(360^\circ\),math notation,2,1,0.03849014011211693,0.019245070056058466,0.01982539029890671
son's,other word,5,4,0.09594334475696087,0.019188668951392172,0.02854406069440043
means,other word,53,49,1.0147520180325955,0.019146264491181047,0.0076184842980226725
2/9,math notation,1,1,0.019113195594400167,0.019113195594400167,0.0
non-constant,other word,1,1,0.019028697162866592,0.019028697162866592,0.0
\(70\%,math notation,1,1,0.01898866123519838,0.01898866123519838,0.0
42,number,3,3,0.05696074292063713,0.018986914306879044,0.004199011391276271
carl,other word,7,5,0.13268465176224709,0.018954950251749585,0.041861691914935065
treat,other word,1,1,0.018917689099907875,0.018917689099907875,0.0
catalan,other word,1,1,0.018894027918577194,0.018894027918577194,0.0
harvests,other word,5,3,0.09439685754477978,0.018879371508955956,0.017522308603980696
\(a_3,math notation,1,1,0.018835546215996146,0.018835546215996146,0.0
call,other word,2,2,0.03766091726720333,0.018830458633601665,0.006740564580138014
roll,other word,15,7,0.28224357031285763,0.018816238020857176,0.012568646945039775
move,other word,13,5,0.2445442087482661,0.018811092980635855,0.009091966365924405
minus,other word,3,3,0.05634520226158202,0.018781734087194007,0.014674964504490306
\(24,math notation,2,2,0.037488426081836224,0.018744213040918112,0.04234771676890216
definition,other word,1,1,0.01871681958436966,0.01871681958436966,0.0
\mathbf{a}\),math notation,1,1,0.01870476850308478,0.01870476850308478,0.0
spans,other word,1,1,0.018687192350625992,0.018687192350625992,0.0
cookies,other word,26,8,0.4858243060298264,0.0186855502319164,0.010966441917095195
"$27,000",math notation,1,1,0.01862555742263794,0.01862555742263794,0.0
\(2.56,math notation,1,1,0.01849320373730734,0.01849320373730734,0.0
ends,other word,2,2,0.03667986951768398,0.01833993475884199,0.003762111333234915
achieve,other word,4,4,0.07328844955191016,0.01832211238797754,0.006506737397352086
21,number,25,18,0.45657133706845343,0.018262853482738137,0.006600205087668944
quickly,other word,1,1,0.01823342591524124,0.01823342591524124,0.0
k8,number,2,1,0.03645012085326016,0.01822506042663008,0.004581721586845221
how,other word,74,66,1.3438197206705809,0.01815972595500785,0.006368087172130905
fruits,other word,12,7,0.2175884593743831,0.018132371614531923,0.011180866670823793
x_4,math notation,3,3,0.05425407993607223,0.018084693312024076,0.0050846721399662115
p_i,math notation,1,1,0.018048946745693684,0.018048946745693684,0.0
potatoes,other word,6,3,0.10816222988069057,0.01802703831344843,0.009473146128302974
pencils,other word,28,4,0.504218996502459,0.01800782130365925,0.010678360814148035
when,other word,57,46,1.0250807139091194,0.0179838721738442,0.007294578629608714
\(40,math notation,2,2,0.035812250105664134,0.017906125052832067,0.0031087504760287216
term,other word,61,33,1.0916389850899577,0.017895721067048488,0.005227823171017746
whole,other word,3,3,0.05365481600165367,0.01788493866721789,0.014254084832407664
range,other word,14,10,0.24954330176115036,0.017824521554367884,0.008915635635239665
irreducible,other word,1,1,0.01782180997543037,0.01782180997543037,0.0
bac}$,math notation,1,1,0.01778419455513358,0.01778419455513358,0.0
stewart's,other word,3,2,0.05324424302671105,0.017748081008903682,0.0047792454185131596
\text{age},math notation,1,1,0.01774050947278738,0.01774050947278738,0.0
everyone,other word,3,2,0.05320004257373512,0.017733347524578374,0.007421904328271961
2\theta,math notation,2,1,0.03542058716993779,0.017710293584968895,0.0047093097696601595
deposit,other word,3,2,0.05306788720190525,0.017689295733968418,0.05785273771013823
five-letter,other word,1,1,0.017643742263317108,0.017643742263317108,0.0
segments,other word,8,7,0.14034676924347878,0.017543346155434847,0.011817665164957242
couples,other word,4,2,0.07005046680569649,0.017512616701424122,0.019834826427092448
$n$,math notation,3,2,0.05244936200324446,0.017483120667748153,0.015943590383039517
2.9,number,1,1,0.017299729399383068,0.017299729399383068,0.0
as,other word,193,135,3.331093448563479,0.01725955154696103,0.004740549936025428
ladder,other word,2,1,0.034518761560320854,0.017259380780160427,0.001974328947277844
343,number,4,4,0.0688904644921422,0.01722261612303555,0.001012872457512143
101-200,number,1,1,0.01721041463315487,0.01721041463315487,0.0
that,other word,332,273,5.707930241012946,0.017192560966906464,0.003593891448762488
pedro,other word,1,1,0.017134335357695818,0.017134335357695818,0.0
tina's,other word,1,1,0.017128486186265945,0.017128486186265945,0.0
x_3,math notation,5,3,0.08549670514184982,0.017099341028369963,0.004808853324220299
p_j\),math notation,1,1,0.017067002598196268,0.017067002598196268,0.0
\(60,math notation,1,1,0.017056049779057503,0.017056049779057503,0.0
points,other word,52,25,0.8849539868533611,0.017018345901026175,0.008968846956922353
seventh,other word,13,11,0.21716436697170138,0.01670495130551549,0.01810364198008269
blue,other word,24,13,0.4003804042004049,0.016682516841683537,0.014010535952357869
apart,other word,2,1,0.0333615317940712,0.0166807658970356,0.0071697268407337165
door,other word,9,3,0.15011903317645192,0.016679892575161323,0.007954266235963228
without,negation,14,13,0.2331735324114561,0.016655252315104008,0.014882268712830488
15-18,number,1,1,0.016641680151224136,0.016641680151224136,0.0
4)(b,math notation,1,1,0.016597794136032462,0.016597794136032462,0.0
pythagoras,other word,1,1,0.016546321799978614,0.016546321799978614,0.0
groceries,other word,1,1,0.016531934961676598,0.016531934961676598,0.0
divisibility,other word,5,5,0.0824735602363944,0.01649471204727888,0.028120417416345946
\[(y,math notation,1,1,0.016456895391456783,0.016456895391456783,0.0
per,other word,93,60,1.5300783733837306,0.01645245562778205,0.003604949349875969
2401\),math notation,2,2,0.03288654412608594,0.01644327206304297,0.008624322213712694
\(\frac{\cos,math notation,1,1,0.016442924039438367,0.016442924039438367,0.0
books,other word,9,2,0.14744770992547274,0.016383078880608082,0.007089863667219862
\(2187\),math notation,1,1,0.01636650925502181,0.01636650925502181,0.0
22,number,12,8,0.1963193933479488,0.016359949445662398,0.011726152420656437
trials,other word,2,1,0.032689076848328114,0.016344538424164057,0.014315351940292027
size,other word,4,2,0.06519902311265469,0.01629975577816367,0.003981653248192041
with,other word,126,101,2.0501413529273123,0.016270963118470733,0.005901881728307358
\text{chenny's,math notation,1,1,0.01625537103973329,0.01625537103973329,0.0
question,other word,2,2,0.032343482598662376,0.016171741299331188,0.015278928666744023
information,other word,18,18,0.2898234026506543,0.016101300147258572,0.01131219069576668
many,other word,61,55,0.9781809882260859,0.01603575390534567,0.00563672756455653
\(7\),math notation,4,3,0.06400270573794842,0.016000676434487104,0.026057366832978174
estimated,other word,2,1,0.03197603113949299,0.015988015569746494,0.00026322814237478867
-4\),math notation,2,1,0.03190877439919859,0.015954387199599296,0.014185614679793353
total,other word,291,214,4.642548767151311,0.01595377583213509,0.002541285024757752
months,other word,18,12,0.28689070884138346,0.01593837271341019,0.012169765325108125
2^2\),math notation,1,1,0.015890680020675063,0.015890680020675063,0.0
-180\),math notation,1,1,0.015887221437878907,0.015887221437878907,0.0
opponent,other word,3,1,0.04765468556433916,0.015884895188113052,0.008756280624564699
4.5,number,3,3,0.04755105951335281,0.015850353171117604,0.012478752107473469
am-gm,other word,3,3,0.04733938415301964,0.015779794717673212,0.012013521910154524
5)^4,math notation,2,2,0.031484428560361266,0.015742214280180633,0.002363883953939623
basketball,other word,4,2,0.06267524976283312,0.01566881244070828,0.01160091431420057
7\),math notation,14,11,0.2191317107353825,0.01565226505252732,0.013105956619172675
31.5^\circ,math notation,1,1,0.015642305719666183,0.015642305719666183,0.0
pairs/year,math notation,1,1,0.01562204398214817,0.01562204398214817,0.0
fewer,other word,6,6,0.09366731159389019,0.015611218598981699,0.020136355718446936
annual,other word,8,5,0.12484290543943644,0.015605363179929554,0.017192187011352337
coffee,other word,1,1,0.015572800301015377,0.015572800301015377,0.0
before,other word,20,18,0.31138864904642105,0.015569432452321053,0.014187859207215896
independently,other word,2,2,0.031105801463127136,0.015552900731563568,0.013349034351597806
\$9.00,math notation,1,1,0.01554907439276576,0.01554907439276576,0.0
medal,other word,2,1,0.03101651929318905,0.015508259646594524,0.0021194392296118364
impact,other word,1,1,0.015503859147429466,0.015503859147429466,0.0
important,other word,1,1,0.015499547123908997,0.015499547123908997,0.0
depending,other word,1,1,0.015448182821273804,0.015448182821273804,0.0
3\,math notation,1,1,0.015442087315022945,0.015442087315022945,0.0
wednesday,other word,6,3,0.09255501255393028,0.015425835425655047,0.01480182396655098
\(4-5,math notation,1,1,0.015408993465825915,0.015408993465825915,0.0
each,other word,171,146,2.623724809382111,0.01534341993790708,0.004425130515905394
$2019$,math notation,2,1,0.030681899283081293,0.015340949641540647,0.0038340393753941845
\(|x,math notation,2,1,0.030679516028612852,0.015339758014306426,0.00024962343602050066
\left(\frac{5-3}{5-1}\right)t_3,math notation,1,1,0.015319640864618123,0.015319640864618123,0.0
increases,other word,13,9,0.19890089891850948,0.015300069147577653,0.012358883230364168
-6.25,number,1,1,0.015261340653523803,0.015261340653523803,0.0
ranges,other word,3,3,0.04554879944771528,0.015182933149238428,0.012767217563444825
appear,hedging / contrast,3,3,0.04543987661600113,0.015146625538667044,0.021885333466409713
scores,other word,6,2,0.09087909944355488,0.015146516573925814,0.01684906153260588
land,other word,2,1,0.030267509631812572,0.015133754815906286,0.00017271877301440572
blocks,other word,2,1,0.030219610780477524,0.015109805390238762,0.013343158817497584
0.40,number,1,1,0.015054999850690365,0.015054999850690365,0.0
$p,math notation,1,1,0.015046977438032627,0.015046977438032627,0.0
elements,other word,12,7,0.1805014838464558,0.015041790320537984,0.015028783103950366
outside,other word,2,2,0.030043987557291985,0.015021993778645992,0.005840376384574147
7+10,math notation,1,1,0.015002596890553832,0.015002596890553832,0.0
capacity,other word,1,1,0.014995964244008064,0.014995964244008064,0.0
repetition,other word,1,1,0.014992231503129005,0.014992231503129005,0.0
formed,other word,7,6,0.10483071161434054,0.014975815944905792,0.016103168230452707
b$,math notation,1,1,0.014956512954086065,0.014956512954086065,0.0
tie,other word,4,2,0.05966459505725652,0.01491614876431413,0.013239544576113763
reading,other word,1,1,0.014889895915985107,0.014889895915985107,0.0
52,number,8,4,0.11861709202639759,0.014827136503299698,0.010435185713878803
at,other word,74,60,1.0970781286014244,0.014825380116235465,0.005376907228221197
positions,other word,8,4,0.11844477476552129,0.014805596845690161,0.00678750083630554
26,number,9,5,0.13302730629220605,0.014780811810245117,0.006084678246962622
51.945,number,3,2,0.044248734368011355,0.014749578122670451,0.00845186554954132
\)-th,math notation,4,2,0.058927890844643116,0.014731972711160779,0.007185357342996976
\(2021\)-tuples,math notation,12,3,0.17633101623505354,0.014694251352921128,0.011037886174025081
20\%,math notation,4,4,0.05876777367666364,0.01469194341916591,0.006393672370007854
\[(9,math notation,1,1,0.014673660683911294,0.014673660683911294,0.0
south,other word,1,1,0.014642142690718174,0.014642142690718174,0.0
corresponds,other word,1,1,0.014616632834076881,0.014616632834076881,0.0
isotope,other word,11,3,0.15974617609754205,0.014522379645231094,0.006471880217418786
|v|,math notation,3,1,0.04356199933681637,0.014520666445605457,0.0008825557684850724
relationships,other word,3,3,0.043435368686914444,0.014478456228971481,0.020207254850354486
one-fourth,other word,1,1,0.014455417171120644,0.014455417171120644,0.0
flipped,other word,2,2,0.02888547256588936,0.01444273628294468,0.012221662788759077
base,other word,15,11,0.2159935631789267,0.014399570878595114,0.008907462601655933
$(x_2,math notation,1,1,0.014376368839293718,0.014376368839293718,0.0
(3+\sqrt{5})^2,math notation,2,1,0.028702294861432165,0.014351147430716082,0.013315209591772837
\(a_n,math notation,2,1,0.028642527293413877,0.014321263646706939,0.011446902626546868
rows,other word,3,3,0.042900675907731056,0.014300225302577019,0.032840342877926226
108^\circ\),math notation,1,1,0.014184450963512063,0.014184450963512063,0.0
3.7037,number,1,1,0.01408034423366189,0.01408034423366189,0.0
shakes,other word,1,1,0.014055538922548294,0.014055538922548294,0.0
0.04,number,2,2,0.027926881797611713,0.013963440898805857,0.030918410780880843
extension,other word,8,3,0.11157370544970036,0.013946713181212544,0.006866896331419591
1.75a\),math notation,1,1,0.013927097897976637,0.013927097897976637,0.0
8092}}{2,math notation,1,1,0.013829011120833457,0.013829011120833457,0.0
wife,other word,8,5,0.11041692830622196,0.013802116038277745,0.023453601922824682
smallest,other word,37,28,0.5105040604248643,0.013797407038509846,0.007358174455164133
\(45^\circ\),math notation,3,3,0.041345666628330946,0.013781888876110315,0.02014496297133093
7\],math notation,2,2,0.02746421954361722,0.01373210977180861,0.002647482833000327
takes,other word,4,4,0.05492633208632469,0.013731583021581173,0.010159275644069956
older,other word,3,3,0.04113076161593199,0.01371025387197733,0.0087651306973838
6\],math notation,2,1,0.027336612343788147,0.013668306171894073,0.003160030431366634
created,other word,1,1,0.013647588901221752,0.013647588901221752,0.0
rent,other word,4,2,0.05445214733481407,0.013613036833703518,0.02392561160524927
16807\),math notation,2,2,0.02714096347335726,0.01357048173667863,0.00035539856677946043
16\),math notation,3,3,0.0406671070959419,0.013555702365313968,0.012195100882302844
aa,other word,2,2,0.027085293317213655,0.013542646658606827,0.01089666193675667
condition,other word,7,6,0.09478010470047593,0.013540014957210847,0.031636523827115536
6.25,number,2,2,0.02701098145917058,0.01350549072958529,0.0039591420877589
ah/hd,math notation,2,1,0.026978507172316313,0.013489253586158156,0.00460918215196553
lose,other word,1,1,0.013486415147781372,0.013486415147781372,0.0
erase,other word,1,1,0.013469748198986053,0.013469748198986053,0.0
dog,other word,19,10,0.25586872617714107,0.013466775061954794,0.007409442043946949
spoons,other word,7,4,0.09399121347814798,0.013427316211163998,0.02691583008911151
exact,other word,3,3,0.04020684398710728,0.013402281329035759,0.009760587986502544
intersection,other word,9,5,0.12056089425459504,0.013395654917177226,0.018147686401921617
orange,other word,3,2,0.040067666210234165,0.013355888736744722,0.004803852395686656
width,other word,3,2,0.04005943704396486,0.013353145681321621,0.003163827043442996
consistent,other word,5,4,0.06672296673059464,0.013344593346118927,0.014382922402898233
-8)\),math notation,1,1,0.013341184239834547,0.013341184239834547,0.0
1)(c,math notation,1,1,0.013325202977284789,0.013325202977284789,0.0
ahd,other word,1,1,0.013319829013198614,0.013319829013198614,0.0
\frac{x,math notation,1,1,0.013295851298607886,0.013295851298607886,0.0
roots,other word,17,12,0.22547450149431825,0.013263205970254014,0.012038333839678476
chance,other word,3,2,0.03975445404648781,0.013251484682162603,0.014011241106113043
years,other word,34,22,0.4482761339750141,0.01318459217573571,0.013294518065260932
representation,other word,3,2,0.03926775325089693,0.01308925108363231,0.017207723676872844
$k$,math notation,2,2,0.026164751034229994,0.013082375517114997,0.009517332150662453
keeping,other word,2,2,0.026145683601498604,0.013072841800749302,0.015945985521036928
2(u-v,math notation,4,4,0.05224015924613923,0.013060039811534807,0.0036890636884768092
raised,other word,6,3,0.07826345041394234,0.013043908402323723,0.021416480868219553
james,other word,5,5,0.06502315681427717,0.013004631362855434,0.042904173000797324
\(t\)'s,math notation,2,2,0.025694207986816764,0.012847103993408382,0.027596075223122594
$a=0$,math notation,2,2,0.02565491246059537,0.012827456230297685,0.02911556468321205
sum,other word,110,81,1.4109353604726493,0.012826685095205903,0.005097860639287891
(\text{not,math notation,1,1,0.012813457287847996,0.012813457287847996,0.0
medium,other word,7,1,0.08948822435922921,0.012784032051318459,0.0028658097593394567
34(x,math notation,1,1,0.012757738120853901,0.012757738120853901,0.0
time,other word,34,23,0.4333520426880568,0.012745648314354612,0.010738768449200662
dad,other word,2,1,0.025285501033067703,0.012642750516533852,0.0019838982575233408
$100,math notation,1,1,0.012602292001247406,0.012602292001247406,0.0
computing,other word,1,1,0.012541256844997406,0.012541256844997406,0.0
left-hand,other word,9,8,0.11267474200576544,0.012519415778418383,0.01908355498500939
cyclic,other word,4,3,0.04980449844151735,0.012451124610379338,0.01817444844279007
holes/button,math notation,2,2,0.02483690343797207,0.012418451718986034,0.002445456956644745
47,number,5,4,0.06188166793435812,0.012376333586871624,0.019331052664547696
sine,other word,4,3,0.049472320824861526,0.012368080206215382,0.009767834907577657
a_3\),math notation,2,1,0.024698587483726442,0.012349293741863221,0.007487728887492555
x_5,math notation,3,3,0.03692856972338632,0.012309523241128772,0.0027511344028166755
1$,math notation,9,9,0.1105717730242759,0.012285752558252878,0.019625345798728558
truck,other word,1,1,0.012254655361175537,0.012254655361175537,0.0
a$,math notation,2,2,0.024387674871832132,0.012193837435916066,0.0013872906836970313
31.5^{\circ}+\ldots+\sin,math notation,1,1,0.012189332279376686,0.012189332279376686,0.0
keep,other word,2,2,0.02427901327610016,0.01213950663805008,0.06418251165962507
mint,other word,6,4,0.07199129112996161,0.011998548521660268,0.014320029981092183
lights,other word,2,2,0.02390258852392435,0.011951294261962175,0.0051247706413359954
consecutive,other word,5,4,0.05962048377841711,0.011924096755683422,0.006963973183025438
resulting,other word,2,2,0.023684341460466385,0.011842170730233192,0.0030202207737773947
context,other word,1,1,0.011790169402956963,0.011790169402956963,0.0
33,number,7,4,0.08251571701839566,0.011787959574056523,0.01152820653169109
counts,other word,2,2,0.023507076781243086,0.011753538390621543,0.007982854299889378
interior,other word,1,1,0.011725598946213722,0.011725598946213722,0.0
t_{3,math notation,2,1,0.023399034049361944,0.011699517024680972,0.009303036005500432
selecting,other word,1,1,0.01169588603079319,0.01169588603079319,0.0
|e|,math notation,3,1,0.03500293369870633,0.011667644566235444,0.0022978433408634732
logs,other word,1,1,0.01160354446619749,0.01160354446619749,0.0
unusually,other word,1,1,0.01155579648911953,0.01155579648911953,0.0
turning,other word,7,4,0.08075722213834524,0.011536746019763606,0.008500632833560019
girls,other word,3,1,0.03457600250840187,0.01152533416946729,0.012174280984331293
satisfied,other word,2,2,0.02304583042860031,0.011522915214300156,0.01592206257469544
logarithmic,other word,3,3,0.034563701279694214,0.011521233759898072,0.03593183421074561
80y$,math notation,1,1,0.011514034529682249,0.011514034529682249,0.0
\frac{dc}{ad},math notation,1,1,0.01140483474591747,0.01140483474591747,0.0
directly,other word,10,10,0.11378940986469388,0.011378940986469388,0.010220005864231867
potential,other word,1,1,0.011377118527889252,0.011377118527889252,0.0
equal,other word,54,45,0.6133092407835647,0.011357578533028977,0.005391748358953757
reference,other word,4,2,0.04498342052102089,0.011245855130255222,0.013261178507897969
12.96,number,2,1,0.022471077274531126,0.011235538637265563,0.005181769150227043
chip,other word,8,7,0.08964726026169956,0.011205907532712445,0.015811062524928816
flies,other word,10,5,0.11152104707434773,0.011152104707434773,0.010208057209368186
\(i\),math notation,4,3,0.04447317204903811,0.011118293012259528,0.012041322104750942
marker,other word,2,1,0.022199965547770262,0.011099982773885131,0.0061865516650880265
6,number,181,116,2.000422108161729,0.011052055846197397,0.002758786058978775
70,number,3,2,0.03306308528408408,0.011021028428028027,0.008679201546187492
6000,number,3,3,0.03302274690940976,0.011007582303136587,0.009954887729424792
board,other word,1,1,0.010969787836074829,0.010969787836074829,0.0
position,other word,16,14,0.17535723047330976,0.01095982690458186,0.007664552698569608
gain,other word,1,1,0.010861607268452644,0.010861607268452644,0.0
\(\sqrt{2}\),math notation,1,1,0.010774407826829702,0.010774407826829702,0.0
powers,other word,8,6,0.0861480429302901,0.010768505366286263,0.022522443473128834
\(7^1,math notation,2,2,0.021532052545808256,0.010766026272904128,0.0002522239871234893
halve,other word,1,1,0.010758703574538231,0.010758703574538231,0.0
\frac{25}{3},math notation,2,1,0.021427225146908313,0.010713612573454157,0.012902460565221843
-3\],math notation,1,1,0.010686283698305488,0.010686283698305488,0.0
measure,other word,11,7,0.11745396256446838,0.010677632960406217,0.01053288121340179
counting,other word,1,1,0.010613497346639633,0.010613497346639633,0.0
clues,other word,1,1,0.010560128837823868,0.010560128837823868,0.0
x_6,math notation,1,1,0.010492575471289456,0.010492575471289456,0.0
cheapest,other word,1,1,0.010469544678926468,0.010469544678926468,0.0
sells,other word,2,1,0.020935222506523132,0.010467611253261566,0.03698404396077175
4^4,math notation,1,1,0.010465520492289215,0.010465520492289215,0.0
finding,other word,7,6,0.07315507158637047,0.010450724512338638,0.0067780753511799095
hypotenuse,other word,3,2,0.03132029320113361,0.010440097733711204,0.008408778622890592
2014\),math notation,1,1,0.010384265333414078,0.010384265333414078,0.0
fn,other word,1,1,0.010377034777775407,0.010377034777775407,0.0
simply,other word,1,1,0.010356324724853039,0.010356324724853039,0.0
ab,other word,15,12,0.1548333433456719,0.01032222288971146,0.008987023831618965
\(a_3a_5\),math notation,1,1,0.010279085719957948,0.010279085719957948,0.0
aurelia's\),math notation,1,1,0.01025848463177681,0.01025848463177681,0.0
b^2$,math notation,1,1,0.01024942984804511,0.01024942984804511,0.0
leads,other word,1,1,0.010232450440526009,0.010232450440526009,0.0
5-1)(5-2)(5-4,math notation,1,1,0.010218900395557284,0.010218900395557284,0.0
\\,math notation,1,1,0.01019731443375349,0.01019731443375349,0.0
sitting,other word,1,1,0.010182535275816917,0.010182535275816917,0.0
\)'s,math notation,1,1,0.010169919580221176,0.010169919580221176,0.0
a'b'c'\),math notation,2,1,0.02032109710853547,0.010160548554267734,0.016376278214439616
episode,other word,4,3,0.040426937863230705,0.010106734465807676,0.0034124891662096384
\(60\%,math notation,2,2,0.020209304289892316,0.010104652144946158,0.01895583808776258
restrict,other word,1,1,0.01009406242519617,0.01009406242519617,0.0
eat,other word,6,3,0.06048247870057821,0.010080413116763035,0.019803678122132497
weight,other word,21,10,0.21041071554645896,0.010019557883164712,0.008195008818612171
ah,other word,4,1,0.03999630454927683,0.009999076137319207,0.0040976027430779235
substitution,other word,2,2,0.019952003844082355,0.009976001922041178,0.010966048573341571
curves,other word,1,1,0.009925160557031631,0.009925160557031631,0.0
b\],math notation,2,2,0.019807193195447326,0.009903596597723663,0.006627093163191353
0.45,number,1,1,0.009871488437056541,0.009871488437056541,0.0
66,number,5,4,0.04932471504434943,0.009864943008869887,0.006056047908346742
10^3\),math notation,1,1,0.009838445228524506,0.009838445228524506,0.0
27p_3,math notation,3,3,0.029509038431569934,0.009836346143856645,0.008139630339825977
104,number,2,2,0.01967095583677292,0.00983547791838646,0.00034358835305039597
2.56\),math notation,1,1,0.009816381148993969,0.009816381148993969,0.0
small,other word,16,7,0.15693847346119583,0.00980865459132474,0.0047180810586273285
870,number,1,1,0.009775323327630758,0.009775323327630758,0.0
\(7^2,math notation,2,2,0.01951059466227889,0.009755297331139445,0.005956699546194565
completing,other word,1,1,0.009752091020345688,0.009752091020345688,0.0
angle,other word,43,19,0.4181049456819892,0.009723370829813702,0.006954443109823132
$t,math notation,5,3,0.04843886732123792,0.009687773464247585,0.006367797831354576
sit,other word,3,3,0.028942465782165527,0.009647488594055176,0.011228874836424192
$20^{19}$,math notation,3,1,0.028844115557149053,0.009614705185716351,0.01740645742379449
dealing,other word,2,2,0.01921740360558033,0.009608701802790165,0.012542568234776516
29\),math notation,1,1,0.009606588631868362,0.009606588631868362,0.0
go,other word,5,5,0.047856928780674934,0.009571385756134986,0.017990328153450266
"10,000^{100,000}}\)",math notation,1,1,0.009567651781253517,0.009567651781253517,0.0
mx,other word,1,1,0.00952832493931055,0.00952832493931055,0.0
$\frac{59}{3}$,math notation,2,1,0.018978504464030266,0.009489252232015133,0.03468047140618864
\frac{r-1}{96},math notation,1,1,0.009408555401023477,0.009408555401023477,0.0
58/3,math notation,1,1,0.009391412138938904,0.009391412138938904,0.0
e\rfloor,math notation,1,1,0.009376715286634862,0.009376715286634862,0.0
george,other word,13,7,0.12052801437675953,0.009271385721289195,0.021594332110067272
trying,other word,2,2,0.01850299211218953,0.009251496056094766,0.001976350514281224
intersections,other word,1,1,0.009218139573931694,0.009218139573931694,0.0
z\),math notation,1,1,0.00915743038058281,0.00915743038058281,0.0
"$400,000",math notation,3,2,0.02723991748644039,0.00907997249548013,0.004026391598996788
pots,other word,8,4,0.07220750860869884,0.009025938576087356,0.010730427430750434
bernoulli,other word,1,1,0.008868250530213118,0.008868250530213118,0.0
half-life,other word,1,1,0.008861592970788479,0.008861592970788479,0.0
mentions,other word,1,1,0.008824300020933151,0.008824300020933151,0.0
\(a_0\),math notation,2,1,0.017514125443995,0.0087570627219975,0.021156814758676104
$120.00,math notation,1,1,0.008659735321998596,0.008659735321998596,0.0
7,number,82,58,0.707905316259712,0.008632991661703804,0.004300140550338906
738822,number,2,1,0.017261983011849225,0.008630991505924612,0.0014171487212576814
≥,math notation,1,1,0.008607515133917332,0.008607515133917332,0.0
\(\angle,math notation,6,5,0.051595048629678786,0.00859917477161313,0.0030836519090294986
11,number,28,21,0.24062949256040156,0.00859391044858577,0.005551473208292893
0.10,number,1,1,0.008591056102886796,0.008591056102886796,0.0
≤,math notation,4,1,0.03431600006297231,0.008579000015743077,0.0008315254694974452
-4)\),math notation,1,1,0.00857375271152705,0.00857375271152705,0.0
phase,other word,2,2,0.017120923846960068,0.008560461923480034,0.022181031580512166
child's,other word,2,2,0.01709142094478011,0.008545710472390056,0.018808491305961413
\text{expected,math notation,1,1,0.008510928601026535,0.008510928601026535,0.0
\|\mathbf{v}\|\),math notation,1,1,0.008486042905133218,0.008486042905133218,0.0
recreational,other word,1,1,0.008411988615989685,0.008411988615989685,0.0
735840,number,2,1,0.016745512490160763,0.008372756245080382,0.010222617966393103
husband,other word,1,1,0.008337505161762238,0.008337505161762238,0.0
\frac{bd}{dc},math notation,1,1,0.008298347296658903,0.008298347296658903,0.0
34,number,10,7,0.08284737961366773,0.008284737961366773,0.007050182872503732
products,other word,8,5,0.06614037696272135,0.008267547120340168,0.027145429208057056
angles,other word,14,9,0.11562077980488539,0.008258627128920384,0.010759978666811101
watching,other word,2,2,0.01650640368461609,0.008253201842308044,0.03861649677071995
toy,other word,2,1,0.016490749781951308,0.008245374890975654,0.006013259546761358
manipulate,other word,1,1,0.008212295360863209,0.008212295360863209,0.0
heron's,other word,2,2,0.016261108219623566,0.008130554109811783,0.012363016733219536
6m,number,2,2,0.016259075375273824,0.008129537687636912,0.00601675131437881
**3**,math notation,2,2,0.016175310593098402,0.008087655296549201,0.02614167943028857
36,number,37,27,0.2987380108097568,0.00807400029215559,0.0058055416006281
abc,other word,13,9,0.10490976879373193,0.008069982214902457,0.004897663920673427
ce\),math notation,3,1,0.024127840995788574,0.008042613665262857,0.018786595515222118
strings,other word,1,1,0.008021451532840729,0.008021451532840729,0.0
subsequent,other word,2,2,0.015984761528670788,0.007992380764335394,0.006770153972698439
196,number,1,1,0.007979712449014187,0.007979712449014187,0.0
increase,other word,22,14,0.17523052915930748,0.007965024052695795,0.016416126501862888
2\],math notation,4,4,0.03169184853322804,0.00792296213330701,0.01265924769207592
\)),math notation,3,3,0.023711773799732327,0.007903924599910775,0.014708244925934762
\(2^i\),math notation,3,1,0.02367321925703436,0.007891073085678121,0.02953784487998233
markers,other word,1,1,0.007868903689086437,0.007868903689086437,0.0
figuring,other word,1,1,0.007852766662836075,0.007852766662836075,0.0
"\(\max(b,2)",math notation,1,1,0.007841668848413974,0.007841668848413974,0.0
5-1)(5-2)(5-3,math notation,1,1,0.007809682982042432,0.007809682982042432,0.0
19,number,10,9,0.07791511015966535,0.007791511015966535,0.00938117336028074
triangle,other word,55,33,0.4281095939222723,0.007783810798586769,0.005216531077611776
approximations,other word,1,1,0.007705907337367535,0.007705907337367535,0.0
\(3^8\),math notation,1,1,0.007659803843125701,0.007659803843125701,0.0
diagrams,other word,1,1,0.007644893601536751,0.007644893601536751,0.0
shows,other word,13,4,0.09782824432477355,0.007525249563444119,0.013547588950582074
is,other word,961,573,7.212920687161386,0.007505640673424959,0.0028508255802322867
\overline{ab},math notation,6,3,0.04489954834571108,0.007483258057618514,0.019759649260694276
too,other word,1,1,0.007476615719497204,0.007476615719497204,0.0
losses,other word,1,1,0.007476424798369408,0.007476424798369408,0.0
isabel,other word,1,1,0.007474706508219242,0.007474706508219242,0.0
win,other word,4,2,0.02951813756953925,0.007379534392384812,0.012214905501242563
determined,other word,1,1,0.007377347908914089,0.007377347908914089,0.0
3,number,276,186,2.031814384215977,0.007361646319623105,0.0028490939899388644
fix,other word,1,1,0.007288393564522266,0.007288393564522266,0.0
-24,number,1,1,0.007271487265825272,0.007271487265825272,0.0
bought,other word,3,3,0.021809745579957962,0.007269915193319321,0.008859152129914264
bags,other word,19,8,0.13789513381198049,0.0072576386216831835,0.008045135348224482
\cap,math notation,26,6,0.1880487829912454,0.007232645499663284,0.004004443414542111
pears,other word,10,3,0.07222058088518679,0.007222058088518679,0.017683754507381685
batch,other word,1,1,0.007199020124971867,0.007199020124971867,0.0
wide,other word,3,3,0.021575008053332567,0.007191669351110856,0.01212535298319035
subtends,other word,2,1,0.014343343675136566,0.007171671837568283,0.01432555773380449
fixing,other word,1,1,0.007141077425330877,0.007141077425330877,0.0
or,other word,64,51,0.4562120216432959,0.007128312838176498,0.004998963425051368
13,number,24,19,0.1709211930865422,0.0071217163786059245,0.004977624780961782
\((10,math notation,1,1,0.00709635263774544,0.00709635263774544,0.0
120,number,25,17,0.17723463475704193,0.007089385390281677,0.006891145028283776
hectares,other word,2,1,0.01409309171140194,0.00704654585570097,0.028052587413361266
12)\),math notation,3,3,0.02107864257413894,0.007026214191379647,0.02196218129225737
\(\frac{r_1}{\sqrt[3]{r_2}},math notation,1,1,0.007015475071966648,0.007015475071966648,0.0
x_{101,math notation,2,2,0.014013130916282535,0.007006565458141267,0.005388207130729497
1.5x,number,4,2,0.02791511290706694,0.006978778226766735,0.0032772189817785588
dogs,other word,6,4,0.04186642915010452,0.006977738191684087,0.010406524928257723
\((5,math notation,1,1,0.006940460531041026,0.006940460531041026,0.0
infinitely,other word,1,1,0.006914411671459675,0.006914411671459675,0.0
\left\lfloor,math notation,6,3,0.04092353576561436,0.00682058929426906,0.008557153046269965
x_2,math notation,4,4,0.027270500315353274,0.006817625078838319,0.009414479785114005
\cdots,math notation,23,14,0.15672313247341663,0.006814049237974636,0.007476740605792459
indicating,other word,1,1,0.006792828440666199,0.006792828440666199,0.0
account,other word,2,2,0.013506167568266392,0.006753083784133196,0.004078775423348692
duration,other word,2,2,0.013436878100037575,0.006718439050018787,0.011111969853237145
|b|,math notation,4,3,0.026797333150170743,0.006699333287542686,0.0023185866572670265
follow,other word,35,35,0.23288604710251093,0.006653887060071741,0.0051103071042322475
9$,math notation,1,1,0.006596779450774193,0.006596779450774193,0.0
8.75,number,3,2,0.019746466539800167,0.006582155513266723,0.007335322045036886
centroid,other word,2,1,0.013130569830536842,0.006565284915268421,0.003924607849124159
choose,other word,8,8,0.052452615927904844,0.0065565769909881055,0.007043254765853809
devise,other word,1,1,0.006515691755339503,0.006515691755339503,0.0
spends,other word,3,3,0.01954336790367961,0.006514455967893203,0.013128715941300176
flashlight,other word,2,1,0.01298225112259388,0.00649112556129694,0.0017063342597542764
6(1,math notation,2,1,0.012883575167506933,0.006441787583753467,0.004224817052253098
$3000,math notation,2,1,0.01288171811029315,0.006440859055146575,0.005577367372884391
1.2a,number,2,2,0.012745915213599801,0.0063729576067999005,0.017596762414237813
150,number,10,6,0.06244135741144419,0.006244135741144419,0.007228241642227315
330$,math notation,1,1,0.006239147856831551,0.006239147856831551,0.0
thousand,other word,1,1,0.006207981146872044,0.006207981146872044,0.0
\text{total,math notation,21,14,0.12937667954247445,0.006160794263927355,0.008661528730496519
"$40,000",math notation,1,1,0.006150104571133852,0.006150104571133852,0.0
ca\),math notation,1,1,0.00614007655531168,0.00614007655531168,0.0
identity,other word,3,3,0.0183393657207489,0.006113121906916301,0.006531253669188122
iron,other word,2,1,0.012146511115133762,0.006073255557566881,0.0013010070298082464
51,number,5,2,0.030161910457536578,0.006032382091507316,0.0015291608359366971
cups,other word,34,16,0.2042791210114956,0.006008209441514576,0.007422981350146212
\frac{729}{1875},math notation,1,1,0.0059945700922980905,0.0059945700922980905,0.0
again,other word,14,14,0.08311056718230247,0.005936469084450177,0.020099062103104103
2\theta},math notation,1,1,0.0059345136396586895,0.0059345136396586895,0.0
indeed,other word,4,3,0.023724526166915894,0.005931131541728973,0.010624297505614473
\(80\%,math notation,1,1,0.005906154750846326,0.005906154750846326,0.0
3n,number,3,1,0.01765442523173988,0.00588480841057996,0.0010464356637694867
collecting,other word,1,1,0.005836758762598038,0.005836758762598038,0.0
70%,number,2,2,0.01164234196767211,0.005821170983836055,0.041984610309088045
3)(b,math notation,1,1,0.005770942196249962,0.005770942196249962,0.0
inside,other word,12,12,0.06883950531482697,0.005736625442902247,0.017337490840901904
\(s_n\),math notation,1,1,0.005706917494535446,0.005706917494535446,0.0
recheck,hedging / contrast,1,1,0.005602501332759857,0.005602501332759857,0.0
\[g,math notation,1,1,0.005595744354650378,0.005595744354650378,0.0
169,number,16,11,0.08939704135991633,0.005587315084994771,0.0017763336430118707
well,other word,1,1,0.0055623482912778854,0.0055623482912778854,0.0
\(4+5,math notation,1,1,0.0055360503029078245,0.0055360503029078245,0.0
ce,other word,1,1,0.005513130687177181,0.005513130687177181,0.0
102(1,math notation,2,1,0.011004747939296067,0.005502373969648033,0.0005895833323090071
laundry,other word,4,2,0.02195813599973917,0.0054895339999347925,0.04624039856761137
emerges,other word,2,2,0.010954177007079124,0.005477088503539562,0.01537658159765475
sits,other word,2,2,0.010813066735863686,0.005406533367931843,0.015062907628879468
89,number,9,7,0.04854647349566221,0.005394052610629135,0.017085960331632833
$g(1,math notation,1,1,0.005382393021136522,0.005382393021136522,0.0
\frac{2020}{6},math notation,1,1,0.00537466024979949,0.00537466024979949,0.0
\(42,math notation,1,1,0.0053623151034116745,0.0053623151034116745,0.0
\(ad,math notation,2,2,0.010711168637499213,0.005355584318749607,0.009706945965347219
9n,number,3,1,0.015929624205455184,0.005309874735151728,0.0004794848036390365
2(2n,math notation,1,1,0.005248084431514144,0.005248084431514144,0.0
10}{2}\),math notation,1,1,0.005197260063141584,0.005197260063141584,0.0
2020,number,7,5,0.0363164737354964,0.005188067676499486,0.0056975089758265225
3665,number,2,2,0.010345584712922573,0.0051727923564612865,0.0016461870849344368
about,other word,4,4,0.02055060025304556,0.00513765006326139,0.008250228149114257
cup/day,math notation,1,1,0.005130911711603403,0.005130911711603403,0.0
building,other word,4,3,0.020472430624067783,0.005118107656016946,0.0064854864545638
\(7^5,math notation,2,2,0.010228679981082678,0.005114339990541339,0.0033475448884780147
principle,other word,4,4,0.02028811164200306,0.005072027910500765,0.007026593003838631
unit,other word,12,7,0.06061621324624866,0.0050513511038540555,0.011866927663969238
\(abcd\),math notation,1,1,0.0050475813914090395,0.0050475813914090395,0.0
|u|,math notation,1,1,0.005043909535743296,0.005043909535743296,0.0
row,other word,12,8,0.06037428416311741,0.005031190346926451,0.011715055697167768
24,number,32,28,0.16009524406399578,0.005002976376999868,0.006171196614802175
3)(c,math notation,1,1,0.005000721663236618,0.005000721663236618,0.0
rainwater,other word,3,2,0.014994185417890549,0.004998061805963516,0.0325977746370029
right,other word,10,9,0.04979320499114692,0.004979320499114692,0.018117069712502026
\(ca,math notation,1,1,0.004972030874341726,0.004972030874341726,0.0
\frac{4-3}{4-1},math notation,1,1,0.004968835273757577,0.004968835273757577,0.0
cm,other word,16,3,0.07948153151664883,0.004967595719790552,0.003486948212402518
round,other word,4,4,0.01984004955738783,0.004960012389346957,0.01726916921807676
\{a_i,math notation,2,1,0.009899146854877472,0.004949573427438736,0.0021958695759360567
candidate,other word,1,1,0.004932863637804985,0.004932863637804985,0.0
jamal,other word,6,4,0.029586326330900192,0.004931054388483365,0.016900827386838038
18(1,math notation,2,1,0.009824696695432067,0.0049123483477160335,0.003992857014707646
2(3)(\sqrt{5}),math notation,1,1,0.00490717520006001,0.00490717520006001,0.0
18n,number,3,1,0.014721469371579587,0.004907156457193196,0.0019462588297232146
-7,number,2,2,0.009809904266148806,0.004904952133074403,0.01590176014142271
y_1)$,math notation,1,1,0.004898762737866491,0.004898762737866491,0.0
2(336,math notation,2,2,0.009694901295006275,0.004847450647503138,0.009859787971795245
\(\log_4{t},math notation,1,1,0.004833445942495018,0.004833445942495018,0.0
\(f(2021,math notation,2,2,0.009580040816217661,0.0047900204081088305,0.00875936125140901
k^2+1,math notation,1,1,0.004753895656904206,0.004753895656904206,0.0
catherine,other word,7,7,0.03313032630831003,0.004732903758330005,0.01656323255979813
21)}\],math notation,1,1,0.004716608207672834,0.004716608207672834,0.0
cane,other word,3,1,0.01400707894936204,0.004669026316454013,0.006537619983478307
\frac{\sqrt{3}}{2},math notation,2,1,0.009333376598078758,0.004666688299039379,0.017575722514013726
higher,other word,1,1,0.00462036207318306,0.00462036207318306,0.0
204,number,2,1,0.009214114164933562,0.004607057082466781,0.0023147122465259516
$\overline{ad}$,math notation,1,1,0.004562369314953685,0.004562369314953685,0.0
100\%,math notation,2,2,0.009072909597307444,0.004536454798653722,0.01474993221119103
in,other word,356,261,1.584207508538384,0.004450021091399955,0.002557151726882025
44.5^\circ\),math notation,1,1,0.004448233172297478,0.004448233172297478,0.0
\(-2023\),math notation,1,1,0.004443561309017241,0.004443561309017241,0.0
b)\),math notation,1,1,0.004428176616784185,0.004428176616784185,0.0
\((-2,math notation,1,1,0.00437707977835089,0.00437707977835089,0.0
$20x,math notation,1,1,0.004344184882938862,0.004344184882938862,0.0
\frac{k}{3},math notation,1,1,0.004335774341598153,0.004335774341598153,0.0
\|\mathbf{b}\|^2,math notation,1,1,0.004320092673879117,0.004320092673879117,0.0
\rfloor,math notation,5,3,0.021398424403741956,0.0042796848807483915,0.014353066776361112
according,other word,11,11,0.04705313919112086,0.004277558108283715,0.012280783762879421
34(1,math notation,2,1,0.008542848518118262,0.004271424259059131,0.00013061514148684806
51(1,math notation,2,1,0.008487777959089726,0.004243888979544863,0.00030924992850919997
8,number,89,68,0.37727156572509557,0.004239006356461748,0.0033946807489525915
bottle,other word,2,1,0.00847194530069828,0.00423597265034914,0.01197202766357356
ticket,other word,6,3,0.025377097073942423,0.004229516178990404,0.005209918895529186
\(7^3,math notation,2,2,0.008448255190160125,0.004224127595080063,5.6063231633096955e-05
2)(6,math notation,1,1,0.004168664570897818,0.004168664570897818,0.0
\frac{12,math notation,1,1,0.004097983008250594,0.004097983008250594,0.0
tomato-to-can,other word,1,1,0.004086871864274144,0.004086871864274144,0.0
\(c'a'\),math notation,1,1,0.004052427364513278,0.004052427364513278,0.0
reach,other word,4,4,0.016139483079314232,0.004034870769828558,0.016346704165967466
$k=4$,math notation,1,1,0.00402913405559957,0.00402913405559957,0.0
cycle,other word,2,2,0.008041985798627138,0.004020992899313569,0.00041190921766719017
ordered,other word,5,5,0.019930891692638397,0.00398617833852768,0.017644462470903163
\text{weight,math notation,2,1,0.007959970273077488,0.003979985136538744,0.003394245078353228
25\),math notation,4,4,0.015847293310798705,0.003961823327699676,0.0017268782936524646
direct,other word,1,1,0.00396166555583477,0.00396166555583477,0.0
"$800,000",math notation,3,2,0.011697940877638757,0.0038993136258795857,0.030799380798929982
5,number,267,157,1.0361879540723749,0.0038808537605706924,0.0023888878798686854
2019,number,3,2,0.011642441619187593,0.003880813873062531,0.005831167062385906
9(1,math notation,2,1,0.007737565087154508,0.003868782543577254,0.0021125774427928467
b^2}\),math notation,1,1,0.003858314361423254,0.003858314361423254,0.0
98,number,2,2,0.007645647041499615,0.0038228235207498074,0.004261294326458642
\(22(n,math notation,1,1,0.0037813903763890266,0.0037813903763890266,0.0
-38.945,number,1,1,0.003763371263630688,0.003763371263630688,0.0
acb,other word,1,1,0.0037506953813135624,0.0037506953813135624,0.0
raising,other word,1,1,0.003726593218743801,0.003726593218743801,0.0
u-v,other word,12,4,0.04400278686080128,0.0036668989050667733,0.002791510892829233
\(abc6\),math notation,1,1,0.0036582157481461763,0.0036582157481461763,0.0
shifting,other word,1,1,0.003650452010333538,0.003650452010333538,0.0
18,number,34,24,0.12341948214452714,0.0036299847689566806,0.003461475581656607
times,other word,29,24,0.10479200002737343,0.003613517242323222,0.008803716492993705
17^2,math notation,1,1,0.0036060106940567493,0.0036060106940567493,0.0
a_0,math notation,3,2,0.01075702253729105,0.003585674179097017,0.00542138873042302
passing,other word,3,3,0.010589046403765678,0.0035296821345885596,0.0165782958746825
\(r_2\),math notation,1,1,0.003459801897406578,0.003459801897406578,0.0
30.5^\circ\),math notation,1,1,0.0034073484130203724,0.0034073484130203724,0.0
cream,other word,1,1,0.003336744848638773,0.003336744848638773,0.0
encoded,other word,1,1,0.003303053556010127,0.003303053556010127,0.0
\[de,math notation,1,1,0.0032465760596096516,0.0032465760596096516,0.0
2023,number,12,9,0.03848467208445072,0.00320705600703756,0.009069271260607076
\text{hours}\],math notation,1,1,0.00320453941822052,0.00320453941822052,0.0
tx,other word,2,2,0.006407130276784301,0.0032035651383921504,0.0036816800820705094
elementary,other word,1,1,0.003199644386768341,0.003199644386768341,0.0
-5,number,2,2,0.006389509653672576,0.003194754826836288,0.013611967548351082
slightly,other word,1,1,0.003190351650118828,0.003190351650118828,0.0
marbles,other word,55,19,0.1743230081629008,0.003169509239325469,0.008723325999660997
cup,other word,2,2,0.006325284019112587,0.0031626420095562935,0.010662393371438487
4(72,math notation,1,1,0.0031591382576152682,0.0031591382576152682,0.0
9\],math notation,2,2,0.006252472405321896,0.003126236202660948,0.0037144795909941283
\text{height},math notation,2,2,0.006230383878573775,0.0031151919392868876,0.009279015182981442
jean,other word,1,1,0.003092493861913681,0.003092493861913681,0.0
6n,number,3,1,0.009097093949094415,0.0030323646496981382,0.0012056942332672245
\(7^{2023}\),math notation,2,1,0.005868908658158034,0.002934454329079017,0.04973720968721975
4a_2,math notation,1,1,0.002926161512732506,0.002926161512732506,0.0
2107\],math notation,1,1,0.002827188465744257,0.002827188465744257,0.0
245,number,2,1,0.005647800397127867,0.0028239001985639334,0.006069857578273489
easily,other word,1,1,0.002808977849781513,0.002808977849781513,0.0
nth,other word,2,1,0.005602100631222129,0.0028010503156110644,0.0035885319248666393
77,number,3,3,0.00829983875155449,0.0027666129171848297,0.023107806030785136
\[20,math notation,1,1,0.0027646091766655445,0.0027646091766655445,0.0
infinite,other word,2,2,0.0054493919014930725,0.0027246959507465363,0.008908933666692966
51n,number,3,1,0.008164009777829051,0.0027213365926096835,0.002156113657728597
plate,other word,2,2,0.0054274313151836395,0.0027137156575918198,0.02854955209940985
\((-∞,math notation,1,1,0.0027092836098745465,0.0027092836098745465,0.0
three-quarters,other word,1,1,0.00261177821084857,0.00261177821084857,0.0
t_{2,math notation,1,1,0.0025949848641175777,0.0025949848641175777,0.0
green,other word,6,5,0.015507151372730732,0.0025845252287884555,0.0056330095861792965
cover,other word,4,4,0.010157816112041473,0.0025394540280103683,0.01645995702833071
3(1,math notation,2,1,0.0050501576624810696,0.0025250788312405348,0.0030866858599706937
o,other word,3,3,0.007313031412195414,0.0024376771373984716,0.004238084072108007
adb$,math notation,1,1,0.002436409587971866,0.002436409587971866,0.0
102,number,10,6,0.023953039199113846,0.0023953039199113846,0.004450142491258113
potentially,other word,2,2,0.004706753417849541,0.0023533767089247704,0.013970483705990367
1000000,number,2,1,0.004629640025086701,0.0023148200125433505,0.0017786199327404122
1691,number,1,1,0.0022975755855441093,0.0022975755855441093,0.0
\cdots),math notation,3,1,0.006785296252928674,0.0022617654176428914,0.01115903967321903
same,other word,25,21,0.05497725633904338,0.0021990902535617353,0.00851060977555714
sugar,other word,8,7,0.01738570351153612,0.002173212938942015,0.011503349492032338
4a_1,math notation,1,1,0.002154124900698662,0.002154124900698662,0.0
\(-4\),math notation,1,1,0.0021346466382965446,0.0021346466382965446,0.0
greater,other word,18,15,0.03824873873963952,0.0021249299299799735,0.0047336473102528335
2,number,377,232,0.7782342062273528,0.002064281714130909,0.001706762726574678
clear,other word,3,3,0.006178842857480049,0.002059614285826683,0.021262474439849473
\(-6,math notation,1,1,0.002007856499403715,0.002007856499403715,0.0
ned,other word,3,2,0.006009860895574093,0.0020032869651913643,0.011232884149290882
\[b,math notation,2,2,0.003934321342967451,0.0019671606714837253,0.0020232349731415774
$h$,math notation,1,1,0.0019302405416965485,0.0019302405416965485,0.0
units,other word,51,29,0.09826754010282457,0.0019268145118200896,0.01065430996542077
8}}{2,math notation,1,1,0.0019151661545038223,0.0019151661545038223,0.0
a_n,math notation,5,3,0.009268811001675203,0.0018537622003350408,0.005150729057586001
343\),math notation,2,2,0.0036249004770070314,0.0018124502385035157,0.0037227556433030422
rolling,other word,11,7,0.019558932166546583,0.0017780847424133258,0.012018112183155358
diagram,other word,2,1,0.0035427813418209553,0.0017713906709104776,0.016584601649027454
exactly,other word,15,13,0.026056423783302307,0.0017370949188868204,0.02407507066455994
immediate,other word,1,1,0.001734759658575058,0.001734759658575058,0.0
1233,number,2,2,0.0034681949764490128,0.0017340974882245064,0.002958710741098285
ae,other word,1,1,0.0017328420653939247,0.0017328420653939247,0.0
5/7,math notation,3,1,0.005093015730381012,0.001697671910127004,0.00492110678153759
31,number,4,2,0.006581595167517662,0.0016453987918794155,0.009879936367206693
hours,other word,23,11,0.03698804113082588,0.0016081757013402555,0.011384226554458837
\frac{35}{37},math notation,1,1,0.0016007066005840898,0.0016007066005840898,0.0
\cos^2,math notation,4,3,0.0063999134581536055,0.0015999783645384014,0.013232169861593783
2r,number,2,1,0.0031997006153687835,0.0015998503076843917,0.0015493118539286071
apples,other word,18,6,0.02870150131639093,0.0015945278509106073,0.007339266976323026
taking,other word,11,3,0.017425805795937777,0.0015841641632670705,0.014647334579669049
recurrence,other word,5,4,0.007796933758072555,0.001559386751614511,0.027536500144690598
1.2ax,number,4,3,0.006212977226823568,0.001553244306705892,0.012217054541260468
a\),math notation,5,4,0.007514628116041422,0.0015029256232082845,0.01657796139483899
\$5,math notation,2,1,0.002992847003042698,0.001496423501521349,0.005330149270679297
\frac{18}{2},math notation,1,1,0.0014560215640813112,0.0014560215640813112,0.0
-a\),math notation,2,1,0.002899300307035446,0.001449650153517723,0.024867048589750175
perfect,other word,18,16,0.025871098972857,0.0014372832762698333,0.012140469995148178
solutions,other word,31,21,0.04443584172986448,0.001433414249350467,0.012282827045672882
diagonal,other word,2,2,0.0027072979137301445,0.0013536489568650723,0.0045640226269667425
**12,math notation,1,1,0.001316731795668602,0.001316731795668602,0.0
edwah,other word,4,2,0.0052526716608554125,0.0013131679152138531,0.007196268800551009
1)(b,math notation,1,1,0.0013129357248544693,0.0013129357248544693,0.0
"\(\max(c,1)",math notation,1,1,0.001304060686379671,0.001304060686379671,0.0
$3:4:5$,math notation,2,1,0.0025781510630622506,0.0012890755315311253,0.003976163199543506
\frac{1}{10^n}\),math notation,1,1,0.0012697972124442458,0.0012697972124442458,0.0
\((-4,math notation,1,1,0.0012527377111837268,0.0012527377111837268,0.0
stories,other word,9,3,0.010984731605276465,0.0012205257339196072,0.006926578894210867
hexagon,other word,5,2,0.006009596865624189,0.001201919373124838,0.015710258162503408
alternate,other word,1,1,0.0011899294331669807,0.0011899294331669807,0.0
frances,other word,8,3,0.0093698650598526,0.001171233132481575,0.00977336063692938
\frac{k}{4},math notation,2,1,0.002333920157980174,0.001166960078990087,0.004844452384059873
specifically,other word,2,2,0.0023203142918646336,0.0011601571459323168,0.015385963716623853
3}{5625,math notation,1,1,0.0011444518167991191,0.0011444518167991191,0.0
144,number,2,2,0.002278991974890232,0.001139495987445116,0.008708748319339618
occurs,other word,6,5,0.006678667850792408,0.0011131113084654014,0.011307941333678712
2:1,number,1,1,0.001105358824133873,0.001105358824133873,0.0
6]\),math notation,1,1,0.001028741244226694,0.001028741244226694,0.0
18\),math notation,5,5,0.00503253354690969,0.001006506709381938,0.02575908447794117
around,other word,1,1,0.0010037480387836695,0.0010037480387836695,0.0
999x,number,1,1,0.0008915215730667114,0.0008915215730667114,0.0
setting,other word,1,1,0.0008770942222326994,0.0008770942222326994,0.0
buying,other word,2,1,0.001716899685561657,0.0008584498427808285,0.010119339460181967
x_1,math notation,4,4,0.0034299418330192566,0.0008574854582548141,0.014189087511026661
4b,number,10,2,0.00801075849449262,0.0008010758494492621,0.002153845580179962
assignment,other word,1,1,0.0007354570552706718,0.0007354570552706718,0.0
game,other word,7,5,0.004983416758477688,0.0007119166797825269,0.016016311939899285
u3,number,3,3,0.002107274020090699,0.0007024246733635664,0.006132652557251702
meal,other word,1,1,0.0007001087069511414,0.0007001087069511414,0.0
meters,other word,9,5,0.006263593211770058,0.0006959548013077842,0.019422515922681714
turned,other word,1,1,0.0006356926169246435,0.0006356926169246435,0.0
through,other word,15,13,0.00943921972066164,0.000629281314710776,0.01672746895841261
\$5.00,math notation,1,1,0.0006227809935808182,0.0006227809935808182,0.0
\hline,math notation,1,1,0.0006087943911552429,0.0006087943911552429,0.0
factorial,other word,1,1,0.0005715866573154926,0.0005715866573154926,0.0
105\),math notation,1,1,0.0005586661864072084,0.0005586661864072084,0.0
160,number,5,5,0.0025617359206080437,0.0005123471841216087,0.004308712590599979
point,other word,24,20,0.012242610566318035,0.0005101087735965848,0.01054421062120756
positive,other word,49,30,0.024381054565310478,0.0004975725421491934,0.005905523045738384
102n,number,3,1,0.0014278615126386285,0.0004759538375462095,0.001840523708626311
x_{99,math notation,3,3,0.0014186318730935454,0.0004728772910311818,0.016258765166576622
$ac,math notation,1,1,0.0004402673803269863,0.0004402673803269863,0.0
9,number,88,62,0.0316160095972009,0.0003592728363318284,0.0038150324722956448
$l,math notation,2,2,0.0006497702561318874,0.0003248851280659437,0.001229376649766585
-\frac{1}{3}\),math notation,1,1,0.0003222165396437049,0.0003222165396437049,0.0
\frac{11,math notation,1,1,0.0003190012648701668,0.0003190012648701668,0.0
673,number,5,4,0.0015820355038158596,0.0003164071007631719,0.00226631197512309
cde,other word,2,1,0.0006324469577521086,0.0003162234788760543,0.0036722227243913695
\((t+10),math notation,1,1,0.00025733275106176734,0.00025733275106176734,0.0
17,number,46,24,0.007126018754206598,0.0001549134511784043,0.0040546327910911065
105,number,2,2,0.00025302881840616465,0.00012651440920308232,0.0008687447121002472
stanley,other word,4,2,0.00044796988368034363,0.00011199247092008591,0.01338181110449257
20,number,104,65,0.010402451734989882,0.0001000235743749027,0.0030513666856110374
combinations,other word,7,6,0.0005959393456578255,8.513419223683221e-05,0.015576006543596518
2q,number,1,1,6.370386108756065e-05,6.370386108756065e-05,0.0
101,number,4,2,0.00022572092711925507,5.6430231779813766e-05,0.0027051463990522243
\),math notation,833,281,0.014857414440484717,1.783603174127817e-05,0.0020683695523836775
h,other word,13,8,-0.0001237606629729271,-9.52005099791747e-06,0.0019232782269158863
multiple,other word,9,8,-0.0008592195808887482,-9.546884232097202e-05,0.010754792988505086
"\((10^3)^{10,000^{100,000}}",math notation,1,1,-0.00015377206727862358,-0.00015377206727862358,0.0
:,other word,5,3,-0.000802244059741497,-0.0001604488119482994,0.0041261612692753595
b_1,math notation,1,1,-0.00017974060028791428,-0.00017974060028791428,0.0
|,math notation,4,2,-0.0007975667249411345,-0.0001993916812352836,0.0037478467493414
28,number,9,5,-0.002048155525699258,-0.00022757283618880642,0.0024865203239037522
ac)(s,math notation,1,1,-0.00023910356685519218,-0.00023910356685519218,0.0
continue,other word,5,4,-0.0012969020754098892,-0.0002593804150819778,0.013530156751778424
slice,other word,7,7,-0.0019008880481123924,-0.0002715554354446275,0.034191509856902835
34x,number,1,1,-0.00027474923990666866,-0.00027474923990666866,0.0
4/5\),math notation,1,1,-0.0002895975485444069,-0.0002895975485444069,0.0
daughter,other word,3,2,-0.0008857278153300285,-0.0002952426051100095,0.008182113276225119
bisect,other word,1,1,-0.00032626278698444366,-0.00032626278698444366,0.0
monthly,other word,5,3,-0.0016792621463537216,-0.0003358524292707443,0.014264102339449056
seen,other word,1,1,-0.0003805076703429222,-0.0003805076703429222,0.0
megabits,other word,1,1,-0.0004073474556207657,-0.0004073474556207657,0.0
bcde,other word,1,1,-0.0004892173456028104,-0.0004892173456028104,0.0
axis,other word,1,1,-0.0004906272515654564,-0.0004906272515654564,0.0
charlie's,other word,3,3,-0.0014980081468820572,-0.0004993360489606857,0.012994659790914413
\frac{2187,math notation,1,1,-0.0005017329822294414,-0.0005017329822294414,0.0
30,number,35,29,-0.0178632908500731,-0.0005103797385735172,0.004840729693169587
parallel,other word,2,2,-0.0010311547666788101,-0.0005155773833394051,0.02130848183940383
\[=,math notation,1,1,-0.0005172169767320156,-0.0005172169767320156,0.0
$\frac{20}{19}$,math notation,2,1,-0.0010397497098892927,-0.0005198748549446464,0.008743141547131586
\sqrt{b^{2},math notation,1,1,-0.0005229167290963233,-0.0005229167290963233,0.0
1.75,number,2,1,-0.001063760370016098,-0.000531880185008049,0.019933433662746324
of,other word,1589,735,-0.8542258364614099,-0.0005375870588177533,0.0012254922614203445
"$(2,0)$",math notation,3,2,-0.0016594638582319021,-0.000553154619410634,0.009959045092230024
4c,number,10,2,-0.0058354203356429935,-0.0005835420335642994,0.0023072470441428882
$y,math notation,4,4,-0.002509942336473614,-0.0006274855841184035,0.010123248924513079
-3,number,5,3,-0.003169485367834568,-0.0006338970735669136,0.008613617852260084
334,number,1,1,-0.00070183165371418,-0.00070183165371418,0.0
law,other word,2,2,-0.001474546268582344,-0.000737273134291172,0.006957515482847841
candles,other word,21,3,-0.015733670443296432,-0.0007492224020617348,0.0034482085177721146
characteristic,other word,4,3,-0.003111172467470169,-0.0007777931168675423,0.020268849581874065
perimeter,other word,12,6,-0.009891857393085957,-0.0008243214494238297,0.009743578982615513
1|,math notation,2,1,-0.0016911206766963005,-0.0008455603383481503,0.006596737307141699
months/year,math notation,1,1,-0.0008712885901331902,-0.0008712885901331902,0.0
m)\),math notation,2,2,-0.0017667791107669473,-0.0008833895553834736,0.004126451781979894
738824,number,2,1,-0.0018544999184086919,-0.0009272499592043459,0.0005199797053087261
1344,number,1,1,-0.0009280843660235405,-0.0009280843660235405,0.0
apple,other word,4,4,-0.003799108788371086,-0.0009497771970927715,0.01971261337476808
\triangle,math notation,16,9,-0.015400756383314729,-0.0009625472739571705,0.002687419386400971
36a,number,3,1,-0.0028910054825246334,-0.0009636684941748778,0.0013837246205545808
\(v\),math notation,10,6,-0.009659239905886352,-0.0009659239905886352,0.01836977214675697
croissants,other word,2,1,-0.0019779959693551064,-0.0009889979846775532,0.008168555454698028
14x,number,1,1,-0.0010202364064753056,-0.0010202364064753056,0.0
pineapples/harvest,math notation,1,1,-0.0010296767577528954,-0.0010296767577528954,0.0
4(a_1,math notation,1,1,-0.0010508731938898563,-0.0010508731938898563,0.0
$ad$,math notation,11,2,-0.011892350506968796,-0.0010811227733607996,0.0029799567336533496
b_3,math notation,1,1,-0.0011339935008436441,-0.0011339935008436441,0.0
134,number,5,5,-0.005716316634789109,-0.0011432633269578218,0.006980250764019811
daisy,other word,1,1,-0.001150619238615036,-0.001150619238615036,0.0
672,number,3,3,-0.003461554180830717,-0.001153851393610239,0.0034367921378528066
\(64,math notation,1,1,-0.0012160176411271095,-0.0012160176411271095,0.0
$19^{20}$,math notation,2,1,-0.0024403927382081747,-0.0012201963691040874,0.015655316405240944
\(7^4,math notation,2,2,-0.002513866638764739,-0.0012569333193823695,0.003720659825406387
1700,number,1,1,-0.0012618503533303738,-0.0012618503533303738,0.0
3c^2,math notation,1,1,-0.0012907065683975816,-0.0012907065683975816,0.0
rooms,other word,13,3,-0.016900996037293226,-0.001300076618253325,0.005827855143526532
\$670,math notation,1,1,-0.0013032755814492702,-0.0013032755814492702,0.0
\left(\frac{3}{5}\right)^7,math notation,2,2,-0.0026197616825811565,-0.0013098808412905782,0.043597946333411595
20x,number,2,1,-0.0028941226191818714,-0.0014470613095909357,0.0018065678619556592
\sqrt{\frac{144}{1369}},math notation,1,1,-0.0014746827655471861,-0.0014746827655471861,0.0
satisfy,other word,13,10,-0.020298216957598925,-0.0015614013044306864,0.014150329698008241
soda,other word,3,1,-0.004846320487558842,-0.001615440162519614,0.006445219961448793
ad,other word,13,9,-0.021274158963933587,-0.0016364737664564298,0.0029963822845887416
choosing,other word,2,1,-0.0032753588166087866,-0.0016376794083043933,0.001314796704851214
ced,other word,2,1,-0.00331937987357378,-0.00165968993678689,0.007204166742867689
\(\log_5(x-1)\),math notation,1,1,-0.0016640639514662325,-0.0016640639514662325,0.0
0\),math notation,25,16,-0.04216054693097249,-0.0016864218772388994,0.012716695605530928
76\],math notation,2,1,-0.0034066264051944017,-0.0017033132025972009,0.005272231845245423
-2023,number,3,2,-0.005208533460972831,-0.0017361778203242768,0.0014674932185266632
\frac{4}{10},math notation,1,1,-0.0017385133542120457,-0.0017385133542120457,0.0
245$,math notation,1,1,-0.001753026619553566,-0.001753026619553566,0.0
lemons/tree,math notation,1,1,-0.0017535584047436714,-0.0017535584047436714,0.0
mc,other word,1,1,-0.00176049186848104,-0.00176049186848104,0.0
carried,other word,2,1,-0.0035215774551033974,-0.0017607887275516987,0.0031471700449424937
4^3,math notation,1,1,-0.001769896480254829,-0.001769896480254829,0.0
34n,number,3,1,-0.005410351091995835,-0.0018034503639986117,0.003047430235547859
(\(,math notation,1,1,-0.0018308633007109165,-0.0018308633007109165,0.0
automatic,other word,3,2,-0.005501219071447849,-0.0018337396904826164,0.019276970559693175
b_4,math notation,1,1,-0.0018848399631679058,-0.0018848399631679058,0.0
m|,math notation,17,4,-0.03240655217086896,-0.0019062677747569978,0.0024759226517177936
fits,other word,1,1,-0.00191570445895195,-0.00191570445895195,0.0
pounds/book,math notation,2,1,-0.003835706040263176,-0.001917853020131588,0.0008769761480187454
\left(\frac{3\sqrt{2}}{2}\right)^4,math notation,1,1,-0.001962568610906601,-0.001962568610906601,0.0
3(67,math notation,1,1,-0.0019763964228332043,-0.0019763964228332043,0.0
4,number,261,156,-0.5192779404751491,-0.0019895706531614906,0.00218165606053086
137,number,2,2,-0.004060754552483559,-0.0020303772762417793,0.0033657376744194185
imply,other word,1,1,-0.002063957042992115,-0.002063957042992115,0.0
\text{probability},math notation,2,2,-0.004129055188968778,-0.002064527594484389,0.0011889702520722259
\left(\frac{9,math notation,1,1,-0.002102696686051786,-0.002102696686051786,0.0
from,other word,172,131,-0.3663319598417729,-0.002129836975824261,0.004530730176519743
\(u,math notation,4,4,-0.008635940263047814,-0.0021589850657619536,0.0012738187829352667
4th,number,8,5,-0.017647365340963006,-0.0022059206676203758,0.003365940597848765
decay,other word,3,1,-0.006669173017144203,-0.002223057672381401,0.007291711318925606
737,number,5,5,-0.011149363592267036,-0.0022298727184534074,0.014116079658109579
\frac{1}{3}(-1),math notation,2,2,-0.00449389754794538,-0.00224694877397269,0.010562972413159954
\frac{390625}{256,math notation,1,1,-0.0022515426389873028,-0.0022515426389873028,0.0
pairs/month,math notation,1,1,-0.0022774040699005127,-0.0022774040699005127,0.0
(3+\sqrt{5})^{34},math notation,1,1,-0.0022966302349232137,-0.0022966302349232137,0.0
"$100,000",math notation,7,3,-0.016201701015233994,-0.0023145287164619993,0.028512371347128168
\right)^2},math notation,1,1,-0.0023183973971754313,-0.0023183973971754313,0.0
p_0,math notation,1,1,-0.0023279846645891666,-0.0023279846645891666,0.0
t_{1,math notation,1,1,-0.002331712341401726,-0.002331712341401726,0.0
\[2^4,math notation,1,1,-0.0023604328744113445,-0.0023604328744113445,0.0
49,number,10,10,-0.02389293536543846,-0.002389293536543846,0.0027743468218509137
principal,other word,2,2,-0.004820570349693298,-0.002410285174846649,0.01715549799890085
basic,other word,1,1,-0.0024104216136038303,-0.0024104216136038303,0.0
7c,number,1,1,-0.0024108681827783585,-0.0024108681827783585,0.0
361,number,1,1,-0.002425464626867324,-0.002425464626867324,0.0
n-1)d,math notation,1,1,-0.0024399207904934883,-0.0024399207904934883,0.0
1728abc,number,2,1,-0.004893005592748523,-0.0024465027963742614,0.000526432083238909
\lfloor,math notation,5,3,-0.012330142955761403,-0.0024660285911522807,0.005148442988632532
8)\),math notation,1,1,-0.0024714417522773147,-0.0024714417522773147,0.0
y\right),math notation,2,1,-0.005042868433520198,-0.002521434216760099,0.0029804706156852405
represent,other word,7,7,-0.017745853401720524,-0.0025351219145315035,0.015127515211200452
penny,other word,10,2,-0.025403774343430996,-0.0025403774343430996,0.007741378477794038
48,number,7,7,-0.01791464281268418,-0.002559234687526311,0.0017125812090097734
crucial,other word,2,2,-0.005177680402994156,-0.002588840201497078,0.030906717335324844
2³,number,1,1,-0.002624805783852935,-0.002624805783852935,0.0
3\sqrt{6},math notation,2,2,-0.005272767506539822,-0.002636383753269911,0.0017210053143031155
384,number,1,1,-0.0026644873432815075,-0.0026644873432815075,0.0
2b\),math notation,2,2,-0.005393406841903925,-0.0026967034209519625,0.05496106651984955
exponent,other word,6,6,-0.01627628318965435,-0.002712713864942392,0.02400117349671892
reached,other word,1,1,-0.002740059047937393,-0.002740059047937393,0.0
happens,other word,3,3,-0.008354417979717255,-0.0027848059932390847,0.008918091228926681
\sqrt{(2,math notation,1,1,-0.0027979311998933554,-0.0027979311998933554,0.0
$6,math notation,3,3,-0.008444475242868066,-0.002814825080956022,0.008442735085994456
\(3x,math notation,1,1,-0.002817995846271515,-0.002817995846271515,0.0
bottles,other word,3,1,-0.008466579020023346,-0.0028221930066744485,0.006478546223801988
\},math notation,2,2,-0.005684100091457367,-0.0028420500457286835,0.003870493271269695
produced,other word,1,1,-0.002870578318834305,-0.002870578318834305,0.0
pa,other word,5,2,-0.014479952631518245,-0.002895990526303649,0.00040193173181915764
153,number,1,1,-0.002900283085182309,-0.002900283085182309,0.0
a_3,math notation,4,3,-0.01172814262099564,-0.00293203565524891,0.0050523302976572
p(5,math notation,6,1,-0.017712350352667272,-0.002952058392111212,0.00514149412163861
∞)\),math notation,1,1,-0.0029621031135320663,-0.0029621031135320663,0.0
625,number,4,2,-0.011857556644827127,-0.002964389161206782,0.005471533814814254
results,other word,8,7,-0.023795385845005512,-0.002974423230625689,0.015741075042749953
14\),math notation,3,3,-0.008973305579274893,-0.0029911018597582975,0.012556849980852108
10080,number,2,2,-0.006045885966159403,-0.0030229429830797017,0.01310136741015149
20^4,math notation,3,2,-0.009162471280433238,-0.003054157093477746,0.008916615578955282
29,number,2,2,-0.006311036646366119,-0.0031555183231830597,0.016306086219080484
2ab,number,2,2,-0.006311518140137196,-0.003155759070068598,0.0017879863701184189
aurelia,other word,3,2,-0.009493410121649504,-0.0031644700405498347,0.031097407567417603
11-20,number,1,1,-0.003180502448230982,-0.003180502448230982,0.0
solution}\),math notation,1,1,-0.003193681128323078,-0.003193681128323078,0.0
\(a'b'\),math notation,1,1,-0.0032068848377093673,-0.0032068848377093673,0.0
thousands,other word,1,1,-0.0032422682270407677,-0.0032422682270407677,0.0
40,number,37,25,-0.12233264709357172,-0.003306287759285722,0.005703445884423395
|m|,math notation,3,2,-0.009969186852686107,-0.0033230622842287025,0.002755134748633617
am,other word,1,1,-0.003329985775053501,-0.003329985775053501,0.0
appears,hedging / contrast,13,9,-0.04339283378794789,-0.003337910291380607,0.012729816703868146
$ae$,math notation,10,1,-0.033810039167292416,-0.0033810039167292416,0.006396204290874674
plus,other word,4,4,-0.013662222307175398,-0.0034155555767938495,0.014959380685720645
configuration,other word,5,5,-0.017105196602642536,-0.0034210393205285072,0.014679664124245527
\right)^2,math notation,7,3,-0.02407998638227582,-0.0034399980546108316,0.01526028451542838
$(x_1,math notation,1,1,-0.00350857712328434,-0.00350857712328434,0.0
\[(0,math notation,1,1,-0.00351174408569932,-0.00351174408569932,0.0
\(1875\),math notation,1,1,-0.003589972387999296,-0.003589972387999296,0.0
768,number,2,2,-0.007234796532429755,-0.0036173982662148774,0.0012314738259112878
2:48,number,2,1,-0.007276550866663456,-0.003638275433331728,0.00770334512627986
\(be,math notation,2,2,-0.007466123905032873,-0.0037330619525164366,0.008205498319870715
10x,number,4,2,-0.015002002590335906,-0.0037505006475839764,0.0014976443040032544
rs,other word,2,2,-0.007652202155441046,-0.003826101077720523,0.004463223005760748
-8,number,3,3,-0.011499529122374952,-0.003833176374124984,0.006969113294228913
306,number,35,10,-0.13512315833941102,-0.0038606616668403148,0.0024992822754711856
pounds/horse/day,math notation,1,1,-0.0038840470369905233,-0.0038840470369905233,0.0
\text{feet},math notation,3,1,-0.011653014807961881,-0.003884338269320627,0.0040284925144696455
b\},math notation,1,1,-0.0038885113317519426,-0.0038885113317519426,0.0
outcomes,other word,31,16,-0.12144251028075814,-0.003917500331637359,0.006619922674070329
\(dc\),math notation,2,1,-0.007889319444075227,-0.003944659722037613,0.01313843222953525
12,number,99,68,-0.3913459468749352,-0.0039529893623730826,0.003502423477891079
\(bd,math notation,1,1,-0.004008371266536415,-0.004008371266536415,0.0
16,number,53,42,-0.2144679669290781,-0.004046565413756191,0.0024944400534724393
k,other word,45,23,-0.18211859767325222,-0.004047079948294494,0.0009658720914391241
n,other word,144,75,-0.5847198191913776,-0.004060554299940122,0.0013970495455610046
p,other word,38,17,-0.15588098799344152,-0.004102131262985303,0.0018895040754595073
0.2\),math notation,1,1,-0.004107406479306519,-0.004107406479306519,0.0
1+2)^2,math notation,2,1,-0.008231560932472348,-0.004115780466236174,0.0031335068104450586
45%,number,1,1,-0.004125859588384628,-0.004125859588384628,0.0
\frac{3-3}{3-1},math notation,1,1,-0.004126696148887277,-0.004126696148887277,0.0
4(56,math notation,1,1,-0.004147197236306965,-0.004147197236306965,0.0
combination,other word,7,6,-0.02904699742794037,-0.004149571061134338,0.013277858517205017
14,number,27,24,-0.11252451571635902,-0.004167574656161445,0.00647039131642983
bases,other word,4,4,-0.016679619438946247,-0.004169904859736562,0.00656555946653307
binary,other word,1,1,-0.0041758595034480095,-0.0041758595034480095,0.0
e,other word,22,14,-0.09275570674799383,-0.004216168488545174,0.00123818031096485
a_1,math notation,9,7,-0.03811833309009671,-0.004235370343344079,0.003682501978970015
checking,other word,1,1,-0.004253692924976349,-0.004253692924976349,0.0
quarter,other word,2,1,-0.008580157533288002,-0.004290078766644001,0.011975581169738635
frog,other word,2,1,-0.008586222305893898,-0.004293111152946949,0.008905404526674687
"\(\max(b,2)\)",math notation,1,1,-0.004300416097976267,-0.004300416097976267,0.0
2087,number,2,1,-0.008619097410701215,-0.004309548705350608,0.000678665224130274
15^2,math notation,1,1,-0.004312467237468809,-0.004312467237468809,0.0
\rangle\),math notation,3,1,-0.012997980462387204,-0.004332660154129068,0.0056874425779615476
ore,other word,7,2,-0.03058743756264448,-0.0043696339375206405,0.009919346386939165
192,number,2,2,-0.008739528711885214,-0.004369764355942607,0.0026717804294283092
simple,other word,5,3,-0.021870910190045834,-0.004374182038009167,0.020004289923619446
bx,other word,2,2,-0.008750484907068312,-0.004375242453534156,0.0033072888447266344
375,number,3,2,-0.013169470243155956,-0.004389823414385319,0.02408746370979275
combined,other word,20,13,-0.08781622943934053,-0.004390811471967027,0.008345519988224926
20.5,number,1,1,-0.0044007254764437675,-0.0044007254764437675,0.0
\[4,math notation,2,2,-0.008809495950117707,-0.004404747975058854,0.004986382699021428
neil,other word,1,1,-0.004426429979503155,-0.004426429979503155,0.0
},math notation,1,1,-0.004431780427694321,-0.004431780427694321,0.0
96,number,2,2,-0.009007931686937809,-0.0045039658434689045,0.006232374015134099
equivalent,other word,5,5,-0.02253854274749756,-0.004507708549499512,0.02989692226770725
natural,other word,1,1,-0.004520381800830364,-0.004520381800830364,0.0
p(1,math notation,1,1,-0.004528328310698271,-0.004528328310698271,0.0
p(13,math notation,1,1,-0.00455018796492368,-0.00455018796492368,0.0
ounces,other word,6,3,-0.027356380596756935,-0.004559396766126156,0.006820190734159233
red,other word,26,15,-0.11914925300516188,-0.004582663577121611,0.011994707665030973
stick,other word,6,2,-0.02749624429270625,-0.004582707382117708,0.008992934319648906
we're,other word,19,18,-0.08725439943373203,-0.004592336812301686,0.01713274241940828
534,number,1,1,-0.0046014366671442986,-0.0046014366671442986,0.0
-n,other word,3,2,-0.01386244548484683,-0.00462081516161561,0.012982878397111895
\([-8,math notation,2,1,-0.009469482232816517,-0.004734741116408259,0.0010480571620008299
understand,other word,14,14,-0.0663928659632802,-0.004742347568805728,0.017561747247213304
50\),math notation,1,1,-0.004762522876262665,-0.004762522876262665,0.0
further,other word,11,11,-0.052630359306931496,-0.0047845781188119545,0.02048707807717766
\frac{9,math notation,2,2,-0.009579276200383902,-0.004789638100191951,0.02346241118516837
midpoints,other word,8,6,-0.03845749609172344,-0.00480718701146543,0.02151366809426878
cardinality,other word,1,1,-0.004821892827749252,-0.004821892827749252,0.0
5(6,math notation,1,1,-0.0048222357872873545,-0.0048222357872873545,0.0
\right\rfloor,math notation,6,3,-0.02904922585003078,-0.004841537641671796,0.008011509133710296
\frac{\text{remaining,math notation,1,1,-0.004845806863158941,-0.004845806863158941,0.0
until,other word,10,9,-0.04858137667179108,-0.004858137667179107,0.021542340521579915
\(12,math notation,1,1,-0.004858472151681781,-0.004858472151681781,0.0
100,number,54,29,-0.26325821597129107,-0.004875152147616501,0.003953142563522417
\theta,math notation,5,4,-0.02444560546427965,-0.00488912109285593,0.010136852517866744
26\),math notation,1,1,-0.004913038806989789,-0.004913038806989789,0.0
$\boxed{3750}$,math notation,1,1,-0.004924230044707656,-0.004924230044707656,0.0
\sqrt{169,math notation,1,1,-0.004929248709231615,-0.004929248709231615,0.0
ways,other word,21,15,-0.10405613016337156,-0.004955053817303408,0.014281062469563928
staircase,other word,1,1,-0.0049769096076488495,-0.0049769096076488495,0.0
andrea,other word,5,3,-0.02494736574590206,-0.004989473149180412,0.007508524201503456
200,number,17,12,-0.08499257313087583,-0.004999563125345637,0.005605983346635818
magnitude,other word,2,2,-0.010076627135276794,-0.005038313567638397,0.00523274461104808
below,other word,1,1,-0.005052641034126282,-0.005052641034126282,0.0
$p(x)$,math notation,2,1,-0.010108463698998094,-0.005054231849499047,0.008143543522694526
x_{102,math notation,2,2,-0.010127998248208314,-0.005063999124104157,0.00966987894395526
sticks,other word,6,3,-0.030537474900484085,-0.005089579150080681,0.026951683789808212
\frac{25^4}{4^4},math notation,1,1,-0.005094737280160189,-0.005094737280160189,0.0
crown,other word,4,2,-0.0204402394592762,-0.00511005986481905,0.045031051157468346
\(315^\circ\),math notation,3,1,-0.015354064060375094,-0.0051180213534583645,0.018508141204445563
tenth,other word,3,2,-0.015364639461040497,-0.005121546487013499,0.046115069459124365
512,number,1,1,-0.00517492089420557,-0.00517492089420557,0.0
0.5,number,3,3,-0.015595806296914816,-0.005198602098971605,0.01111811613979581
-,other word,795,376,-4.159837663231883,-0.005232500205323123,0.0010342532516386018
5040,number,1,1,-0.005251558963209391,-0.005251558963209391,0.0
16/25,math notation,1,1,-0.005277698393911123,-0.005277698393911123,0.0
4\pi,math notation,1,1,-0.005279586650431156,-0.005279586650431156,0.0
\(j\),math notation,1,1,-0.005311581597197801,-0.005311581597197801,0.0
ending,other word,4,3,-0.021317570470273495,-0.005329392617568374,0.007362102587706853
wpm,other word,4,2,-0.02136928727850318,-0.005342321819625795,0.038949912684156915
124,number,1,1,-0.005415589082986116,-0.005415589082986116,0.0
"h,$",math notation,1,1,-0.005453348159790039,-0.005453348159790039,0.0
rate,other word,17,12,-0.09285800345242023,-0.00546223549720119,0.01007593671890299
x^2\),math notation,2,2,-0.010928129078820348,-0.005464064539410174,0.011021378906675835
z,other word,6,3,-0.03281036909902468,-0.0054683948498374475,0.002951391096923144
220,number,6,4,-0.0333114224486053,-0.0055519037414342165,0.014792957313414219
\[a,math notation,2,2,-0.01112902071326971,-0.005564510356634855,0.00013832892026304012
1016,number,1,1,-0.005601570941507816,-0.005601570941507816,0.0
\((x+u)(x+v)+4\),math notation,1,1,-0.005632424261420965,-0.005632424261420965,0.0
average,other word,23,16,-0.12969833123497665,-0.005639057879781593,0.01089826758415259
738816,number,2,1,-0.011308581102639437,-0.005654290551319718,0.0009373046695324708
en,other word,3,2,-0.017006911803036928,-0.005668970601012309,0.0035660961552264068
0.2ax,number,1,1,-0.005680547095835209,-0.005680547095835209,0.0
4*additional\,math notation,1,1,-0.0056814729468896985,-0.0056814729468896985,0.0
255,number,2,1,-0.011422161478549242,-0.005711080739274621,0.00010705480621506779
44,number,5,5,-0.028570069232955575,-0.005714013846591115,0.0033677883971128817
260,number,1,1,-0.005758467596024275,-0.005758467596024275,0.0
a_2,math notation,9,5,-0.05208321043755859,-0.005787023381950955,0.006382927451267482
there,other word,100,88,-0.5836129148374312,-0.005836129148374312,0.0051197770919708336
×,math notation,11,9,-0.06425961060449481,-0.005841782782226801,0.0050363415095345115
son,other word,2,1,-0.011695027351379395,-0.005847513675689697,0.051964925261370414
v,other word,20,17,-0.11711289460072294,-0.005855644730036147,0.0016387511918203959
asks,other word,1,1,-0.005877899006009102,-0.005877899006009102,0.0
91,number,1,1,-0.005937147885560989,-0.005937147885560989,0.0
r,other word,27,20,-0.1603358273860067,-0.005938363977259508,0.002068360535958323
2013,number,2,1,-0.01189537683967501,-0.005947688419837505,0.0010104049620749806
payment,other word,2,1,-0.01191791146993637,-0.005958955734968185,0.0008013182744023887
dce,other word,1,1,-0.005970698548480868,-0.005970698548480868,0.0
2^6\),math notation,1,1,-0.005974498111754656,-0.005974498111754656,0.0
9-12,number,1,1,-0.005977870896458626,-0.005977870896458626,0.0
ab\),math notation,1,1,-0.006005272269248962,-0.006005272269248962,0.0
3d,number,11,5,-0.06639531336259097,-0.006035937578417361,0.007491587319089075
l,other word,13,12,-0.07879802049137652,-0.006061386191644347,0.001743492259636854
1\),math notation,37,30,-0.22452231467468664,-0.006068170666883423,0.008900736087930433
2018,number,1,1,-0.006080090068280697,-0.006080090068280697,0.0
320,number,1,1,-0.006080603692680597,-0.006080603692680597,0.0
225,number,2,1,-0.012189114466309547,-0.006094557233154774,0.001523235178932793
\(p_1,math notation,3,2,-0.018298976530786604,-0.0060996588435955346,0.003666977475664826
1016\),math notation,1,1,-0.006125618703663349,-0.006125618703663349,0.0
\(25,math notation,1,1,-0.006128391250967979,-0.006128391250967979,0.0
interest,other word,4,2,-0.024616929702460766,-0.0061542324256151915,0.016787110619133204
oat,other word,3,3,-0.018487028777599335,-0.006162342925866445,0.01608580062910796
\implies,math notation,82,31,-0.5064535996643826,-0.006176263410541252,0.0025965086992916463
way,other word,6,6,-0.03709373436868191,-0.006182289061446984,0.015252501604522538
y_1)^2}\],math notation,1,1,-0.006203396711498499,-0.006203396711498499,0.0
jar,other word,1,1,-0.00628642737865448,-0.00628642737865448,0.0
me,other word,1,1,-0.006300644017755985,-0.006300644017755985,0.0
conjugate,other word,3,2,-0.019075142219662666,-0.006358380739887555,0.02096328899895446
$500,math notation,2,2,-0.012781101278960705,-0.006390550639480352,0.022840551722183463
endpoints,other word,3,3,-0.01930637750774622,-0.00643545916924874,0.010322898605034183
\text{bananas},math notation,3,1,-0.019309198250994086,-0.006436399416998029,0.006187269053717288
feet/bottle,math notation,1,1,-0.0064506190828979015,-0.0064506190828979015,0.0
andras,other word,8,3,-0.05166280921548605,-0.006457851151935756,0.007310857305581456
4ac,number,1,1,-0.006465022685006261,-0.006465022685006261,0.0
(2\sqrt{3})^2,math notation,1,1,-0.006503134034574032,-0.006503134034574032,0.0
508,number,1,1,-0.006525282748043537,-0.006525282748043537,0.0
rt,other word,1,1,-0.0065630171447992325,-0.0065630171447992325,0.0
\(f\),math notation,1,1,-0.006588581018149853,-0.006588581018149853,0.0
1.024\),math notation,1,1,-0.006601106142625213,-0.006601106142625213,0.0
simplest,other word,1,1,-0.0066102840937674046,-0.0066102840937674046,0.0
weighted,other word,1,1,-0.006616901606321335,-0.006616901606321335,0.0
dec,other word,2,1,-0.013281958177685738,-0.006640979088842869,0.002106103703325186
603,number,1,1,-0.006663492880761623,-0.006663492880761623,0.0
\(1000\),math notation,1,1,-0.006711164023727179,-0.006711164023727179,0.0
pb,other word,7,4,-0.04710136551875621,-0.0067287665026794586,0.0014362297087265822
114,number,1,1,-0.00675337016582489,-0.00675337016582489,0.0
west,other word,1,1,-0.006778884679079056,-0.006778884679079056,0.0
pineapples/hectare,math notation,1,1,-0.00679422402754426,-0.00679422402754426,0.0
n_0,math notation,2,1,-0.013638640753924847,-0.006819320376962423,0.0006022022386938768
"t,$",math notation,2,2,-0.013645171013195068,-0.006822585506597534,0.007720083907686186
306(1,math notation,2,1,-0.013667516643181443,-0.006833758321590722,0.007072871489540221
baking,other word,1,1,-0.006880424916744232,-0.006880424916744232,0.0
marked,other word,6,3,-0.04130649380385876,-0.0068844156339764595,0.006522498371351894
b\),math notation,4,4,-0.02759097097441554,-0.006897742743603885,0.012708024102629062
60^\circ,math notation,2,1,-0.013942532357759774,-0.006971266178879887,0.005457896738947103
1728,number,2,2,-0.014008758356794715,-0.0070043791783973575,0.0026889380657212276
\dots,math notation,1,1,-0.007009629160165787,-0.007009629160165787,0.0
|b,math notation,16,4,-0.11251891870051622,-0.007032432418782264,0.002843594590493441
interpretation,other word,1,1,-0.007059345953166485,-0.007059345953166485,0.0
\(3^{2022}\),math notation,2,1,-0.014234416536055505,-0.007117208268027753,0.018505585157277127
earn,other word,1,1,-0.0071356091648340225,-0.0071356091648340225,0.0
370,number,3,3,-0.021490743616595864,-0.007163581205531955,0.0048266519502537415
404,number,5,4,-0.035863641649484634,-0.007172728329896927,0.0022487488429965
\((4,math notation,3,3,-0.021709909779019654,-0.007236636593006551,0.01236991774459545
2000,number,9,9,-0.06627419637516141,-0.0073637995972401565,0.003470089260963853
\(\sqrt[3]{r_2}\),math notation,1,1,-0.007387795718386769,-0.007387795718386769,0.0
80y,number,2,1,-0.014789281878620386,-0.007394640939310193,0.0019014491436684124
bc,other word,13,10,-0.09667581226676702,-0.007436600943597464,0.006778181305418283
x_i,math notation,13,4,-0.09698270750232041,-0.0074602082694092626,0.004172279712328454
xa,other word,2,1,-0.014920626999810338,-0.007460313499905169,0.002674713175076547
10^{3,math notation,4,2,-0.029851423809304833,-0.007462855952326208,0.004903372988018195
chords,other word,1,1,-0.007506316527724266,-0.007506316527724266,0.0
ca,other word,1,1,-0.007514475611969829,-0.007514475611969829,0.0
come,other word,1,1,-0.007517916150391102,-0.007517916150391102,0.0
\frac{1}{3}\right),math notation,1,1,-0.0075271439854986966,-0.0075271439854986966,0.0
north,other word,6,6,-0.04524044692516327,-0.007540074487527211,0.01608583061559022
11^2,math notation,1,1,-0.007590280380100012,-0.007590280380100012,0.0
midpoint,other word,14,12,-0.10656998492777348,-0.007612141780555248,0.009836883368883048
10,number,123,80,-0.9369212439632975,-0.007617245885880467,0.004471009322319413
63,number,1,1,-0.007617594208568335,-0.007617594208568335,0.0
0.4,number,3,3,-0.022922622971236706,-0.007640874323745568,0.013171822288053345
64,number,8,7,-0.061195972841233015,-0.007649496605154127,0.006618902228713777
3by,number,1,1,-0.007711491547524929,-0.007711491547524929,0.0
1,number,311,192,-2.4022959730646107,-0.007724424350690067,0.00223066296591016
divides,other word,7,7,-0.05414001690223813,-0.007734288128891161,0.004652418174362595
a^2\),math notation,1,1,-0.0077343834564089775,-0.0077343834564089775,0.0
across,other word,3,1,-0.02320709638297558,-0.0077356987943251925,0.01972515591630007
ratio,other word,36,24,-0.2787969645578414,-0.0077443601266067065,0.00850427401651146
738826,number,1,1,-0.007766923401504755,-0.007766923401504755,0.0
2)^2,math notation,8,4,-0.06267629924695939,-0.007834537405869924,0.007989987869474077
0.60,number,2,2,-0.015671326778829098,-0.007835663389414549,0.02510022405350317
b_2,math notation,1,1,-0.007839180063456297,-0.007839180063456297,0.0
4^5,math notation,1,1,-0.007839645724743605,-0.007839645724743605,0.0
pe,other word,3,2,-0.023548541590571404,-0.007849513863523802,0.0029024836455274674
10\sqrt{3},math notation,1,1,-0.007879455341026187,-0.007879455341026187,0.0
-t,other word,1,1,-0.007882991805672646,-0.007882991805672646,0.0
4027,number,2,1,-0.015784465591423213,-0.007892232795711607,0.0016766510657604946
problem,other word,68,65,-0.5372010548599064,-0.007900015512645683,0.008761196339821004
zaid,other word,4,4,-0.031741103157401085,-0.007935275789350271,0.013999314712745826
20\),math notation,6,6,-0.04761896107811481,-0.007936493513019135,0.01037815836489926
cubes,other word,16,9,-0.12700596265494823,-0.007937872665934265,0.030382810086377
complexity,other word,3,3,-0.023827018216252327,-0.007942339405417442,0.012005525196929403
scored,other word,10,4,-0.07958900416269898,-0.007958900416269898,0.02197529992851613
8\),math notation,6,6,-0.047863764222711325,-0.007977294037118554,0.018368996926247876
allocate,other word,2,1,-0.015966777689754963,-0.007983388844877481,0.06641969568381394
$m$,math notation,1,1,-0.007992273196578026,-0.007992273196578026,0.0
t_{4,math notation,2,1,-0.016033680527471006,-0.008016840263735503,0.009050552881113047
those,other word,12,12,-0.09703233884647489,-0.008086028237206241,0.017067089186405537
must,other word,47,34,-0.38191810296848416,-0.008125917084435833,0.010217580387722717
300,number,7,6,-0.056895339861512184,-0.00812790569450174,0.00899013093729451
key,other word,6,5,-0.04882396059110761,-0.008137326765184602,0.025236541269935558
\[y,math notation,4,3,-0.032779810193460435,-0.008194952548365109,0.005240450027008921
"3,000",number,2,1,-0.016425926238298416,-0.008212963119149208,0.003945507746901752
inch,other word,11,4,-0.09069920983165503,-0.00824538271196864,0.006589700467816084
25\pi,math notation,4,2,-0.033211693400517106,-0.008302923350129277,0.004664744753369461
290,number,2,2,-0.01665003690868616,-0.00832501845434308,0.00490573346962488
map,other word,4,3,-0.033361367881298065,-0.008340341970324516,0.05876584542128665
$dc$,math notation,2,2,-0.016731242823880166,-0.008365621411940083,0.014560322532988956
"\(1000^{10,000^{100,000}}\)",math notation,1,1,-0.008365631918422878,-0.008365631918422878,0.0
\sqrt{24,math notation,1,1,-0.008393813273869455,-0.008393813273869455,0.0
words,other word,10,6,-0.08407118916511536,-0.008407118916511535,0.026271076297296397
p_2,math notation,5,3,-0.042248330777511,-0.0084496661555022,0.003387025188736275
13p,number,4,3,-0.033890689024701715,-0.008472672256175429,0.002224631696798748
\((1-4)^2,math notation,1,1,-0.00847268383949995,-0.00847268383949995,0.0
700,number,4,3,-0.03389115631580353,-0.008472789078950882,0.024706963923375725
night,other word,10,5,-0.08511204086244106,-0.008511204086244107,0.009092324065374512
best,other word,1,1,-0.008512422442436218,-0.008512422442436218,0.0
34y,number,1,1,-0.008519123308360577,-0.008519123308360577,0.0
733,number,3,2,-0.025559960515238345,-0.008519986838412782,0.015344179440032203
xyz,other word,6,3,-0.05136965069686994,-0.008561608449478323,0.0050555979513746095
$v$,math notation,3,3,-0.02570243109948933,-0.00856747703316311,0.03218974601937815
four-digit,other word,1,1,-0.008588043041527271,-0.008588043041527271,0.0
8281,number,4,1,-0.034448714926838875,-0.008612178731709719,0.002468084533177517
segment,other word,9,8,-0.07753719855099916,-0.008615244283444352,0.022336613443236803
109,number,2,2,-0.017327249515801668,-0.008663624757900834,0.004271027120378246
assumed,other word,1,1,-0.008688868954777718,-0.008688868954777718,0.0
simplifying,other word,23,22,-0.20031083468347788,-0.008709166725368603,0.03828102984218249
6x^5,math notation,1,1,-0.008716074284166098,-0.008716074284166098,0.0
\frac{15,math notation,1,1,-0.008754888316616416,-0.008754888316616416,0.0
-16,number,1,1,-0.008799181785434484,-0.008799181785434484,0.0
4a_{100,math notation,1,1,-0.008804794517345726,-0.008804794517345726,0.0
dinner,other word,10,5,-0.08831498399376869,-0.008831498399376869,0.04160553416941944
60\),math notation,3,3,-0.02660462132189423,-0.008868207107298076,0.03125688823225034
81,number,13,12,-0.1155512840487063,-0.008888560311438946,0.004792296770083569
738720,number,2,1,-0.017783715622499585,-0.008891857811249793,0.0023505504032864982
verified,other word,1,1,-0.008918054401874542,-0.008918054401874542,0.0
67,number,16,14,-0.14416950475424528,-0.00901059404714033,0.008418873446314703
\(20,math notation,1,1,-0.009017240721732378,-0.009017240721732378,0.0
3431,number,1,1,-0.009021337144076824,-0.009021337144076824,0.0
(\sin,math notation,2,1,-0.018064650881569833,-0.009032325440784916,0.0019219331088506663
\|\mathbf{a}\|^2,math notation,1,1,-0.009038557182066143,-0.009038557182066143,0.0
note,other word,4,4,-0.036395179107785225,-0.009098794776946306,0.009024167144039854
minute,other word,19,11,-0.17333525861613452,-0.009122908348217607,0.01074490010449582
p^2,math notation,4,3,-0.03650274174287915,-0.009125685435719788,0.00671135823089272
\pi,math notation,7,5,-0.06398242647992447,-0.00914034663998921,0.008338674439209237
-pq,other word,2,2,-0.01836809131782502,-0.00918404565891251,0.008567251841152212
ac,other word,9,7,-0.08271232852712274,-0.009190258725235859,0.0029243820473844446
"10,000",number,5,2,-0.04702297016046941,-0.009404594032093882,0.006797755377321067
106,number,2,2,-0.018850009888410568,-0.009425004944205284,0.009618446885415516
pounds}\),math notation,3,1,-0.028311143396422267,-0.009437047798807422,0.0045929685657358135
tomatoes,other word,12,4,-0.11358260246925056,-0.009465216872437546,0.007458813442921867
following,other word,12,12,-0.11392480414360762,-0.009493733678633967,0.020299199850760206
able,other word,1,1,-0.009494980797171593,-0.009494980797171593,0.0
\[7,math notation,1,1,-0.009506197646260262,-0.009506197646260262,0.0
190,number,1,1,-0.009512525051832199,-0.009512525051832199,0.0
\to,math notation,1,1,-0.009532141266390681,-0.009532141266390681,0.0
5ad^2,math notation,5,2,-0.047769739176146686,-0.009553947835229337,0.009096499788007318
\ldots,math notation,14,13,-0.13410961395129561,-0.009579258139378257,0.004980776356808366
"v,$",math notation,1,1,-0.009583828039467335,-0.009583828039467335,0.0
9\),math notation,4,3,-0.038346411660313606,-0.009586602915078402,0.02487084300856079
$-4,math notation,1,1,-0.009611905552446842,-0.009611905552446842,0.0
x_{100,math notation,3,3,-0.028909373038914055,-0.009636457679638019,0.008870111104553564
23,number,7,5,-0.06753959553316236,-0.009648513647594623,0.018862343642958843
trilisa,other word,1,1,-0.009648527950048447,-0.009648527950048447,0.0
\alpha,math notation,4,2,-0.038606449496001005,-0.009651612374000251,0.0003771083846088928
15,number,36,27,-0.3498386786086485,-0.009717741072462458,0.005148035802284848
ball,other word,1,1,-0.0097307488322258,-0.0097307488322258,0.0
\],math notation,804,525,-7.847922849236056,-0.009761098071189125,0.0019132382403472385
get,other word,82,75,-0.8023987265769392,-0.009785350324109016,0.016757290963974072
instead,hedging / contrast,1,1,-0.009806287940591574,-0.009806287940591574,0.0
2^0,math notation,1,1,-0.009823323227465153,-0.009823323227465153,0.0
preceding,other word,1,1,-0.0098414346575737,-0.0098414346575737,0.0
bc\),math notation,1,1,-0.009884697385132313,-0.009884697385132313,0.0
25,number,44,34,-0.43557432014495134,-0.009899416366930713,0.0041996863432401475
de,other word,9,5,-0.08915634267032146,-0.009906260296702385,0.004154420133575478
\frac{n(n-1)}{2},math notation,3,2,-0.029866991739254445,-0.009955663913084814,0.0398193948225113
should,other word,8,7,-0.08038241975009441,-0.010047802468761802,0.016349049997503685
648,number,1,1,-0.010055440478026867,-0.010055440478026867,0.0
4$,math notation,1,1,-0.010099385865032673,-0.010099385865032673,0.0
-11,number,1,1,-0.010102222207933664,-0.010102222207933664,0.0
p)(x,math notation,1,1,-0.01019015652127564,-0.01019015652127564,0.0
\mathbf{v}\|,math notation,1,1,-0.01021265663439408,-0.01021265663439408,0.0
old,other word,11,10,-0.11260979436337948,-0.010237254033034498,0.02176751244545481
58,number,3,3,-0.030864361906424165,-0.010288120635474721,0.010075219695776374
since,other word,244,213,-2.5182938585057855,-0.010320876469286006,0.004981982294471515
switches,other word,24,6,-0.24892882630228996,-0.010372034429262081,0.00654875761975993
2\),math notation,29,26,-0.3026510846684687,-0.010436244298912713,0.0076732499594449515
taken,other word,6,6,-0.06272980477660894,-0.010454967462768158,0.010044294390985744
5^4,math notation,3,2,-0.031378074549138546,-0.010459358183046183,0.005312795264312051
3k,number,2,1,-0.020919071044772863,-0.010459535522386432,0.012613768255982212
3^b,math notation,1,1,-0.010466570733115077,-0.010466570733115077,0.0
\(h\),math notation,1,1,-0.010529802180826664,-0.010529802180826664,0.0
i+2,math notation,1,1,-0.010530035011470318,-0.010530035011470318,0.0
rises,other word,6,1,-0.06320543307811022,-0.010534238846351704,0.007796971937240892
5\),math notation,14,11,-0.14765930216526613,-0.010547093011804723,0.014377193343471739
allows,other word,4,4,-0.042218645103275776,-0.010554661275818944,0.027027470032756767
2.5,number,4,3,-0.04225231916643679,-0.010563079791609198,0.019670477281368698
\(bc\),math notation,1,1,-0.010570194572210312,-0.010570194572210312,0.0
8261,number,2,2,-0.021186343394219875,-0.010593171697109938,0.01574895888241612
2/3,math notation,3,1,-0.03185145795578137,-0.010617152651927123,0.005685176285249238
$400,math notation,5,2,-0.05317097343504429,-0.010634194687008857,0.01608397180545716
\alpha},math notation,1,1,-0.010647689690813422,-0.010647689690813422,0.0
cost\],math notation,1,1,-0.01066216267645359,-0.01066216267645359,0.0
u)\),math notation,4,4,-0.04280099831521511,-0.010700249578803778,0.004406087494673444
pictures,other word,2,1,-0.021411137655377388,-0.010705568827688694,0.019903927576066155
0.3)^3,math notation,2,1,-0.021444630110636353,-0.010722315055318177,0.015985987078495006
40\),math notation,3,3,-0.03227655158843845,-0.010758850529479483,0.009747636801134711
vertical,other word,3,2,-0.032358447555452585,-0.010786149185150862,0.016507770151065866
2.56,number,1,1,-0.010793963796459138,-0.010793963796459138,0.0
just,other word,1,1,-0.010834920220077038,-0.010834920220077038,0.0
x^4,math notation,1,1,-0.01084155309945345,-0.01084155309945345,0.0
\frac{13}{42},math notation,1,1,-0.010903925052843988,-0.010903925052843988,0.0
bp,other word,3,3,-0.032734873704612255,-0.010911624568204084,0.004092373166322512
q,other word,17,10,-0.18593980860896409,-0.010937635800527298,0.0057429308977835405
4/5,math notation,1,1,-0.010942393448203802,-0.010942393448203802,0.0
expected,other word,10,6,-0.10962826921604574,-0.010962826921604574,0.012560385642199643
y,other word,67,36,-0.7356170191196725,-0.01097935849432347,0.0021733273617427487
\(270^\circ\),math notation,1,1,-0.010981919476762414,-0.010981919476762414,0.0
\{,math notation,2,2,-0.022032777313143015,-0.011016388656571507,0.006483209502321542
mn,other word,1,1,-0.011052181012928486,-0.011052181012928486,0.0
\sqrt{20},math notation,1,1,-0.011123192118247971,-0.011123192118247971,0.0
within,other word,8,8,-0.08903294242918491,-0.011129117803648114,0.0189545340595921
\(\boxed{there,math notation,1,1,-0.011159430025145411,-0.011159430025145411,0.0
\leq,math notation,42,15,-0.46934451680863276,-0.01117486944782459,0.0031725173683420775
2(1,math notation,2,1,-0.02244652295485139,-0.011223261477425694,0.002860204501141341
chord,other word,4,1,-0.044913903810083866,-0.011228475952520967,0.0032653326783321623
longer,other word,1,1,-0.011230210773646832,-0.011230210773646832,0.0
dc,other word,9,6,-0.1011450462974608,-0.011238338477495644,0.003660448503062061
-48,number,3,3,-0.033738477155566216,-0.011246159051855406,0.0068074170733627695
amplitude,other word,3,1,-0.0338607095181942,-0.0112869031727314,0.010673186346143223
73,number,2,2,-0.022625967161729932,-0.011312983580864966,0.005818860006819018
infer,other word,2,2,-0.022696251049637794,-0.011348125524818897,0.039628985902685605
probabilities,other word,7,6,-0.07964801881462336,-0.011378288402089052,0.009067896453983244
3p_3,math notation,3,3,-0.034139723633416,-0.011379907877805332,0.012941731406615982
0$,math notation,1,1,-0.011395623441785574,-0.011395623441785574,0.0
9/25,math notation,1,1,-0.011396942427381873,-0.011396942427381873,0.0
17(1,math notation,2,1,-0.022829168010503054,-0.011414584005251527,0.0013781316466800076
where,other word,84,70,-0.962889029760845,-0.01146296464001006,0.007700208935737497
\text{alyana's,math notation,2,2,-0.02294059982523322,-0.01147029991261661,0.0013017816427857612
\frac{56}{51},math notation,1,1,-0.011486452305689454,-0.011486452305689454,0.0
6^2,math notation,8,7,-0.09190064505673945,-0.011487580632092431,0.0028763000699412625
intersects,other word,1,1,-0.011544410139322281,-0.011544410139322281,0.0
3f(-2,math notation,2,1,-0.0230949598189909,-0.01154747990949545,0.008963592727088679
\(p_1\),math notation,4,4,-0.04619749542325735,-0.011549373855814338,0.03282289670329991
210,number,1,1,-0.011556507088243961,-0.011556507088243961,0.0
944,number,5,3,-0.057960825331974775,-0.011592165066394955,0.005305106111902284
4500,number,5,4,-0.058005875907838345,-0.011601175181567669,0.013318589289929501
p_3,math notation,4,4,-0.046406115987338126,-0.011601528996834531,0.008760737314644744
2(15,math notation,1,1,-0.011604378931224346,-0.011604378931224346,0.0
2k,number,1,1,-0.01162098627537489,-0.01162098627537489,0.0
men,other word,3,2,-0.03489209618419409,-0.011630698728064695,0.009339815242524608
11x,number,1,1,-0.011639792704954743,-0.011639792704954743,0.0
\sum_{i=1}^{6},math notation,1,1,-0.011682351469062269,-0.011682351469062269,0.0
3\),math notation,19,16,-0.2220251769758761,-0.011685535630309269,0.0090083358746862
5d,number,1,1,-0.01168848853558302,-0.01168848853558302,0.0
the,other word,3214,1046,-37.61399827845162,-0.01170317307979204,0.001080180787090938
46y,number,1,1,-0.011725225020200014,-0.011725225020200014,0.0
impacts,other word,1,1,-0.011807544156908989,-0.011807544156908989,0.0
84,number,3,2,-0.03544800612144172,-0.011816002040480575,0.007308750779753825
4)(c,math notation,1,1,-0.011819410603493452,-0.011819410603493452,0.0
0,number,106,71,-1.2532721590832807,-0.011823322255502648,0.0025500971346752626
7b,number,1,1,-0.011838452192023396,-0.011838452192023396,0.0
ac^2,math notation,3,3,-0.03570455522276461,-0.011901518407588204,0.00029602417017075323
\log_{10},math notation,2,2,-0.023932693991810083,-0.011966346995905042,0.007919508409758141
3600,number,3,2,-0.035973223857581615,-0.011991074619193872,0.014629577254330518
f(0,math notation,1,1,-0.01204285304993391,-0.01204285304993391,0.0
),math notation,6,6,-0.07243579719215631,-0.012072632865359386,0.0009329413949764698
full,other word,4,4,-0.0484785339795053,-0.012119633494876325,0.0029367391037569517
$ab$,math notation,7,4,-0.08489782712422311,-0.012128261017746158,0.01120972513411048
\(1000,math notation,1,1,-0.012132289819419384,-0.012132289819419384,0.0
ar,other word,1,1,-0.012153585441410542,-0.012153585441410542,0.0
125,number,3,3,-0.0364859108813107,-0.012161970293770233,0.002097986145837898
attempt,other word,1,1,-0.01218360010534525,-0.01218360010534525,0.0
numbers,other word,86,53,-1.0504416674375534,-0.012214437993459924,0.006174666308020018
50,number,12,8,-0.14683409791905433,-0.012236174826587861,0.00637590663803022
240,number,5,5,-0.061396535485982895,-0.012279307097196579,0.021901578845753708
432,number,1,1,-0.012331936974078417,-0.012331936974078417,0.0
25$,math notation,2,1,-0.02466458734124899,-0.012332293670624495,0.009060385403366579
2^8,math notation,4,3,-0.04936381534207612,-0.01234095383551903,0.0034197416812001653
\(2011\),math notation,1,1,-0.012395600788295269,-0.012395600788295269,0.0
1024,number,3,3,-0.03724829072598368,-0.012416096908661226,0.0024935012060917656
\frac{2}{3},math notation,1,1,-0.012419190723448992,-0.012419190723448992,0.0
289,number,2,1,-0.024896814487874508,-0.012448407243937254,0.004292904462841813
(\(28\)),math notation,1,1,-0.01250256469938904,-0.01250256469938904,0.0
for,other word,364,285,-4.552056491142139,-0.012505649700939942,0.004509553837716838
\(abc,math notation,1,1,-0.012519246432930231,-0.012519246432930231,0.0
6.4\),math notation,1,1,-0.012522931210696697,-0.012522931210696697,0.0
\frac{390625}{442368},math notation,1,1,-0.012534876877907664,-0.012534876877907664,0.0
201,number,5,4,-0.06290460680611432,-0.012580921361222863,0.006795552338283959
richard,other word,2,1,-0.02519780956208706,-0.01259890478104353,0.02632054160038182
736,number,1,1,-0.012654487043619156,-0.012654487043619156,0.0
x_{i+2,math notation,10,4,-0.1266092371661216,-0.01266092371661216,0.010481139183708493
$6$,math notation,2,1,-0.025363309076055884,-0.012681654538027942,0.0046858694129659284
1900,number,1,1,-0.012685502879321575,-0.012685502879321575,0.0
\frac{42}{34},math notation,1,1,-0.012689873576164246,-0.012689873576164246,0.0
3}{999,math notation,1,1,-0.012716496363282204,-0.012716496363282204,0.0
-b,other word,1,1,-0.012756718788295984,-0.012756718788295984,0.0
quadrant,other word,6,3,-0.0769707839936018,-0.012828463998933634,0.03960614254853435
\(10x,math notation,1,1,-0.012829200830310583,-0.012829200830310583,0.0
sequence,other word,37,23,-0.47555911378003657,-0.012852949021082069,0.007423922247788552
550,number,1,1,-0.012856028974056244,-0.012856028974056244,0.0
39\),math notation,1,1,-0.01285807741805911,-0.01285807741805911,0.0
legs,other word,1,1,-0.012947887182235718,-0.012947887182235718,0.0
4k,number,3,3,-0.038851096760481596,-0.012950365586827198,0.002809975397183133
x,other word,182,106,-2.37470395071432,-0.013047823905023737,0.001853158904794028
12.96\),math notation,1,1,-0.013070471119135618,-0.013070471119135618,0.0
\sqrt{400,math notation,1,1,-0.013070588116534054,-0.013070588116534054,0.0
history,other word,5,3,-0.06544271670281887,-0.013088543340563774,0.02572177916235012
miles}}{40,math notation,1,1,-0.013089587446302176,-0.013089587446302176,0.0
cubic,other word,1,1,-0.013104247860610485,-0.013104247860610485,0.0
skip,other word,1,1,-0.013105787336826324,-0.013105787336826324,0.0
8112,number,1,1,-0.013154213083907962,-0.013154213083907962,0.0
441,number,1,1,-0.013223493471741676,-0.013223493471741676,0.0
a\],math notation,1,1,-0.013241744600236416,-0.013241744600236416,0.0
sines,other word,1,1,-0.013246518559753895,-0.013246518559753895,0.0
weighs,other word,4,3,-0.05300685344263911,-0.013251713360659778,0.004721433716519329
\(t_5,math notation,1,1,-0.013341978657990694,-0.013341978657990694,0.0
\(t_6,math notation,1,1,-0.013381443859543651,-0.013381443859543651,0.0
to,other word,825,503,-11.05971758934902,-0.013405718290120024,0.0020406016885672427
|s,math notation,6,3,-0.08061680314131081,-0.013436133856885135,0.004466338749496898
6\sqrt{2},math notation,2,2,-0.02691377670271322,-0.01345688835135661,0.0021411978488483233
4)^2,math notation,4,2,-0.05385036813095212,-0.01346259203273803,0.008108282952583663
kent,other word,1,1,-0.013465195894241333,-0.013465195894241333,0.0
\(16,math notation,3,3,-0.04064997786190361,-0.013549992620634535,0.017071853094209916
\(\frac{729}{1875}\),math notation,1,1,-0.0135889183729887,-0.0135889183729887,0.0
\frac{48}{60}),math notation,1,1,-0.013613810879178345,-0.013613810879178345,0.0
257,number,3,3,-0.04085079953074455,-0.01361693317691485,0.0018312105747342517
62\%,math notation,1,1,-0.01361906819511205,-0.01361906819511205,0.0
\[p(\text{divisible,math notation,2,1,-0.02736532862763852,-0.01368266431381926,0.02098091887884197
17(17n,math notation,1,1,-0.013688723091036081,-0.013688723091036081,0.0
\frac{390625}{256},math notation,3,1,-0.041078790643950924,-0.013692930214650309,0.004086548602928794
a_6,math notation,2,2,-0.02741515077650547,-0.013707575388252735,0.0008109547561876999
216,number,2,2,-0.027470672503113747,-0.013735336251556873,0.0003315027442398971
\frac{13,math notation,6,2,-0.08257016621064395,-0.013761694368440658,0.005397976584296867
2017,number,5,4,-0.06890124455094337,-0.013780248910188675,0.005433043529082561
\left(,math notation,27,14,-0.37210354895796627,-0.013781612924369122,0.0045584873396139584
digit,other word,50,18,-0.6905413621570915,-0.01381082724314183,0.004671211397070327
\log_{5}(2+3),math notation,1,1,-0.013839323772117496,-0.013839323772117496,0.0
"10^3)^{10,000^{100,000",math notation,1,1,-0.013862073887139559,-0.013862073887139559,0.0
\frac{20x,math notation,1,1,-0.013967133476398885,-0.013967133476398885,0.0
\frac{2020}{10},math notation,1,1,-0.01397347915917635,-0.01397347915917635,0.0
category,other word,1,1,-0.013987524434924126,-0.013987524434924126,0.0
happening,other word,1,1,-0.013991765677928925,-0.013991765677928925,0.0
atoms,other word,8,3,-0.11222623800858855,-0.014028279751073569,0.0055216804380254
670,number,10,9,-0.1404554743785411,-0.01404554743785411,0.00943026039097146
\cup,math notation,6,3,-0.08486602874472737,-0.014144338124121228,0.01430744363329846
math,other word,8,4,-0.11318902159109712,-0.01414862769888714,0.010286682735588415
represents,other word,8,7,-0.11325899069197476,-0.014157373836496845,0.023076976674096045
\(\frac{a}{1-r}\),math notation,1,1,-0.014160107122734189,-0.014160107122734189,0.0
\(1900,math notation,1,1,-0.014190628891810775,-0.014190628891810775,0.0
kilo,other word,4,3,-0.05709243146702647,-0.014273107866756618,0.007668363588263409
color,other word,7,7,-0.10017125122249126,-0.014310178746070181,0.00807078121604325
\[91,math notation,1,1,-0.014389309566468,-0.014389309566468,0.0
1^4,math notation,1,1,-0.014420799212530255,-0.014420799212530255,0.0
4\sqrt{5},math notation,1,1,-0.014421980537008494,-0.014421980537008494,0.0
\frac{25}{36}\],math notation,1,1,-0.014423815999180079,-0.014423815999180079,0.0
shaken,other word,1,1,-0.01443225983530283,-0.01443225983530283,0.0
471,number,6,4,-0.08664391282945871,-0.014440652138243118,0.007867741312296544
distances,other word,4,3,-0.05776852183043957,-0.014442130457609892,0.016034477158553523
value,other word,125,104,-1.8157884115353227,-0.01452630729228258,0.004168718714095024
7(301,math notation,1,1,-0.014568984974175692,-0.014568984974175692,0.0
\parallel,math notation,2,2,-0.02916476398240775,-0.014582381991203874,0.013209034745077045
\pm,math notation,33,11,-0.4823113842867315,-0.014615496493537317,0.0026876600171439635
factors,other word,7,6,-0.10233005881309509,-0.014618579830442156,0.028636368361450882
$be$,math notation,6,1,-0.08773029269650578,-0.01462171544941763,0.013496102420646548
\frac{6}{60},math notation,1,1,-0.014654936268925667,-0.014654936268925667,0.0
count,other word,11,11,-0.16167755099013448,-0.014697959180921316,0.009061071789873237
202,number,5,5,-0.07355595729313791,-0.014711191458627582,0.005526886697205067
\(cd,math notation,6,2,-0.08834682335145772,-0.014724470558576286,0.022873493460780246
###,other word,1,1,-0.014742539264261723,-0.014742539264261723,0.0
6\sqrt{6},math notation,2,2,-0.029581858194433153,-0.014790929097216576,0.004413452887184478
6^3,math notation,1,1,-0.014799813972786069,-0.014799813972786069,0.0
180,number,23,14,-0.3409599317237735,-0.014824344857555368,0.005961487917345102
hundreds,other word,8,6,-0.11889260169118643,-0.014861575211398304,0.015375848878688902
d\),math notation,1,1,-0.014867980498820543,-0.014867980498820543,0.0
\le,math notation,1,1,-0.014889044687151909,-0.014889044687151909,0.0
switch,other word,1,1,-0.01490011252462864,-0.01490011252462864,0.0
n^2,math notation,6,3,-0.0896169799962081,-0.01493616333270135,0.008570532556926753
\beta,math notation,1,1,-0.014957765117287636,-0.014957765117287636,0.0
\(be\),math notation,1,1,-0.014995640609413385,-0.014995640609413385,0.0
380,number,1,1,-0.01501224935054779,-0.01501224935054779,0.0
38\%,math notation,1,1,-0.01504912436939776,-0.01504912436939776,0.0
pd,other word,3,2,-0.0451582707464695,-0.015052756915489832,0.004726677256141784
\sqrt{(x_2,math notation,1,1,-0.015104379854165018,-0.015104379854165018,0.0
purchasing,other word,2,2,-0.030327659100294113,-0.015163829550147057,0.025336310613253706
2)(c,math notation,1,1,-0.015194025356322527,-0.015194025356322527,0.0
3750,number,2,2,-0.030457790242508054,-0.015228895121254027,0.03830385037833131
gains,other word,1,1,-0.01523540634661913,-0.01523540634661913,0.0
3/5\),math notation,1,1,-0.01525839907117188,-0.01525839907117188,0.0
p+q)x,math notation,1,1,-0.015287220943719149,-0.015287220943719149,0.0
/,math notation,24,17,-0.36944866040721536,-0.015393694183633974,0.0034742534182095382
-64,number,2,1,-0.0308024063706398,-0.0154012031853199,0.012060539338168978
529,number,1,1,-0.015410153195261955,-0.015410153195261955,0.0
\[13,math notation,1,1,-0.01541492622345686,-0.01541492622345686,0.0
cd,other word,11,8,-0.1697839938569814,-0.015434908532452855,0.011645324148941545
mined,other word,3,2,-0.04630847298540175,-0.015436157661800584,0.005412347405795245
pat,other word,1,1,-0.015476912260055542,-0.015476912260055542,0.0
7a,number,6,3,-0.09317219676449895,-0.015528699460749825,0.003331265979967349
"7,000",number,1,1,-0.015558005776256323,-0.015558005776256323,0.0
asked,other word,3,3,-0.046899039298295975,-0.01563301309943199,0.018406611337629164
640,number,2,2,-0.03127638390287757,-0.015638191951438785,0.006901469558587591
g,other word,9,6,-0.14153873641043901,-0.015726526267826557,0.009671113830781541
\(14,math notation,1,1,-0.015759515576064587,-0.015759515576064587,0.0
|s|,math notation,5,4,-0.07884103455580771,-0.015768206911161542,0.01708575781682137
3/4)x,math notation,4,3,-0.06314150313846767,-0.015785375784616917,0.014748208140725598
alyana's,other word,2,2,-0.03162000514566898,-0.01581000257283449,0.023159392301896124
imagine,other word,1,1,-0.015810182318091393,-0.015810182318091393,0.0
\frac{125}{9},math notation,3,2,-0.04743464692728594,-0.01581154897576198,0.004758677821294413
a_8,math notation,3,2,-0.04750726977363229,-0.015835756591210764,0.008880098868168514
steve,other word,1,1,-0.015878770500421524,-0.015878770500421524,0.0
centered,other word,1,1,-0.015904687345027924,-0.015904687345027924,0.0
\(-2+5,math notation,1,1,-0.015904959640465677,-0.015904959640465677,0.0
-3\),math notation,2,2,-0.031842159922234714,-0.015921079961117357,0.014837028550161698
feet,other word,72,31,-1.1467138966545463,-0.01592658189797981,0.007950907462688905
0.05,number,4,4,-0.06384700257331133,-0.015961750643327832,0.009931159093513085
11^5,math notation,5,2,-0.079895164584741,-0.0159790329169482,0.00638126984450799
\frac{25}{4},math notation,2,2,-0.032007648260332644,-0.016003824130166322,0.02041100845241509
pc,other word,4,1,-0.06401978526264429,-0.016004946315661073,0.0027075352180838176
1500,number,2,2,-0.03201072383671999,-0.016005361918359995,0.00046864628438856833
1010,number,5,4,-0.08006667450536042,-0.016013334901072086,0.00440390270200647
analysis,other word,1,1,-0.016014335677027702,-0.016014335677027702,0.0
sequences,other word,6,4,-0.09631768520921469,-0.016052947534869116,0.025176061450096886
\[114,math notation,1,1,-0.016056095249950886,-0.016056095249950886,0.0
items,other word,2,1,-0.03218891751021147,-0.016094458755105734,0.0038477375950686063
0.3)^2,math notation,1,1,-0.016103530768305063,-0.016103530768305063,0.0
see,other word,6,6,-0.09727018047124147,-0.01621169674520691,0.019061973828046086
\frac{2}{4}(0),math notation,1,1,-0.01623473415384069,-0.01623473415384069,0.0
336,number,6,6,-0.0974195459857583,-0.016236590997626383,0.014424930075584968
hd,other word,2,1,-0.03249229956418276,-0.01624614978209138,0.01958397932449107
current,other word,12,11,-0.19515384268015623,-0.016262820223346353,0.014836786963070562
12)}{10,math notation,1,1,-0.016306555829942226,-0.016306555829942226,0.0
\(g\),math notation,3,2,-0.04919105814769864,-0.016397019382566214,0.02366250009196661
720,number,1,1,-0.01640477403998375,-0.01640477403998375,0.0
\(t_8,math notation,1,1,-0.016472523799166083,-0.016472523799166083,0.0
rocks,other word,8,4,-0.13190737506374717,-0.016488421882968396,0.035061724912547415
\(t_7,math notation,1,1,-0.016554838977754116,-0.016554838977754116,0.0
45^\circ,math notation,3,2,-0.049776899395510554,-0.016592299798503518,0.010169777436695233
"1000^{10,000^{100,000",math notation,1,1,-0.016636909334920347,-0.016636909334920347,0.0
collected,other word,8,5,-0.13340393360704184,-0.01667549170088023,0.020524799591112648
38\],math notation,2,1,-0.0333726741373539,-0.01668633706867695,0.009636576944992535
e$,math notation,2,2,-0.0334413037635386,-0.0167206518817693,0.003345028260640759
\(-11,math notation,1,1,-0.01675982866436243,-0.01675982866436243,0.0
t,other word,27,23,-0.4525279729277827,-0.01676029529362158,0.003056054122093144
10\],math notation,1,1,-0.016828508116304874,-0.016828508116304874,0.0
\(xyz\),math notation,2,2,-0.033830812317319214,-0.016915406158659607,0.03534981773162258
4:3:2,number,1,1,-0.017004730412736535,-0.017004730412736535,0.0
cups/bag,math notation,1,1,-0.017005003057420254,-0.017005003057420254,0.0
simplicity,other word,2,2,-0.03414698503911495,-0.017073492519557476,0.010562800368407243
statement,other word,2,2,-0.03420314658433199,-0.017101573292165995,0.017376019200660706
elevation,other word,11,2,-0.1884514291305095,-0.01713194810277359,0.009651448687144747
511,number,1,1,-0.0171800646930933,-0.0171800646930933,0.0
anne,other word,2,2,-0.03443250432610512,-0.01721625216305256,0.042101402354398146
2^4,math notation,1,1,-0.017228519078344107,-0.017228519078344107,0.0
\(\mathbf{c},math notation,1,1,-0.017250677105039358,-0.017250677105039358,0.0
pineapples/year,math notation,1,1,-0.017270293086767197,-0.017270293086767197,0.0
21.33,number,1,1,-0.017299660481512547,-0.017299660481512547,0.0
\frac{25}{36},math notation,2,1,-0.03463268536143005,-0.017316342680715024,0.02464424725994949
$(a+b)^2,math notation,1,1,-0.01732740888837725,-0.01732740888837725,0.0
$$-x^7,math notation,1,1,-0.01732960669323802,-0.01732960669323802,0.0
calculation,other word,8,8,-0.13900366239249706,-0.017375457799062133,0.013361380651350573
km^2,math notation,1,1,-0.017410192522220314,-0.017410192522220314,0.0
\text{,math notation,148,61,-2.5831180536479224,-0.01745350036248596,0.0027239736053615697
\frac{550,math notation,1,1,-0.017488392302766442,-0.017488392302766442,0.0
ax,other word,8,5,-0.1403953256085515,-0.017549415701068938,0.0036733115956013233
table,other word,1,1,-0.017554044723510742,-0.017554044723510742,0.0
flip,other word,14,5,-0.2460405291058123,-0.017574323507558023,0.006626418583892269
ab^2,math notation,3,3,-0.05284549668431282,-0.017615165561437607,0.002401918496225176
\right|,math notation,6,4,-0.10597126954235137,-0.01766187825705856,0.0127775380817801
4\),math notation,17,14,-0.3002756187925115,-0.017663271693677148,0.015001004038684977
joined,other word,1,1,-0.017673172056674957,-0.017673172056674957,0.0
sends,other word,2,2,-0.035376422107219696,-0.017688211053609848,0.05632066244353562
combinatorial,other word,1,1,-0.01770000532269478,-0.01770000532269478,0.0
\(q,math notation,2,2,-0.03546165581792593,-0.017730827908962965,0.010959776101539162
breakfast,other word,1,1,-0.01774011179804802,-0.01774011179804802,0.0
\langle,math notation,3,1,-0.0533046011114493,-0.0177682003704831,0.003038382402064505
-2,number,13,8,-0.23132247338071465,-0.017794036413901128,0.004490070227652645
27,number,6,6,-0.10676423367112875,-0.017794038945188124,0.01838417002812008
tangency,other word,1,1,-0.017813805490732193,-0.017813805490732193,0.0
analyze,other word,14,14,-0.24959738133475184,-0.0178283843810537,0.020589840004548318
\frac{104}{102},math notation,1,1,-0.017833962803706527,-0.017833962803706527,0.0
a_7,math notation,1,1,-0.017843682318925858,-0.017843682318925858,0.0
3/5)^2,math notation,1,1,-0.017874415032565594,-0.017874415032565594,0.0
m,other word,48,25,-0.8583438064088114,-0.017882162633516902,0.0037454356151127004
\(-2-5,math notation,1,1,-0.01789150375407189,-0.01789150375407189,0.0
double-counted,other word,1,1,-0.017903340980410576,-0.017903340980410576,0.0
\rightarrow,math notation,15,12,-0.2687927258666605,-0.017919515057777367,0.012297719535339821
marcus,other word,6,4,-0.10756356315687299,-0.0179272605261455,0.019058043934919146
(\(13\)),math notation,1,1,-0.01794853713363409,-0.01794853713363409,0.0
8092,number,1,1,-0.017978481948375702,-0.017978481948375702,0.0
\frac{1}{10}\),math notation,2,1,-0.036144382145721465,-0.018072191072860733,0.0073326864163096505
pq,other word,7,5,-0.12657055677846074,-0.018081508111208677,0.004055688724430212
\(20n,math notation,1,1,-0.018091819481924176,-0.018091819481924176,0.0
tree,other word,3,2,-0.05432611517608166,-0.018108705058693886,0.029451582058963574
circle's,other word,3,3,-0.05437374394387007,-0.018124581314623356,0.013023498013346466
\frac{12}{37},math notation,1,1,-0.018131045624613762,-0.018131045624613762,0.0
$g$,math notation,2,1,-0.036272093653678894,-0.018136046826839447,0.015168539485048912
w,other word,26,15,-0.4721026290208101,-0.018157793423877314,0.0035512868598514026
\(a_{3},math notation,1,1,-0.018165438203141093,-0.018165438203141093,0.0
0^2,math notation,1,1,-0.018211702117696404,-0.018211702117696404,0.0
\(v,math notation,4,4,-0.07287182961590588,-0.01821795740397647,0.006399300463333844
\(f(0),math notation,1,1,-0.018231219379231334,-0.018231219379231334,0.0
13x,number,1,1,-0.01826281752437353,-0.01826281752437353,0.0
cal's,other word,4,2,-0.07324228249490261,-0.018310570623725653,0.008017660751076643
shapes,other word,1,1,-0.018312825821340084,-0.018312825821340084,0.0
10t,number,1,1,-0.01833506068214774,-0.01833506068214774,0.0
y_2)$,math notation,1,1,-0.0183702833019197,-0.0183702833019197,0.0
recognize,other word,1,1,-0.018375560641288757,-0.018375560641288757,0.0
family,other word,2,2,-0.036929380148649216,-0.018464690074324608,0.029930762277028553
40.$$,math notation,1,1,-0.018472216557711363,-0.018472216557711363,0.0
2^{3,math notation,1,1,-0.018484491971321404,-0.018484491971321404,0.0
-7\),math notation,1,1,-0.01848631352186203,-0.01848631352186203,0.0
interval,other word,3,1,-0.05550098419189453,-0.018500328063964844,0.0021412604359506695
-2)\),math notation,2,2,-0.037176104728132486,-0.018588052364066243,0.0275087605354885
0.75,number,1,1,-0.01862736837938428,-0.01862736837938428,0.0
notice,other word,6,6,-0.11200056318193674,-0.01866676053032279,0.02369053347584253
9}{3,math notation,1,1,-0.018695533042773604,-0.018695533042773604,0.0
date,other word,1,1,-0.01874949410557747,-0.01874949410557747,0.0
+,math notation,1227,451,-23.032495749008376,-0.018771390178490933,0.0006391116056822297
potting,other word,5,5,-0.09393037436529994,-0.01878607487305999,0.022358392464792754
\infty),math notation,1,1,-0.018815800547599792,-0.018815800547599792,0.0
minutes/hour,math notation,1,1,-0.018873997032642365,-0.018873997032642365,0.0
semiperimeter,other word,1,1,-0.01887661311775446,-0.01887661311775446,0.0
a_{100,math notation,7,3,-0.1326816383516416,-0.018954519764520228,0.010783095254447058
paid,other word,2,2,-0.03795696422457695,-0.018978482112288475,0.03025638882862372
algorithm,other word,2,2,-0.03799699991941452,-0.01899849995970726,0.0036141317724796423
1^3,math notation,1,1,-0.01903758430853486,-0.01903758430853486,0.0
5})\],math notation,1,1,-0.01903836487326771,-0.01903836487326771,0.0
triple,other word,2,2,-0.03810350690037012,-0.01905175345018506,0.031873179803810825
low,other word,1,1,-0.019057534635066986,-0.019057534635066986,0.0
take,other word,30,20,-0.5718487626872957,-0.019061625422909855,0.013820797490409467
subtracted,other word,1,1,-0.019102010875940323,-0.019102010875940323,0.0
\right),math notation,20,12,-0.382935858797282,-0.0191467929398641,0.006547957862309013
\sqrt{5},math notation,2,1,-0.038323062704876065,-0.019161531352438033,0.006139040395333168
bac,other word,5,4,-0.09602065291255713,-0.019204130582511424,0.011318300614575614
2^b,math notation,1,1,-0.019214103696867824,-0.019214103696867824,0.0
a_{i+1}\},math notation,1,1,-0.019244625815190375,-0.019244625815190375,0.0
b,other word,91,66,-1.7513091180007905,-0.01924515514286583,0.003144233854618954
-\frac{5}{6},math notation,3,1,-0.05774075665976852,-0.01924691888658951,0.02009235281403702
\sqrt{6336},math notation,1,1,-0.019299922045320272,-0.019299922045320272,0.0
\sqrt{24(24,math notation,1,1,-0.019332678522914648,-0.019332678522914648,0.0
\(x/2\),math notation,1,1,-0.01934447983512655,-0.01934447983512655,0.0
our,other word,21,20,-0.4063496310263872,-0.019349982429827963,0.015752543500088267
x^3,math notation,3,2,-0.05806581536307931,-0.019355271787693102,0.002677266860015314
7x,number,3,3,-0.058324429439380765,-0.01944147647979359,0.005700510166603881
315^\circ,math notation,2,2,-0.03897180047351867,-0.019485900236759335,0.0016597879634987715
d,other word,17,13,-0.33128931088140234,-0.019487606522435433,0.006680237134734151
$bd$,math notation,9,2,-0.17635153548326343,-0.019594615053695936,0.003317392253842246
standard,other word,8,7,-0.15695357974618673,-0.01961919746827334,0.018665813485117158
ice,other word,1,1,-0.01962358132004738,-0.01962358132004738,0.0
kilos,other word,2,2,-0.039265633560717106,-0.019632816780358553,0.004978498686489922
-12,number,2,2,-0.039312236942350864,-0.019656118471175432,0.006508518190943953
\[16,math notation,6,6,-0.11806051223538816,-0.01967675203923136,0.007711431693128153
3(10,math notation,1,1,-0.019719789270311594,-0.019719789270311594,0.0
2n,number,4,2,-0.07891035627108067,-0.019727589067770168,0.00600689103574293
80,number,14,12,-0.2769305626861751,-0.019780754477583935,0.017929590889280072
bd,other word,13,7,-0.25729579315520823,-0.019791984088862173,0.004145187161035731
\(23,math notation,1,1,-0.019805436138994992,-0.019805436138994992,0.0
faster,other word,1,1,-0.01981203258037567,-0.01981203258037567,0.0
28\),math notation,1,1,-0.019870318472385406,-0.019870318472385406,0.0
factor,other word,14,14,-0.2798045165836811,-0.019986036898834363,0.021693796842533874
u2,number,3,3,-0.06008685287088156,-0.020028950956960518,0.027947485618748175
32}{2,math notation,1,1,-0.02003203588537872,-0.02003203588537872,0.0
a_1^2,math notation,3,2,-0.06013969355262816,-0.02004656451754272,0.018342206397577464
some,other word,5,5,-0.1002818588167429,-0.02005637176334858,0.01854693351585804
85,number,7,6,-0.14069740835111588,-0.020099629764445126,0.018012447542015395
8p_2,math notation,4,3,-0.08043826755601913,-0.020109566889004782,0.010316375414328751
foot,other word,1,1,-0.02012893371284008,-0.02012893371284008,0.0
\(x_n\),math notation,1,1,-0.020129825454205275,-0.020129825454205275,0.0
\(2q,math notation,1,1,-0.020176090765744448,-0.020176090765744448,0.0
ad^2,math notation,5,3,-0.10093103302642703,-0.020186206605285407,0.004128941942253323
1/3,math notation,3,2,-0.06060841027647257,-0.020202803425490856,0.03300515949737199
0.70,number,2,2,-0.04044508631341159,-0.020222543156705797,0.030177465973654848
\frac{120,math notation,1,1,-0.020271703600883484,-0.020271703600883484,0.0
\frac{81}{16},math notation,1,1,-0.0202974455896765,-0.0202974455896765,0.0
\text{base},math notation,1,1,-0.020311871427111328,-0.020311871427111328,0.0
\cdot,math notation,286,109,-5.810236248202273,-0.020315511357350605,0.0013820815234971196
\(0\),math notation,3,3,-0.06098279799334705,-0.020327599331115682,0.0029320977376563464
whose,other word,1,1,-0.020346354693174362,-0.020346354693174362,0.0
\(3x^2,math notation,1,1,-0.020365245640277863,-0.020365245640277863,0.0
\text{length},math notation,2,2,-0.040741782169789076,-0.020370891084894538,0.011429808292844781
360^\circ,math notation,1,1,-0.020373569801449776,-0.020373569801449776,0.0
35,number,11,8,-0.22440005908720195,-0.020400005371563813,0.010646427473426834
30^\circ,math notation,1,1,-0.020476110745221376,-0.020476110745221376,0.0
"-$400,000",math notation,1,1,-0.020498983329162,-0.020498983329162,0.0
b_0)$,math notation,1,1,-0.020499780774116516,-0.020499780774116516,0.0
30\,math notation,1,1,-0.02052721381187439,-0.02052721381187439,0.0
\frac{3}{5}\),math notation,1,1,-0.0205287782009691,-0.0205287782009691,0.0
check,hedging / contrast,22,21,-0.4518274459987879,-0.020537611181763085,0.012939327388904989
209,number,3,2,-0.06162092322483659,-0.020540307741612196,0.0059562344010631145
\left(\frac{1}{3},math notation,1,1,-0.020627694786526263,-0.020627694786526263,0.0
\|,math notation,1,1,-0.02064791787415743,-0.02064791787415743,0.0
billy,other word,4,2,-0.08269748464226723,-0.020674371160566807,0.020807827080515047
main\,math notation,1,1,-0.020699885673820972,-0.020699885673820972,0.0
regardless,other word,2,2,-0.04143152851611376,-0.02071576425805688,0.023996277577357897
2013\),math notation,1,1,-0.020746569614857435,-0.020746569614857435,0.0
\sqrt{2},math notation,2,2,-0.04153994133230299,-0.020769970666151494,0.004436510012134096
relates,other word,1,1,-0.020802291110157967,-0.020802291110157967,0.0
\[30,math notation,2,2,-0.04163903649896383,-0.020819518249481916,0.02617935591404315
\quad,math notation,66,27,-1.3764014014741406,-0.02085456668900213,0.003339230930141809
2\sqrt{5},math notation,1,1,-0.02087228326126933,-0.02087228326126933,0.0
b^4\),math notation,2,2,-0.04178666975349188,-0.02089333487674594,0.01705161227349432
\(2\),math notation,4,3,-0.08372083585709333,-0.020930208964273334,0.011919890407635985
60,number,32,20,-0.6698261324781924,-0.020932066639943514,0.006669680858285723
\sin^2,math notation,5,4,-0.10491360822925344,-0.020982721645850688,0.009691346600015235
p_1,math notation,22,9,-0.46181483392138034,-0.02099158336006274,0.003469988753345821
child,other word,2,2,-0.042002711445093155,-0.021001355722546577,0.05137174392998301
4}{2,math notation,1,1,-0.02105451561510563,-0.02105451561510563,0.0
78125,number,2,1,-0.04214442824013531,-0.021072214120067656,0.00027573316171879673
2187}{9,math notation,1,1,-0.021081069018691778,-0.021081069018691778,0.0
2(a,math notation,4,2,-0.08472354465629905,-0.021180886164074764,0.0066271991372461895
\mod,math notation,3,3,-0.06355992518365383,-0.02118664172788461,0.00396290588718319
"4,000",number,1,1,-0.021339911967515945,-0.021339911967515945,0.0
sums,other word,3,3,-0.06402118131518364,-0.02134039377172788,0.025956485261427003
f,other word,8,7,-0.17081681545823812,-0.021352101932279766,0.006960676296020995
phases,other word,1,1,-0.0213539469987154,-0.0213539469987154,0.0
rather,other word,2,2,-0.04279501363635063,-0.021397506818175316,0.014509564947502482
12)(10,math notation,1,1,-0.02142239222303033,-0.02142239222303033,0.0
coordinate,other word,1,1,-0.021460648626089096,-0.021460648626089096,0.0
\frac{25,math notation,2,2,-0.04298420110717416,-0.02149210055358708,0.003659592910863086
\left(\frac{1}{2},math notation,1,1,-0.021496651228517294,-0.021496651228517294,0.0
tangent,other word,8,6,-0.17207247484475374,-0.021509059355594218,0.015039570228075866
s|,math notation,10,6,-0.21523798594716936,-0.021523798594716936,0.010286587777834004
2^c,math notation,1,1,-0.021539821289479733,-0.021539821289479733,0.0
cad,other word,2,1,-0.04308605566620827,-0.021543027833104134,0.00280630180998232
2^1,math notation,1,1,-0.02159008354647085,-0.02159008354647085,0.0
$0.50,math notation,2,1,-0.04320462793111801,-0.021602313965559006,0.0006750555358868619
-39,number,3,2,-0.06487725232727826,-0.021625750775759418,0.010915398878340477
grid,other word,3,1,-0.06492773070931435,-0.021642576903104782,0.010704501073624719
154,number,1,1,-0.021702507510781288,-0.021702507510781288,0.0
s,other word,56,26,-1.2174223512411118,-0.021739684843591282,0.004099305510575213
cosines,other word,2,2,-0.04349469905719161,-0.021747349528595805,0.009028940726291039
16^2,math notation,1,1,-0.021783426869660616,-0.021783426869660616,0.0
\frac{1}{6}\right),math notation,1,1,-0.021818564215209335,-0.021818564215209335,0.0
4/5)^2,math notation,1,1,-0.021818627370521426,-0.021818627370521426,0.0
\(s_n,math notation,1,1,-0.021821241825819016,-0.021821241825819016,0.0
335,number,8,4,-0.17474900605157018,-0.021843625756446272,0.010195848903145854
\sqrt{1,math notation,4,3,-0.08739677461562678,-0.021849193653906696,0.010424052403235094
72,number,7,5,-0.15321870148181915,-0.021888385925974165,0.004697072465679326
\frac{56}{6},math notation,1,1,-0.02192410477437079,-0.02192410477437079,0.0
\frac{34}{18},math notation,1,1,-0.021924160537309945,-0.021924160537309945,0.0
"f(1,2",math notation,1,1,-0.021924203145317733,-0.021924203145317733,0.0
\[-8,math notation,2,1,-0.04385369014926255,-0.021926845074631274,0.0003256705917591282
4}{12,math notation,1,1,-0.021963359555229545,-0.021963359555229545,0.0
2p_2,math notation,5,4,-0.10989340313244611,-0.021978680626489222,0.007978836038715034
non-negative,other word,3,2,-0.06597112817689776,-0.02199037605896592,0.022186445550032536
y_2)\),math notation,2,2,-0.04404040367808193,-0.022020201839040965,0.004492166654272063
-8\),math notation,1,1,-0.022033686749637127,-0.022033686749637127,0.0
\(p,math notation,5,1,-0.11024139483924955,-0.02204827896784991,0.014250789745588407
out,other word,40,35,-0.882151551079005,-0.022053788776975124,0.007504260935339878
$0$,math notation,2,2,-0.04412493132986128,-0.02206246566493064,0.03149631774863203
y\),math notation,9,8,-0.19863875210285187,-0.02207097245587243,0.022849487265849046
oatmeal,other word,11,8,-0.24314670846797526,-0.022104246224361388,0.019595840754954044
digits,other word,24,17,-0.5305287097580731,-0.02210536290658638,0.009218950778721634
\(p_3\),math notation,4,3,-0.0885587225202471,-0.022139680630061775,0.05213905119604025
\text{number,math notation,26,14,-0.5757562758517452,-0.022144472148144044,0.008764627727706819
minutes,other word,34,18,-0.7539685189258307,-0.02217554467428914,0.00888678050149838
"$20,000",math notation,2,2,-0.044362204149365425,-0.022181102074682713,0.06283619051149479
\text{time},math notation,1,1,-0.02220195671543479,-0.02220195671543479,0.0
\frac{2}{9},math notation,1,1,-0.022292141555226408,-0.022292141555226408,0.0
line,other word,15,12,-0.3348164288327098,-0.022321095255513988,0.006679072521376649
horses,other word,5,2,-0.11162961646914482,-0.022325923293828966,0.03216377773670851
(,math notation,6,6,-0.13415703736245632,-0.022359506227076054,0.0006415980918886384
-52,number,1,1,-0.02240210957825184,-0.02240210957825184,0.0
tuesday,other word,9,5,-0.20168517949059606,-0.022409464387844007,0.029264411293345092
3|b,math notation,1,1,-0.022410673089325428,-0.022410673089325428,0.0
\sqrt{4,math notation,1,1,-0.02248685620725155,-0.02248685620725155,0.0
cone,other word,6,2,-0.1349274329841137,-0.022487905497352283,0.022158364124674354
speed,other word,11,5,-0.24794079177081585,-0.022540071979165077,0.01733677382031095
p_4,math notation,2,2,-0.04512788727879524,-0.02256394363939762,0.0036535002217113572
final,other word,39,32,-0.8813332701101899,-0.022598288977184355,0.010147419450213415
months/year}}{3,math notation,1,1,-0.02261675475165248,-0.02261675475165248,0.0
<,math notation,26,19,-0.5882794449862558,-0.022626132499471378,0.00796299280741082
140,number,1,1,-0.022662635892629623,-0.022662635892629623,0.0
dab,other word,4,2,-0.09084160905331373,-0.022710402263328433,0.01188955644740915
s_1(101,math notation,1,1,-0.022714616265147924,-0.022714616265147924,0.0
grains,other word,5,3,-0.11358185159042478,-0.022716370318084954,0.009302289221782034
306(306n,math notation,1,1,-0.02273905510082841,-0.02273905510082841,0.0
analyzing,other word,4,4,-0.0910399230197072,-0.0227599807549268,0.03309426108242311
4^2,math notation,14,13,-0.3196248310850933,-0.022830345077506666,0.005551675203359984
\frac{60}{2},math notation,1,1,-0.02283109596464783,-0.02283109596464783,0.0
380$,math notation,1,1,-0.02287514042109251,-0.02287514042109251,0.0
\(n,math notation,15,9,-0.3434345028363168,-0.022895633522421122,0.008480727013127763
\sqrt{3},math notation,2,2,-0.045792526623699814,-0.022896263311849907,0.009035850648597658
t_n,math notation,3,1,-0.06870677787810564,-0.02290225929270188,0.0039074551214469105
\[x,math notation,4,3,-0.09163494885433465,-0.022908737213583663,0.022137707371418975
quadratic,other word,27,18,-0.61910677223932,-0.022929880453308148,0.008616087746138115
pennies,other word,3,2,-0.06882362347096205,-0.022941207823654015,0.026900379681658506
\overline{cd}$,math notation,1,1,-0.022945661447010934,-0.022945661447010934,0.0
20}{2,math notation,2,1,-0.045975923421792686,-0.022987961710896343,0.01750787993792537
3(x+1,math notation,1,1,-0.022988170851022005,-0.022988170851022005,0.0
\frac{7}{2},math notation,3,1,-0.06896676862379536,-0.022988922874598455,0.02222155708373021
by,other word,308,228,-7.0865799624007195,-0.023008376501301036,0.003644726169576947
\[2,math notation,2,2,-0.0460906196385622,-0.0230453098192811,0.013943291086166744
3)\],math notation,1,1,-0.02304708445444703,-0.02304708445444703,0.0
inscribed,other word,4,2,-0.09220430068671703,-0.02305107517167926,0.002446379279172174
$6.00/plate,math notation,1,1,-0.023073267191648483,-0.023073267191648483,0.0
k^2,math notation,2,2,-0.04617061628960073,-0.023085308144800365,0.005568426561053699
2a,number,16,11,-0.36947535164654255,-0.02309220947790891,0.005720457056447535
\(15,math notation,4,4,-0.09237089054659009,-0.023092722636647522,0.012096572397140112
3a,number,9,6,-0.2079881525132805,-0.023109794723697834,0.0055323697010801675
y_2,math notation,1,1,-0.02311333955731243,-0.02311333955731243,0.0
distance,other word,23,14,-0.5317790517583489,-0.02312082833731952,0.013449436016014978
\sqrt{x},math notation,1,1,-0.023122939164750278,-0.023122939164750278,0.0
\(9,math notation,3,3,-0.0694231849629432,-0.0231410616543144,0.02365239621676296
hour,other word,13,8,-0.30120561784133315,-0.02316966291087178,0.0139264661932601
any,other word,43,38,-0.9969301633536816,-0.02318442240357399,0.006738328379491849
seated,other word,1,1,-0.023186686914414167,-0.023186686914414167,0.0
pemdas,other word,3,3,-0.06972120516002178,-0.02324040172000726,0.06178028886500235
tomatoes}}{\text{volume,math notation,1,1,-0.023251212551258504,-0.023251212551258504,0.0
\(2^{2021}\),math notation,1,1,-0.02327710879035294,-0.02327710879035294,0.0
"f(1,1",math notation,1,1,-0.0233363788574934,-0.0233363788574934,0.0
\text{doxa's,math notation,1,1,-0.023382781306281686,-0.023382781306281686,0.0
\(\|\mathbf{a},math notation,1,1,-0.023390747024677694,-0.023390747024677694,0.0
1482,number,3,3,-0.07017227332107723,-0.02339075777369241,0.0014785126952329153
a_2^2,math notation,3,2,-0.0702950808336027,-0.0234316936112009,0.011488389585207568
goal,other word,2,2,-0.046875421423465014,-0.023437710711732507,0.02243903367830773
one-fifth,other word,2,1,-0.046945917420089245,-0.023472958710044622,0.04366636982807406
n\),math notation,1,1,-0.023477504029870033,-0.023477504029870033,0.0
\cos,math notation,12,3,-0.28257505875080824,-0.023547921562567353,0.0031634920084021396
17n,number,3,1,-0.07066060556098819,-0.02355353518699606,0.00651830258867257
-10,number,2,2,-0.04722414264688268,-0.02361207132344134,0.017433757069818576
subtended,other word,3,2,-0.07085108943283558,-0.023617029810945194,0.021593548821428322
under,other word,5,5,-0.11835227254778147,-0.023670454509556293,0.034411669777278844
$1$,math notation,3,3,-0.07103086868301034,-0.023676956227670114,0.010313063117893744
510,number,2,2,-0.04737915052101016,-0.02368957526050508,0.01721071316926428
>,math notation,41,28,-0.9731204771669582,-0.023734645784559954,0.005317384152058167
\((-2)\),math notation,1,1,-0.023778836883138865,-0.023778836883138865,0.0
\(bd\),math notation,3,1,-0.07147529849316925,-0.023825099497723084,0.011836101063122797
subset,other word,1,1,-0.023827610537409782,-0.023827610537409782,0.0
\sqrt{8261}}{2},math notation,3,2,-0.07151985546806827,-0.023839951822689425,0.006813992363418956
$\overline{ab},math notation,1,1,-0.02386403502896428,-0.02386403502896428,0.0
5)\),math notation,3,3,-0.07168466248549521,-0.02389488749516507,0.002746044302714406
178,number,1,1,-0.02394220419228077,-0.02394220419228077,0.0
155,number,1,1,-0.02394738979637623,-0.02394738979637623,0.0
integer-valued,other word,1,1,-0.023961004801094532,-0.023961004801094532,0.0
\left(\frac{ab}{2}\right)^2,math notation,2,1,-0.04804527302621864,-0.02402263651310932,0.008183329129002777
b^2)^2,math notation,3,2,-0.07214834378100932,-0.024049447927003104,0.0022951316938365942
s_1(n,math notation,1,1,-0.02409713843371719,-0.02409713843371719,0.0
\(,math notation,847,288,-20.447621439176146,-0.024141229562191436,0.001469573289471789
\(0,math notation,5,3,-0.12076523108407855,-0.02415304621681571,0.004268707670900752
\frac{125,math notation,1,1,-0.024157904786989093,-0.024157904786989093,0.0
1680,number,1,1,-0.02431829273700714,-0.02431829273700714,0.0
$y=12$,math notation,1,1,-0.024375845678150654,-0.024375845678150654,0.0
window,other word,1,1,-0.02440650202333927,-0.02440650202333927,0.0
kassidy,other word,5,3,-0.122193468734622,-0.0244386937469244,0.01452871155927353
10^3,math notation,3,3,-0.07337836315855384,-0.024459454386184614,0.006448935797692482
2028,number,2,2,-0.048977631609886885,-0.024488815804943442,0.00652893191823853
\(n^2\),math notation,1,1,-0.024518923833966255,-0.024518923833966255,0.0
younger,other word,2,2,-0.04912497662007809,-0.024562488310039043,0.029437864761861266
r^2,math notation,12,8,-0.29486015310976654,-0.02457167942581388,0.009816735296646423
"10,000^{100,000",math notation,8,4,-0.1968924167449586,-0.024611552093119826,0.01160164459962028
u5,number,3,3,-0.07387583004310727,-0.024625276681035757,0.04200694413818748
essentially,other word,3,3,-0.0740213361568749,-0.0246737787189583,0.029620595011239988
miles,other word,15,6,-0.37144486128818244,-0.024762990752545497,0.010777802752327242
38,number,10,6,-0.24764912948012352,-0.024764912948012353,0.011101555397430447
cans,other word,3,2,-0.0743410843424499,-0.0247803614474833,0.03127020340374215
\text{cubic,math notation,5,3,-0.12409529346041381,-0.024819058692082764,0.007933717361350628
plane,other word,3,2,-0.07447089813649654,-0.024823632712165516,0.0034113068826062934
9000,number,1,1,-0.024866957683116198,-0.024866957683116198,0.0
\text{amount,math notation,1,1,-0.02488306164741516,-0.02488306164741516,0.0
s_2,math notation,6,2,-0.1493861568160355,-0.024897692802672584,0.004652352263068801
scalar,other word,1,1,-0.025035757571458817,-0.025035757571458817,0.0
2209,number,1,1,-0.025071458891034126,-0.025071458891034126,0.0
310,number,3,3,-0.07541130995377898,-0.02513710331792633,0.00880034079684334
consumes,other word,2,1,-0.050301678478717804,-0.025150839239358902,0.014634062786736615
2n_b,math notation,1,1,-0.02517395024187863,-0.02517395024187863,0.0
y_1)\),math notation,2,2,-0.050450909649953246,-0.025225454824976623,0.01002979280057419
"$(4,0)$",math notation,3,2,-0.07578062114771456,-0.025260207049238186,0.03161020049091674
method,other word,1,1,-0.025352755561470985,-0.025352755561470985,0.0
\[e,math notation,1,1,-0.02537851920351386,-0.02537851920351386,0.0
above,other word,3,3,-0.07647773809731007,-0.025492579365770023,0.021646789917878793
4y,number,7,3,-0.178509667806793,-0.025501381115256145,0.005955776563135677
"f(2,0",math notation,2,1,-0.05101494654081762,-0.02550747327040881,0.017488195919104672
306n,number,3,1,-0.07657579286023974,-0.02552526428674658,0.005440038712848549
2880,number,3,3,-0.07662887126207352,-0.025542957087357838,0.023982643522486545
f(6,math notation,1,1,-0.025603861548006535,-0.025603861548006535,0.0
find,other word,239,217,-6.125770993414335,-0.025630840976629016,0.0053160249222899926
break,other word,53,53,-1.3591942405328155,-0.025645174349675764,0.007682837773285466
\(1a,math notation,2,1,-0.051369912223890424,-0.025684956111945212,0.001266223120486914
\frac{3}{5},math notation,3,3,-0.07709543849341571,-0.025698479497805238,0.025300764649370092
\sqrt{s(s,math notation,1,1,-0.025709699373692274,-0.025709699373692274,0.0
months/harvest,math notation,1,1,-0.025798752903938293,-0.025798752903938293,0.0
\frac{125}{9}\),math notation,1,1,-0.025833672378212214,-0.025833672378212214,0.0
\frac{2}{3}\),math notation,1,1,-0.025848162011243403,-0.025848162011243403,0.0
2(ab)^2,math notation,1,1,-0.02585672913119197,-0.02585672913119197,0.0
here,other word,7,7,-0.18121659895405173,-0.025888085564864532,0.023155594570653443
r_2,math notation,5,3,-0.1296169050037861,-0.025923381000757216,0.004845168637680754
sixth,other word,14,12,-0.36411930015310645,-0.026008521439507604,0.025449444913916444
\frac{\log_2{t}}{\log_2{4}},math notation,1,1,-0.026015030714916065,-0.026015030714916065,0.0
shift,other word,1,1,-0.02605164796113968,-0.02605164796113968,0.0
\(15\),math notation,1,1,-0.026053531793877482,-0.026053531793877482,0.0
c^3,math notation,3,2,-0.07821793120820075,-0.02607264373606692,0.018786420578927186
560,number,1,1,-0.02608727291226387,-0.02608727291226387,0.0
0.4096\),math notation,1,1,-0.02610746363643557,-0.02610746363643557,0.0
785,number,2,2,-0.052328442223370075,-0.026164221111685038,0.0012739803632006357
3)(15,math notation,1,1,-0.026181304827332497,-0.026181304827332497,0.0
magnitudes,other word,1,1,-0.026198231615126133,-0.026198231615126133,0.0
\[196,math notation,1,1,-0.0262023382820189,-0.0262023382820189,0.0
\(9\),math notation,1,1,-0.026203797664493322,-0.026203797664493322,0.0
\(\cos,math notation,2,2,-0.052409913623705506,-0.026204956811852753,0.006231124673884392
=,math notation,2714,968,-71.18843556314823,-0.02623007942636265,0.0006999933502433894
##,other word,13,13,-0.34201964642852545,-0.026309203571425036,0.004617035222421935
likely,hedging / contrast,1,1,-0.026332378387451172,-0.026332378387451172,0.0
candy,other word,3,2,-0.07914578169584274,-0.026381927231947582,0.010400174991486185
real,other word,3,3,-0.07926838006824255,-0.02642279335608085,0.013880260536278274
1296,number,1,1,-0.026426025666296482,-0.026426025666296482,0.0
\frac{y}{12},math notation,2,1,-0.0528582907281816,-0.0264291453640908,0.0211246945795715
\(7^3\),math notation,2,2,-0.052870231098495424,-0.026435115549247712,0.014893258537611928
\(p_0,math notation,1,1,-0.026445865631103516,-0.026445865631103516,0.0
\[-7,math notation,1,1,-0.026453359983861446,-0.026453359983861446,0.0
\[d,math notation,2,1,-0.052977417479269207,-0.026488708739634603,0.0070461570141884255
90.89}{2,math notation,2,1,-0.05298827443039045,-0.026494137215195224,0.005869798362772931
1^2,math notation,5,5,-0.1324950789567083,-0.026499015791341663,0.004834753034631738
cdb$,math notation,2,2,-0.05302960402332246,-0.02651480201166123,0.012821030404936406
11^t,math notation,3,2,-0.07963143521919847,-0.02654381173973282,0.009245705573886426
quitting,other word,1,1,-0.026544636115431786,-0.026544636115431786,0.0
a_4,math notation,3,3,-0.0796562860487029,-0.026552095349567633,0.006514732894854354
576n,number,6,3,-0.1593722514808178,-0.02656204191346963,0.009166854910344692
triangles,other word,12,10,-0.318748758174479,-0.026562396514539916,0.030712655899759515
20160\),math notation,1,1,-0.026622597128152847,-0.026622597128152847,0.0
$10^6$,math notation,1,1,-0.026668484322726727,-0.026668484322726727,0.0
guess,other word,1,1,-0.026668552309274673,-0.026668552309274673,0.0
1)\],math notation,1,1,-0.026708391960710287,-0.026708391960710287,0.0
900,number,4,4,-0.10692170076072216,-0.02673042519018054,0.011290693594881945
uncle,other word,2,2,-0.05353930965065956,-0.02676965482532978,0.019496061327769598
23y,number,1,1,-0.02680482156574726,-0.02680482156574726,0.0
625n,number,2,1,-0.05367158818989992,-0.02683579409494996,0.005784885119425746
\(a_2a_6\),math notation,1,1,-0.026896029710769653,-0.026896029710769653,0.0
discount,other word,8,3,-0.2158429343253374,-0.026980366790667176,0.01431714377479098
\(300\),math notation,2,2,-0.0539694803301245,-0.02698474016506225,0.016869272741444733
1/2,math notation,4,3,-0.10798573587089777,-0.026996433967724442,0.01902993486957699
approximating,other word,1,1,-0.02700330037623644,-0.02700330037623644,0.0
\binom{11}{4}$,math notation,1,1,-0.02700378536246717,-0.02700378536246717,0.0
\(r_1,math notation,1,1,-0.02705421857535839,-0.02705421857535839,0.0
prime,other word,17,12,-0.46065029315650463,-0.027097076068029684,0.009581715070453963
c,other word,61,50,-1.6543167276540771,-0.02711994635498487,0.004903412585418814
abc$,math notation,3,2,-0.08137258957140148,-0.027124196523800492,0.03273501651137855
values,other word,104,84,-2.826672477880493,-0.0271795430565432,0.005926443023860809
\(ac\),math notation,3,3,-0.08154607773758471,-0.027182025912528236,0.013809672244249721
$7,math notation,1,1,-0.02719764970242977,-0.02719764970242977,0.0
\frac{4a,math notation,1,1,-0.027243734220974147,-0.027243734220974147,0.0
b)(49,math notation,1,1,-0.02724673505872488,-0.02724673505872488,0.0
\(7,math notation,4,3,-0.10912818019278347,-0.02728204504819587,0.010023937284559614
10^6,math notation,1,1,-0.027326584793627262,-0.027326584793627262,0.0
linear,other word,5,5,-0.13685302063822746,-0.02737060412764549,0.008909681540414724
\angle,math notation,26,14,-0.712776304455474,-0.027414473248287462,0.006836775593381336
ax^2,math notation,1,1,-0.0274994233623147,-0.0274994233623147,0.0
7^2,math notation,2,2,-0.05522875813767314,-0.02761437906883657,0.022997965591560095
\(p_3,math notation,3,3,-0.08320750389248133,-0.02773583463082711,0.04119965832882531
45,number,8,8,-0.22234092839062214,-0.027792616048827767,0.006660477451831027
\(729\),math notation,1,1,-0.027819038718007505,-0.027819038718007505,0.0
538,number,4,4,-0.1112879766151309,-0.027821994153782725,0.009752643585904283
60\right),math notation,1,1,-0.02787298837210983,-0.02787298837210983,0.0
\text{apples},math notation,1,1,-0.02792993374168873,-0.02792993374168873,0.0
\left(\frac{3^2,math notation,1,1,-0.028015750809572637,-0.028015750809572637,0.0
movie,other word,3,2,-0.08419343456625938,-0.028064478188753128,0.005704067495781316
\(a_2a_4\),math notation,1,1,-0.028126570279709995,-0.028126570279709995,0.0
36^\circ,math notation,1,1,-0.028154640924185514,-0.028154640924185514,0.0
cz,other word,1,1,-0.028159141540527344,-0.028159141540527344,0.0
repeats,other word,2,2,-0.056472497060894966,-0.028236248530447483,0.0019278291195691842
2}{2,math notation,1,1,-0.02824803674593568,-0.02824803674593568,0.0
\frac{180,math notation,3,1,-0.08475024887593463,-0.028250082958644878,0.009867598201211449
eighth,other word,12,10,-0.3399461358785629,-0.02832884465654691,0.03251940390563603
$ad,math notation,1,1,-0.02834324538707733,-0.02834324538707733,0.0
18^2\),math notation,1,1,-0.02837204560637474,-0.02837204560637474,0.0
\(bcd\),math notation,2,1,-0.05679936334490776,-0.02839968167245388,0.029910176175709013
10z,number,1,1,-0.028407292906194925,-0.028407292906194925,0.0
another,other word,8,6,-0.22735577635467052,-0.028419472044333816,0.01717016852166926
\text{width},math notation,4,2,-0.11409129400271922,-0.028522823500679806,0.008923818396997713
discriminant,other word,3,3,-0.08561145700514317,-0.028537152335047722,0.0874097730448865
\dfrac{b,math notation,1,1,-0.028568955487571657,-0.028568955487571657,0.0
\$500,math notation,1,1,-0.028586146188899875,-0.028586146188899875,0.0
\(10,math notation,4,4,-0.11436902149580419,-0.028592255373951048,0.016499164467905152
primes,other word,3,3,-0.08585833664983511,-0.028619445549945038,0.03580238035266091
10^{2,math notation,1,1,-0.028624196304008365,-0.028624196304008365,0.0
soccer,other word,4,3,-0.11467454279772937,-0.028668635699432343,0.015940658877016282
john,other word,12,12,-0.34437253326177597,-0.028697711105148,0.02147900359655798
cups}}{110,math notation,1,1,-0.028725830372422934,-0.028725830372422934,0.0
n-1\],math notation,1,1,-0.028737967601045966,-0.028737967601045966,0.0
\tan,math notation,2,1,-0.05751709267497063,-0.028758546337485313,0.0004963871425150864
1000x,number,2,2,-0.05752333905547857,-0.028761669527739286,1.6564370009289337e-05
\frac{-b,math notation,6,6,-0.17269800970098004,-0.028783001616830006,0.01178050798432428
20/100,math notation,1,1,-0.02883903542533517,-0.02883903542533517,0.0
\(a+b,math notation,2,1,-0.05768452282063663,-0.028842261410318315,0.008140765123415347
x_1}\],math notation,1,1,-0.02889802074059844,-0.02889802074059844,0.0
(\sqrt{5})^2,math notation,1,1,-0.02891211467795074,-0.02891211467795074,0.0
\frac{y_1,math notation,1,1,-0.028949610656127334,-0.028949610656127334,0.0
2^4\),math notation,1,1,-0.029002441791817546,-0.029002441791817546,0.0
14\],math notation,1,1,-0.029085118789225817,-0.029085118789225817,0.0
\frac{2018(2018,math notation,1,1,-0.02908999379724264,-0.02908999379724264,0.0
prism,other word,1,1,-0.02912745624780655,-0.02912745624780655,0.0
feet}}{3,math notation,1,1,-0.029128636932000518,-0.029128636932000518,0.0
david,other word,1,1,-0.029194824397563934,-0.029194824397563934,0.0
3}{1875,math notation,1,1,-0.029226414393633604,-0.029226414393633604,0.0
t_{5,math notation,1,1,-0.02927373326383531,-0.02927373326383531,0.0
-y^2,math notation,3,1,-0.08791580575052649,-0.02930526858350883,0.0014240841739040662
b^4,math notation,3,3,-0.08792120078578591,-0.029307066928595304,0.004911557367528938
400n,number,2,1,-0.05867506191134453,-0.029337530955672264,0.0012087070779306585
know,other word,55,55,-1.6143782516010106,-0.0293523318472911,0.006464714039444794
400,number,7,5,-0.20571615686640143,-0.02938802240948592,0.013351369208945028
\frac{400}{9},math notation,1,1,-0.029476144816726446,-0.029476144816726446,0.0
4000,number,1,1,-0.02947981283068657,-0.02947981283068657,0.0
12^2,math notation,1,1,-0.029548088321462274,-0.029548088321462274,0.0
geometric,other word,16,12,-0.4728126213885844,-0.029550788836786523,0.007543690238976556
3\sqrt{2},math notation,2,2,-0.059120077174156904,-0.029560038587078452,0.002495087834216598
\$750\],math notation,1,1,-0.029598675668239594,-0.029598675668239594,0.0
111x^2,math notation,1,1,-0.02964529162272811,-0.02964529162272811,0.0
involving,other word,2,2,-0.059294410049915314,-0.029647205024957657,0.015531682658719348
256n,number,2,1,-0.059362588450312614,-0.029681294225156307,0.0023649979642929404
a,other word,448,294,-13.298235013964586,-0.029683560299028095,0.002290862044376446
columns,other word,1,1,-0.02970447950065136,-0.02970447950065136,0.0
coefficients,other word,5,4,-0.1486822422593832,-0.02973644845187664,0.025368990032381272
\frac{24,math notation,1,1,-0.029749056324362755,-0.029749056324362755,0.0
6y,number,2,1,-0.05960541602689773,-0.029802708013448864,0.00119392073693389
case,other word,26,25,-0.7749631688930094,-0.02980627572665421,0.015476560531678714
2\sqrt{2},math notation,2,2,-0.059822775481734425,-0.029911387740867212,0.008431400262430621
10^3$,math notation,2,2,-0.05987721588462591,-0.029938607942312956,0.0012292067452835146
61,number,3,3,-0.08981790952384472,-0.029939303174614906,0.016783857128595432
9p_3,math notation,4,4,-0.11978230997920036,-0.02994557749480009,0.011102848633527321
xy,other word,1,1,-0.029958560597151518,-0.029958560597151518,0.0
incrementally,other word,1,1,-0.02999352477490902,-0.02999352477490902,0.0
360,number,3,2,-0.08998355129733682,-0.029994517099112272,0.010361060008479856
$96,math notation,1,1,-0.030072828056290746,-0.030072828056290746,0.0
short,other word,1,1,-0.030094530433416367,-0.030094530433416367,0.0
\[a^4,math notation,1,1,-0.03010738198645413,-0.03010738198645413,0.0
$x=2$,math notation,1,1,-0.030177314241882414,-0.030177314241882414,0.0
follows,other word,17,17,-0.5130559568060562,-0.03017976216506213,0.014035673572717889
dot,other word,1,1,-0.03018566593527794,-0.03018566593527794,0.0
$1.50,math notation,6,3,-0.18118813540786505,-0.030198022567977507,0.013781804544507255
\(a_4a_6\),math notation,1,1,-0.03019807196687907,-0.03019807196687907,0.0
\frac{50}{4},math notation,1,1,-0.030222380766645074,-0.030222380766645074,0.0
2(10x,math notation,1,1,-0.030288060544990003,-0.030288060544990003,0.0
\(y\),math notation,35,21,-1.0603259888594039,-0.030295028253125824,0.013587072947119382
pythagorean,other word,6,6,-0.18192283308599144,-0.030320472180998575,0.027790276459231565
\$12,math notation,2,2,-0.06078189564868808,-0.03039094782434404,0.01423460796280439
\(\frac{2}{6},math notation,1,1,-0.030392699176445603,-0.030392699176445603,0.0
rmp,other word,1,1,-0.03039452899247408,-0.03039452899247408,0.0
x_k,math notation,1,1,-0.03053438989445567,-0.03053438989445567,0.0
saves,other word,2,2,-0.06107543781399727,-0.030537718906998634,0.03529029777928756
0^3,math notation,1,1,-0.03054064605385065,-0.03054064605385065,0.0
\(ab,math notation,8,8,-0.24470592383295298,-0.030588240479119122,0.01640782599310616
every,other word,16,16,-0.4894768297672272,-0.0305923018604517,0.020227487199705314
4f,number,3,1,-0.09180168923921883,-0.03060056307973961,0.002353119786490339
m^2,math notation,4,2,-0.122432837379165,-0.03060820934479125,0.012890807598154056
dwarves,other word,3,1,-0.09183788020163774,-0.03061262673387925,0.011556759166743018
\frac{-(-6),math notation,1,1,-0.030689298640936613,-0.030689298640936613,0.0
12+10,math notation,1,1,-0.030692008091136813,-0.030692008091136813,0.0
\frac{500}{9},math notation,1,1,-0.030708293430507183,-0.030708293430507183,0.0
\left(\frac{2}{3},math notation,1,1,-0.030712710227817297,-0.030712710227817297,0.0
constant,other word,6,6,-0.18428038246929646,-0.030713397078216076,0.04290489732582473
\(p\),math notation,2,2,-0.06150805903598666,-0.03075402951799333,0.008971047749322022
kilobits,other word,1,1,-0.03076235856860876,-0.03076235856860876,0.0
algebraic,other word,4,3,-0.12326860334724188,-0.03081715083681047,0.015452223888263198
b_1x,math notation,1,1,-0.030822095926851034,-0.030822095926851034,0.0
\(a_1a_5\),math notation,1,1,-0.030831814277917147,-0.030831814277917147,0.0
"$30,000",math notation,4,2,-0.123462954768911,-0.03086573869222775,0.02567935017867928
\sin^6,math notation,6,1,-0.18534324018401094,-0.03089054003066849,0.004772559262393291
0.4096,number,1,1,-0.03089177538640797,-0.03089177538640797,0.0
2025,number,1,1,-0.030892029404640198,-0.030892029404640198,0.0
2^{\log_2,math notation,4,1,-0.12359651393489912,-0.03089912848372478,0.006668543624220616
tall,other word,5,3,-0.154496930539608,-0.0308993861079216,0.022583185027579396
venn,other word,3,1,-0.0929282323922962,-0.030976077464098733,0.012614863136870404
$20.00,math notation,1,1,-0.030988970771431923,-0.030988970771431923,0.0
\(7^a,math notation,2,1,-0.061979507794603705,-0.030989753897301853,0.0026009721598867996
2)(10,math notation,1,1,-0.031020718393847346,-0.031020718393847346,0.0
5x,number,2,1,-0.06204389035701752,-0.03102194517850876,0.019171853281044628
$a$,math notation,3,2,-0.09311189223080873,-0.031037297410269577,0.01607813888350893
track,other word,1,1,-0.031046081334352493,-0.031046081334352493,0.0
cats,other word,5,3,-0.15545976255089045,-0.03109195251017809,0.0203328053653508
43,number,3,3,-0.09345763176679611,-0.03115254392226537,0.030220562153604275
few,other word,4,4,-0.12470046803355217,-0.031175117008388042,0.01724362996867077
\(13,math notation,1,1,-0.031215433962643147,-0.031215433962643147,0.0
lemons,other word,8,4,-0.2498599300161004,-0.03123249125201255,0.01308791440377562
create,other word,2,2,-0.06250821426510811,-0.031254107132554054,0.06153554074208213
factorized,other word,2,2,-0.06251774844713509,-0.031258874223567545,0.005652854107246729
6\sqrt{3},math notation,4,3,-0.12509906059131026,-0.031274765147827566,0.007918285093404887
pounds,other word,25,14,-0.7819580007344484,-0.031278320029377936,0.007582445663827919
wolves,other word,13,6,-0.4067850394640118,-0.03129115688184706,0.01625456427960516
\[,math notation,804,525,-25.193499319968396,-0.03133519815916467,0.0017927134485455703
\frac{10}{32},math notation,1,1,-0.03138007316738367,-0.03138007316738367,0.0
132,number,2,1,-0.06277712620794773,-0.031388563103973866,0.0040187592988859405
artist's,other word,1,1,-0.03148450516164303,-0.03148450516164303,0.0
odd,other word,25,18,-0.7872980544343591,-0.031491922177374364,0.015627975385246594
animals,other word,3,3,-0.09450745582580566,-0.031502485275268555,0.11419444584730888
negative,other word,16,8,-0.5047773281112313,-0.03154858300695196,0.011396386751710178
1920,number,1,1,-0.03159008175134659,-0.03159008175134659,0.0
2\sqrt{6},math notation,2,2,-0.06318541755899787,-0.031592708779498935,0.0006684162547934869
2^{3x,math notation,2,1,-0.06325298018055037,-0.03162649009027518,0.007726425897093221
3q,number,1,1,-0.0316346138715744,-0.0316346138715744,0.0
focusing,other word,1,1,-0.031733714044094086,-0.031733714044094086,0.0
\times,math notation,265,159,-8.419401626917534,-0.03177132689402843,0.002155750419206517
2)(b,math notation,1,1,-0.031919247936457396,-0.031919247936457396,0.0
10(x,math notation,1,1,-0.03196301497519016,-0.03196301497519016,0.0
a_0\),math notation,1,1,-0.03199396119453013,-0.03199396119453013,0.0
fraction,other word,32,23,-1.0257246973924339,-0.03205389679351356,0.007915635770776776
x^n\],math notation,1,1,-0.032129665836691856,-0.032129665836691856,0.0
2500,number,3,3,-0.096514156088233,-0.03217138536274433,0.008280966938528386
bc^2,math notation,3,3,-0.09666460007429123,-0.032221533358097076,0.01630767264115378
\[\$750,math notation,1,1,-0.032266071531921625,-0.032266071531921625,0.0
consider,other word,68,68,-2.199153165332973,-0.032340487725484895,0.007875091958464309
twice,other word,23,22,-0.7449535084888339,-0.03238928297777539,0.013151517572175263
perpendicular,other word,7,3,-0.22685933066532016,-0.03240847580933145,0.022036667818270246
corresponding,other word,6,6,-0.19473456591367722,-0.03245576098561287,0.009666569846294576
majestic,other word,3,2,-0.09736879169940948,-0.03245626389980316,0.02120786907701314
allowed,other word,1,1,-0.032481578178703785,-0.032481578178703785,0.0
\(p_6,math notation,1,1,-0.03248602943494916,-0.03248602943494916,0.0
1856,number,1,1,-0.032503318041563034,-0.032503318041563034,0.0
2(2,math notation,1,1,-0.03254304360598326,-0.03254304360598326,0.0
\(\frac{5}{12}\),math notation,1,1,-0.03259694064036012,-0.03259694064036012,0.0
2)(x,math notation,1,1,-0.032627358101308346,-0.032627358101308346,0.0
a}{2,math notation,1,1,-0.03264107718132436,-0.03264107718132436,0.0
$24,math notation,10,6,-0.3265334479510784,-0.03265334479510784,0.015958340932031318
output,other word,2,2,-0.0653125811368227,-0.03265629056841135,0.002787913271685919
boxed,other word,1,1,-0.03268340602517128,-0.03268340602517128,0.0
168,number,2,2,-0.06541073275730014,-0.03270536637865007,0.023506140516131944
2^{16,math notation,1,1,-0.03270696476101875,-0.03270696476101875,0.0
490,number,4,4,-0.13085238821804523,-0.03271309705451131,0.012755399259663317
\mid,math notation,1,1,-0.03273966163396835,-0.03273966163396835,0.0
pounds/bag,math notation,1,1,-0.03276403690688312,-0.03276403690688312,0.0
-a,other word,1,1,-0.03284220118075609,-0.03284220118075609,0.0
satisfying,other word,1,1,-0.032859817147254944,-0.032859817147254944,0.0
\log_2,math notation,14,6,-0.4609348971862346,-0.032923921227588186,0.005111811649754617
\frac{900}{9},math notation,1,1,-0.033034380758181214,-0.033034380758181214,0.0
3c,number,2,2,-0.06609700014814734,-0.03304850007407367,0.009876980428629022
4a,number,1,1,-0.033166106790304184,-0.033166106790304184,0.0
420,number,1,1,-0.03319092094898224,-0.03319092094898224,0.0
\(4,math notation,8,7,-0.2659307377471123,-0.033241342218389036,0.019004433109814572
\frac{2}{3}\],math notation,1,1,-0.033263769932091236,-0.033263769932091236,0.0
1.1,number,2,2,-0.0665939119644463,-0.03329695598222315,0.010253043257729315
\text{(matches,math notation,3,2,-0.09991220664232969,-0.03330406888077656,0.005492776339157621
\frac{g}{97},math notation,3,3,-0.10002702142810449,-0.03334234047603483,0.020306504656198966
you,other word,5,4,-0.16687414050102234,-0.033374828100204465,0.0265587825285339
$32,math notation,2,2,-0.06678824033588171,-0.033394120167940855,0.030044923272393134
dollars,other word,26,20,-0.8684748942032456,-0.03340288054627868,0.019141807272506604
oats,other word,4,3,-0.13385408092290163,-0.03346352023072541,0.02528498496069136
2^2,math notation,15,13,-0.5022816230775788,-0.03348544153850526,0.009726843525830515
8^2,math notation,1,1,-0.03349265456199646,-0.03349265456199646,0.0
savings,other word,8,6,-0.2679980844259262,-0.033499760553240776,0.027720539605253485
**case,math notation,8,8,-0.2680387366563082,-0.03350484208203852,0.017382317284688892
-6,number,5,4,-0.1676588278496638,-0.03353176556993276,0.01807591875249711
\frac{8,math notation,3,2,-0.10060485918074846,-0.033534953060249485,0.016522703674103273
precise,other word,1,1,-0.03354181349277496,-0.03354181349277496,0.0
package,other word,3,3,-0.10094050038605928,-0.033646833462019764,0.05128242085933465
root,other word,18,15,-0.6057491372339427,-0.03365272984633015,0.024022188080765262
connecting,other word,1,1,-0.03368087112903595,-0.03368087112903595,0.0
notes,other word,16,4,-0.539316538721323,-0.03370728367008269,0.021436897330011685
\frac{11}{2},math notation,3,1,-0.10140299831982702,-0.03380099943994234,0.019979785137311412
meaning,other word,1,1,-0.03385436534881592,-0.03385436534881592,0.0
"e(6,3",math notation,2,2,-0.06774523679632694,-0.03387261839816347,0.039153968488295526
\text{area}_{abc},math notation,1,1,-0.033938619890250266,-0.033938619890250266,0.0
32,number,13,13,-0.441798941930756,-0.033984533994673535,0.016463683123626758
(n-1)7\],math notation,2,1,-0.06801856937818229,-0.034009284689091146,0.0043830242208076535
54^\circ,math notation,1,1,-0.03402803058270365,-0.03402803058270365,0.0
\(ae\),math notation,1,1,-0.0340321158291772,-0.0340321158291772,0.0
\frac{6}{4},math notation,2,2,-0.06806453020544723,-0.03403226510272361,0.007181678497475393
c/a,math notation,1,1,-0.03406829247251153,-0.03406829247251153,0.0
8i)(30,math notation,1,1,-0.03411717899143696,-0.03411717899143696,0.0
110,number,3,2,-0.10252363281324506,-0.034174544271081686,0.010611848156784214
\(m,math notation,9,8,-0.3076546441297978,-0.03418384934775531,0.005480620739350612
$\frac{1}{a},math notation,1,1,-0.03419121587648988,-0.03419121587648988,0.0
kb/s,math notation,4,1,-0.13685743417590857,-0.03421435854397714,0.01653921306381883
interpret,other word,1,1,-0.03421470522880554,-0.03421470522880554,0.0
pot,other word,2,1,-0.06848995760083199,-0.03424497880041599,0.017180502933868955
\sqrt{36,math notation,1,1,-0.034274954348802567,-0.034274954348802567,0.0
$1^2,math notation,1,1,-0.034283424727618694,-0.034283424727618694,0.0
\text{area},math notation,5,5,-0.17144550709053874,-0.034289101418107745,0.011171916979797684
lumberjack,other word,1,1,-0.034370407462120056,-0.034370407462120056,0.0
91^{2,math notation,1,1,-0.034504106268286705,-0.034504106268286705,0.0
\boxed{58/3},math notation,1,1,-0.03456026082858443,-0.03456026082858443,0.0
100$,math notation,1,1,-0.034588450100272894,-0.034588450100272894,0.0
$8,math notation,2,2,-0.06920600682497025,-0.03460300341248512,0.007051418002785605
\(\sin^2,math notation,3,2,-0.10381978744408116,-0.03460659581469372,0.013798783325095714
probability,other word,88,50,-3.045862024417147,-0.034612068459285765,0.0067211697669422735
\(bc,math notation,3,3,-0.10384628269821405,-0.034615427566071354,0.009282661254081793
x}{2,math notation,4,4,-0.13862745324149728,-0.03465686331037432,0.005484203653202124
10\),math notation,10,9,-0.34722783241886646,-0.03472278324188664,0.01635170444154064
20t,number,1,1,-0.03477952256798744,-0.03477952256798744,0.0
x^2$$,math notation,1,1,-0.03484265645965934,-0.03484265645965934,0.0
\[7^1,math notation,1,1,-0.035015254747122526,-0.035015254747122526,0.0
$f(1,math notation,1,1,-0.035048353020101786,-0.035048353020101786,0.0
basil,other word,1,1,-0.03505585715174675,-0.03505585715174675,0.0
x_1)^2,math notation,1,1,-0.03509341040626168,-0.03509341040626168,0.0
\frac{6}{30},math notation,1,1,-0.03519143513403833,-0.03519143513403833,0.0
flips,other word,2,2,-0.0704217990860343,-0.03521089954301715,0.0028949665961758436
\frac{\theta}{360^\circ},math notation,2,1,-0.0704635315341875,-0.03523176576709375,0.02596689031681816
$f$,math notation,1,1,-0.03523751813918352,-0.03523751813918352,0.0
\frac{10}{8},math notation,1,1,-0.035243861842900515,-0.035243861842900515,0.0
\text{current,math notation,1,1,-0.03525028005242348,-0.03525028005242348,0.0
6-1)d,math notation,1,1,-0.035327565274201334,-0.035327565274201334,0.0
9^2,math notation,1,1,-0.03533228114247322,-0.03533228114247322,0.0
contain,other word,2,2,-0.07066726428456604,-0.03533363214228302,0.026045488879775883
noting,other word,1,1,-0.035333722829818726,-0.035333722829818726,0.0
x^{2,math notation,2,1,-0.07069377321749926,-0.03534688660874963,0.01636666803327559
\(2,math notation,13,12,-0.4595748010324314,-0.03535190777172549,0.015581819561525004
x_{i+1,math notation,3,2,-0.10606966976774856,-0.03535655658924952,0.017592153816105953
\(1,math notation,9,8,-0.3188893425394781,-0.03543214917105312,0.016322882651509683
9f\left(-\frac{1}{2}\right),math notation,1,1,-0.03543596272356808,-0.03543596272356808,0.0
272,number,1,1,-0.035500310361385345,-0.035500310361385345,0.0
ax^{2,math notation,1,1,-0.0355260563082993,-0.0355260563082993,0.0
x^2,math notation,18,11,-0.6408070279867388,-0.03560039044370771,0.010821212741005165
harvests/year,math notation,2,2,-0.07134348526597023,-0.035671742632985115,0.01648212043442033
\frac{36}{36},math notation,1,1,-0.035709686344489455,-0.035709686344489455,0.0
\((b-c)^2,math notation,1,1,-0.0357573289074935,-0.0357573289074935,0.0
1^2$,math notation,1,1,-0.0357757736928761,-0.0357757736928761,0.0
108^\circ,math notation,1,1,-0.035788347478955984,-0.035788347478955984,0.0
\frac{729,math notation,1,1,-0.035796816227957606,-0.035796816227957606,0.0
rick,other word,9,5,-0.323197228834033,-0.03591080320378145,0.05051688716862724
rightmost,other word,5,4,-0.17962974775582552,-0.035925949551165105,0.018457151288478024
\geq,math notation,14,8,-0.5037619976210408,-0.035982999830074344,0.012656870521136978
|h,math notation,4,3,-0.1440881760790944,-0.0360220440197736,0.013745133262423468
\(ae,math notation,2,2,-0.07204960798844695,-0.036024803994223475,0.00800444138886105
\frac{cd}{ad},math notation,1,1,-0.036034372402355075,-0.036034372402355075,0.0
3d\),math notation,1,1,-0.036035435972735286,-0.036035435972735286,0.0
there's,other word,2,2,-0.07209169119596481,-0.03604584559798241,0.016238221890443848
page,other word,1,1,-0.03607439622282982,-0.03607439622282982,0.0
-5x^5,math notation,1,1,-0.03608738072216511,-0.03608738072216511,0.0
\(t,math notation,5,5,-0.18182598776184022,-0.03636519755236804,0.018127267406309988
match,other word,5,5,-0.18195638991892338,-0.03639127798378468,0.030106844880675394
r\),math notation,1,1,-0.03640351817011833,-0.03640351817011833,0.0
3\sqrt{3},math notation,2,2,-0.07288777397479862,-0.03644388698739931,0.007740886073342896
semi-automatic,other word,9,4,-0.3284859671257436,-0.03649844079174929,0.017643801163364125
\(\mathbf{a}^t,math notation,2,1,-0.07312012242618948,-0.03656006121309474,0.001155004913574307
600,number,6,5,-0.21939974138513207,-0.03656662356418868,0.0200396823677767
m_2,math notation,1,1,-0.03660848969593644,-0.03660848969593644,0.0
\sqrt{\log_2,math notation,1,1,-0.03665004228241742,-0.03665004228241742,0.0
\sqrt{b^2,math notation,5,5,-0.18349744903389364,-0.03669948980677873,0.016458047569316653
denote,other word,24,24,-0.8816514920908958,-0.03673547883712066,0.015491575287357779
\frac{42}{9},math notation,1,1,-0.0367414893116802,-0.0367414893116802,0.0
stop,other word,1,1,-0.03675524517893791,-0.03675524517893791,0.0
2^3,math notation,13,11,-0.4778182008303702,-0.036755246217720784,0.011792559805987972
\frac{-16,math notation,3,1,-0.11031613755039871,-0.036772045850132905,0.00561310389732654
27\),math notation,1,1,-0.036812637001276016,-0.036812637001276016,0.0
$\frac{1}{b},math notation,1,1,-0.036828243639320135,-0.036828243639320135,0.0
(3\sqrt{2})^2,math notation,1,1,-0.03690601733978838,-0.03690601733978838,0.0
"r_{1,2",math notation,4,1,-0.14791892713401467,-0.036979731783503667,0.010285604778512902
g_l,math notation,4,4,-0.14804231916787103,-0.03701057979196776,0.00747929568939331
\frac{5,math notation,4,4,-0.14821553719229996,-0.03705388429807499,0.0009936811262044572
bcd,other word,2,2,-0.07421181397512555,-0.037105906987562776,0.012305372521438415
3^{2022,math notation,1,1,-0.03715802903752774,-0.03715802903752774,0.0
mind,other word,1,1,-0.0372002050280571,-0.0372002050280571,0.0
\(\sqrt{2011}\),math notation,1,1,-0.037241943180561066,-0.037241943180561066,0.0
|h|,math notation,2,2,-0.0745014795102179,-0.03725073975510895,0.010022201675712609
\frac{20+20}{2},math notation,1,1,-0.0372600790578872,-0.0372600790578872,0.0
square,other word,55,36,-2.0520091445650905,-0.03730925717391074,0.008963068692365506
23\),math notation,1,1,-0.03732226975262165,-0.03732226975262165,0.0
10^2,math notation,1,1,-0.037386851385235786,-0.037386851385235786,0.0
2m,number,6,4,-0.22441688471008092,-0.03740281411834682,0.033045680605895224
express,other word,12,11,-0.44908282533288,-0.03742356877774,0.022284204722454536
emil,other word,9,4,-0.33697154419496655,-0.037441282688329615,0.017851023819666127
21\],math notation,1,1,-0.03756996523588896,-0.03756996523588896,0.0
-\frac{12}{37},math notation,2,1,-0.07516520912759006,-0.03758260456379503,0.02621067966588341
3\left(\frac{49}{20}\right),math notation,1,1,-0.037620844901539385,-0.037620844901539385,0.0
\binom{n}{k},math notation,1,1,-0.03768187155947089,-0.03768187155947089,0.0
\[10(3),math notation,1,1,-0.037687722593545914,-0.037687722593545914,0.0
slices,other word,13,6,-0.49001302290707827,-0.03769330945439064,0.01151626857227345
\(5x,math notation,1,1,-0.03769389819353819,-0.03769389819353819,0.0
r_1\),math notation,2,2,-0.07539541786536574,-0.03769770893268287,0.010190267173233609
4n,number,14,11,-0.5279380049323663,-0.03770985749516902,0.006297764400778965
3pd,number,2,1,-0.0755372301209718,-0.0377686150604859,0.008607086087146226
4.5\),math notation,1,1,-0.03778045205399394,-0.03778045205399394,0.0
\left|,math notation,6,4,-0.22673453926108778,-0.03778908987684796,0.008943359222642559
kangaroo,other word,3,1,-0.11343394964933395,-0.037811316549777985,0.012836655181396574
y_2}{2}\right),math notation,1,1,-0.037814747309312224,-0.037814747309312224,0.0
180x,number,2,2,-0.0757162244990468,-0.0378581122495234,0.01285182896753155
4800,number,12,10,-0.45464213471859694,-0.03788684455988308,0.0058926380674289465
\frac{c}{a},math notation,1,1,-0.03792061610147357,-0.03792061610147357,0.0
grade,other word,6,5,-0.22754249908030033,-0.037923749846716724,0.014067672514943884
\frac{0,math notation,2,2,-0.07593515003100038,-0.03796757501550019,0.008288148948345085
2.7,number,1,1,-0.03800370916724205,-0.03800370916724205,0.0
multiplied,other word,1,1,-0.03803785890340805,-0.03803785890340805,0.0
trees,other word,5,3,-0.19023311650380492,-0.03804662330076099,0.03266275213389668
\frac{7,math notation,2,1,-0.07612181990407407,-0.038060909952037036,0.0027580104942577658
tens,other word,9,6,-0.3431837616953999,-0.038131529077266656,0.013259448659421181
460,number,1,1,-0.038166917860507965,-0.038166917860507965,0.0
look,other word,5,5,-0.19110009912401438,-0.03822001982480287,0.02132223759228052
$b$,math notation,4,4,-0.1530021980870515,-0.03825054952176288,0.023874385762937156
10+12,math notation,1,1,-0.038257891312241554,-0.038257891312241554,0.0
\((\pm,math notation,1,1,-0.03829589288216084,-0.03829589288216084,0.0
ace,other word,6,4,-0.22980433702468872,-0.03830072283744812,0.036616400285521114
half,other word,24,19,-0.9193978201365098,-0.03830824250568791,0.01395321205254845
net,other word,1,1,-0.03833847492933273,-0.03833847492933273,0.0
r_1,math notation,3,2,-0.11519907740876079,-0.03839969246958693,0.008938672384947317
\frac{\text{initial,math notation,1,1,-0.0384145884308964,-0.0384145884308964,0.0
7y,number,1,1,-0.038416557013988495,-0.038416557013988495,0.0
\(k\),math notation,7,6,-0.2693611067952588,-0.0384801581136084,0.016291258441210005
240i,number,5,1,-0.19263902946840972,-0.038527805893681946,0.002002142508999915
\(6,math notation,4,4,-0.1541293729096651,-0.03853234322741628,0.00869315096485151
-210,number,1,1,-0.03854610025882721,-0.03854610025882721,0.0
-95,number,1,1,-0.038549880497157574,-0.038549880497157574,0.0
68,number,2,2,-0.0771070048213005,-0.03855350241065025,0.003928760630791498
f(1,math notation,2,2,-0.07719189021736383,-0.03859594510868192,0.018594327198973245
500,number,6,5,-0.23175299167633057,-0.03862549861272176,0.013819472180545522
\frac{1}{9}$,math notation,1,1,-0.03865708177909255,-0.03865708177909255,0.0
6p_3,math notation,3,3,-0.11602512979879975,-0.038675043266266584,0.009506216099493505
2}{4,math notation,1,1,-0.0387021474307403,-0.0387021474307403,0.0
\frac{17}{145},math notation,1,1,-0.03870245942380279,-0.03870245942380279,0.0
bars,other word,1,1,-0.038732798770070076,-0.038732798770070076,0.0
$ae,math notation,1,1,-0.038738274946808815,-0.038738274946808815,0.0
9a,number,1,1,-0.038810085505247116,-0.038810085505247116,0.0
2s,number,1,1,-0.03884243406355381,-0.03884243406355381,0.0
3^3,math notation,4,4,-0.1554250312037766,-0.03885625780094415,0.012731762795604465
"i(6,3",math notation,2,2,-0.07776286778971553,-0.038881433894857764,0.03333606184812891
slope,other word,7,5,-0.27227822691202164,-0.03889688955886023,0.011135734151591142
degrees,other word,2,2,-0.07801854982972145,-0.039009274914860725,0.01897949374735189
\dfrac{7,math notation,1,1,-0.03908284904900938,-0.03908284904900938,0.0
sequence's,other word,1,1,-0.03914910345338285,-0.03914910345338285,0.0
\(7x,math notation,1,1,-0.039177414029836655,-0.039177414029836655,0.0
\sqrt{3})^2,math notation,1,1,-0.03918946266639978,-0.03918946266639978,0.0
exponential,other word,1,1,-0.039198458194732666,-0.039198458194732666,0.0
divisible,other word,43,20,-1.6882504957611673,-0.039261639436306214,0.008122785054961322
variable,other word,3,3,-0.11790363490581512,-0.039301211635271706,0.051459152901017303
fall,other word,1,1,-0.03930744528770447,-0.03930744528770447,0.0
\[n,math notation,5,2,-0.19688059040345252,-0.039376118080690505,0.006864415799603749
cal,other word,5,4,-0.19694815715774894,-0.03938963143154979,0.016590833604978452
15$,math notation,1,1,-0.039408667013049126,-0.039408667013049126,0.0
m$,math notation,1,1,-0.03941189497709274,-0.03941189497709274,0.0
\(x^2\),math notation,1,1,-0.03942409920273349,-0.03942409920273349,0.0
dwarf,other word,4,2,-0.1582106426358223,-0.039552660658955574,0.030304715089560195
$(x^n,math notation,1,1,-0.03960516396909952,-0.03960516396909952,0.0
2037171,number,1,1,-0.03967819036915898,-0.03967819036915898,0.0
travels,other word,19,10,-0.7540813032537699,-0.03968848964493526,0.009908863263542005
4x4,number,1,1,-0.03969678352586925,-0.03969678352586925,0.0
350,number,1,1,-0.03973204642534256,-0.03973204642534256,0.0
d^2,math notation,2,2,-0.07949424395337701,-0.039747121976688504,0.005345928490998941
\sqrt{8261},math notation,1,1,-0.03979712713044137,-0.03979712713044137,0.0
0.20,number,4,4,-0.1592178945429623,-0.03980447363574058,0.016120613029156163
5-dollar,number,4,2,-0.15937636326998472,-0.03984409081749618,0.00970070858593346
cdb,other word,3,3,-0.11956517957150936,-0.039855059857169785,0.027395404372613938
2x^2,math notation,2,2,-0.0797185820993036,-0.0398592910496518,0.028461556147482248
computer,other word,2,1,-0.0797436460852623,-0.03987182304263115,0.016836167132801998
\frac{r^2,math notation,1,1,-0.039887849474325776,-0.039887849474325776,0.0
\sqrt{16,math notation,2,2,-0.07985244604060426,-0.03992622302030213,0.0028267007406049876
2^n,math notation,4,3,-0.15995306614786386,-0.039988266536965966,0.012405841542498177
balloons,other word,28,9,-1.11978316353634,-0.03999225584058357,0.010363097492824465
c_n,math notation,2,2,-0.07998662337195128,-0.03999331168597564,0.029029399608493732
5^2,math notation,14,13,-0.5601108925184235,-0.040007920894173106,0.011052471276665565
median,other word,16,9,-0.6402395674958825,-0.04001497296849266,0.019763193143993843
twelfth,other word,1,1,-0.04008397459983826,-0.04008397459983826,0.0
$$y,math notation,3,2,-0.12032632867339998,-0.04010877622446666,0.04364465202471915
write,other word,9,9,-0.36122426437214017,-0.04013602937468224,0.012111266149915754
vertices,other word,10,7,-0.40197142073884606,-0.040197142073884605,0.021972924039816336
\(2a,math notation,1,1,-0.040203023701906204,-0.040203023701906204,0.0
1.024,number,1,1,-0.04022797511424869,-0.04022797511424869,0.0
a^b,math notation,1,1,-0.04023486888036132,-0.04023486888036132,0.0
$120,math notation,2,1,-0.08056215662509203,-0.040281078312546015,0.006800232334556042
$150,math notation,1,1,-0.040313031524419785,-0.040313031524419785,0.0
curve,other word,1,1,-0.040555745363235474,-0.040555745363235474,0.0
coordinates,other word,7,4,-0.2840494615957141,-0.040578494513673444,0.024437983834283878
0.1,number,4,3,-0.1627488899976015,-0.04068722249940038,0.023624933524866765
\(40\%,math notation,1,1,-0.040710420813411474,-0.040710420813411474,0.0
$n=11$,math notation,1,1,-0.04073528293520212,-0.04073528293520212,0.0
2^9,math notation,1,1,-0.04074462957214564,-0.04074462957214564,0.0
\,math notation,12,4,-0.4889403759734705,-0.04074503133112254,0.006815372675166058
\(y,math notation,13,10,-0.530672395019792,-0.04082095346306092,0.012538094528378898
-2\],math notation,1,1,-0.04088642634451389,-0.04088642634451389,0.0
92,number,4,4,-0.163652241230011,-0.04091306030750275,0.0048746186730806475
\(s,math notation,2,2,-0.08188754867296666,-0.04094377433648333,0.021289366309129643
\frac{104}{3},math notation,1,1,-0.04110324312932789,-0.04110324312932789,0.0
x_2}{2,math notation,1,1,-0.041175270453095436,-0.041175270453095436,0.0
90^\circ$,math notation,1,1,-0.04119833465665579,-0.04119833465665579,0.0
0.2,number,3,3,-0.12374504376202822,-0.041248347920676075,0.029803127236772396
\(20^4,math notation,4,4,-0.16524960251990706,-0.041312400629976764,0.04629666688594062
\[10,math notation,1,1,-0.041314753238111734,-0.041314753238111734,0.0
\sqrt{(2)^2,math notation,1,1,-0.041379710542969406,-0.041379710542969406,0.0
1296n,number,2,1,-0.08279725769534707,-0.041398628847673535,0.015855977139410993
\frac{1}{32},math notation,1,1,-0.04143512900918722,-0.04143512900918722,0.0
\log_x,math notation,2,1,-0.08290139446035028,-0.04145069723017514,0.00489097466402036
m_1,math notation,1,1,-0.04146395716816187,-0.04146395716816187,0.0
\frac{2187}{9,math notation,1,1,-0.041478686849586666,-0.041478686849586666,0.0
down,other word,59,59,-2.4552150468807667,-0.0416138143539113,0.007643471981878666
grows,other word,1,1,-0.04162384569644928,-0.04162384569644928,0.0
$\triangle,math notation,3,2,-0.12493659683968872,-0.04164553227989624,0.033634819623938196
salad,other word,1,1,-0.0416597556322813,-0.0416597556322813,0.0
\[(3-6),math notation,1,1,-0.04170043091289699,-0.04170043091289699,0.0
4x,number,7,6,-0.2921963455155492,-0.04174233507364988,0.021103012705640033
\text{revenue},math notation,1,1,-0.04177232179790735,-0.04177232179790735,0.0
a_1x,math notation,1,1,-0.04180920426733792,-0.04180920426733792,0.0
$250,math notation,3,2,-0.12543078139424324,-0.04181026046474775,0.0036740164236898683
notation,other word,1,1,-0.04181639850139618,-0.04181639850139618,0.0
first,other word,321,277,-13.453924339497462,-0.04191253688316966,0.006489100918899922
\$4,math notation,2,2,-0.0839110198430717,-0.04195550992153585,0.031235408917696293
arrangements}}{\text{total,math notation,1,1,-0.04200131259858608,-0.04200131259858608,0.0
plan,other word,1,1,-0.042043790221214294,-0.042043790221214294,0.0
y^2,math notation,2,2,-0.08409314672462642,-0.04204657336231321,0.011460186704043826
formulas,other word,6,5,-0.25228405371308327,-0.04204734228551388,0.018420515586479086
\frac{\frac{25}{3}}{\frac{125}{9}},math notation,1,1,-0.042078273138031363,-0.042078273138031363,0.0
56,number,11,11,-0.4631431441521272,-0.04210392219564793,0.03746894383581565
\frac{\text{number,math notation,3,3,-0.1264640357112512,-0.04215467857041707,0.0113372822633203
\frac{1,math notation,4,2,-0.1686204537982121,-0.04215511344955303,0.011172145509162297
$4.80,math notation,2,1,-0.08440138399600983,-0.04220069199800491,0.030594748996825242
145,number,1,1,-0.042228132486343384,-0.042228132486343384,0.0
\((x_1,math notation,2,2,-0.08454996487125754,-0.04227498243562877,0.041960514824085464
4(-50,math notation,1,1,-0.042333468329161406,-0.042333468329161406,0.0
\(2^n\),math notation,1,1,-0.042368900729343295,-0.042368900729343295,0.0
19^{20,math notation,1,1,-0.042411434929817915,-0.042411434929817915,0.0
a^2)^2,math notation,1,1,-0.04252663068473339,-0.04252663068473339,0.0
$6000,math notation,2,2,-0.08506758511066437,-0.042533792555332184,0.032474282437812495
pet,other word,1,1,-0.04262369126081467,-0.04262369126081467,0.0
\frac{0+20}{2},math notation,1,1,-0.042692173505201936,-0.042692173505201936,0.0
f(n)^2,math notation,1,1,-0.04272261424921453,-0.04272261424921453,0.0
\frac{r}{97},math notation,3,3,-0.1285335854627192,-0.042844528487573065,0.0268539625588014
1800,number,3,2,-0.12865261174738407,-0.04288420391579469,0.012360416504402142
\text{area,math notation,2,2,-0.08583007077686489,-0.04291503538843244,0.046718493214314226
6\sqrt{5},math notation,2,1,-0.08588620705995709,-0.042943103529978544,0.0009066726775388199
1600,number,2,2,-0.08593708649277687,-0.042968543246388435,0.0018270513949680807
\sqrt{32400,math notation,1,1,-0.04298136895522475,-0.04298136895522475,0.0
\text{rent},math notation,1,1,-0.04300541989505291,-0.04300541989505291,0.0
\(5,math notation,4,4,-0.17215412110090256,-0.04303853027522564,0.021140656302612484
hope,other word,6,6,-0.25833897199481726,-0.043056495332469545,0.012292806386670515
90,number,8,7,-0.3444535480812192,-0.0430566935101524,0.017251097994490594
\frac{5}{4},math notation,1,1,-0.04318413254804909,-0.04318413254804909,0.0
\(\{1,math notation,5,5,-0.21598181035369635,-0.04319636207073927,0.013103077163013075
22}{120,math notation,1,1,-0.04322964767925441,-0.04322964767925441,0.0
2^\circ,math notation,1,1,-0.04324132576584816,-0.04324132576584816,0.0
0.9,number,2,2,-0.08662699349224567,-0.04331349674612284,0.03884450134299627
\(x,math notation,29,19,-1.2562636260408908,-0.043319435380720375,0.010043284592885806
2\sqrt{3},math notation,2,2,-0.08676080364966765,-0.043380401824833825,0.016957126427179097
$8.00,math notation,1,1,-0.04347068537026644,-0.04347068537026644,0.0
\(92,math notation,1,1,-0.04348484519869089,-0.04348484519869089,0.0
\(x^5\),math notation,1,1,-0.04352440976072103,-0.04352440976072103,0.0
arc,other word,7,4,-0.3046811521053314,-0.043525878872190206,0.02205930917788924
arithmetic,other word,15,11,-0.6536172847263515,-0.043574485648423436,0.014665243747186998
e[x_n,math notation,1,1,-0.04359211307018995,-0.04359211307018995,0.0
$0.02,math notation,1,1,-0.04364985623396933,-0.04364985623396933,0.0
4ac}}{2a}\),math notation,2,2,-0.08733085880521685,-0.043665429402608424,0.04185587765823629
squaring,other word,3,2,-0.1314706695266068,-0.04382355650886893,0.03244831984555683
\cdots\],math notation,1,1,-0.04386340407654643,-0.04386340407654643,0.0
15}{2,math notation,1,1,-0.04387033497914672,-0.04387033497914672,0.0
100(x^2,math notation,1,1,-0.043915832648053765,-0.043915832648053765,0.0
$3.00,math notation,6,3,-0.26393106137402356,-0.04398851022900393,0.016075676233710555
vectors,other word,2,2,-0.08804649021476507,-0.044023245107382536,0.013394442641784484
$t$,math notation,1,1,-0.04404256399720907,-0.04404256399720907,0.0
t_{6,math notation,1,1,-0.044135358883067966,-0.044135358883067966,0.0
c\),math notation,7,7,-0.3094688323326409,-0.044209833190377266,0.02908884960789488
$bcd$,math notation,2,1,-0.08842645958065987,-0.04421322979032993,0.007343052627148353
\frac{b-1}{96},math notation,1,1,-0.04432061332045123,-0.04432061332045123,0.0
3/5,math notation,1,1,-0.044320784974843264,-0.044320784974843264,0.0
\(t\),math notation,7,6,-0.3104262067936361,-0.04434660097051944,0.04629830318250274
rectangle,other word,3,3,-0.1334525200072676,-0.04448417333575586,0.02000519395948154
\frac{2}{5},math notation,9,4,-0.40056891384301707,-0.044507657093668565,0.02117939029544603
48i,number,1,1,-0.044519039802253246,-0.044519039802253246,0.0
144a^2,math notation,1,1,-0.04456552863121033,-0.04456552863121033,0.0
desktop,other word,11,4,-0.49051850382238626,-0.04459259125658057,0.012309165950488666
80y}{x,math notation,1,1,-0.044635994476266205,-0.044635994476266205,0.0
24\],math notation,1,1,-0.04466398525983095,-0.04466398525983095,0.0
together,other word,20,20,-0.8946418433915824,-0.044732092169579116,0.02490675946479253
cylinder,other word,7,3,-0.3133014151826501,-0.04475734502609287,0.015275634848220256
v^2,math notation,11,10,-0.4931153133511543,-0.04482866485010494,0.004412429858093558
-\tan,math notation,1,1,-0.044833140447735786,-0.044833140447735786,0.0
5}$,math notation,2,2,-0.08977460535243154,-0.04488730267621577,0.011641509608009233
$t=9$,math notation,1,1,-0.04489318560808897,-0.04489318560808897,0.0
leap,other word,1,1,-0.044916946440935135,-0.044916946440935135,0.0
(\(8\)),math notation,1,1,-0.0449286091607064,-0.0449286091607064,0.0
5^3,math notation,1,1,-0.04500876693055034,-0.04500876693055034,0.0
13\),math notation,5,5,-0.22511258977465332,-0.04502251795493066,0.034863400749924014
arrange,other word,5,3,-0.22513933572918177,-0.045027867145836356,0.05193968289868032
\[\frac{8}{12},math notation,1,1,-0.04506672220304608,-0.04506672220304608,0.0
\sqrt{4^2,math notation,2,2,-0.09024116524960846,-0.04512058262480423,0.002156029896949848
72$,math notation,1,1,-0.045141225680708885,-0.045141225680708885,0.0
1000,number,9,9,-0.4063137276098132,-0.04514596973442369,0.025122900044871457
-\csc^2,math notation,1,1,-0.04515446734149009,-0.04515446734149009,0.0
\div,math notation,14,9,-0.6324281609850004,-0.045173440070357174,0.012138364815085298
8.33,number,3,3,-0.13568002311512828,-0.04522667437170943,0.0058551353019281336
88^\circ,math notation,1,1,-0.04525845288299024,-0.04525845288299024,0.0
charlie,other word,7,5,-0.3170674950815737,-0.04529535644022482,0.020249614130713627
handle,other word,1,1,-0.045304056257009506,-0.045304056257009506,0.0
"\(4a5,b32\)",math notation,4,3,-0.1812185572925955,-0.045304639323148876,0.026762443879875423
\[r,math notation,4,2,-0.18132503889501095,-0.04533125972375274,0.019776253093632006
feet}}{2,math notation,1,1,-0.04544208385050297,-0.04544208385050297,0.0
g_t,math notation,3,3,-0.13637392362579703,-0.045457974541932344,0.008861856201802904
looking,other word,8,8,-0.36376106459647417,-0.04547013307455927,0.01271881900096167
2(10,math notation,1,1,-0.04560627229511738,-0.04560627229511738,0.0
3b,number,4,4,-0.18256495730020106,-0.045641239325050265,0.013286695005695381
65537,number,1,1,-0.04566160403192043,-0.04566160403192043,0.0
6\),math notation,18,15,-0.8222528607584536,-0.04568071448658076,0.021994400042652688
\frac{5}{12},math notation,2,2,-0.09137095313053578,-0.04568547656526789,0.034605667129731725
factored,other word,4,4,-0.18275448842905462,-0.045688622107263654,0.03203932998156128
\$737,math notation,1,1,-0.04573202412575483,-0.04573202412575483,0.0
2g_l,math notation,1,1,-0.045791251584887505,-0.045791251584887505,0.0
$2,math notation,2,2,-0.0917923825327307,-0.04589619126636535,0.04477845336247803
\log_{5}(5),math notation,1,1,-0.04589985101483762,-0.04589985101483762,0.0
5$$,math notation,1,1,-0.04594055190682411,-0.04594055190682411,0.0
she'll,other word,4,3,-0.18377527967095375,-0.04594381991773844,0.05090855872103696
\frac{108^\circ}{2},math notation,1,1,-0.04595339566003531,-0.04595339566003531,0.0
\(\overline{bd}\),math notation,1,1,-0.045992364874109626,-0.045992364874109626,0.0
anti-pascal,other word,2,2,-0.09206806123256683,-0.04603403061628342,0.04179797797234511
pounds/week,math notation,2,2,-0.09207530645653605,-0.04603765322826803,0.0013162347191024476
n_a,math notation,5,2,-0.23092257836833596,-0.046184515673667194,0.004191250475757641
5040\),math notation,1,1,-0.04619335196912289,-0.04619335196912289,0.0
\(de\),math notation,1,1,-0.046213393565267324,-0.046213393565267324,0.0
3x,number,9,8,-0.4161338615231216,-0.04623709572479129,0.014746584890305729
\frac{25}{4,math notation,4,1,-0.18591653322800994,-0.046479133307002485,0.003780495555588922
$x,math notation,4,3,-0.1860359087586403,-0.04650897718966007,0.016438576006612606
carrots,other word,3,2,-0.1396538452245295,-0.04655128174150983,0.019311685482192528
$de$,math notation,9,3,-0.41918648150749505,-0.046576275723055005,0.017831700596883444
2^a,math notation,1,1,-0.046656415332108736,-0.046656415332108736,0.0
g^2,math notation,3,2,-0.13998381071723998,-0.04666127023907999,0.01466708684048183
\frac{de}{ab},math notation,1,1,-0.0466704944265075,-0.0466704944265075,0.0
5}{81,math notation,1,1,-0.04667799058370292,-0.04667799058370292,0.0
\[area,math notation,1,1,-0.04682704247534275,-0.04682704247534275,0.0
\(2^{x^2}\),math notation,1,1,-0.04684595391154289,-0.04684595391154289,0.0
estimate,other word,1,1,-0.04686883091926575,-0.04686883091926575,0.0
pyramid,other word,1,1,-0.04689273238182068,-0.04689273238182068,0.0
\equiv,math notation,8,7,-0.3753575616283342,-0.04691969520354178,0.01109520300735361
3}{43,math notation,1,1,-0.04698058124631643,-0.04698058124631643,0.0
lemons/year,math notation,2,2,-0.09408340835943818,-0.04704170417971909,0.0316989277745457
\frac{4}{6},math notation,1,1,-0.047143176780082285,-0.047143176780082285,0.0
\(\frac{1}{8}\),math notation,1,1,-0.0471574270632118,-0.0471574270632118,0.0
3^2,math notation,18,17,-0.8510907869786024,-0.047282821498811245,0.009139423183090073
integers,other word,35,26,-1.6620176737196743,-0.04748621924913355,0.01239322860477935
\(u\),math notation,9,5,-0.4278985590208322,-0.04754428433564802,0.009277180344674788
-f(-2,math notation,3,1,-0.14275553287006915,-0.04758517762335638,0.0034446929962223365
16$,math notation,1,1,-0.047609470784664154,-0.047609470784664154,0.0
\(4b^2,math notation,1,1,-0.0476760845631361,-0.0476760845631361,0.0
crosses,other word,1,1,-0.04769861698150635,-0.04769861698150635,0.0
5^2\),math notation,3,3,-0.14311610348522663,-0.047705367828408875,0.034157432301452476
g^4,math notation,1,1,-0.04770676139742136,-0.04770676139742136,0.0
braylen,other word,2,2,-0.0954429442062974,-0.0477214721031487,0.013418513760640273
2a^2b^2,math notation,2,2,-0.09545673406682909,-0.04772836703341454,0.009913711818696585
buttons,other word,17,6,-0.8122343844734132,-0.04777849320431843,0.013087432479710013
g_w,math notation,5,5,-0.23908263759221882,-0.047816527518443765,0.011856180856710256
isosceles,other word,6,6,-0.2869484229013324,-0.04782473715022206,0.014917796483957994
$n,math notation,2,2,-0.09571276791393757,-0.047856383956968784,0.006467981154482823
a(b+c,math notation,1,1,-0.04786797252018005,-0.04786797252018005,0.0
\(b\),math notation,25,23,-1.1967903482727706,-0.04787161393091083,0.020761456790515827
given,other word,165,153,-7.900303500937298,-0.04788062727840787,0.004926904768652809
"$(2,12)$",math notation,1,1,-0.04792174487374723,-0.04792174487374723,0.0
\frac{5}{16},math notation,2,2,-0.09593604295514524,-0.04796802147757262,0.01696759722311747
horizontal,other word,2,2,-0.09606438875198364,-0.04803219437599182,0.09631934140356806
sector,other word,5,3,-0.240197429433465,-0.048039485886693004,0.02653947441043347
\sqrt{25},math notation,1,1,-0.04807025217451155,-0.04807025217451155,0.0
we'd,other word,2,2,-0.09635590389370918,-0.04817795194685459,0.06526182264427123
\[81,math notation,4,4,-0.19285235018469393,-0.04821308754617348,0.007330140750617764
1)}{2,math notation,1,1,-0.048247236059978604,-0.048247236059978604,0.0
\frac{20,math notation,7,4,-0.3378059871029109,-0.0482579981575587,0.008053305108828498
$a=1$,math notation,1,1,-0.048263522796332836,-0.048263522796332836,0.0
\frac{102}{870},math notation,1,1,-0.04827972874045372,-0.04827972874045372,0.0
cosine,other word,4,3,-0.19335304759442806,-0.048338261898607016,0.01441894572956622
*,math notation,46,36,-2.2256010537967086,-0.04838263160427627,0.004691672462889943
stars,other word,1,1,-0.04852903261780739,-0.04852903261780739,0.0
\frac{25}{16},math notation,2,1,-0.09706246768473648,-0.04853123384236824,0.002100612790086903
0)$,math notation,1,1,-0.04855340835638344,-0.04855340835638344,0.0
\(3\),math notation,11,7,-0.5347942815860733,-0.0486176619623703,0.039321430034106646
then,other word,96,90,-4.669132060371339,-0.04863679229553478,0.009338303529028138
cbd,other word,5,4,-0.24323607189580798,-0.0486472143791616,0.024949286539489704
374,number,2,2,-0.09738751803524792,-0.04869375901762396,0.033829804358217995
formula,other word,51,42,-2.4847144852392375,-0.04871989186743603,0.008918785434943254
next,other word,115,103,-5.6054662256501615,-0.04874318457087097,0.010102066210253825
\log_{2,math notation,1,1,-0.04874539887532592,-0.04874539887532592,0.0
7r,number,2,2,-0.09750921279191971,-0.048754606395959854,0.00018822255709358889
\[m,math notation,2,2,-0.09752592258155346,-0.04876296129077673,0.010346476400069016
\left(\frac{25}{4}\right)^4,math notation,2,1,-0.09767246386036277,-0.048836231930181384,0.002416856039390824
\frac{4,math notation,1,1,-0.04884699685499072,-0.04884699685499072,0.0
\log_{5}(2-1),math notation,1,1,-0.04890930338297039,-0.04890930338297039,0.0
b-c)^2,math notation,1,1,-0.04896277195075527,-0.04896277195075527,0.0
5c,number,20,13,-0.9795458490261808,-0.04897729245130904,0.011021284180650369
such,other word,40,38,-1.9631380375940353,-0.04907845093985088,0.008634182147639138
\(19xy\),math notation,1,1,-0.049184743547812104,-0.049184743547812104,0.0
-20,number,2,1,-0.09841567929834127,-0.04920783964917064,0.0003738092897938319
\frac{2}{4},math notation,3,2,-0.14800720196217299,-0.049335733987390995,0.009141257740070876
\text{percentage,math notation,1,1,-0.04936916893348098,-0.04936916893348098,0.0
$(751-745,math notation,1,1,-0.04942008084617555,-0.04942008084617555,0.0
\|\mathbf{c}\|^2,math notation,1,1,-0.049478803179226816,-0.049478803179226816,0.0
\(\mathbf{b},math notation,3,2,-0.1484696678526234,-0.0494898892842078,0.026529012190308017
cm}\],math notation,1,1,-0.04949234984815121,-0.04949234984815121,0.0
ashley's,other word,2,2,-0.09902298450469971,-0.049511492252349854,0.0744660028873171
$0.25,math notation,1,1,-0.049628010019659996,-0.049628010019659996,0.0
\frac{11}{36}\],math notation,1,1,-0.04964443470817059,-0.04964443470817059,0.0
\frac{ac}{ae},math notation,1,1,-0.049757133703678846,-0.049757133703678846,0.0
\(x^5,math notation,1,1,-0.04976185783743858,-0.04976185783743858,0.0
\(9999\),math notation,1,1,-0.04979739594273269,-0.04979739594273269,0.0
$0.75,math notation,2,1,-0.0997154638171196,-0.0498577319085598,0.01955278505896469
450,number,2,1,-0.09973073750734329,-0.049865368753671646,0.02689022935644694
2c,number,10,7,-0.4990820788079873,-0.04990820788079873,0.018875506604373718
2e,number,1,1,-0.04992484243120998,-0.04992484243120998,0.0
scenarios,other word,2,2,-0.0998601303435862,-0.0499300651717931,0.03953222711058059
chart,other word,1,1,-0.049998052418231964,-0.049998052418231964,0.0
\(999\),math notation,1,1,-0.05002168985083699,-0.05002168985083699,0.0
$e$,math notation,2,2,-0.10024114232510328,-0.05012057116255164,0.03454092450785808
4ac}}{2a,math notation,4,4,-0.20066991646308452,-0.05016747911577113,0.029849842363511715
pounds/day,math notation,3,3,-0.15061919076833874,-0.05020639692277958,0.025509386990602904
\frac{147}{20},math notation,3,1,-0.15065616799984127,-0.05021872266661376,0.01914319365848194
10\sqrt{3}),math notation,1,1,-0.050228716689161956,-0.050228716689161956,0.0
constraints,other word,14,12,-0.7033616192638874,-0.05024011566170624,0.03754007390690641
$$900,math notation,4,2,-0.20102087268605828,-0.05025521817151457,0.016280411301422264
wait,hedging / contrast,2,2,-0.10054328851401806,-0.05027164425700903,0.04398290155074173
\text{distance},math notation,1,1,-0.05030233145225793,-0.05030233145225793,0.0
\alpha\beta,math notation,1,1,-0.0503095593303442,-0.0503095593303442,0.0
1.\],math notation,1,1,-0.050338458735495806,-0.050338458735495806,0.0
pounds}}{50,math notation,1,1,-0.05034773703664541,-0.05034773703664541,0.0
-3x,number,2,2,-0.10078358417376876,-0.05039179208688438,0.03043531619462326
4.$$,math notation,1,1,-0.05044445535168052,-0.05044445535168052,0.0
\((t-2),math notation,1,1,-0.05048077553510666,-0.05048077553510666,0.0
$64.5$,math notation,1,1,-0.05049163568764925,-0.05049163568764925,0.0
\(c\),math notation,17,13,-0.8584133402910084,-0.05049490237005932,0.018681731036225648
\(\frac{5,math notation,3,2,-0.15164017165079713,-0.05054672388359904,0.01706524442616968
"f(2,1",math notation,4,2,-0.202217300189659,-0.05055432504741475,0.0014745873354410936
\boxed{\frac{32}{11}},math notation,1,1,-0.050618184613995254,-0.050618184613995254,0.0
queens,other word,1,1,-0.05064275674521923,-0.05064275674521923,0.0
\(125\),math notation,1,1,-0.05067687900736928,-0.05067687900736928,0.0
4(2023,math notation,2,1,-0.10136986570432782,-0.05068493285216391,0.019934928394143316
\((t-2)^{20}\),math notation,1,1,-0.050844486337155104,-0.050844486337155104,0.0
c^2,math notation,15,13,-0.7640331224538386,-0.05093554149692257,0.0063332951134887055
applying,other word,7,4,-0.356559359934181,-0.05093705141916871,0.044986223739090885
\frac{-48,math notation,1,1,-0.050937540363520384,-0.050937540363520384,0.0
\(2^{-1},math notation,1,1,-0.05098118237219751,-0.05098118237219751,0.0
12g^2,math notation,1,1,-0.05104581778869033,-0.05104581778869033,0.0
approximately,other word,3,3,-0.15326581289991736,-0.05108860429997245,0.04770293191272725
a^4,math notation,2,2,-0.1021784502081573,-0.05108922510407865,0.0044298789216880565
\(a\),math notation,23,17,-1.1750995110487565,-0.05109128308907637,0.0165618472135276
\text{final,math notation,2,2,-0.10219979658722878,-0.05109989829361439,0.05502699390445208
n_b,math notation,1,1,-0.05113505385816097,-0.05113505385816097,0.0
a_{100}^2,math notation,3,2,-0.15362631832249463,-0.05120877277416488,0.015652762093682812
contestant,other word,2,1,-0.10241988860070705,-0.05120994430035353,0.027701535775401902
\frac{8100}{81},math notation,1,1,-0.051214160048402846,-0.051214160048402846,0.0
\(2023,math notation,1,1,-0.051225907169282436,-0.051225907169282436,0.0
311$,math notation,1,1,-0.051255835220217705,-0.051255835220217705,0.0
$10,math notation,1,1,-0.051313821226358414,-0.051313821226358414,0.0
\frac{6}{3},math notation,2,2,-0.10269706882536411,-0.051348534412682056,0.0018682049937248026
\((x_2,math notation,2,2,-0.10276364244055003,-0.051381821220275015,0.02194786858794579
"$40,000/year",math notation,1,1,-0.051435903820674866,-0.051435903820674866,0.0
1/9,math notation,2,1,-0.10301354108378291,-0.051506770541891456,0.0033874921983322423
m\left(\frac{x_1,math notation,1,1,-0.05155887035652995,-0.05155887035652995,0.0
90^\circ,math notation,3,3,-0.154765241779387,-0.05158841392646233,0.006214749910178975
adjust,other word,2,2,-0.10329058393836021,-0.05164529196918011,0.03327754605269147
3g_w,math notation,1,1,-0.05167702026665211,-0.05167702026665211,0.0
$25,math notation,2,2,-0.10337591357529163,-0.05168795678764582,0.009989005270245837
cougars,other word,17,5,-0.8804092374630272,-0.05178877867429572,0.010501962288260053
12.$$,math notation,2,2,-0.10373113304376602,-0.05186556652188301,0.005651865714258326
4p_2,math notation,7,6,-0.3632529815658927,-0.05189328308084181,0.016531473685148484
225n,number,2,1,-0.10378679540008307,-0.05189339770004153,0.0034928117397687954
\(c,math notation,15,13,-0.7800468687200919,-0.05200312458133946,0.012914590509620159
350-39,number,1,1,-0.05202969629317522,-0.05202969629317522,0.0
\(ad\),math notation,2,2,-0.10406599380075932,-0.05203299690037966,0.01646358306506512
\frac{25}{9},math notation,4,3,-0.20832564507145435,-0.05208141126786359,0.006558438204365395
\(\theta\),math notation,1,1,-0.052185634383931756,-0.052185634383931756,0.0
3$$,math notation,1,1,-0.05222192732617259,-0.05222192732617259,0.0
4-1)d,math notation,1,1,-0.0522757051512599,-0.0522757051512599,0.0
fourth,other word,46,41,-2.4082192082423717,-0.05235259148352982,0.016028640260431017
\(e,math notation,5,4,-0.26181504712440073,-0.05236300942488015,0.030592862289855905
clock,other word,1,1,-0.0523795560002327,-0.0523795560002327,0.0
6^4,math notation,1,1,-0.052492388524115086,-0.052492388524115086,0.0
3+\sqrt{5},math notation,1,1,-0.052546752616763115,-0.052546752616763115,0.0
kangaroos,other word,2,1,-0.10509993555024266,-0.05254996777512133,0.0120454466504989
$-12,math notation,3,2,-0.1578721641562879,-0.052624054718762636,0.013236429784679397
\frac{18}{5},math notation,1,1,-0.052670122124254704,-0.052670122124254704,0.0
3^1,math notation,3,3,-0.1580748158157803,-0.05269160527192677,0.016842467622284727
\(\log_{16}{64}\),math notation,1,1,-0.05272107711061835,-0.05272107711061835,0.0
power,other word,14,9,-0.7384516063611954,-0.05274654331151396,0.019534886780355046
level,other word,2,2,-0.10566823929548264,-0.05283411964774132,0.11294066629317477
\(x_1,math notation,1,1,-0.05289017874747515,-0.05289017874747515,0.0
\(190,math notation,1,1,-0.05293932184576988,-0.05293932184576988,0.0
32^2,math notation,1,1,-0.05294080497696996,-0.05294080497696996,0.0
6-8,number,1,1,-0.05297503899782896,-0.05297503899782896,0.0
amounts,other word,3,3,-0.15907239727675915,-0.05302413242558638,0.03957770364465489
"640,$$",math notation,3,2,-0.1592052369378507,-0.05306841231261691,0.030630519789743127
\(b^3,math notation,2,2,-0.10628217901103199,-0.05314108950551599,0.01938194684211089
-4)^2,math notation,1,1,-0.05321346642449498,-0.05321346642449498,0.0
305,number,2,1,-0.10663113230839372,-0.05331556615419686,0.009015188999875341
-\frac{1}{5}\),math notation,1,1,-0.053370687644928694,-0.053370687644928694,0.0
implies,other word,5,4,-0.2669335510581732,-0.05338671021163464,0.027045157844362133
32}}{2,math notation,2,2,-0.10687543370295316,-0.05343771685147658,0.0011340073454144917
muffin,other word,7,3,-0.3743152115494013,-0.05347360164991447,0.006758486384029723
a(b+c)\),math notation,1,1,-0.05350372823886573,-0.05350372823886573,0.0
15\],math notation,1,1,-0.05353190656751394,-0.05353190656751394,0.0
\(\mathbf{v}_2,math notation,1,1,-0.053655094001442194,-0.053655094001442194,0.0
0.0056,number,1,1,-0.0536685767583549,-0.0536685767583549,0.0
a^2,math notation,9,8,-0.4833843932719901,-0.05370937703022113,0.011950106912658963
13\],math notation,1,1,-0.05371943209320307,-0.05371943209320307,0.0
$\frac{751-493}{4},math notation,1,1,-0.05375925078988075,-0.05375925078988075,0.0
\$8,math notation,1,1,-0.053791298530995846,-0.053791298530995846,0.0
often,other word,2,2,-0.10761752724647522,-0.05380876362323761,0.020055029954878283
inches,other word,11,8,-0.5918998597189784,-0.05380907815627076,0.019694920663104392
f(x,math notation,2,2,-0.10761951608583331,-0.053809758042916656,0.008739418877346021
zeros,other word,1,1,-0.05383770912885666,-0.05383770912885666,0.0
78}{7,math notation,2,2,-0.10780386254191399,-0.05390193127095699,0.0009716475186695791
$4,math notation,7,5,-0.3778006765060127,-0.053971525215144665,0.013183723644946344
189\),math notation,1,1,-0.054000678937882185,-0.054000678937882185,0.0
1^\circ\),math notation,1,1,-0.05401237495243549,-0.05401237495243549,0.0
\(100,math notation,2,2,-0.10807925509288907,-0.054039627546444535,0.0532707266598329
\frac{2187}{5625},math notation,1,1,-0.05415101791732013,-0.05415101791732013,0.0
3ab,number,2,2,-0.10835547745227814,-0.05417773872613907,0.005020932989678551
3^\circ,math notation,1,1,-0.05430042278021574,-0.05430042278021574,0.0
cindy's,other word,1,1,-0.05430920608341694,-0.05430920608341694,0.0
b^2,math notation,13,13,-0.7062769070034847,-0.0543289928464219,0.012341905426539429
logic,other word,1,1,-0.05438464879989624,-0.05438464879989624,0.0
e[x,math notation,2,2,-0.1087857591919601,-0.05439287959598005,0.005375718410362047
$10^{72,math notation,1,1,-0.054414176382124424,-0.054414176382124424,0.0
t(5,math notation,4,3,-0.217845868319273,-0.05446146707981825,0.015712974856119975
\frac{64}{16},math notation,1,1,-0.05447245459072292,-0.05447245459072292,0.0
\frac{6-3}{6-1},math notation,1,1,-0.054513568873517215,-0.054513568873517215,0.0
\(g,math notation,4,2,-0.21814127429388463,-0.05453531857347116,0.011775132503106566
\(1\),math notation,9,7,-0.4909138157381676,-0.05454597952646307,0.03138202098814942
\frac{6,math notation,6,3,-0.3273629047907889,-0.05456048413179815,0.00807455719949132
\frac{(10,math notation,1,1,-0.054578710230998695,-0.054578710230998695,0.0
exam,other word,6,4,-0.32755715772509575,-0.05459285962084929,0.07231087149098675
percentage,other word,13,9,-0.7100935373455286,-0.054622579795809895,0.0259927475529271
ar^2,math notation,1,1,-0.054712687619030476,-0.054712687619030476,0.0
relationship,other word,2,2,-0.10950449481606483,-0.05475224740803242,0.02226789623529312
\(2018\),math notation,1,1,-0.05480730067938566,-0.05480730067938566,0.0
25\],math notation,5,4,-0.27456072822678834,-0.054912145645357666,0.03256400906051112
afford,other word,1,1,-0.054986096918582916,-0.054986096918582916,0.0
street,other word,2,1,-0.11008089035749435,-0.05504044517874718,0.035871501503163775
\(p_i,math notation,1,1,-0.05504885641857982,-0.05504885641857982,0.0
evaluate,other word,7,7,-0.3854778250679374,-0.055068260723991055,0.02265149317155268
b_{501})\),math notation,3,3,-0.16528648207895458,-0.05509549402631819,0.05630650797951304
18)(32,math notation,1,1,-0.055156836519017816,-0.055156836519017816,0.0
\sqrt[3]{r_1,math notation,1,1,-0.055168523103930056,-0.055168523103930056,0.0
-b/a,math notation,1,1,-0.0552196498028934,-0.0552196498028934,0.0
\frac{b}{97},math notation,3,3,-0.16566851636162028,-0.05522283878720676,0.01259182771952452
rabbits,other word,5,3,-0.2764859376475215,-0.0552971875295043,0.04031614047073883
\frac{5}{8},math notation,1,1,-0.05533654009923339,-0.05533654009923339,0.0
kings,other word,1,1,-0.05535260960459709,-0.05535260960459709,0.0
-1,number,9,9,-0.4984205439686775,-0.05538006044096417,0.024463351478607693
3g_l,math notation,1,1,-0.05542325600981712,-0.05542325600981712,0.0
rearranging,other word,7,7,-0.3886808519018814,-0.055525835985983055,0.03523731837629329
\frac{g-1}{96},math notation,1,1,-0.055540495668537915,-0.055540495668537915,0.0
a^c,math notation,1,1,-0.05563509650528431,-0.05563509650528431,0.0
2x,number,7,7,-0.3900553796556778,-0.05572219709366826,0.012391355517159346
a+b)^2,math notation,4,3,-0.22307539882604033,-0.05576884970651008,0.015586915797640275
u4,number,3,3,-0.1674803737550974,-0.05582679125169913,0.02459993715704225
\(a,math notation,33,28,-1.8452121543232352,-0.05591551982797682,0.008607343490807464
\frac{48}{720},math notation,1,1,-0.05602758703753352,-0.05602758703753352,0.0
\(1.024,math notation,1,1,-0.056049387669190764,-0.056049387669190764,0.0
\(r_1\),math notation,1,1,-0.0561280925758183,-0.0561280925758183,0.0
\frac{56}{11},math notation,1,1,-0.05615293327718973,-0.05615293327718973,0.0
divisor,other word,5,5,-0.28146890504285693,-0.05629378100857139,0.008698915233181401
$\frac{3}{4}$,math notation,2,1,-0.11277863336727023,-0.056389316683635116,0.03209038523397299
observe,other word,4,4,-0.2256840616464615,-0.05642101541161537,0.03688466222096341
$\frac{1}{10}$,math notation,1,1,-0.056493395706638694,-0.056493395706638694,0.0
\(a^4,math notation,4,4,-0.2262252715881914,-0.05655631789704785,0.0210868851993777
\frac{84}{7},math notation,2,2,-0.11331839370541275,-0.05665919685270637,0.0075890223759205
\frac{5}{4}\),math notation,1,1,-0.056672665290534496,-0.056672665290534496,0.0
60\%,math notation,1,1,-0.05677461391314864,-0.05677461391314864,0.0
\(m_2,math notation,1,1,-0.05677808541804552,-0.05677808541804552,0.0
11}{12,math notation,2,1,-0.11379402596503496,-0.05689701298251748,0.011066553660516376
donations,other word,1,1,-0.057012639939785004,-0.057012639939785004,0.0
2$$,math notation,2,1,-0.11404382600449026,-0.05702191300224513,0.004307596014588431
\(a_1a_3a_5\),math notation,2,2,-0.11414148891344666,-0.05707074445672333,0.08750188977647376
12^3,math notation,1,1,-0.057085963897407055,-0.057085963897407055,0.0
a_{2}^2,math notation,1,1,-0.0571331107057631,-0.0571331107057631,0.0
$3,math notation,2,2,-0.11442165775224566,-0.05721082887612283,0.04171224486166499
2b,number,8,7,-0.457959963940084,-0.0572449954925105,0.022558985383375127
\(\log_{16}{64},math notation,1,1,-0.05725267878733575,-0.05725267878733575,0.0
graph,other word,4,3,-0.2290704450570047,-0.05726761126425117,0.02338612130387809
dynamics,other word,1,1,-0.057404473423957825,-0.057404473423957825,0.0
87^\circ,math notation,1,1,-0.05740554677322507,-0.05740554677322507,0.0
\[x^2,math notation,1,1,-0.057431306689977646,-0.057431306689977646,0.0
2(3+4,math notation,2,2,-0.11503815418109298,-0.05751907709054649,0.0014894218818982028
seconds,other word,6,4,-0.34513639472424984,-0.05752273245404164,0.02797492598197301
\(d,math notation,3,3,-0.17276196368038654,-0.05758732122679552,0.021096125126820648
\frac{3}{2}a,math notation,2,1,-0.11540426957071759,-0.057702134785358794,0.005729624869632811
\frac{1}{2}(\frac{2x}{3},math notation,1,1,-0.057730031199753284,-0.057730031199753284,0.0
yard,other word,1,1,-0.05774661339819431,-0.05774661339819431,0.0
\neq,math notation,2,2,-0.11560684535652399,-0.057803422678261995,0.05295039727562382
puppy,other word,5,5,-0.28975572483614087,-0.057951144967228176,0.016751211516970153
\frac{36}{7},math notation,5,4,-0.29024773195851594,-0.05804954639170319,0.006772457687138842
24}}{4}\],math notation,1,1,-0.05826903530396521,-0.05826903530396521,0.0
\frac{\text{area,math notation,2,2,-0.11683130939491093,-0.058415654697455466,0.04660168404684692
carson,other word,1,1,-0.058463480323553085,-0.058463480323553085,0.0
4rs,number,1,1,-0.05847648624330759,-0.05847648624330759,0.0
\(3^8,math notation,1,1,-0.05848297104239464,-0.05848297104239464,0.0
euclidean,other word,1,1,-0.05849194899201393,-0.05849194899201393,0.0
b)(a,math notation,3,3,-0.1756960041821003,-0.05856533472736677,0.02694899747266532
spaced,other word,2,2,-0.11719353683292866,-0.05859676841646433,0.0002201191603377319
\(e\),math notation,3,3,-0.1761152937542647,-0.058705097918088235,0.07024956318492735
subsets,other word,1,1,-0.05874420050531626,-0.05874420050531626,0.0
32}{6,math notation,2,1,-0.11750823096372187,-0.058754115481860936,0.010634642388190152
\sum_{k=1001}^{2000},math notation,2,1,-0.11780258151702583,-0.058901290758512914,0.02695327157524193
\left(\frac{6-3}{6-1}\right)t_4,math notation,1,1,-0.058928502432536334,-0.058928502432536334,0.0
rule,other word,1,1,-0.058939725160598755,-0.058939725160598755,0.0
complex,other word,1,1,-0.05898458510637283,-0.05898458510637283,0.0
\frac{5-3}{5-1},math notation,1,1,-0.059033477562479675,-0.059033477562479675,0.0
500$,math notation,1,1,-0.05923537351191044,-0.05923537351191044,0.0
x(1.2a,math notation,1,1,-0.05924793053418398,-0.05924793053418398,0.0
2^{11,math notation,1,1,-0.05926689330954105,-0.05926689330954105,0.0
\(120,math notation,1,1,-0.05927064502611756,-0.05927064502611756,0.0
\frac{24}{5},math notation,2,2,-0.11869476962601766,-0.05934738481300883,0.0007146466349007252
\frac{320,math notation,1,1,-0.05936229834333062,-0.05936229834333062,0.0
22\],math notation,2,2,-0.1187994685024023,-0.05939973425120115,0.02749632540418039
p_1^2,math notation,1,1,-0.05947965756058693,-0.05947965756058693,0.0
\(m\),math notation,8,8,-0.4764475100673735,-0.05955593875842169,0.013259867554255985
\(x^7\),math notation,1,1,-0.059558487380854785,-0.059558487380854785,0.0
proportional,other word,4,4,-0.23829852975904942,-0.059574632439762354,0.025384373095118908
rayna,other word,3,2,-0.1789389494806528,-0.059646316493550934,0.04126446603187082
f(10,math notation,1,1,-0.05975363648030907,-0.05975363648030907,0.0
if,hedging / contrast,66,58,-3.9446224058046937,-0.059767006148555964,0.01166833657921229
carefully,other word,1,1,-0.05977905914187431,-0.05977905914187431,0.0
a_{1}^2,math notation,1,1,-0.05985682620666921,-0.05985682620666921,0.0
"1000^{10,000",math notation,3,2,-0.17978766188025475,-0.05992922062675158,0.011691765231145353
recall,other word,3,3,-0.17982708010822535,-0.059942360036075115,0.03287206304866198
-4,number,11,8,-0.6594997539650649,-0.05995452308773317,0.035622238490947644
"a,$",math notation,1,1,-0.05997310532256961,-0.05997310532256961,0.0
sector}}{\text{total,math notation,2,2,-0.12001541192876175,-0.060007705964380875,0.050403584947946896
$(3,math notation,1,1,-0.06002107844687998,-0.06002107844687998,0.0
$5,math notation,5,4,-0.3001724563073367,-0.060034491261467336,0.02217835934310724
rotated,other word,1,1,-0.06005476415157318,-0.06005476415157318,0.0
\frac{9}{125},math notation,1,1,-0.060068820836022496,-0.060068820836022496,0.0
"f(2,2",math notation,3,1,-0.18023674096912146,-0.06007891365637382,0.009023557893239416
$c$,math notation,2,2,-0.12051346618682146,-0.06025673309341073,0.015474676082658068
bowls,other word,1,1,-0.06027987599372864,-0.06027987599372864,0.0
die,other word,50,23,-3.014219790813513,-0.060284395816270264,0.007439887764538749
1250,number,4,3,-0.2412735060788691,-0.060318376519717276,0.008424941657729548
factorials,other word,1,1,-0.060328155755996704,-0.060328155755996704,0.0
$$-3x,math notation,1,1,-0.0603862265124917,-0.0603862265124917,0.0
jacks,other word,1,1,-0.06045895558781922,-0.06045895558781922,0.0
t_{n-2,math notation,1,1,-0.06046437984332442,-0.06046437984332442,0.0
\frac{32}{11},math notation,2,2,-0.12093936139717698,-0.06046968069858849,0.014603091767798445
dozen,other word,5,2,-0.30260428972542286,-0.06052085794508457,0.017811004795167912
numerical,other word,3,3,-0.18162859976291656,-0.060542866587638855,0.01944726596707198
\(2r,math notation,2,1,-0.12135817646048963,-0.060679088230244815,0.008131415108491009
isolate,other word,7,7,-0.4256822504103184,-0.06081175005861691,0.02646746636214439
either,other word,8,8,-0.4868129324167967,-0.060851616552099586,0.025241807213154166
8\],math notation,2,2,-0.12186599057167768,-0.06093299528583884,0.03701645126528183
\frac{1}{6},math notation,7,4,-0.42670539661776274,-0.06095791380253753,0.013659858065395158
\frac{425}{5},math notation,1,1,-0.06100628990679979,-0.06100628990679979,0.0
\frac{ab}{2},math notation,2,2,-0.12206778264953755,-0.061033891324768774,0.029588965298806717
f(15,math notation,1,1,-0.061192141845822334,-0.061192141845822334,0.0
coefficient,other word,4,4,-0.24481183104217052,-0.06120295776054263,0.01585079291768933
16x,number,2,2,-0.12253431952558458,-0.06126715976279229,0.03926311643707018
we,other word,790,579,-48.42909467185382,-0.06130265148335926,0.0028794932031252457
jerry,other word,2,2,-0.12265978753566742,-0.06132989376783371,0.030343249532137625
b)$,math notation,2,1,-0.12297638365998864,-0.06148819182999432,0.023173648308768804
$\frac{x}{4},math notation,1,1,-0.06152241537347436,-0.06152241537347436,0.0
squares,other word,17,15,-1.046540420036763,-0.06156120117863312,0.015665707067206096
\text{bags},math notation,2,2,-0.1232837955467403,-0.06164189777337015,0.014636670787624352
10)(2,math notation,1,1,-0.061685485765337944,-0.061685485765337944,0.0
cd$,math notation,3,2,-0.1850914480164647,-0.06169714933882157,0.010468689700477112
-3)^2,math notation,1,1,-0.061712314607575536,-0.061712314607575536,0.0
theorem,other word,18,12,-1.1109583229990676,-0.06171990683328153,0.016581630005721364
9y,number,1,1,-0.061820391565561295,-0.061820391565561295,0.0
figure,other word,6,4,-0.37097274512052536,-0.06182879085342089,0.030387921457235397
k^{2,math notation,1,1,-0.0618969383649528,-0.0618969383649528,0.0
4(1)(-8)}}{2(1,math notation,1,1,-0.061916314414702356,-0.061916314414702356,0.0
margot,other word,2,2,-0.12384895794093609,-0.061924478970468044,0.0018337929150962998
$\frac{1}{2}bh$,math notation,1,1,-0.061957685742527246,-0.061957685742527246,0.0
starts,other word,4,4,-0.2479564044624567,-0.061989101115614176,0.028752751367114044
\(12.96\),math notation,1,1,-0.06206238688901067,-0.06206238688901067,0.0
97,number,3,2,-0.1862064809538424,-0.062068826984614134,0.02095319741662297
\left(\frac{1}{2}\right)^{4-1},math notation,1,1,-0.06213750969618559,-0.06213750969618559,0.0
b).\],math notation,1,1,-0.062157154781743884,-0.062157154781743884,0.0
b)^2,math notation,1,1,-0.062165871495381,-0.062165871495381,0.0
assume,hedging / contrast,7,7,-0.435721262358129,-0.06224589462258986,0.023118035060638933
\delta,math notation,1,1,-0.0622487124055624,-0.0622487124055624,0.0
us,other word,36,34,-2.242381816613488,-0.06228838379481911,0.015380080024753289
7.68,number,1,1,-0.062427813187241554,-0.062427813187241554,0.0
\[s_n,math notation,1,1,-0.06244639155920595,-0.06244639155920595,0.0
\text{and},math notation,16,14,-0.9998615430667996,-0.06249134644167498,0.01587422096197493
\sqrt{18^2,math notation,1,1,-0.06249383371323347,-0.06249383371323347,0.0
\(20n\),math notation,1,1,-0.06254660524427891,-0.06254660524427891,0.0
6)^2,math notation,1,1,-0.06258824234828353,-0.06258824234828353,0.0
(\sqrt{\sin,math notation,1,1,-0.06267375824972987,-0.06267375824972987,0.0
scale,other word,2,2,-0.12542832642793655,-0.06271416321396828,0.030293005220356575
300}}{2}\],math notation,1,1,-0.06271525903139263,-0.06271525903139263,0.0
120^\circ,math notation,1,1,-0.06296773022040725,-0.06296773022040725,0.0
e_{\text{shared}}\],math notation,1,1,-0.06298408540897071,-0.06298408540897071,0.0
\frac{2020}{30},math notation,2,2,-0.12608198198722675,-0.06304099099361338,0.010467328269373242
holes,other word,14,5,-0.8831212725490332,-0.0630800908963595,0.016492147173039682
\[43,math notation,1,1,-0.06318406946957111,-0.06318406946957111,0.0
a_{100}\),math notation,1,1,-0.0632010749541223,-0.0632010749541223,0.0
\frac{225}{375},math notation,1,1,-0.06327392044477165,-0.06327392044477165,0.0
\left(\frac{3}{5}\right)^{8-1},math notation,1,1,-0.0633279821195174,-0.0633279821195174,0.0
continuing,other word,2,2,-0.12665772438049316,-0.06332886219024658,0.04680444405627229
circumference,other word,2,2,-0.12674831273034215,-0.06337415636517107,0.049386826739469696
89^\circ,math notation,1,1,-0.06342294404748827,-0.06342294404748827,0.0
\left(\frac{3}{4}a,math notation,1,1,-0.06349117867648602,-0.06349117867648602,0.0
\frac{x}{3},math notation,1,1,-0.06350337248295546,-0.06350337248295546,0.0
1}{2,math notation,2,2,-0.12708282680250704,-0.06354141340125352,0.012083775175634465
asymptote,other word,1,1,-0.06354999635368586,-0.06354999635368586,0.0
28}{6,math notation,2,1,-0.12710726633667946,-0.06355363316833973,0.0011191740008033599
"\[f(x,y)",math notation,1,1,-0.06360428803600371,-0.06360428803600371,0.0
-3p_3,math notation,1,1,-0.06361664831638336,-0.06361664831638336,0.0
65.$$,math notation,2,2,-0.12745026126503944,-0.06372513063251972,0.030523825070404517
3-\sqrt{5},math notation,1,1,-0.06372913205996156,-0.06372913205996156,0.0
\frac{35}{4},math notation,2,2,-0.12754213844891638,-0.06377106922445819,0.014031907428179898
\frac{-(-20),math notation,1,1,-0.06378035922534764,-0.06378035922534764,0.0
\frac{1233,math notation,1,1,-0.06378292571753263,-0.06378292571753263,0.0
7-2,number,1,1,-0.06382310064509511,-0.06382310064509511,0.0
\(\log_b,math notation,1,1,-0.06385786877945065,-0.06385786877945065,0.0
gives,other word,43,40,-2.7459288887912408,-0.06385881136723816,0.01299016135746476
\frac{25}{144},math notation,1,1,-0.06392764020711184,-0.06392764020711184,0.0
\(r,math notation,9,7,-0.5757080647163093,-0.06396756274625659,0.026766736946556728
\frac{74}{37},math notation,1,1,-0.06400498875882477,-0.06400498875882477,0.0
21\),math notation,3,3,-0.19285333529114723,-0.06428444509704907,0.05911652849911864
5/5,math notation,1,1,-0.06429349491372705,-0.06429349491372705,0.0
\sqrt{(-20)^2,math notation,1,1,-0.06432745838537812,-0.06432745838537812,0.0
\(ac,math notation,1,1,-0.06435900926589966,-0.06435900926589966,0.0
\(x\),math notation,42,34,-2.703158735530451,-0.06436092227453455,0.021566132697317567
apply,other word,9,9,-0.5801878187339753,-0.06446531319266392,0.026545649450898656
\frac{360}{9},math notation,1,1,-0.06447143852710724,-0.06447143852710724,0.0
\frac{3,math notation,5,4,-0.3226009728386998,-0.06452019456773997,0.01074440401194263
\frac{a}{2},math notation,1,1,-0.06454473722260445,-0.06454473722260445,0.0
\frac{25}{2},math notation,2,2,-0.12912444351240993,-0.06456222175620496,0.008654522612099418
3^b\),math notation,5,4,-0.322906494140625,-0.064581298828125,0.032411976563097473
\((p,math notation,6,6,-0.3877254028338939,-0.06462090047231565,0.016588849852365674
r^2\],math notation,2,1,-0.12935864832252264,-0.06467932416126132,0.01655284580967189
\text{speed},math notation,1,1,-0.0646879686973989,-0.0646879686973989,0.0
\text{(number,math notation,1,1,-0.06472970359027386,-0.06472970359027386,0.0
chamomile,other word,5,3,-0.3238499308936298,-0.06476998617872595,0.033903954296483414
integer,other word,55,42,-3.563966213259846,-0.06479938569563357,0.012179478111069206
r^2\),math notation,1,1,-0.0648725782521069,-0.0648725782521069,0.0
5d}{10,math notation,2,2,-0.12975438591092825,-0.06487719295546412,0.00801365821315865
ages,other word,3,3,-0.1947086825966835,-0.0649028941988945,0.09836911755324673
"10,000^{100,000}\)",math notation,1,1,-0.06505499873310328,-0.06505499873310328,0.0
103041,number,1,1,-0.0650799311697483,-0.0650799311697483,0.0
rotates,other word,1,1,-0.0650970283895731,-0.0650970283895731,0.0
(\(a_8\)),math notation,1,1,-0.06513270386494696,-0.06513270386494696,0.0
12\),math notation,17,14,-1.1086735081626102,-0.06521608871544766,0.026316546044192632
$\frac{1}{b}$,math notation,1,1,-0.06538874260149896,-0.06538874260149896,0.0
\(b^c,math notation,1,1,-0.06540569104254246,-0.06540569104254246,0.0
\(2^a,math notation,2,2,-0.13092263229191303,-0.06546131614595652,0.0009522546999985041
\(a^3\),math notation,1,1,-0.0655464599840343,-0.0655464599840343,0.0
\frac{d}{2}\),math notation,2,2,-0.1311480359872803,-0.06557401799364015,0.053965106649239106
3^x,math notation,7,4,-0.4593263908755034,-0.06561805583935763,0.013691477695054657
\left(\frac{7-3}{7-1}\right)t_5,math notation,1,1,-0.06566722271963954,-0.06566722271963954,0.0
saving,other word,1,1,-0.06574709713459015,-0.06574709713459015,0.0
$1000,math notation,2,1,-0.13176321145147085,-0.06588160572573543,0.009249305359094115
130,number,1,1,-0.06588490307331085,-0.06588490307331085,0.0
$1500,math notation,2,2,-0.13199906051158905,-0.06599953025579453,0.028143529775735653
\frac{20\pi}{12},math notation,1,1,-0.06602379074320197,-0.06602379074320197,0.0
r+s,math notation,1,1,-0.0660638241097331,-0.0660638241097331,0.0
÷,math notation,5,5,-0.3306530276313424,-0.06613060552626848,0.022225761384887122
add,other word,39,38,-2.5791264679282904,-0.06613144789559719,0.017008915867410362
725760,number,2,2,-0.13260719296522439,-0.06630359648261219,0.03445946049426904
denominators,other word,1,1,-0.06638379581272602,-0.06638379581272602,0.0
\(3,math notation,10,10,-0.664124344359152,-0.0664124344359152,0.0332247489141028
20\pi,math notation,1,1,-0.06647852994501591,-0.06647852994501591,0.0
comparing,other word,2,2,-0.13300282880663872,-0.06650141440331936,0.009679709963904132
repeating,other word,4,4,-0.2660234188660979,-0.06650585471652448,0.02985270238884067
\frac{1}{15},math notation,1,1,-0.06650790944695473,-0.06650790944695473,0.0
puzzle,other word,1,1,-0.06656849384307861,-0.06656849384307861,0.0
10$,math notation,2,2,-0.1332934945821762,-0.0666467472910881,0.039193113073553554
20-0)^2,math notation,1,1,-0.06665663002058864,-0.06665663002058864,0.0
2g_t,math notation,1,1,-0.066659742500633,-0.066659742500633,0.0
geometry,other word,2,2,-0.13340076804161072,-0.06670038402080536,0.011140644856748236
\mathbf{c},math notation,6,4,-0.400373637676239,-0.0667289396127065,0.013815719777144606
1^\circ,math notation,1,1,-0.06674908613786101,-0.06674908613786101,0.0
4!)^2,math notation,1,1,-0.06678179558366537,-0.06678179558366537,0.0
0}{2}\right),math notation,1,1,-0.06679370813071728,-0.06679370813071728,0.0
\(3^4,math notation,1,1,-0.06680168071761727,-0.06680168071761727,0.0
\frac{x^2}{2},math notation,2,2,-0.13362886989489198,-0.06681443494744599,0.011269317374254588
\(2^x\),math notation,1,1,-0.06691947369836271,-0.06691947369836271,0.0
5.6,number,1,1,-0.06697425432503223,-0.06697425432503223,0.0
\frac{14}{2},math notation,1,1,-0.06697603105567396,-0.06697603105567396,0.0
3^4,math notation,2,2,-0.13399275857955217,-0.06699637928977609,0.002082051352987853
64}}{2,math notation,1,1,-0.06716001033782959,-0.06716001033782959,0.0
\frac{27}{6},math notation,1,1,-0.0673523125005886,-0.0673523125005886,0.0
doubled,other word,1,1,-0.06736214458942413,-0.06736214458942413,0.0
edwahs,other word,5,4,-0.33689713943749666,-0.06737942788749933,0.03817829262568544
\frac{18}{4},math notation,1,1,-0.06742331327404827,-0.06742331327404827,0.0
problems,other word,2,1,-0.13486394472420216,-0.06743197236210108,0.02996207277566059
\sqrt{a^2,math notation,1,1,-0.06746273674070835,-0.06746273674070835,0.0
format,other word,2,2,-0.1349773844704032,-0.0674886922352016,0.05760121047111436
2)\),math notation,5,5,-0.33779941126704216,-0.06755988225340843,0.04803006859915562
cylinder's,other word,1,1,-0.06761420890688896,-0.06761420890688896,0.0
\rceil,math notation,1,1,-0.06770468223839998,-0.06770468223839998,0.0
\(\frac{1}{2},math notation,4,4,-0.27086023573065177,-0.06771505893266294,0.019302494576310374
18x,number,1,1,-0.06785041932016611,-0.06785041932016611,0.0
i,other word,11,8,-0.7468145007733256,-0.06789222734302959,0.021772511945300034
foci,other word,2,2,-0.13579297717660666,-0.06789648858830333,0.003682885465474293
\frac{3^{2022},math notation,1,1,-0.06790205673314631,-0.06790205673314631,0.0
$9^2,math notation,1,1,-0.06792495772242546,-0.06792495772242546,0.0
\frac{ae}{ec},math notation,1,1,-0.06796080921776593,-0.06796080921776593,0.0
\(m_1\),math notation,1,1,-0.06799437198787928,-0.06799437198787928,0.0
$\displaystyle,math notation,6,3,-0.40803767007309943,-0.06800627834551658,0.024358924490693587
18.75,number,1,1,-0.06806912273168564,-0.06806912273168564,0.0
5f,number,3,2,-0.2043889667838812,-0.06812965559462707,0.012417571954530351
\((v,math notation,4,4,-0.27276360942050815,-0.06819090235512704,0.0038126978000195904
define,other word,6,6,-0.40915337204933167,-0.06819222867488861,0.02093091391797876
2-hole,number,1,1,-0.06821338832378387,-0.06821338832378387,0.0
12\],math notation,2,2,-0.13651228789240122,-0.06825614394620061,0.003982634510628281
sizes,other word,4,3,-0.27345182187855244,-0.06836295546963811,0.04509696029623808
4(1)(-16)}}{2(1,math notation,1,1,-0.06837407778948545,-0.06837407778948545,0.0
2g_w,math notation,2,2,-0.13692705519497395,-0.06846352759748697,0.001687254249724493
pounds/meal,math notation,1,1,-0.06857415358535945,-0.06857415358535945,0.0
correct,hedging / contrast,15,14,-1.0290768034756184,-0.0686051202317079,0.023689245066557573
distributions,other word,1,1,-0.06864367425441742,-0.06864367425441742,0.0
\$92,math notation,1,1,-0.06872026901692152,-0.06872026901692152,0.0
outcomes}}{\text{total,math notation,2,2,-0.1377124188002199,-0.06885620940010995,0.00993455524628261
464,number,1,1,-0.06889465264976025,-0.06889465264976025,0.0
independent,other word,1,1,-0.06891333125531673,-0.06891333125531673,0.0
yards,other word,3,2,-0.20676854997873306,-0.06892284999291103,0.023379818685503765
starting,other word,9,9,-0.6217709090560675,-0.06908565656178528,0.02405729195665927
\left(\frac{9}{4}\right)^2,math notation,1,1,-0.06936516892164946,-0.06936516892164946,0.0
3r,number,3,3,-0.20824404922313988,-0.06941468307437997,0.028904579464887052
plug,other word,3,3,-0.20826009660959244,-0.06942003220319748,0.019952752101223617
$1000000,math notation,1,1,-0.06944465404376388,-0.06944465404376388,0.0
denotes,other word,1,1,-0.06950967013835907,-0.06950967013835907,0.0
3s,number,1,1,-0.06951310019940138,-0.06951310019940138,0.0
11^5\),math notation,2,2,-0.13917178264819086,-0.06958589132409543,0.026273227235434845
"260,$$",math notation,3,2,-0.20876363961724564,-0.06958787987241521,0.06934142480327071
calculating,other word,8,8,-0.5569831994362175,-0.0696228999295272,0.03501903452245464
30}{0,math notation,1,1,-0.06962396763265133,-0.06962396763265133,0.0
\(n\),math notation,15,11,-1.044384561944753,-0.06962563746298353,0.017904268424230076
lana,other word,1,1,-0.06969679892063141,-0.06969679892063141,0.0
\frac{10,math notation,4,4,-0.2791037700371817,-0.06977594250929542,0.00990272942596428
satisfies,other word,19,18,-1.3258878733031452,-0.0697835722791129,0.019005892307982664
a_0)(x^m,math notation,1,1,-0.06985049357172102,-0.06985049357172102,0.0
11}{2,math notation,1,1,-0.06987983174622059,-0.06987983174622059,0.0
(\cos^2,math notation,1,1,-0.07011505053378642,-0.07011505053378642,0.0
$0.015,math notation,1,1,-0.07014386635273695,-0.07014386635273695,0.0
we've,other word,2,2,-0.14052259689196944,-0.07026129844598472,0.010321440019600643
polynomial,other word,4,4,-0.2811083495616913,-0.07027708739042282,0.02052608897763376
expanding,other word,2,2,-0.14107618108391762,-0.07053809054195881,0.01825228675478886
mean,other word,15,8,-1.0594108486548066,-0.07062738991032044,0.015276682332837521
assignments,other word,2,2,-0.1413049567490816,-0.0706524783745408,0.06876713981497434
$$,math notation,10,4,-0.7065585991367698,-0.07065585991367698,0.013211253472085814
|z|,math notation,1,1,-0.07074057683348656,-0.07074057683348656,0.0
\(\frac{1}{6}\),math notation,2,2,-0.14162961300462484,-0.07081480650231242,0.012690920202451049
\frac{20}{9},math notation,4,3,-0.2837537950836122,-0.07093844877090305,0.016420675502108076
expression,other word,48,42,-3.40593905095011,-0.07095706356146063,0.012990603351273776
2040,number,1,1,-0.07104969397187233,-0.07104969397187233,0.0
1$$,math notation,2,1,-0.14214790286496282,-0.07107395143248141,0.0025288980031648173
\(a_1,math notation,4,4,-0.2845209443476051,-0.07113023608690128,0.044753652056230706
decreases,other word,1,1,-0.07113165408372879,-0.07113165408372879,0.0
\pmod{10},math notation,4,2,-0.2845749045955017,-0.07114372614887543,0.014465713256211661
-13,number,4,4,-0.28545804822351784,-0.07136451205587946,0.03473615472107855
745-739,number,1,1,-0.07144129648804665,-0.07144129648804665,0.0
\frac{1}{4},math notation,16,13,-1.1449978640303016,-0.07156236650189385,0.011759995356613212
$x=23$,math notation,1,1,-0.07157514058053493,-0.07157514058053493,0.0
1-1000,number,1,1,-0.0716172456741333,-0.0716172456741333,0.0
fractions,other word,7,4,-0.5018884201999754,-0.07169834574285362,0.07233255925840798
\frac{5600}{81,math notation,1,1,-0.07178074680268764,-0.07178074680268764,0.0
furthermore,other word,1,1,-0.0718710171058774,-0.0718710171058774,0.0
$10^{4}$,math notation,1,1,-0.0722302463836968,-0.0722302463836968,0.0
$\angle,math notation,7,4,-0.5057215068954974,-0.07224592955649964,0.045215623236390584
i'll,other word,1,1,-0.0722627560608089,-0.0722627560608089,0.0
\(\frac{4}{6},math notation,1,1,-0.07230550097301602,-0.07230550097301602,0.0
3)^2,math notation,1,1,-0.07230711774900556,-0.07230711774900556,0.0
$11,math notation,3,2,-0.216945618391037,-0.07231520613034566,0.04086997186237319
\(343,math notation,1,1,-0.0725382687523961,-0.0725382687523961,0.0
33.\overline{3}\%,math notation,1,1,-0.07256734813563526,-0.07256734813563526,0.0
third,other word,102,94,-7.405050463508815,-0.07259853395596877,0.014146875536477293
brianna's,other word,2,2,-0.1452147620730102,-0.0726073810365051,0.034872769859878264
1.2xa,number,1,1,-0.07261726818978786,-0.07261726818978786,0.0
\(3\sqrt{2}\),math notation,1,1,-0.07262140314560384,-0.07262140314560384,0.0
\frac{\$8}{\$2},math notation,1,1,-0.07269343198277056,-0.07269343198277056,0.0
expansions,other word,1,1,-0.07276458665728569,-0.07276458665728569,0.0
\frac{78}{7},math notation,4,4,-0.2911210107849911,-0.07278025269624777,0.024440956746828998
4)\),math notation,9,6,-0.6553341394755989,-0.07281490438617766,0.05003189811049215
$a_i$,math notation,1,1,-0.07303609792143106,-0.07303609792143106,0.0
\tag{2},math notation,1,1,-0.07312690163962543,-0.07312690163962543,0.0
21}{2,math notation,2,2,-0.14633488887920976,-0.07316744443960488,0.005330326583788027
\(78125\),math notation,1,1,-0.07318232953548431,-0.07318232953548431,0.0
10^{8/2,math notation,1,1,-0.07330753980204463,-0.07330753980204463,0.0
using,other word,48,48,-3.5208640466444194,-0.07335133430509207,0.014487405647146737
\mathbf{a},math notation,7,5,-0.5135088423267007,-0.07335840604667153,0.01827008370322554
$\left\{0,math notation,1,1,-0.07340526208281517,-0.07340526208281517,0.0
t(x,math notation,2,1,-0.14682100247591734,-0.07341050123795867,0.0056948047918123045
590\),math notation,1,1,-0.07344591477885842,-0.07344591477885842,0.0
\(ab\),math notation,3,2,-0.22054158989340067,-0.07351386329780023,0.05933886938506301
$\left(10^{3}+1\right)^{2}$,math notation,2,1,-0.14706238301005214,-0.07353119150502607,0.005966906944909252
currently,other word,3,3,-0.22062278166413307,-0.07354092722137769,0.013097116798436637
$18.00,math notation,1,1,-0.07354727387428284,-0.07354727387428284,0.0
radius,other word,21,13,-1.5451251356862485,-0.07357738741363089,0.0174672065884416
|r-s|,math notation,7,2,-0.5155448191799223,-0.07364925988284605,0.011872648570304786
angeles,other word,1,1,-0.07365148514509201,-0.07365148514509201,0.0
expand,other word,3,3,-0.22095791762694716,-0.07365263920898239,0.029577914916578987
3-4)^2,math notation,2,2,-0.1475347112864256,-0.0737673556432128,0.01621535063968162
\frac{25\pi}{2},math notation,2,2,-0.14758744719438255,-0.07379372359719127,0.04407506526622423
160^\circ$,math notation,1,1,-0.07390232244506478,-0.07390232244506478,0.0
cube,other word,10,8,-0.7395887244492769,-0.07395887244492769,0.02522132109390669
\frac{4}{5},math notation,3,3,-0.22195104241836816,-0.07398368080612272,0.014444352020437957
"7,0)$",math notation,1,1,-0.074021827429533,-0.074021827429533,0.0
\dfrac{1}{b},math notation,2,2,-0.1482040339615196,-0.0741020169807598,0.0036209821170878017
\mathbf{b},math notation,12,5,-0.8894698334916029,-0.07412248612430024,0.00973374023986364
\frac{9}{4},math notation,4,3,-0.2966402440215461,-0.07416006100538652,0.04173786358770891
ee,other word,1,1,-0.07416485622525215,-0.07416485622525215,0.0
10^3)^2,math notation,1,1,-0.07421834743581712,-0.07421834743581712,0.0
$b,math notation,4,4,-0.2969225964625366,-0.07423064911563415,0.039609538949655125
vivek,other word,2,2,-0.14880240196362138,-0.07440120098181069,0.013222282479148965
4\cdot,math notation,1,1,-0.07446743361651897,-0.07446743361651897,0.0
\frac{1}{10},math notation,2,2,-0.149005189712625,-0.0745025948563125,0.031424241883810225
m\left(\frac{2,math notation,1,1,-0.07455238001421094,-0.07455238001421094,0.0
2\pi,math notation,2,1,-0.14912070892751217,-0.07456035446375608,0.008595932071860336
gerta's,other word,6,3,-0.4479279627557844,-0.0746546604592974,0.08949082459890573
$1200,math notation,4,2,-0.29885131621267647,-0.07471282905316912,0.0588863768175524
52-card,number,1,1,-0.07483718078583479,-0.07483718078583479,0.0
0^\circ,math notation,2,2,-0.14977303659543395,-0.07488651829771698,0.012080159519331423
103041\),math notation,1,1,-0.07511303154751658,-0.07511303154751658,0.0
f(pq,math notation,2,2,-0.15031060809269547,-0.07515530404634774,0.014460055077483951
4-hole,number,1,1,-0.07516585662961006,-0.07516585662961006,0.0
5y,number,4,4,-0.30083416937850416,-0.07520854234462604,0.02004909262762161
2880\),math notation,1,1,-0.07556446734815836,-0.07556446734815836,0.0
second,other word,167,144,-12.650928359711543,-0.07575406203420086,0.009768203497785415
hyperbola,other word,3,3,-0.22737411968410015,-0.07579137322803338,0.02107900232103438
1}{3,math notation,1,1,-0.07584288716316223,-0.07584288716316223,0.0
0}{2,math notation,1,1,-0.07614735793322325,-0.07614735793322325,0.0
\frac{1}{10^n},math notation,2,2,-0.1524366973899305,-0.07621834869496524,0.0514631580571793
2(g^2)(6,math notation,1,1,-0.07643068535253406,-0.07643068535253406,0.0
2^{61,math notation,3,3,-0.2293955737259239,-0.07646519124197464,0.004815822901455302
a_n)\),math notation,1,1,-0.07648372882977128,-0.07648372882977128,0.0
deck,other word,2,2,-0.15317578613758087,-0.07658789306879044,0.012724075613522205
10^{8}$,math notation,1,1,-0.0765894390642643,-0.0765894390642643,0.0
\(d\),math notation,7,7,-0.5362853674450889,-0.07661219534929842,0.04208702249893086
simplifies,other word,25,22,-1.9188461913727224,-0.07675384765490889,0.023550985215524
\(2^4,math notation,1,1,-0.07684542424976826,-0.07684542424976826,0.0
9}{2,math notation,9,7,-0.6937121563823894,-0.07707912848693216,0.024910172718163183
two-week,other word,1,1,-0.0771186389029026,-0.0771186389029026,0.0
360°,number,1,1,-0.07715810835361481,-0.07715810835361481,0.0
\(b,math notation,31,29,-2.3950811587274075,-0.07726068253959378,0.009869569704932758
"\frac{1}{2},$",math notation,1,1,-0.07726741186343133,-0.07726741186343133,0.0
dividing,other word,15,15,-1.159266987000592,-0.07728446580003948,0.02163732331990083
\(14\),math notation,1,1,-0.07739016134291887,-0.07739016134291887,0.0
\frac{25}{12},math notation,1,1,-0.07740495027974248,-0.07740495027974248,0.0
\)**,math notation,7,7,-0.541894884314388,-0.07741355490205544,0.003948632471568215
harvested,other word,1,1,-0.0775521844625473,-0.0775521844625473,0.0
$$3x,math notation,1,1,-0.07767842058092356,-0.07767842058092356,0.0
4f\left(-\frac{1}{2}\right),math notation,1,1,-0.07786023488733917,-0.07786023488733917,0.0
\text{width}),math notation,1,1,-0.07787938066758215,-0.07787938066758215,0.0
steps,other word,50,45,-3.8943954282440245,-0.0778879085648805,0.011358932217497873
camera,other word,1,1,-0.07795137166976929,-0.07795137166976929,0.0
\(\log_2,math notation,2,2,-0.1560309282504022,-0.0780154641252011,0.0022104604526909937
$(a,math notation,4,1,-0.3121911948546767,-0.07804779871366918,0.012270902348994415
11\),math notation,1,1,-0.07809976302087307,-0.07809976302087307,0.0
\(\lceil,math notation,2,1,-0.15622441889718175,-0.07811220944859087,0.007174431318062616
2^{-n,math notation,1,1,-0.07819158025085926,-0.07819158025085926,0.0
\frac{-2,math notation,7,3,-0.5487778139067814,-0.07839683055811163,0.02003645833802302
4|,math notation,1,1,-0.07839814200997353,-0.07839814200997353,0.0
traveled,other word,2,1,-0.15693937987089157,-0.07846968993544579,0.041307781148205054
x-1,number,1,1,-0.07860502228140831,-0.07860502228140831,0.0
db$,math notation,1,1,-0.0786618459969759,-0.0786618459969759,0.0
6x,number,2,2,-0.15735237253829837,-0.07867618626914918,0.0046189058908981465
n_a(24,math notation,1,1,-0.07876776903867722,-0.07876776903867722,0.0
containing,other word,2,2,-0.1575460135936737,-0.07877300679683685,0.002051424094282873
\(50\%,math notation,1,1,-0.07884322479367256,-0.07884322479367256,0.0
\frac{78}{7}},math notation,1,1,-0.07889533799607307,-0.07889533799607307,0.0
sign,other word,3,3,-0.2371398564428091,-0.0790466188142697,0.024346528800712607
\[n_2,math notation,1,1,-0.07907376810908318,-0.07907376810908318,0.0
circle,other word,36,21,-2.8488961956463754,-0.07913600543462154,0.020947428820949406
\frac{15}{3},math notation,1,1,-0.07916358625516295,-0.07916358625516295,0.0
$a,math notation,8,7,-0.6338923487346619,-0.07923654359183274,0.02807408784818662
\(3^{2020}\),math notation,1,1,-0.07931235991418362,-0.07931235991418362,0.0
\frac{16}{6},math notation,1,1,-0.07935491669923067,-0.07935491669923067,0.0
\((x,math notation,3,3,-0.238153254147619,-0.07938441804920633,0.04188151016180983
\frac{48}{2},math notation,1,1,-0.07948739361017942,-0.07948739361017942,0.0
g_a,math notation,5,5,-0.39757489459589124,-0.07951497891917825,0.013755819460272871
262\],math notation,1,1,-0.07968850154429674,-0.07968850154429674,0.0
3}{2,math notation,2,1,-0.159419902600348,-0.079709951300174,0.006776884462206164
|x,math notation,1,1,-0.07979248650372028,-0.07979248650372028,0.0
\tag{1},math notation,1,1,-0.07982790376991034,-0.07982790376991034,0.0
\(\frac{(10r^3)(4r^6)}{8r^4}\),math notation,1,1,-0.07986766763497144,-0.07986766763497144,0.0
126,number,1,1,-0.07988086715340614,-0.07988086715340614,0.0
\log_{5}(1),math notation,1,1,-0.08028559072408825,-0.08028559072408825,0.0
multiples,other word,11,10,-0.8850090652704239,-0.08045536957003853,0.024647567691078263
12$,math notation,3,2,-0.24146816600114107,-0.08048938866704702,0.010701289050974606
$20,math notation,10,7,-0.8050633433740586,-0.08050633433740587,0.029877618934649
minutes/episode,math notation,1,1,-0.08051761891692877,-0.08051761891692877,0.0
\end{pmatrix}\),math notation,1,1,-0.08059284929186106,-0.08059284929186106,0.0
\frac{5}{9},math notation,3,3,-0.24260137043893337,-0.08086712347964446,0.017340787202017052
\frac{2020}{15},math notation,1,1,-0.08087378251366317,-0.08087378251366317,0.0
$10^{4/2,math notation,1,1,-0.08092876290902495,-0.08092876290902495,0.0
\frac{80}{1,math notation,1,1,-0.08093660045415163,-0.08093660045415163,0.0
los,other word,1,1,-0.08094153553247452,-0.08094153553247452,0.0
$600,math notation,1,1,-0.08100344706326723,-0.08100344706326723,0.0
\frac{126}{7},math notation,2,2,-0.16230038204230368,-0.08115019102115184,0.0010729371793074967
gardener,other word,2,2,-0.16243252158164978,-0.08121626079082489,0.09425335557312467
apd,other word,1,1,-0.08128507249057293,-0.08128507249057293,0.0
system,other word,3,3,-0.24387929029762745,-0.08129309676587582,0.0469187791132736
bananas}}{2,math notation,1,1,-0.081416723318398,-0.081416723318398,0.0
\frac{1}{9},math notation,4,3,-0.3256676091114059,-0.08141690227785148,0.03388098010102567
\(49,math notation,1,1,-0.08144220989197493,-0.08144220989197493,0.0
v^3,math notation,1,1,-0.08203267306089401,-0.08203267306089401,0.0
$(\pm,math notation,1,1,-0.08203467587009072,-0.08203467587009072,0.0
\(n\)-th,math notation,2,2,-0.16452888783533126,-0.08226444391766563,0.07333621771769759
5f\left(-\frac{1}{2}\right),math notation,1,1,-0.0823482342530042,-0.0823482342530042,0.0
juan,other word,1,1,-0.08237312734127045,-0.08237312734127045,0.0
\frac{y_2,math notation,2,2,-0.16476026980672032,-0.08238013490336016,0.007446931067406242
parentheses,other word,7,7,-0.5766743053682148,-0.08238204362403069,0.03652722824486566
\(2011^2\),math notation,1,1,-0.0825524105457589,-0.0825524105457589,0.0
radians,other word,1,1,-0.08266051299870014,-0.08266051299870014,0.0
\left(\frac{1}{2}\right)^5,math notation,1,1,-0.08271201443858445,-0.08271201443858445,0.0
\(\boxed{\frac{1}{10}}\),math notation,1,1,-0.0827672821469605,-0.0827672821469605,0.0
\mathbf{b}\),math notation,1,1,-0.0827915677218698,-0.0827915677218698,0.0
\frac{3a}{2},math notation,1,1,-0.08293241541832685,-0.08293241541832685,0.0
$\frac{1}{2,math notation,1,1,-0.0830864692106843,-0.0830864692106843,0.0
-\frac{48}{7}\),math notation,1,1,-0.08313619252294302,-0.08313619252294302,0.0
start,other word,30,30,-2.494216710329056,-0.08314055701096852,0.018874684724950554
-155,number,1,1,-0.0832619434222579,-0.0832619434222579,0.0
\frac{200,math notation,1,1,-0.08331352565437555,-0.08331352565437555,0.0
\frac{1016}{2},math notation,1,1,-0.0833873568335548,-0.0833873568335548,0.0
\(3/4,math notation,1,1,-0.08339955750852823,-0.08339955750852823,0.0
3800,number,1,1,-0.08344424143433571,-0.08344424143433571,0.0
point-slope,other word,1,1,-0.08347141300328076,-0.08347141300328076,0.0
discard,other word,1,1,-0.08349572867155075,-0.08349572867155075,0.0
tower,other word,1,1,-0.08352361060678959,-0.08352361060678959,0.0
\(s_2\),math notation,1,1,-0.08354733139276505,-0.08354733139276505,0.0
midsegments,other word,2,2,-0.16718130791559815,-0.08359065395779908,0.07685683933928913
\left(\frac{1}{2}\right)^3,math notation,1,1,-0.08372471085749567,-0.08372471085749567,0.0
lauren,other word,8,4,-0.6701232865452766,-0.08376541081815958,0.03950252610789638
adam,other word,2,2,-0.16762373968958855,-0.08381186984479427,0.07438958406552178
816,number,1,1,-0.08385784085839987,-0.08385784085839987,0.0
classic,other word,1,1,-0.08388213813304901,-0.08388213813304901,0.0
\frac{10^n,math notation,1,1,-0.08419293561019003,-0.08419293561019003,0.0
f^{-1}(f(x,math notation,1,1,-0.08428881806321442,-0.08428881806321442,0.0
1\],math notation,4,4,-0.33778959535993636,-0.08444739883998409,0.05045477197885423
\text{dollars,math notation,1,1,-0.08448543772101402,-0.08448543772101402,0.0
hectare,other word,1,1,-0.08453641086816788,-0.08453641086816788,0.0
18).\],math notation,1,1,-0.08453972917050123,-0.08453972917050123,0.0
\frac{b}{2},math notation,1,1,-0.08456836175173521,-0.08456836175173521,0.0
\frac{1}{10}},math notation,1,1,-0.08460071822628379,-0.08460071822628379,0.0
\(\gcd(a_{5000},math notation,3,3,-0.2538501836825162,-0.08461672789417207,0.09170977934307588
\frac{5}{3},math notation,1,1,-0.08462896337732673,-0.08462896337732673,0.0
fit,other word,1,1,-0.08478692919015884,-0.08478692919015884,0.0
10^n,math notation,2,2,-0.1696537984535098,-0.0848268992267549,0.05022989130268599
\frac{1}{2}},math notation,1,1,-0.08484565187245607,-0.08484565187245607,0.0
\(\left(\frac{b}{2}\right)^2\),math notation,1,1,-0.08484754443634301,-0.08484754443634301,0.0
\frac{7x}{4x,math notation,1,1,-0.08484915038570762,-0.08484915038570762,0.0
g_{at,math notation,3,3,-0.25575503217987716,-0.08525167739329238,0.026011080944796004
$y$-coordinate,math notation,3,2,-0.25579772813944146,-0.08526590937981382,0.018776598391191734
999,number,2,2,-0.17068367637693882,-0.08534183818846941,0.014744993950561796
x^n}{1-x,math notation,1,1,-0.08539287000894547,-0.08539287000894547,0.0
polyhedron,other word,1,1,-0.0855996860191226,-0.0855996860191226,0.0
equation,other word,142,110,-12.166847624699585,-0.08568202552605342,0.007957454824416222
b^4}{ab,math notation,1,1,-0.08568756328895688,-0.08568756328895688,0.0
zero,other word,7,7,-0.599974668584764,-0.08571066694068057,0.021880136053516148
dice,other word,18,12,-1.5439706966280937,-0.08577614981267187,0.017414382205309487
\frac{180}{\pi},math notation,1,1,-0.08579753269441426,-0.08579753269441426,0.0
\frac{9}{4}\),math notation,2,2,-0.17166811879724264,-0.08583405939862132,0.04981203509883947
7)(13,math notation,1,1,-0.08583498373627663,-0.08583498373627663,0.0
\frac{49}{4},math notation,1,1,-0.08589610597118735,-0.08589610597118735,0.0
5\],math notation,1,1,-0.08609792124480009,-0.08609792124480009,0.0
e[x^3,math notation,1,1,-0.0863526223693043,-0.0863526223693043,0.0
\left(\frac{1}{2}\right)^{6-1},math notation,1,1,-0.0863708543474786,-0.0863708543474786,0.0
\[343,math notation,4,4,-0.34555077215190977,-0.08638769303797744,0.004002446425132264
\(a_n\),math notation,3,3,-0.25954119337257,-0.08651373112418999,0.04093224270674051
\frac{8112}{4},math notation,1,1,-0.08662001811899245,-0.08662001811899245,0.0
50\%,math notation,1,1,-0.08663430251181126,-0.08663430251181126,0.0
\frac{a^4,math notation,1,1,-0.08669671532697976,-0.08669671532697976,0.0
determinant,other word,1,1,-0.0868398966267705,-0.0868398966267705,0.0
$(10^3+1)^2,math notation,3,3,-0.26053061289712787,-0.08684353763237596,0.040922764626514285
frederick,other word,7,6,-0.6090338826179504,-0.08700484037399292,0.027246578989421736
determine,other word,100,97,-8.709140399936587,-0.08709140399936587,0.014599538022860917
9\left(\frac{3\sqrt{2}}{2}\right)^2,math notation,1,1,-0.08727733691921458,-0.08727733691921458,0.0
10^{4}$,math notation,1,1,-0.0873127500526607,-0.0873127500526607,0.0
\(p_2,math notation,2,2,-0.17479274282231927,-0.08739637141115963,0.08174347073764321
\frac{4}{7},math notation,2,1,-0.17498442705255002,-0.08749221352627501,0.0018234878048402603
f^{-1,math notation,1,1,-0.08749333070591092,-0.08749333070591092,0.0
(\text{length},math notation,1,1,-0.08755202451720834,-0.08755202451720834,0.0
\[1,math notation,1,1,-0.08757359161973,-0.08757359161973,0.0
favorite,other word,1,1,-0.08759233355522156,-0.08759233355522156,0.0
\(\boxed{-6}\),math notation,1,1,-0.08760237949900329,-0.08760237949900329,0.0
\(m_1,math notation,1,1,-0.08776016719639301,-0.08776016719639301,0.0
\[3,math notation,3,3,-0.26375688146799803,-0.08791896048933268,0.01930867698560738
0.2x,number,1,1,-0.0881010852754116,-0.0881010852754116,0.0
\[s,math notation,2,2,-0.17637688433751464,-0.08818844216875732,0.0005546941793432755
\sqrt[3]{8},math notation,1,1,-0.08820894174277782,-0.08820894174277782,0.0
\(90^\circ\),math notation,1,1,-0.08822453720495105,-0.08822453720495105,0.0
constants,other word,1,1,-0.08828102285042405,-0.08828102285042405,0.0
5\%,math notation,1,1,-0.08829106763005257,-0.08829106763005257,0.0
\frac{40r^3}{8r^4},math notation,1,1,-0.08843947749119252,-0.08843947749119252,0.0
f(4,math notation,5,5,-0.4425612313207239,-0.08851224626414478,0.026562700086074212
plugging,other word,5,5,-0.4426849754527211,-0.08853699509054422,0.02246878860911512
fifth,other word,26,23,-2.302080476656556,-0.08854155679448293,0.021478392982591552
repeated,other word,1,1,-0.08879819512367249,-0.08879819512367249,0.0
compute,other word,17,17,-1.512395653873682,-0.08896445022786365,0.023644394703033818
conclusion,other word,1,1,-0.08903227746486664,-0.08903227746486664,0.0
\[49,math notation,5,5,-0.44532769825309515,-0.08906553965061903,0.0034624051585074316
\begin{pmatrix},math notation,1,1,-0.0890813481528312,-0.0890813481528312,0.0
\frac{2\pi}{3},math notation,1,1,-0.08919308870099485,-0.08919308870099485,0.0
\frac{360}{3},math notation,1,1,-0.08919722447171807,-0.08919722447171807,0.0
\frac{bd}{2}\),math notation,1,1,-0.08922677487134933,-0.08922677487134933,0.0
equals,other word,8,7,-0.7144357934594154,-0.08930447418242693,0.00925088863242223
\sqrt{3}}{2},math notation,2,2,-0.1788383258972317,-0.08941916294861585,0.015254235470282384
10}{2,math notation,4,2,-0.35771658178418875,-0.08942914544604719,0.00787833417050908
\frac{5600}{81},math notation,1,1,-0.08944903913652524,-0.08944903913652524,0.0
\frac{1}{r^2},math notation,3,2,-0.26836362935137004,-0.08945454311712335,0.00605398612247052
$(748-742,math notation,1,1,-0.08948293188586831,-0.08948293188586831,0.0
\frac{400}{3},math notation,1,1,-0.0895316080423072,-0.0895316080423072,0.0
\(75\%,math notation,2,2,-0.1790660130791366,-0.0895330065395683,0.013219311126328915
2^{\frac{-48,math notation,1,1,-0.08969213883392513,-0.08969213883392513,0.0
$28.80,math notation,1,1,-0.08974357787519693,-0.08974357787519693,0.0
mathematically,other word,2,2,-0.17956465482711792,-0.08978232741355896,0.0045273170024530554
$\frac{2}{6},math notation,3,1,-0.2695250129327178,-0.0898416709775726,0.003396600360784104
\left(\frac{8-3}{8-1}\right)t_6,math notation,1,1,-0.08986221486702561,-0.08986221486702561,0.0
approximate,other word,3,3,-0.2698048837482929,-0.08993496124943097,0.019944032616127025
\frac{1}{6}\),math notation,1,1,-0.09004805400036275,-0.09004805400036275,0.0
\frac{11}{16},math notation,1,1,-0.09009502932894975,-0.09009502932894975,0.0
720\),math notation,1,1,-0.09020541235804558,-0.09020541235804558,0.0
-\frac{48}{7},math notation,10,6,-0.9038237007334828,-0.09038237007334829,0.011598857371170107
spoons}\],math notation,1,1,-0.09042491484433413,-0.09042491484433413,0.0
\(\cos^2,math notation,2,2,-0.18115841783583164,-0.09057920891791582,0.03592118934483558
\frac{11!}{4!(11-4)!}$,math notation,1,1,-0.09070237306877971,-0.09070237306877971,0.0
alani,other word,2,2,-0.18155388720333576,-0.09077694360166788,0.04200902107227381
\sqrt{256},math notation,1,1,-0.09089474333450198,-0.09089474333450198,0.0
\dfrac{21}{43}\],math notation,1,1,-0.09097644640132785,-0.09097644640132785,0.0
6!\),math notation,1,1,-0.09117455314844847,-0.09117455314844847,0.0
\frac{3^{2022}}{2},math notation,1,1,-0.09147778269834816,-0.09147778269834816,0.0
5}{2}\right),math notation,1,1,-0.09151947184000164,-0.09151947184000164,0.0
1)\),math notation,7,6,-0.6409124857746065,-0.0915589265392295,0.03685276762951351
dimensions,other word,3,3,-0.2747548520565033,-0.0915849506855011,0.03698355951965593
$-63,math notation,1,1,-0.09181642346084118,-0.09181642346084118,0.0
-1\),math notation,7,7,-0.6430539180291817,-0.09186484543274023,0.04453668310525325
20^2,math notation,1,1,-0.09187857527285814,-0.09187857527285814,0.0
5^{4,math notation,1,1,-0.09193159616552293,-0.09193159616552293,0.0
9}{4,math notation,1,1,-0.09221597877331078,-0.09221597877331078,0.0
\frac{1}{8},math notation,2,2,-0.184588470030576,-0.092294235015288,0.03780252308187153
39,number,1,1,-0.09237460792064667,-0.09237460792064667,0.0
\sqrt{(20-20)^2,math notation,1,1,-0.09255805425345898,-0.09255805425345898,0.0
334\],math notation,1,1,-0.09259754233062267,-0.09259754233062267,0.0
4(1)(a,math notation,1,1,-0.09261178644374013,-0.09261178644374013,0.0
simplified,other word,8,8,-0.7421977892518044,-0.09277472365647554,0.010218341394094463
n+1,math notation,1,1,-0.09277737233787775,-0.09277737233787775,0.0
-\frac{1}{7}\),math notation,1,1,-0.09278325992636383,-0.09278325992636383,0.0
k\sqrt{k^2+1}$,math notation,1,1,-0.09295829758048058,-0.09295829758048058,0.0
\frac{2}{5}},math notation,1,1,-0.0929742082953453,-0.0929742082953453,0.0
\frac{4}{9},math notation,2,2,-0.18602400535019115,-0.09301200267509557,0.028755607774245906
\frac{1}{2},math notation,62,34,-5.774605043698102,-0.09313879102738874,0.010063018267453224
s_8,math notation,1,1,-0.0933031290769577,-0.0933031290769577,0.0
\frac{10}{5},math notation,1,1,-0.09348520124331117,-0.09348520124331117,0.0
\frac{9}{2},math notation,2,2,-0.18724082468543202,-0.09362041234271601,0.008159058460871272
\[n_1,math notation,1,1,-0.09369118139147758,-0.09369118139147758,0.0
65,number,2,2,-0.18739007785916328,-0.09369503892958164,0.030609092096209104
90\),math notation,3,3,-0.2817570776678622,-0.0939190258892874,0.08076987874083502
\frac{81}{2},math notation,1,1,-0.09412568970583379,-0.09412568970583379,0.0
$4$,math notation,2,2,-0.18838631082326174,-0.09419315541163087,0.0011517643806866157
$$\frac{x}{4},math notation,1,1,-0.09420484211295843,-0.09420484211295843,0.0
\frac{1}{2}m\),math notation,2,2,-0.18841004371643066,-0.09420502185821533,0.00330690199098721
10}{2}\],math notation,1,1,-0.09438615385442972,-0.09438615385442972,0.0
randy,other word,7,6,-0.6611400758847594,-0.09444858226925135,0.030815729017737152
$$4y,math notation,3,2,-0.28386460011824965,-0.09462153337274988,0.0642167199164158
multiplying,other word,10,10,-0.9466975273098797,-0.09466975273098796,0.03002484674621964
i)^2,math notation,1,1,-0.0947015006095171,-0.0947015006095171,0.0
\frac{n-3}{n-1},math notation,1,1,-0.0948455820325762,-0.0948455820325762,0.0
\(a_2a_4a_6\),math notation,2,2,-0.18973821797408164,-0.09486910898704082,0.048144801343020224
squared,other word,2,2,-0.18999065645039082,-0.09499532822519541,0.015981107016736648
\dfrac{7}{\frac{43}{3}},math notation,1,1,-0.09508038242347538,-0.09508038242347538,0.0
\(y_{1},math notation,1,1,-0.09509847639128566,-0.09509847639128566,0.0
obtain,other word,3,3,-0.28534938395023346,-0.09511646131674449,0.03855489273548611
\(a^3,math notation,2,2,-0.1903005437925458,-0.0951502718962729,0.033150587561903255
2^6,math notation,2,2,-0.19062577188014984,-0.09531288594007492,0.02171164607991339
\cdots\),math notation,1,1,-0.09544707741588354,-0.09544707741588354,0.0
\cos(bx),math notation,2,2,-0.19103408930823207,-0.09551704465411603,0.010310232250619276
ratios,other word,2,2,-0.19116307608783245,-0.09558153804391623,0.054247161961711636
\frac{1}{5},math notation,1,1,-0.09564002649858594,-0.09564002649858594,0.0
\(50\%\),math notation,1,1,-0.09573108679614961,-0.09573108679614961,0.0
\(y_{2},math notation,1,1,-0.0957821044139564,-0.0957821044139564,0.0
\(m_2\),math notation,1,1,-0.09585946495644748,-0.09585946495644748,0.0
\(|r|,math notation,1,1,-0.095887754810974,-0.095887754810974,0.0
\frac{a}{1,math notation,1,1,-0.09639209136366844,-0.09639209136366844,0.0
\binom{4}{4},math notation,1,1,-0.09643867518752813,-0.09643867518752813,0.0
substitute,other word,41,38,-3.960448833182454,-0.0965963130044501,0.01753408617132571
\frac{3}{2},math notation,8,6,-0.7729548818897456,-0.0966193602362182,0.024922305198050193
316\],math notation,1,1,-0.09688080847263336,-0.09688080847263336,0.0
consume,other word,1,1,-0.0970824807882309,-0.0970824807882309,0.0
wallet,other word,1,1,-0.09710920602083206,-0.09710920602083206,0.0
-\frac{1}{5},math notation,1,1,-0.09720163885504007,-0.09720163885504007,0.0
g_{al,math notation,4,4,-0.3888607833068818,-0.09721519582672045,0.01818236029777644
\frac{\text{jamal's,math notation,1,1,-0.09727835049852729,-0.09727835049852729,0.0
\(p_2\),math notation,2,2,-0.19457428180612624,-0.09728714090306312,0.057033893228323786
1+i)^8,math notation,1,1,-0.09729801351204515,-0.09729801351204515,0.0
trapezoid,other word,1,1,-0.09730623103678226,-0.09730623103678226,0.0
(-2)}{2}\right),math notation,1,1,-0.09734445065259933,-0.09734445065259933,0.0
\(\mathbf{a}\),math notation,2,2,-0.19473061815369874,-0.09736530907684937,0.058978555609856695
-\frac{1}{\sin^2,math notation,1,1,-0.09746115235611796,-0.09746115235611796,0.0
\(a_{2},math notation,1,1,-0.09756734105758369,-0.09756734105758369,0.0
4\],math notation,2,2,-0.19614611705765128,-0.09807305852882564,0.05552523764857129
\text{tomatoes,math notation,1,1,-0.09813893400132656,-0.09813893400132656,0.0
\(6\),math notation,1,1,-0.09817591868340969,-0.09817591868340969,0.0
3$,math notation,6,5,-0.5891834641806781,-0.09819724403011303,0.038003930454009474
raymond,other word,4,3,-0.3928113728761673,-0.09820284321904182,0.01082450728101565
46\],math notation,1,1,-0.09824465308338404,-0.09824465308338404,0.0
340\],math notation,1,1,-0.09838480316102505,-0.09838480316102505,0.0
\(168\),math notation,1,1,-0.09838539827615023,-0.09838539827615023,0.0
\boxed{33,math notation,1,1,-0.09841862320899963,-0.09841862320899963,0.0
\(32,math notation,1,1,-0.09866493102163076,-0.09866493102163076,0.0
painter,other word,1,1,-0.09879341721534729,-0.09879341721534729,0.0
drives,other word,11,11,-1.0867453962564468,-0.09879503602331335,0.01758637184907314
20-dollar,number,3,2,-0.29654166754335165,-0.09884722251445055,0.03404379272804934
\sqrt{100}}{2}\],math notation,1,1,-0.09890738665126264,-0.09890738665126264,0.0
f(n,math notation,12,10,-1.1880907523445785,-0.09900756269538154,0.032607347515896244
observations,other word,1,1,-0.09909436479210854,-0.09909436479210854,0.0
changes,other word,1,1,-0.09920410811901093,-0.09920410811901093,0.0
742-736,number,1,1,-0.09921808168292046,-0.09921808168292046,0.0
\(20\),math notation,3,3,-0.2977518967818469,-0.09925063226061563,0.03348441043465056
tables,other word,1,1,-0.09931191802024841,-0.09931191802024841,0.0
\frac{1}{2}a^2,math notation,2,1,-0.1986385592026636,-0.0993192796013318,0.0005363700549318804
billie's,other word,2,2,-0.19878214970231056,-0.09939107485115528,0.046797227725553815
\((3.6)^2,math notation,1,1,-0.09948374703526497,-0.09948374703526497,0.0
\(\mathbf{a},math notation,2,2,-0.19904820376541466,-0.09952410188270733,0.03929495109597155
\frac{1}{2}\),math notation,5,4,-0.4977203751914203,-0.09954407503828407,0.02067307967171841
\text{car,math notation,1,1,-0.09957500919699669,-0.09957500919699669,0.0
1020,number,1,1,-0.09971022792160511,-0.09971022792160511,0.0
-1)^2,math notation,2,2,-0.19948282465338707,-0.09974141232669353,0.008619494135811449
compare,other word,5,5,-0.49873590283095837,-0.09974718056619167,0.06117342500706535
\sqrt{100}}{2},math notation,1,1,-0.09994598617777228,-0.09994598617777228,0.0
we'll,other word,18,18,-1.8029205300845206,-0.10016225167136225,0.01878169090096828
accurately,other word,1,1,-0.10022849589586258,-0.10022849589586258,0.0
\(a(a,math notation,4,2,-0.4014911144040525,-0.10037277860101312,0.01553259936683998
\[ab,math notation,1,1,-0.10040945932269096,-0.10040945932269096,0.0
bounds,other word,1,1,-0.10062136873602867,-0.10062136873602867,0.0
factorize,other word,2,2,-0.20138311409391463,-0.10069155704695731,0.05884224245317356
\boxed{yes},math notation,1,1,-0.1007086019963026,-0.1007086019963026,0.0
elizabeth,other word,4,4,-0.4028857871890068,-0.1007214467972517,0.02253981137843997
f(2,math notation,5,5,-0.5037991837598383,-0.10075983675196767,0.0205911854569778
turns,other word,15,12,-1.5121260941959918,-0.10080840627973278,0.021037782648459086
\frac{1}{4}\),math notation,1,1,-0.10097225615754724,-0.10097225615754724,0.0
larry,other word,8,7,-0.8085759803652763,-0.10107199754565954,0.03419281725221954
\frac{2x}{3}\),math notation,1,1,-0.10114675993099809,-0.10114675993099809,0.0
\frac{2500}{81},math notation,4,2,-0.40482356026768684,-0.10120589006692171,0.025971892406503595
diameter,other word,3,3,-0.30382415652275085,-0.10127471884091695,0.018027688224177062
12^\circ,math notation,5,3,-0.506451559253037,-0.1012903118506074,0.027537032651645813
-2))^2,math notation,1,1,-0.10140890209004283,-0.10140890209004283,0.0
\frac{8}{11},math notation,3,1,-0.3044857586501166,-0.1014952528833722,0.020205876683563873
-50,number,2,2,-0.20330559741705656,-0.10165279870852828,0.05790648404614582
\sqrt{ab^2,math notation,1,1,-0.101657580351457,-0.101657580351457,0.0
divide,other word,37,37,-3.7621633298695087,-0.10168008999647321,0.022570972309037627
\frac{14}{2}(105,math notation,1,1,-0.10227802162989974,-0.10227802162989974,0.0
\(a^2,math notation,4,4,-0.4098056494258344,-0.1024514123564586,0.009370841955454302
b_{m-1}x^{m-1,math notation,1,1,-0.10252702771686018,-0.10252702771686018,0.0
\sqrt{6},math notation,2,2,-0.20526548940688372,-0.10263274470344186,0.0004545824078759701
relate,other word,3,3,-0.3082925770431757,-0.10276419234772523,0.04637520622021907
three-fourths,other word,1,1,-0.10291745886206627,-0.10291745886206627,0.0
5}{4}\],math notation,1,1,-0.10329414112493396,-0.10329414112493396,0.0
40\],math notation,1,1,-0.10336380079388618,-0.10336380079388618,0.0
19\),math notation,2,2,-0.20681594125926495,-0.10340797062963247,0.08658208452783385
-\frac{1}{3},math notation,2,2,-0.2068601745995693,-0.10343008729978465,0.04682706796183323
384i^2,math notation,1,1,-0.10374602023512125,-0.10374602023512125,0.0
\sqrt{324,math notation,1,1,-0.1037921579554677,-0.1037921579554677,0.0
so,other word,198,189,-20.55339347512927,-0.10380501755115792,0.011541640587089844
haven't,negation,1,1,-0.10382968559861183,-0.10382968559861183,0.0
$$f(3,math notation,2,1,-0.2080080285668373,-0.10400401428341866,0.004184599574514454
"p(1,1",math notation,1,1,-0.10406998638063669,-0.10406998638063669,0.0
bc}{2,math notation,1,1,-0.10419217590242624,-0.10419217590242624,0.0
leaves,other word,1,1,-0.10422398149967194,-0.10422398149967194,0.0
\frac{1}{3}\%,math notation,1,1,-0.10425271675921977,-0.10425271675921977,0.0
\frac{n!}{k!(n-k)!}$,math notation,1,1,-0.10430019348859787,-0.10430019348859787,0.0
-\frac{67}{20},math notation,1,1,-0.10441839974373579,-0.10441839974373579,0.0
\frac{243}{625},math notation,1,1,-0.10443584527820349,-0.10443584527820349,0.0
\(n=3\),math notation,3,2,-0.31341595482081175,-0.10447198494027059,0.10954613389319007
variables,other word,5,4,-0.5226074289530516,-0.10452148579061031,0.03016616739267793
discounted,other word,1,1,-0.10453994199633598,-0.10453994199633598,0.0
\frac{24}{37},math notation,3,2,-0.31401471805293113,-0.10467157268431038,0.009232589332287943
\frac{67}{0.2},math notation,1,1,-0.10469357843976468,-0.10469357843976468,0.0
earns,other word,1,1,-0.10519040795043111,-0.10519040795043111,0.0
y^{34,math notation,3,2,-0.3163843168877065,-0.10546143896256883,0.025141586235021315
constraint,other word,3,3,-0.3166580870747566,-0.10555269569158554,0.0313001071193077
radical,other word,4,4,-0.4222966078668833,-0.10557415196672082,0.03138564356122366
\frac{411}{333},math notation,1,1,-0.10583583253901452,-0.10583583253901452,0.0
\[s_2,math notation,2,2,-0.21179651701822877,-0.10589825850911438,0.01849661516369293
random,other word,1,1,-0.10600928217172623,-0.10600928217172623,0.0
factoring,other word,1,1,-0.10601188708096743,-0.10601188708096743,0.0
liters,other word,6,5,-0.6360811898484826,-0.10601353164141376,0.027860181639324782
\(3:5:7\),math notation,1,1,-0.1063066660426557,-0.1063066660426557,0.0
32\),math notation,1,1,-0.10647770389914513,-0.10647770389914513,0.0
(2^3)\left(2^{3x}\right),math notation,1,1,-0.10659657092764974,-0.10659657092764974,0.0
\text{original,math notation,1,1,-0.1066286489367485,-0.1066286489367485,0.0
$5$,math notation,3,3,-0.3200348208192736,-0.10667827360642453,0.0388180355221946
$amb$,math notation,1,1,-0.10669934097677469,-0.10669934097677469,0.0
subsequence,other word,1,1,-0.1068713441491127,-0.1068713441491127,0.0
$0.10,math notation,2,1,-0.2138474453240633,-0.10692372266203165,0.0066053113919994745
\frac{49}{20},math notation,2,2,-0.21406493708491325,-0.10703246854245663,0.02823737500230121
y_1}{x_2,math notation,2,2,-0.21445021010003984,-0.10722510505001992,0.024883077316120276
$34$,math notation,3,2,-0.32191588543355465,-0.10730529514451821,0.03370514027478776
\frac{7}{4},math notation,2,2,-0.21472191624343395,-0.10736095812171698,0.014435767462121172
arml,other word,1,1,-0.10739589110016823,-0.10739589110016823,0.0
completes,other word,1,1,-0.1075173169374466,-0.1075173169374466,0.0
$b_i$,math notation,1,1,-0.10765918157994747,-0.10765918157994747,0.0
\(5\),math notation,5,4,-0.5386797566898167,-0.10773595133796335,0.07830635977401643
\sqrt{1^2,math notation,1,1,-0.10775454784743488,-0.10775454784743488,0.0
rewritten,other word,2,2,-0.21582292532548308,-0.10791146266274154,0.034995388871631124
7!}{2}\),math notation,1,1,-0.10799709218554199,-0.10799709218554199,0.0
step,other word,105,66,-11.34248626511544,-0.10802367871538514,0.00850740900215994
\(s\),math notation,4,4,-0.43231950351037085,-0.10807987587759271,0.02297319199004666
\frac{d}{2},math notation,1,1,-0.10812003188766539,-0.10812003188766539,0.0
ec$,math notation,1,1,-0.10818042722530663,-0.10818042722530663,0.0
d^2\),math notation,1,1,-0.10826083179563284,-0.10826083179563284,0.0
\frac{80}{20},math notation,1,1,-0.10828315932303667,-0.10828315932303667,0.0
\frac{648}{16},math notation,1,1,-0.10838181292638183,-0.10838181292638183,0.0
\frac{258}{4},math notation,1,1,-0.10841740015894175,-0.10841740015894175,0.0
enough,other word,2,2,-0.2172730383463204,-0.1086365191731602,0.05045876136708193
1\right\}$,math notation,1,1,-0.1088377928826958,-0.1088377928826958,0.0
\sqrt{(r+s)^2,math notation,1,1,-0.10905805719085038,-0.10905805719085038,0.0
expressed,other word,4,4,-0.4366592466831207,-0.10916481167078018,0.03030914449677891
\frac{-48}{6},math notation,1,1,-0.10919822589494288,-0.10919822589494288,0.0
fractional,other word,1,1,-0.10924079269170761,-0.10924079269170761,0.0
\frac{9}{2,math notation,1,1,-0.10928544646594673,-0.10928544646594673,0.0
r)\),math notation,1,1,-0.10934619139879942,-0.10934619139879942,0.0
$y$,math notation,4,4,-0.43765049194917083,-0.10941262298729271,0.0599335066254801
\(\mathbf{v}_3,math notation,1,1,-0.10952959163114429,-0.10952959163114429,0.0
logarithm,other word,2,2,-0.21913515171036124,-0.10956757585518062,0.05939940889091808
3ab\],math notation,3,2,-0.3302236055023968,-0.11007453516746561,0.011625031920951304
2g_{at,math notation,1,1,-0.11014029011130333,-0.11014029011130333,0.0
simplify,other word,34,32,-3.7456685905344784,-0.11016672325101406,0.02340958991977939
\$72,math notation,1,1,-0.1102052703499794,-0.1102052703499794,0.0
\frac{pa}{pb,math notation,1,1,-0.11030912166461349,-0.11030912166461349,0.0
82\],math notation,1,1,-0.11058033630251884,-0.11058033630251884,0.0
\frac{ab,math notation,1,1,-0.11064115120097995,-0.11064115120097995,0.0
a^{b+c,math notation,1,1,-0.11064550746232271,-0.11064550746232271,0.0
\(4\),math notation,4,4,-0.4432426654966548,-0.1108106663741637,0.08486898551326963
\frac{-4}{12},math notation,1,1,-0.11081869713962078,-0.11081869713962078,0.0
6x)$,math notation,1,1,-0.11085594212636352,-0.11085594212636352,0.0
"$20,000/year",math notation,1,1,-0.11107829539105296,-0.11107829539105296,0.0
substituting,other word,34,34,-3.7810551887378097,-0.11120750555111204,0.017391692122326673
\frac{18}{12},math notation,1,1,-0.1112275478662923,-0.1112275478662923,0.0
\frac{335}{5},math notation,1,1,-0.11123701650649309,-0.11123701650649309,0.0
b^2\),math notation,5,5,-0.5562055201735348,-0.11124110403470695,0.027662366709808213
sills,other word,1,1,-0.11127165798097849,-0.11127165798097849,0.0
2^{-1,math notation,1,1,-0.1112724095582962,-0.1112724095582962,0.0
\(180^\circ\),math notation,1,1,-0.11141489772126079,-0.11141489772126079,0.0
11^{t}\),math notation,1,1,-0.1115497131831944,-0.1115497131831944,0.0
\[\frac{y}{x},math notation,2,2,-0.22349339118227363,-0.11174669559113681,0.009839642930659925
3(12,math notation,1,1,-0.11190153751522303,-0.11190153751522303,0.0
\(\frac{a^4,math notation,1,1,-0.11200027354061604,-0.11200027354061604,0.0
tim,other word,3,3,-0.3364972025156021,-0.11216573417186737,0.03974322446030626
\(y^{2},math notation,2,1,-0.22466068051289767,-0.11233034025644884,0.004741219214522159
\frac{4.5}{10^n},math notation,1,1,-0.11242465826217085,-0.11242465826217085,0.0
\frac{44}{120},math notation,1,1,-0.11247736273799092,-0.11247736273799092,0.0
grouping,other word,2,2,-0.2249695584177971,-0.11248477920889854,0.016641928113083477
$ac$,math notation,2,2,-0.2251162650063634,-0.1125581325031817,0.002798132894633029
reciprocal,other word,1,1,-0.11267536878585815,-0.11267536878585815,0.0
37,number,2,2,-0.2255885899066925,-0.11279429495334625,0.0028674134232341006
\sum_{n=1}^{\infty},math notation,3,2,-0.33845828246558085,-0.11281942748852695,0.046845328644262
2)(-2,math notation,1,1,-0.11323796305805445,-0.11323796305805445,0.0
-\frac{7}{4},math notation,2,2,-0.22648314060643315,-0.11324157030321658,0.004175482519709694
rewrite,other word,16,16,-1.8165014828555286,-0.11353134267847054,0.023548838247713
\frac{66}{7},math notation,3,3,-0.34138850192539394,-0.11379616730846465,0.020042074867899475
store,other word,1,1,-0.11385722272098064,-0.11385722272098064,0.0
\sqrt{26},math notation,1,1,-0.11392028303816915,-0.11392028303816915,0.0
denominator,other word,15,12,-1.714365543331951,-0.11429103622213006,0.01994209959483091
similarly,other word,8,8,-0.9158353011589497,-0.11447941264486872,0.05039182190813293
$$f(2,math notation,2,1,-0.2290345262736082,-0.1145172631368041,0.002740613970944647
f(a,math notation,1,1,-0.11475837882608175,-0.11475837882608175,0.0
\frac{12}{2},math notation,1,1,-0.11480865499470383,-0.11480865499470383,0.0
-(x,math notation,1,1,-0.11493902374058962,-0.11493902374058962,0.0
\frac{36}{2},math notation,1,1,-0.11517734942026436,-0.11517734942026436,0.0
\frac{3}{4}\),math notation,2,2,-0.2311411986593157,-0.11557059932965785,0.02074156597949088
2^{-\frac{48}{7},math notation,1,1,-0.11562604852952063,-0.11562604852952063,0.0
\text{daily,math notation,1,1,-0.11570306215435266,-0.11570306215435266,0.0
\[\frac{r,math notation,1,1,-0.11578415334224701,-0.11578415334224701,0.0
\[(2-4),math notation,1,1,-0.1160894320346415,-0.1160894320346415,0.0
180^\circ,math notation,7,6,-0.8136375260073692,-0.11623393228676702,0.05063382503883142
\frac{3}{5}\left(-\frac{1}{3}\right),math notation,2,2,-0.23252856894396245,-0.11626428447198123,0.0011459211975856527
1/4)x,math notation,2,2,-0.2330642519518733,-0.11653212597593665,0.042825552712627384
\frac{2^{-2}}{1,math notation,1,1,-0.11668380443006754,-0.11668380443006754,0.0
\(2^2\),math notation,1,1,-0.11676523589994758,-0.11676523589994758,0.0
\frac{567}{4},math notation,1,1,-0.11688287672586739,-0.11688287672586739,0.0
b^3,math notation,1,1,-0.11689196527004242,-0.11689196527004242,0.0
\frac{-20}{6},math notation,1,1,-0.11690848972648382,-0.11690848972648382,0.0
lcm,other word,2,2,-0.23510143486782908,-0.11755071743391454,0.007893800313891608
expressions,other word,6,5,-0.707378136459738,-0.11789635607662301,0.05801183004005223
\(13\),math notation,1,1,-0.11812256928533316,-0.11812256928533316,0.0
\[32,math notation,2,1,-0.2365960292518139,-0.11829801462590694,0.004055518594777028
\frac{1}{25}$,math notation,1,1,-0.11835733894258738,-0.11835733894258738,0.0
needing,other word,1,1,-0.11839043349027634,-0.11839043349027634,0.0
\frac{50}{37},math notation,1,1,-0.11841148126404732,-0.11841148126404732,0.0
becomes,other word,15,15,-1.7765701370080933,-0.11843800913387288,0.02289739395622877
\frac{25\pi}{4},math notation,4,3,-0.47380235395394266,-0.11845058848848566,0.057888073089702674
"\(f(x,y)\)",math notation,3,1,-0.35638078849297017,-0.11879359616432339,0.03062920201788759
1-i)^8,math notation,1,1,-0.1188817482907325,-0.1188817482907325,0.0
32\],math notation,2,2,-0.23778800014406443,-0.11889400007203221,0.027849414908119704
\[m_2,math notation,1,1,-0.11894514132291079,-0.11894514132291079,0.0
\left(\frac{1}{2}\right)^0,math notation,1,1,-0.1190195376984775,-0.1190195376984775,0.0
17\],math notation,1,1,-0.11902692541480064,-0.11902692541480064,0.0
written,other word,4,4,-0.47722548618912697,-0.11930637154728174,0.04135409779382837
let,other word,15,13,-1.791707645636052,-0.11944717637573679,0.03337213212814898
$20(23,math notation,1,1,-0.11953616887331009,-0.11953616887331009,0.0
\(xyz,math notation,1,1,-0.11959906481206417,-0.11959906481206417,0.0
33\],math notation,1,1,-0.1197013296186924,-0.1197013296186924,0.0
\((a,math notation,5,5,-0.5985296932049096,-0.11970593864098192,0.04262644799213636
\[m_1,math notation,1,1,-0.11973917298018932,-0.11973917298018932,0.0
lumber,other word,1,1,-0.12003429234027863,-0.12003429234027863,0.0
\text{or},math notation,3,3,-0.36011498514562845,-0.12003832838187616,0.06556934737289927
\frac{n}{2}(a_1,math notation,1,1,-0.12013664410915226,-0.12013664410915226,0.0
-3969,number,1,1,-0.12029141979292035,-0.12029141979292035,0.0
\(c_n\),math notation,1,1,-0.12037187209352851,-0.12037187209352851,0.0
arcs,other word,4,3,-0.4815829526633024,-0.1203957381658256,0.05608412776229807
\frac{15}{4},math notation,1,1,-0.12046932365046814,-0.12046932365046814,0.0
jason,other word,6,6,-0.7244599768891931,-0.12074332948153217,0.05232019898794869
convert,other word,17,13,-2.0530029656365514,-0.12076488033156185,0.038147472721308036
\left(\frac{2,math notation,1,1,-0.12101125670596957,-0.12101125670596957,0.0
\text{dollars},math notation,1,1,-0.12131830956786871,-0.12131830956786871,0.0
9)^2,math notation,1,1,-0.12142269592732191,-0.12142269592732191,0.0
splits,other word,1,1,-0.12143251299858093,-0.12143251299858093,0.0
"$50,000",math notation,2,1,-0.2430555196478963,-0.12152775982394814,0.02707809992150101
f(-2,math notation,5,3,-0.6077479175291955,-0.12154958350583911,0.05451661744839189
perform,other word,7,7,-0.850906627252698,-0.12155808960752827,0.05713473899635142
$bc,math notation,4,3,-0.48797179525718093,-0.12199294881429523,0.07170043799859273
now,other word,118,118,-14.471563257509843,-0.12264036658906646,0.014334322617789075
\(105\),math notation,1,1,-0.12272164225578308,-0.12272164225578308,0.0
\(x^{2}\),math notation,3,1,-0.3683515219017863,-0.12278384063392878,0.017391922293677246
\mathbf{c}),math notation,3,3,-0.36838032538071275,-0.12279344179357092,0.011496684363453248
\frac{4}{1-x},math notation,1,1,-0.12281076889485121,-0.12281076889485121,0.0
\sqrt{36}}{2},math notation,1,1,-0.1228533685207367,-0.1228533685207367,0.0
try,other word,4,4,-0.49147482495754957,-0.12286870623938739,0.07860123751335589
rotation,other word,1,1,-0.12292513251304626,-0.12292513251304626,0.0
g^2)^2,math notation,1,1,-0.12299852631986141,-0.12299852631986141,0.0
\frac{1}{2,math notation,2,2,-0.24607960251159966,-0.12303980125579983,0.0019864740720481546
4000\),math notation,2,2,-0.2461082674562931,-0.12305413372814655,0.0024707022603582627
\left(\frac{1}{2}\right)^4,math notation,1,1,-0.1231096654664725,-0.1231096654664725,0.0
\frac{\frac{1}{10}}{1,math notation,1,1,-0.1233992949128151,-0.1233992949128151,0.0
18^2,math notation,2,2,-0.2473361548036337,-0.12366807740181684,0.029929129745193243
\sqrt{32368}}{2},math notation,1,1,-0.12373188277706504,-0.12373188277706504,0.0
measurements,other word,1,1,-0.12387432157993317,-0.12387432157993317,0.0
-28,number,1,1,-0.12398283183574677,-0.12398283183574677,0.0
\(a_{4},math notation,1,1,-0.12403659033589065,-0.12403659033589065,0.0
s^2\),math notation,1,1,-0.12421314767561853,-0.12421314767561853,0.0
$800,math notation,2,2,-0.2487535080872476,-0.1243767540436238,0.09994359451122702
a_{\text{semicircle}},math notation,2,1,-0.24894108017906547,-0.12447054008953273,0.02184181020073032
$am=4$,math notation,1,1,-0.12448693532496691,-0.12448693532496691,0.0
\(\frac{6}{2},math notation,1,1,-0.12457316485233605,-0.12457316485233605,0.0
\(e_{\text{shared}}\),math notation,1,1,-0.12461013800930232,-0.12461013800930232,0.0
solve,other word,64,61,-7.979349365457892,-0.12467733383527957,0.008145766617308994
2^{8,math notation,1,1,-0.12490409705787897,-0.12490409705787897,0.0
6}{2,math notation,3,2,-0.3752788184210658,-0.1250929394736886,0.008037218769319577
4*1*75}}{2*1}\],math notation,1,1,-0.1253192105796188,-0.1253192105796188,0.0
\sqrt{t+x},math notation,1,1,-0.12545733712613583,-0.12545733712613583,0.0
\frac{2}{2},math notation,1,1,-0.1255315481685102,-0.1255315481685102,0.0
quarter-circle,other word,5,2,-0.6278470770921558,-0.12556941541843117,0.018176618109635303
solving,other word,17,17,-2.1369661376811564,-0.12570389045183272,0.018296510029389448
multiplication,other word,6,6,-0.7546670380979776,-0.12577783968299627,0.0462447320939228
\(r\),math notation,7,6,-0.8806376929860562,-0.12580538471229374,0.07969395989704817
$12$,math notation,1,1,-0.12630682159215212,-0.12630682159215212,0.0
pqr,other word,1,1,-0.1264892742037773,-0.1264892742037773,0.0
-32\],math notation,1,1,-0.12649071589112282,-0.12649071589112282,0.0
-32,number,1,1,-0.12670032680034637,-0.12670032680034637,0.0
cents,other word,4,2,-0.5068633761256933,-0.12671584403142333,0.0400613757659895
lhs,other word,1,1,-0.12682287208735943,-0.12682287208735943,0.0
3x^2,math notation,2,2,-0.2543284639250487,-0.12716423196252435,0.054160055374142084
\$25,math notation,1,1,-0.12716424837708473,-0.12716424837708473,0.0
\frac{\log_2{64}}{\log_2{16}},math notation,1,1,-0.12721049995161593,-0.12721049995161593,0.0
hence,other word,2,2,-0.2547687031328678,-0.1273843515664339,0.08855148624510296
90\],math notation,1,1,-0.12752176448702812,-0.12752176448702812,0.0
\(8,math notation,3,3,-0.3836427070200443,-0.12788090234001478,0.060087562464100075
\(28,math notation,2,2,-0.25646430626511574,-0.12823215313255787,0.05403990549270383
\frac{36}{6},math notation,1,1,-0.12823359086178243,-0.12823359086178243,0.0
5100\),math notation,1,1,-0.12827646359801292,-0.12827646359801292,0.0
\frac{600}{4},math notation,2,1,-0.2566844804678112,-0.1283422402339056,0.013290493284514907
\(x^2,math notation,3,3,-0.3853143430314958,-0.12843811434383193,0.05540341825147126
\[20^4,math notation,1,1,-0.12844874244183302,-0.12844874244183302,0.0
susan,other word,1,1,-0.12867335975170135,-0.12867335975170135,0.0
1/5,math notation,2,1,-0.2578452257439494,-0.1289226128719747,0.02001424398859311
putting,other word,3,3,-0.38715895265340805,-0.12905298421780267,0.07021925920295938
\(52,math notation,1,1,-0.1297092924360186,-0.1297092924360186,0.0
3g_a,math notation,1,1,-0.12995492946356535,-0.12995492946356535,0.0
\(\sqrt{20+\sqrt{t+x}}=5\),math notation,2,2,-0.261122131254524,-0.130561065627262,0.04436117684243464
pages,other word,4,3,-0.5234213899821043,-0.13085534749552608,0.049524640330045444
85\],math notation,1,1,-0.13089363276958466,-0.13089363276958466,0.0
cindy,other word,1,1,-0.1310422569513321,-0.1310422569513321,0.0
\frac{1}{3}$,math notation,3,1,-0.3932223392184824,-0.13107411307282746,0.01416484100993801
cecilia,other word,5,5,-0.658157154917717,-0.1316314309835434,0.08455127010473602
33\),math notation,1,1,-0.13175653293728828,-0.13175653293728828,0.0
\sqrt{25}}{4}\],math notation,1,1,-0.13233649311587214,-0.13233649311587214,0.0
combinatorics,other word,1,1,-0.1324610374867916,-0.1324610374867916,0.0
identify,other word,23,23,-3.0502259554341435,-0.1326185198014845,0.029780394787818045
decimal,other word,5,4,-0.6647207513451576,-0.13294415026903153,0.0556249068794221
\frac{7}{4}a\),math notation,1,1,-0.13309680367819965,-0.13309680367819965,0.0
\((b,math notation,1,1,-0.13321585627272725,-0.13321585627272725,0.0
b^4}{ab}\),math notation,1,1,-0.13347025006078184,-0.13347025006078184,0.0
\(a_{1},math notation,1,1,-0.13355635572224855,-0.13355635572224855,0.0
a}{ab}\],math notation,1,1,-0.13368001021444798,-0.13368001021444798,0.0
20^{19,math notation,1,1,-0.13384850439615548,-0.13384850439615548,0.0
\frac{1120}{81},math notation,1,1,-0.13399854581803083,-0.13399854581803083,0.0
$\frac{2}{5}$,math notation,1,1,-0.13403983018361032,-0.13403983018361032,0.0
\frac{20}{19},math notation,2,2,-0.2683682597707957,-0.13418412988539785,0.05710726216586653
22(15,math notation,1,1,-0.13419340923428535,-0.13419340923428535,0.0
5000$,math notation,1,1,-0.13421049900352955,-0.13421049900352955,0.0
\(\frac{2x}{3},math notation,1,1,-0.13421406084671617,-0.13421406084671617,0.0
\frac{1}{16},math notation,1,1,-0.13426638336386532,-0.13426638336386532,0.0
$10^{72}$,math notation,1,1,-0.134388267993927,-0.134388267993927,0.0
6^\circ,math notation,1,1,-0.1344753922894597,-0.1344753922894597,0.0
\frac{ad}{dc},math notation,3,3,-0.4035530034452677,-0.13451766781508923,0.03248809717960692
\sqrt{x^2,math notation,1,1,-0.13461787486448884,-0.13461787486448884,0.0
990^\circ,math notation,1,1,-0.13476134836673737,-0.13476134836673737,0.0
\(4000,math notation,2,2,-0.269528117030859,-0.1347640585154295,0.04517490333013839
calculated,other word,9,9,-1.215271256864071,-0.13503013965156344,0.020920482730648202
82,number,1,1,-0.13513298891484737,-0.13513298891484737,0.0
\(2^{x^3}\),math notation,1,1,-0.13517392287030816,-0.13517392287030816,0.0
\frac{1}{2}n,math notation,1,1,-0.13530889782123268,-0.13530889782123268,0.0
$bc$,math notation,2,2,-0.27084986702539027,-0.13542493351269513,0.03239586435720898
\[\dfrac{1}{a},math notation,2,2,-0.27142458502203226,-0.13571229251101613,0.0038577734840980087
donates,other word,1,1,-0.1357688009738922,-0.1357688009738922,0.0
\left(\sqrt{a}\right)^2,math notation,1,1,-0.13589056232012808,-0.13589056232012808,0.0
2g_{al,math notation,1,1,-0.13608143385499716,-0.13608143385499716,0.0
\cdots\right)\],math notation,1,1,-0.13627691147848964,-0.13627691147848964,0.0
\frac{5}{7}\left(-\frac{1}{5}\right),math notation,1,1,-0.136495427810587,-0.136495427810587,0.0
\rceil\),math notation,1,1,-0.13690174417570233,-0.13690174417570233,0.0
mario,other word,2,2,-0.27434978634119034,-0.13717489317059517,0.06451880399807153
1.179582627535625,number,1,1,-0.1372506502084434,-0.1372506502084434,0.0
\frac{120}{216},math notation,1,1,-0.13726296089589596,-0.13726296089589596,0.0
2^{\frac{66}{7}},math notation,2,2,-0.2747365212999284,-0.1373682606499642,0.016805247644971592
\sqrt{5})^{34},math notation,2,2,-0.2747549820924178,-0.1373774910462089,0.0580539648829134
\frac{700}{3}\),math notation,1,1,-0.13754997309297323,-0.13754997309297323,0.0
multiply,other word,28,27,-3.8523377852980047,-0.1375834923320716,0.018335479285533487
$1002000,math notation,1,1,-0.13764229975640774,-0.13764229975640774,0.0
1}{2^2,math notation,1,1,-0.1379589308053255,-0.1379589308053255,0.0
$2000$,math notation,1,1,-0.1382432607933879,-0.1382432607933879,0.0
1+i)^4)^2,math notation,1,1,-0.1385018965229392,-0.1385018965229392,0.0
taller,other word,1,1,-0.13851048052310944,-0.13851048052310944,0.0
1-i)^4,math notation,1,1,-0.13861969974823296,-0.13861969974823296,0.0
exceed,other word,2,2,-0.2776021361351013,-0.13880106806755066,0.14973727926735153
-260,number,1,1,-0.13881326466798782,-0.13881326466798782,0.0
\(2x,math notation,2,2,-0.27764488384127617,-0.13882244192063808,0.06442608883388165
1}{1^2,math notation,1,1,-0.13923535076901317,-0.13923535076901317,0.0
isolating,other word,1,1,-0.1394346710294485,-0.1394346710294485,0.0
$6.00,math notation,1,1,-0.13973203231580555,-0.13973203231580555,0.0
\[\frac{x,math notation,1,1,-0.1399731186684221,-0.1399731186684221,0.0
\frac{-20}{-25},math notation,1,1,-0.140267395763658,-0.140267395763658,0.0
\left(\frac{5,math notation,1,1,-0.14091120404191315,-0.14091120404191315,0.0
14.\],math notation,1,1,-0.1409158781170845,-0.1409158781170845,0.0
\frac{1}{2}ab,math notation,1,1,-0.14097310858778656,-0.14097310858778656,0.0
\(4500,math notation,1,1,-0.1409868337213993,-0.1409868337213993,0.0
\frac{144}{b^2},math notation,1,1,-0.14123333292081952,-0.14123333292081952,0.0
$x$,math notation,8,8,-1.1308051021769643,-0.14135063777212054,0.04787817166086749
\(\mathbf{v}_1,math notation,1,1,-0.1414787732064724,-0.1414787732064724,0.0
\frac{33}{4},math notation,2,2,-0.28307233727537096,-0.14153616863768548,0.00830116878485819
$mn=2$,math notation,1,1,-0.1416120184585452,-0.1416120184585452,0.0
80(7)$,math notation,1,1,-0.14186360919848084,-0.14186360919848084,0.0
3)\),math notation,4,4,-0.5676918062381446,-0.14192295155953616,0.03222915854275974
summing,other word,1,1,-0.14256488531827927,-0.14256488531827927,0.0
311,number,1,1,-0.14263204485177994,-0.14263204485177994,0.0
\frac{80}{\frac{3}{5}},math notation,1,1,-0.14275697735138237,-0.14275697735138237,0.0
\(b^2,math notation,1,1,-0.1427921741269529,-0.1427921741269529,0.0
20\],math notation,1,1,-0.14287783578038216,-0.14287783578038216,0.0
256,number,2,2,-0.2865065890364349,-0.14325329451821744,0.09779554679109939
6$,math notation,2,2,-0.28665830567479134,-0.14332915283739567,0.15035149977867995
popsicle,other word,1,1,-0.1435052938759327,-0.1435052938759327,0.0
\frac{100}{5},math notation,1,1,-0.14363522781059146,-0.14363522781059146,0.0
\frac{10z}{7},math notation,1,1,-0.1437801131978631,-0.1437801131978631,0.0
2g_a,math notation,2,2,-0.28804541286081076,-0.14402270643040538,0.0006087397746606591
0\],math notation,4,4,-0.5780621620360762,-0.14451554050901905,0.05778490025128743
yet,hedging / contrast,2,2,-0.2891109064221382,-0.1445554532110691,0.04210145898922583
\(e[x^3]\),math notation,1,1,-0.14461595751345158,-0.14461595751345158,0.0
quarter-circles,other word,1,1,-0.14494889229536057,-0.14494889229536057,0.0
\pmod{3},math notation,3,3,-0.4369800817221403,-0.14566002724071345,0.01614215939713487
tallest,other word,3,3,-0.43716589733958244,-0.14572196577986082,0.040370061774142534
\boxed{510},math notation,1,1,-0.14574973657727242,-0.14574973657727242,0.0
-\frac{10}{3},math notation,1,1,-0.14609636378008872,-0.14609636378008872,0.0
0.027,number,1,1,-0.1461952179670334,-0.1461952179670334,0.0
purchased,other word,1,1,-0.1465900745242834,-0.1465900745242834,0.0
5=10$,math notation,1,1,-0.1467899032868445,-0.1467899032868445,0.0
11^{5}\],math notation,1,1,-0.14679181040264666,-0.14679181040264666,0.0
f(f(2,math notation,4,2,-0.5871864282526076,-0.1467966070631519,0.005238608802994132
\frac{1}{3},math notation,7,5,-1.027656895457767,-0.14680812792253814,0.04428577580158332
reduce,other word,1,1,-0.14725738763809204,-0.14725738763809204,0.0
\frac{bc}{2},math notation,1,1,-0.14732021978124976,-0.14732021978124976,0.0
$t=17$,math notation,2,2,-0.29506267607212067,-0.14753133803606033,0.11586128352720881
\sum_{n=2}^{\infty},math notation,1,1,-0.14806462731212378,-0.14806462731212378,0.0
97\],math notation,1,1,-0.14818080514669418,-0.14818080514669418,0.0
"f(2,5",math notation,3,2,-0.44522672099992633,-0.14840890699997544,0.009937065167356813
\sum_{n=1}^{2020},math notation,1,1,-0.14866565936245024,-0.14866565936245024,0.0
x$,math notation,3,3,-0.44606843951623887,-0.14868947983874628,0.09480768426796429
50\],math notation,1,1,-0.14871875941753387,-0.14871875941753387,0.0
1002000$,math notation,1,1,-0.1492552813142538,-0.1492552813142538,0.0
represented,other word,2,2,-0.2986551374197006,-0.1493275687098503,0.004448689422377951
\left(1,math notation,1,1,-0.14956556260585785,-0.14956556260585785,0.0
\frac{27}{3},math notation,1,1,-0.14964968198910356,-0.14964968198910356,0.0
5x)/5,math notation,1,1,-0.14969938434660435,-0.14969938434660435,0.0
700\),math notation,1,1,-0.14977195858955383,-0.14977195858955383,0.0
converting,other word,1,1,-0.14983540773391724,-0.14983540773391724,0.0
\frac{3}{4}n,math notation,1,1,-0.14988297037780285,-0.14988297037780285,0.0
inverse,other word,4,3,-0.6007284075021744,-0.1501821018755436,0.038017379660544165
\text{rainwater,math notation,1,1,-0.15045784041285515,-0.15045784041285515,0.0
\frac{z}{x},math notation,1,1,-0.15053855255246162,-0.15053855255246162,0.0
20+\sqrt{t+x},math notation,1,1,-0.1517809759825468,-0.1517809759825468,0.0
$\sqrt{10^{4}}$,math notation,1,1,-0.15257970883976668,-0.15257970883976668,0.0
2^{a+b+c}\),math notation,1,1,-0.15269166883081198,-0.15269166883081198,0.0
\frac{3}{2}\),math notation,8,7,-1.2217045852448791,-0.1527130731556099,0.06189357272779272
\(20^{4},math notation,1,1,-0.152810069732368,-0.152810069732368,0.0
$2t,math notation,1,1,-0.1528737023472786,-0.1528737023472786,0.0
eric,other word,4,4,-0.6116829216480255,-0.15292073041200638,0.10715767932704112
\frac{ab}{bc},math notation,2,2,-0.3063088208436966,-0.1531544104218483,0.016759827336347573
(3+\sqrt{5})(3-\sqrt{5}),math notation,1,1,-0.15338298690039665,-0.15338298690039665,0.0
42\],math notation,1,1,-0.15340493991971016,-0.15340493991971016,0.0
\frac{y^2}{b^2},math notation,1,1,-0.1535837936680764,-0.1535837936680764,0.0
\frac{5}{2},math notation,2,2,-0.30718610691837966,-0.15359305345918983,0.0003882352834675647
\frac{7}{25},math notation,1,1,-0.15365196927450597,-0.15365196927450597,0.0
\((-a)^2,math notation,1,1,-0.15386361628770828,-0.15386361628770828,0.0
f^{-1}(2,math notation,6,4,-0.9240296150092036,-0.15400493583486727,0.04416463442961659
\sum_{n=0}^{\infty},math notation,2,1,-0.30948152020573616,-0.15474076010286808,0.018168338628997593
\(\frac{3}{4}a,math notation,3,3,-0.46439707768149674,-0.15479902589383224,0.03318334665496037
f^{-1}(4,math notation,1,1,-0.15566549636423588,-0.15566549636423588,0.0
heptagon,other word,3,2,-0.46840682812035084,-0.15613560937345028,0.06988443877721655
34$,math notation,1,1,-0.15667125582695007,-0.15667125582695007,0.0
$\frac{1}{a}$,math notation,1,1,-0.15689448290504515,-0.15689448290504515,0.0
-\frac{1}{4},math notation,1,1,-0.15692608256358653,-0.15692608256358653,0.0
-28\),math notation,1,1,-0.15729678608477116,-0.15729678608477116,0.0
$0.20,math notation,1,1,-0.1577366665005684,-0.1577366665005684,0.0
\(\frac{4}{a^2},math notation,1,1,-0.1578799729468301,-0.1578799729468301,0.0
trinomial,other word,2,2,-0.31616884702816606,-0.15808442351408303,0.007940191481756547
\boxed{x,math notation,1,1,-0.1580891441553831,-0.1580891441553831,0.0
$21,math notation,2,2,-0.31635245122015476,-0.15817622561007738,0.040217222881907065
$d$,math notation,1,1,-0.1584069710224867,-0.1584069710224867,0.0
\(\log_2(\log_2,math notation,1,1,-0.15869019739329815,-0.15869019739329815,0.0
\frac{1}{4})}\),math notation,1,1,-0.15876444894820452,-0.15876444894820452,0.0
\frac{12^2}{b^2},math notation,1,1,-0.15887397818733007,-0.15887397818733007,0.0
1-i)^4)^2,math notation,1,1,-0.15920279221609235,-0.15920279221609235,0.0
\left(\frac{3}{2}\right)^2,math notation,2,2,-0.31962245039176196,-0.15981122519588098,0.0288523239050145
f\left(-\frac{1}{2}\right),math notation,4,3,-0.6407332641538233,-0.16018331603845581,0.07133695888134733
$8$,math notation,1,1,-0.16024065669625998,-0.16024065669625998,0.0
$2000,math notation,1,1,-0.16025218553841114,-0.16025218553841114,0.0
255$,math notation,1,1,-0.16044101119041443,-0.16044101119041443,0.0
combine,other word,9,7,-1.4473529681563377,-0.1608169964618153,0.07830002740248786
purpose,other word,1,1,-0.16083130985498428,-0.16083130985498428,0.0
\frac{1}{3}},math notation,1,1,-0.16124373534694314,-0.16124373534694314,0.0
$\frac{1233}{999}$,math notation,1,1,-0.1612956563476473,-0.1612956563476473,0.0
-\frac{155}{2},math notation,1,1,-0.16153324651531875,-0.16153324651531875,0.0
\dfrac{1}{b}\),math notation,2,2,-0.3237699178280309,-0.16188495891401544,0.06578494961610168
\frac{1+2+3+5+7+9}{6},math notation,1,1,-0.1623339857906103,-0.1623339857906103,0.0
\text{average},math notation,1,1,-0.16260131634771824,-0.16260131634771824,0.0
jonathan,other word,5,5,-0.8169170804321766,-0.1633834160864353,0.06932134170081443
\frac{58}{3},math notation,1,1,-0.16339463787153363,-0.16339463787153363,0.0
xy\),math notation,2,2,-0.32713428046554327,-0.16356714023277164,0.04929499912864044
\[(x,math notation,2,2,-0.32719496777281165,-0.16359748388640583,0.1065566839724103
calculate,other word,181,174,-29.653818477643654,-0.16383325125769974,0.008777499225790157
\left(\frac{1}{2}\right)^1,math notation,1,1,-0.16392761748284101,-0.16392761748284101,0.0
equations,other word,28,27,-4.6039963671937585,-0.16442844168549137,0.017749372554513556
inequality,other word,19,17,-3.136012493632734,-0.16505328913856493,0.027152937198983755
\(75\%\),math notation,2,2,-0.3308252673596144,-0.1654126336798072,0.04215255743323373
\frac{3}{4}a,math notation,1,1,-0.16619830392301083,-0.16619830392301083,0.0
$\sqrt{10^{8}},math notation,1,1,-0.16693366784602404,-0.16693366784602404,0.0
\(\frac{20160}{2},math notation,1,1,-0.1674227009061724,-0.1674227009061724,0.0
four-letter,other word,1,1,-0.16791938245296478,-0.16791938245296478,0.0
\frac{67}{20},math notation,1,1,-0.1679738350212574,-0.1679738350212574,0.0
$y=7$,math notation,1,1,-0.1684302370995283,-0.1684302370995283,0.0
\[a^2,math notation,2,2,-0.3378268890082836,-0.1689134445041418,0.042806874744019716
\boxed{100}$,math notation,1,1,-0.16902063693851233,-0.16902063693851233,0.0
245^2$,math notation,2,2,-0.3383004469797015,-0.16915022348985076,0.03005451233897384
0)\),math notation,3,3,-0.5091024701250717,-0.1697008233750239,0.13585975458240895
\frac{4.5}{9},math notation,1,1,-0.1698908598627895,-0.1698908598627895,0.0
\[429,math notation,1,1,-0.17002509348094463,-0.17002509348094463,0.0
10^{8})^{9}$,math notation,1,1,-0.17004524869844317,-0.17004524869844317,0.0
c)\),math notation,2,2,-0.3404565490782261,-0.17022827453911304,0.015517659611966364
\sqrt{32}\],math notation,1,1,-0.17032469320110977,-0.17032469320110977,0.0
assuming,hedging / contrast,2,2,-0.341169036924839,-0.1705845184624195,0.0870958170741447
\binom{2n}{n},math notation,1,1,-0.17061678878962994,-0.17061678878962994,0.0
$-(5x,math notation,2,2,-0.34214961156249046,-0.17107480578124523,0.007264097585816656
\(\left(\sqrt{103041}\right)^2\),math notation,1,1,-0.1710879283491522,-0.1710879283491522,0.0
\boxed{\frac{1120}{81}},math notation,1,1,-0.1711668644566089,-0.1711668644566089,0.0
2(\mathbf{a},math notation,3,3,-0.513914046343416,-0.171304682114472,0.04039745629550998
\$2,math notation,1,1,-0.1716395504772663,-0.1716395504772663,0.0
$389-39,math notation,1,1,-0.1718093566596508,-0.1718093566596508,0.0
\[33,math notation,1,1,-0.17182708531618118,-0.17182708531618118,0.0
\pmod{47}$,math notation,5,2,-0.8606819012202322,-0.17213638024404646,0.01853278480896717
suppose,hedging / contrast,1,1,-0.17213967442512512,-0.17213967442512512,0.0
\(-48\),math notation,1,1,-0.17273490130901337,-0.17273490130901337,0.0
d)(c,math notation,2,2,-0.3463700097054243,-0.17318500485271215,0.039937711568027896
x-axis,other word,1,1,-0.17369647976011038,-0.17369647976011038,0.0
\frac{b^3}{a},math notation,1,1,-0.1738215321674943,-0.1738215321674943,0.0
\boxed{\frac{17}{145}},math notation,1,1,-0.173908636206761,-0.173908636206761,0.0
\(\boxed{\text{tuesday}}\),math notation,1,1,-0.1739578628912568,-0.1739578628912568,0.0
\(\frac{x^2}{a^2},math notation,1,1,-0.1744087296538055,-0.1744087296538055,0.0
hypothesize,other word,1,1,-0.17444916535168886,-0.17444916535168886,0.0
\frac{a^3}{b},math notation,1,1,-0.17472498677670956,-0.17472498677670956,0.0
\(\boxed{736}\),math notation,1,1,-0.1749230450950563,-0.1749230450950563,0.0
typically,other word,1,1,-0.1751852035522461,-0.1751852035522461,0.0
f(f^{-1}(4,math notation,1,1,-0.17560160893481225,-0.17560160893481225,0.0
\frac{10x}{1-x},math notation,1,1,-0.17591373156756163,-0.17591373156756163,0.0
9c,number,1,1,-0.17665401101112366,-0.17665401101112366,0.0
t=11,math notation,1,1,-0.1769721768796444,-0.1769721768796444,0.0
\(-210\),math notation,1,1,-0.1772771431133151,-0.1772771431133151,0.0
3851,number,1,1,-0.17737434804439545,-0.17737434804439545,0.0
\(\frac{4,math notation,1,1,-0.1775541629176587,-0.1775541629176587,0.0
\text{lcm},math notation,1,1,-0.17761199362576008,-0.17761199362576008,0.0
5-6)x,math notation,1,1,-0.17796150408685207,-0.17796150408685207,0.0
\frac{5y}{2},math notation,1,1,-0.17806230462156236,-0.17806230462156236,0.0
-\frac{1}{2},math notation,1,1,-0.17830121330916882,-0.17830121330916882,0.0
\frac{12}{4},math notation,1,1,-0.17837742483243346,-0.17837742483243346,0.0
\frac{2^{8+1},math notation,1,1,-0.17888088803738356,-0.17888088803738356,0.0
\frac{3}{4},math notation,5,5,-0.9018774442374706,-0.18037548884749413,0.0729832084710888
x^\circ,math notation,1,1,-0.18061257433146238,-0.18061257433146238,0.0
\[32^2,math notation,1,1,-0.1807857435196638,-0.1807857435196638,0.0
30\),math notation,4,4,-0.7248321740189567,-0.18120804350473918,0.08478218769501786
\(k,math notation,1,1,-0.18159343674778938,-0.18159343674778938,0.0
b^2}{97^2,math notation,1,1,-0.18162885191850364,-0.18162885191850364,0.0
rearrange,other word,4,4,-0.7272582743316889,-0.18181456858292222,0.032213058484878807
x=14,math notation,1,1,-0.18268265575170517,-0.18268265575170517,0.0
640.$$,math notation,1,1,-0.182786226272583,-0.182786226272583,0.0
1.9,number,2,2,-0.36569033563137054,-0.18284516781568527,0.02611238029122004
steak,other word,1,1,-0.18300345540046692,-0.18300345540046692,0.0
\(19^{20},math notation,1,1,-0.18354314705356956,-0.18354314705356956,0.0
800-899,number,1,1,-0.18381320405751467,-0.18381320405751467,0.0
\frac{y}{x}\),math notation,2,2,-0.36766977375373244,-0.18383488687686622,0.04553145529646452
$180^\circ$,math notation,1,1,-0.1849806667305529,-0.1849806667305529,0.0
\frac{630^\circ}{7},math notation,2,2,-0.37162055214866996,-0.18581027607433498,0.008618282249280431
\frac{3925}{5},math notation,1,1,-0.18749262066558003,-0.18749262066558003,0.0
\binom{11}{4},math notation,4,3,-0.7505842644022778,-0.18764606610056944,0.04783598294060005
\frac{4800}{400},math notation,1,1,-0.18766539730131626,-0.18766539730131626,0.0
\(\dfrac{1}{a},math notation,2,2,-0.37550144840497524,-0.18775072420248762,0.06064358760443155
\frac{3}{8},math notation,1,1,-0.18812277633696795,-0.18812277633696795,0.0
2^{3(x+1,math notation,2,2,-0.3763322565937415,-0.18816612829687074,0.07664115675214266
equate,other word,3,3,-0.5668482445180416,-0.1889494148393472,0.0232041163400362
\[50,math notation,1,1,-0.189336646348238,-0.189336646348238,0.0
\(5^{20}\),math notation,1,1,-0.18972192332148552,-0.18972192332148552,0.0
$3$,math notation,1,1,-0.1897435188293457,-0.1897435188293457,0.0
1234.234234234,number,2,2,-0.38077277271077037,-0.19038638635538518,0.04413140481901698
$255^2,math notation,2,2,-0.381371981697157,-0.1906859908485785,0.07119744127526655
answer,other word,43,35,-8.206630228087306,-0.19085186576947225,0.02152222898537401
replace,other word,1,1,-0.191689595580101,-0.191689595580101,0.0
$5x,math notation,1,1,-0.19179384037852287,-0.19179384037852287,0.0
\frac{180}{300},math notation,1,1,-0.19187380094081163,-0.19187380094081163,0.0
\frac{m}{n},math notation,1,1,-0.19510025437921286,-0.19510025437921286,0.0
\$20,math notation,1,1,-0.19533266872167587,-0.19533266872167587,0.0
\[x^3,math notation,1,1,-0.19559034518897533,-0.19559034518897533,0.0
\(\frac{x}{3}\),math notation,1,1,-0.1959158694371581,-0.1959158694371581,0.0
\((0,math notation,7,6,-1.37682476779446,-0.19668925254206573,0.07495828180578532
$\sqrt{\sqrt{\sqrt[9]{10^{9^{2}-9}}}}$,math notation,1,1,-0.198519476223737,-0.198519476223737,0.0
1002001$,math notation,1,1,-0.19860335253179073,-0.19860335253179073,0.0
\(3!\),math notation,3,3,-0.5971294722985476,-0.1990431574328492,0.18932101527672804
tasting,other word,1,1,-0.19943130016326904,-0.19943130016326904,0.0
subtract,other word,35,34,-6.9991415864788,-0.19997547389939427,0.023217122804557875
\[3-6+9-12+15-18+21\],math notation,1,1,-0.20074896444566548,-0.20074896444566548,0.0
\frac{4800}{256},math notation,1,1,-0.20090903621166945,-0.20090903621166945,0.0
a_{n-1}x^{n-1,math notation,1,1,-0.2012482371646911,-0.2012482371646911,0.0
\(5^{4}\),math notation,1,1,-0.2017833108548075,-0.2017833108548075,0.0
x^n,math notation,1,1,-0.20228100568056107,-0.20228100568056107,0.0
425,number,2,2,-0.40484126284718513,-0.20242063142359257,0.12842388007610658
\[a^3,math notation,1,1,-0.2025213185697794,-0.2025213185697794,0.0
1.234234234,number,1,1,-0.20326221000868827,-0.20326221000868827,0.0
triples,other word,3,3,-0.6146956533193588,-0.20489855110645294,0.09408746960934583
\frac{1}{n+1},math notation,1,1,-0.2050019958987832,-0.2050019958987832,0.0
8979\],math notation,1,1,-0.20525451935827732,-0.20525451935827732,0.0
0.2xa,number,1,1,-0.20638132840394974,-0.20638132840394974,0.0
\(11^{5}\),math notation,1,1,-0.20674382103607059,-0.20674382103607059,0.0
purse,other word,1,1,-0.20723083429038525,-0.20723083429038525,0.0
\(\boxed{3}\),math notation,2,2,-0.4152719834819436,-0.2076359917409718,0.020993092032912997
\(\frac{2(2),math notation,1,1,-0.2078035317827016,-0.2078035317827016,0.0
$c=7$,math notation,1,1,-0.2085174173116684,-0.2085174173116684,0.0
\frac{4800}{576},math notation,3,3,-0.626721061533317,-0.20890702051110566,0.0065980092746531094
**13**,math notation,1,1,-0.21021694131195545,-0.21021694131195545,0.0
combining,other word,5,5,-1.0533676259219646,-0.21067352518439292,0.054373716491910785
\frac{-4}{6},math notation,1,1,-0.210976931033656,-0.210976931033656,0.0
\(429,math notation,1,1,-0.21104062255471945,-0.21104062255471945,0.0
\frac{120^\circ}{360^\circ},math notation,1,1,-0.21151852025650442,-0.21151852025650442,0.0
\frac{18}{6},math notation,1,1,-0.21158976154401898,-0.21158976154401898,0.0
\boxed{330}$,math notation,1,1,-0.21187275182455778,-0.21187275182455778,0.0
yields,other word,2,2,-0.42391619086265564,-0.21195809543132782,0.0612414887654667
8^{x+1,math notation,1,1,-0.21240061055868864,-0.21240061055868864,0.0
\(e[x_n],math notation,1,1,-0.21281972993165255,-0.21281972993165255,0.0
\boxed{240},math notation,1,1,-0.21288597956299782,-0.21288597956299782,0.0
\boxed{71},math notation,1,1,-0.2129526287317276,-0.2129526287317276,0.0
\(32^2,math notation,2,2,-0.427370966412127,-0.2136854832060635,0.08477843418268467
4500\),math notation,2,2,-0.42855084501206875,-0.21427542250603437,0.07240304175179887
\((1-i)^8\),math notation,1,1,-0.21519078104756773,-0.21519078104756773,0.0
\frac{\frac{1}{4}}{\frac{1}{2}},math notation,1,1,-0.2158975526690483,-0.2158975526690483,0.0
\frac{\frac{1}{10}}{\frac{9}{10}},math notation,1,1,-0.216071262024343,-0.216071262024343,0.0
\frac{-8}{2},math notation,1,1,-0.21636622492223978,-0.21636622492223978,0.0
\mathbb{r}_{>0},math notation,2,1,-0.4331532306969166,-0.2165766153484583,0.00017792423808263
finally,other word,34,34,-7.364332525059581,-0.21659801544292884,0.019841255941646478
\frac{335}{x},math notation,1,1,-0.21690355334430933,-0.21690355334430933,0.0
445,number,1,1,-0.217049403116107,-0.217049403116107,0.0
\(ax,math notation,1,1,-0.2195761241018772,-0.2195761241018772,0.0
\(\frac{7}{25}\),math notation,1,1,-0.22072763415053487,-0.22072763415053487,0.0
\frac{5}{6}\),math notation,1,1,-0.22074912837706506,-0.22074912837706506,0.0
\frac{4800}{1296},math notation,1,1,-0.22103634639643133,-0.22103634639643133,0.0
\frac{e}{2}\),math notation,2,2,-0.4424089384265244,-0.2212044692132622,0.03888361279523372
shown,other word,1,1,-0.22120951488614082,-0.22120951488614082,0.0
subtracting,other word,16,16,-3.547047329135239,-0.22169045807095245,0.034538325153543124
$\boxed{22}$,math notation,1,1,-0.22204247303307056,-0.22204247303307056,0.0
2a_{2}a_{1,math notation,1,1,-0.22212643548846245,-0.22212643548846245,0.0
\(\frac{180}{\pi}\),math notation,1,1,-0.2221546396613121,-0.2221546396613121,0.0
\frac{100x^2}{1-x},math notation,1,1,-0.22267951304093003,-0.22267951304093003,0.0
\frac{270^\circ}{7},math notation,1,1,-0.22307810839265585,-0.22307810839265585,0.0
\[total\,math notation,2,2,-0.4472757005132735,-0.22363785025663674,0.1276145346380603
\frac{6}{1.5},math notation,1,1,-0.22385559044778347,-0.22385559044778347,0.0
3g_{al,math notation,1,1,-0.22387113142758608,-0.22387113142758608,0.0
\frac{43}{3}\),math notation,1,1,-0.2239752346649766,-0.2239752346649766,0.0
$\sqrt[9]{10^{72}},math notation,1,1,-0.22404824430122972,-0.22404824430122972,0.0
\binom{n+k-1}{k-1},math notation,1,1,-0.22430970706045628,-0.22430970706045628,0.0
20^\circ,math notation,1,1,-0.22489282488822937,-0.22489282488822937,0.0
\frac{5\pi}{3},math notation,1,1,-0.22539967100601643,-0.22539967100601643,0.0
\frac{4800}{625},math notation,1,1,-0.22540368139743805,-0.22540368139743805,0.0
weights,other word,2,2,-0.45115573704242706,-0.22557786852121353,0.012571482948488514
\boxed{72},math notation,1,1,-0.22614383697509766,-0.22614383697509766,0.0
bakes,other word,1,1,-0.22651252523064613,-0.22651252523064613,0.0
\boxed{11,math notation,1,1,-0.22742235474288464,-0.22742235474288464,0.0
\sqrt{5}}{2}\],math notation,1,1,-0.2275202637538314,-0.2275202637538314,0.0
celine,other word,1,1,-0.2275397628545761,-0.2275397628545761,0.0
-x,other word,2,2,-0.45643702894449234,-0.22821851447224617,0.05167010542185868
acronym,other word,1,1,-0.22833183407783508,-0.22833183407783508,0.0
$$f(f(1,math notation,1,1,-0.22843752801418304,-0.22843752801418304,0.0
-\frac{2}{3},math notation,1,1,-0.22850741283036768,-0.22850741283036768,0.0
\(a_{4}\),math notation,1,1,-0.22861572622787207,-0.22861572622787207,0.0
\((2,math notation,8,8,-1.8313202077988535,-0.2289150259748567,0.08443464925648035
\(\frac{2(1),math notation,1,1,-0.22895437851548195,-0.22895437851548195,0.0
\boxed{},math notation,1,1,-0.22955943830311298,-0.22955943830311298,0.0
$\frac{1}{3}$,math notation,4,3,-0.9221544852189254,-0.23053862130473135,0.0935860932744739
10)\),math notation,4,4,-0.9318313563708216,-0.2329578390927054,0.061152670232851834
$\sqrt{\sqrt{10^{8}}}$,math notation,1,1,-0.2333910899469629,-0.2333910899469629,0.0
\frac{a}{1-r}\],math notation,1,1,-0.23425957886502147,-0.23425957886502147,0.0
\frac{20}{2},math notation,3,3,-0.7030310379341245,-0.23434367931137481,0.07720063893632012
\frac{a_6}{a_4},math notation,2,2,-0.4704588671447709,-0.23522943357238546,0.04083622767792697
\frac{72}{8},math notation,1,1,-0.2358024474233389,-0.2358024474233389,0.0
\(\frac{3}{4}a\),math notation,1,1,-0.2358329996932298,-0.2358329996932298,0.0
24\),math notation,3,3,-0.7089053886011243,-0.23630179620037475,0.06414055251060984
\(\boxed{12}\),math notation,3,2,-0.7092912329826504,-0.2364304109942168,0.0367180886526423
\(\frac{x,math notation,4,3,-0.9469612187240273,-0.23674030468100682,0.13175950491650495
\left(\frac{1}{2}\right)^{24/6},math notation,1,1,-0.23705557826906443,-0.23705557826906443,0.0
shaded,other word,9,6,-2.14768560603261,-0.23863173400362334,0.03650203976373341
\(11\),math notation,1,1,-0.2390739731490612,-0.2390739731490612,0.0
700.\],math notation,1,1,-0.23913518898189068,-0.23913518898189068,0.0
\frac{4}{5}(x,math notation,1,1,-0.2394394192378968,-0.2394394192378968,0.0
\frac{4800}{225},math notation,1,1,-0.2402058681473136,-0.2402058681473136,0.0
ascending,other word,1,1,-0.2421509027481079,-0.2421509027481079,0.0
\frac{15}{4}\],math notation,1,1,-0.2422007960267365,-0.2422007960267365,0.0
$\frac{1}{9}$,math notation,1,1,-0.2423954322002828,-0.2423954322002828,0.0
\sqrt{9-4}}{2},math notation,1,1,-0.2446644026786089,-0.2446644026786089,0.0
160^\circ,math notation,2,2,-0.4897188385948539,-0.24485941929742694,0.024784454596103487
\boxed{8},math notation,2,2,-0.49043594347313046,-0.24521797173656523,0.18554457515052888
\((1,math notation,2,2,-0.4914941331371665,-0.24574706656858325,0.10621698646494919
24)\),math notation,2,2,-0.49270298704504967,-0.24635149352252483,9.746985551970877e-05
replaces,other word,1,1,-0.24702778458595276,-0.24702778458595276,0.0
$\frac{5}{2}$,math notation,1,1,-0.24806652450934052,-0.24806652450934052,0.0
\((c,math notation,1,1,-0.24825880490243435,-0.24825880490243435,0.0
let's,other word,184,181,-45.91930540697649,-0.24956144242922007,0.012414532731686372
\(33,math notation,1,1,-0.2499510906636715,-0.2499510906636715,0.0
\(2/3\),math notation,1,1,-0.25030866265296936,-0.25030866265296936,0.0
\frac{\frac{5}{16}}{\frac{5}{4}},math notation,1,1,-0.2503620935603976,-0.2503620935603976,0.0
\boxed{62\%},math notation,1,1,-0.2507378160953522,-0.2507378160953522,0.0
\boxed{300}\),math notation,1,1,-0.2509862962178886,-0.2509862962178886,0.0
\((3.6)^2\),math notation,1,1,-0.252981161698699,-0.252981161698699,0.0
28)\),math notation,2,2,-0.5069843735545874,-0.2534921867772937,0.001195814752096249
\((4!)^2\),math notation,1,1,-0.2550295274704695,-0.2550295274704695,0.0
\frac{8}{3},math notation,2,2,-0.5118556668749079,-0.25592783343745396,0.13648003503070505
$$f(f(2,math notation,1,1,-0.25621404126286507,-0.25621404126286507,0.0
\boxed{3},math notation,2,2,-0.5124704642221332,-0.2562352321110666,0.07032686264018863
$\sqrt{\sqrt{\sqrt[9]{10^{9^{2}-9}}}},math notation,1,1,-0.2562698299298063,-0.2562698299298063,0.0
429\],math notation,1,1,-0.2578696943819523,-0.2578696943819523,0.0
$40$,math notation,1,1,-0.2602975443005562,-0.2602975443005562,0.0
\boxed{2/9},math notation,1,1,-0.2603189069777727,-0.2603189069777727,0.0
jackie,other word,1,1,-0.26043829321861267,-0.26043829321861267,0.0
30)\),math notation,2,2,-0.5224776193499565,-0.26123880967497826,0.0012854209276655655
\boxed{-3969}$,math notation,1,1,-0.2615016307681799,-0.2615016307681799,0.0
\(x=0\),math notation,1,1,-0.2620107028633356,-0.2620107028633356,0.0
5(4,math notation,1,1,-0.2629471905529499,-0.2629471905529499,0.0
\(\frac{y}{x}\),math notation,8,6,-2.103669005620759,-0.2629586257025949,0.13612709937648204
$\frac{x^2}{a^2}-\frac{y^2}{b^2}=1$,math notation,1,1,-0.26303118688520044,-0.26303118688520044,0.0
induction,other word,1,1,-0.26386305689811707,-0.26386305689811707,0.0
$\frac{200}{20}$,math notation,1,1,-0.264043259434402,-0.264043259434402,0.0
\(3500,math notation,1,1,-0.26683926954865456,-0.26683926954865456,0.0
\frac{z}{\frac{25z}{7}},math notation,1,1,-0.26699336734600365,-0.26699336734600365,0.0
\frac{67}{0.2x},math notation,1,1,-0.26712331315502524,-0.26712331315502524,0.0
\left(\frac{1}{1-x},math notation,1,1,-0.26717402413487434,-0.26717402413487434,0.0
\frac{1}{9}$),math notation,5,5,-1.3385651030112058,-0.26771302060224117,0.00493868472223108
$a^2,math notation,2,2,-0.5356515231542289,-0.26782576157711446,0.05751543751849152
\det(\mathbf{a}),math notation,1,1,-0.2695532999932766,-0.2695532999932766,0.0
$\frac{1800}{9}$,math notation,1,1,-0.2707601562142372,-0.2707601562142372,0.0
\(\tan,math notation,1,1,-0.27093101292848587,-0.27093101292848587,0.0
$389-39$,math notation,1,1,-0.2718144473619759,-0.2718144473619759,0.0
\(\sum_{k=1}^{20}k,math notation,1,1,-0.27218085108324885,-0.27218085108324885,0.0
18)\),math notation,2,2,-0.5472628064453602,-0.2736314032226801,0.0033872434331441
\(\sqrt{t+x},math notation,1,1,-0.2737375656142831,-0.2737375656142831,0.0
\[\frac{4}{a^2}-\frac{144}{b^2}=1.\],math notation,1,1,-0.2746087439591065,-0.2746087439591065,0.0
\boxed{1700},math notation,1,1,-0.2748481556773186,-0.2748481556773186,0.0
-x$,math notation,1,1,-0.27584322169423103,-0.27584322169423103,0.0
$abcd$,math notation,1,1,-0.2760741487145424,-0.2760741487145424,0.0
\[\frac{2}{3},math notation,1,1,-0.2769870888441801,-0.2769870888441801,0.0
\(\frac{2^2}{a^2},math notation,1,1,-0.27868937235325575,-0.27868937235325575,0.0
thus,other word,63,62,-17.593687838176265,-0.2792648863202582,0.03009592751981363
3(-2,math notation,1,1,-0.27952851727604866,-0.27952851727604866,0.0
watches,other word,1,1,-0.28370094299316406,-0.28370094299316406,0.0
-4c,number,1,1,-0.2858012765645981,-0.2858012765645981,0.0
\(\frac{1}{2}(\frac{2x}{3},math notation,1,1,-0.28618787811137736,-0.28618787811137736,0.0
4)^{2,math notation,1,1,-0.2862112242728472,-0.2862112242728472,0.0
\(\frac{z}{x}\),math notation,1,1,-0.28810632321983576,-0.28810632321983576,0.0
\frac{900^\circ}{7},math notation,4,4,-1.1572724196594208,-0.2893181049148552,0.048800111625520386
\(84^\circ\),math notation,1,1,-0.29158580070361495,-0.29158580070361495,0.0
$(113+276)-39$,math notation,1,1,-0.2922489130869508,-0.2922489130869508,0.0
\frac{1}{2^{n-1}},math notation,1,1,-0.2941486481577158,-0.2941486481577158,0.0
\[r^2,math notation,4,4,-1.1815730081871152,-0.2953932520467788,0.06399004778267299
$\boxed{16}$,math notation,1,1,-0.29653237108141184,-0.29653237108141184,0.0
$\overline{bd}$,math notation,1,1,-0.29749662382528186,-0.29749662382528186,0.0
\(\boxed{\frac{7}{25}}\),math notation,1,1,-0.3018135514575988,-0.3018135514575988,0.0
"$1,000,000",math notation,1,1,-0.3042213600128889,-0.3042213600128889,0.0
\(\tan(\angle,math notation,1,1,-0.30457645934075117,-0.30457645934075117,0.0
\(3b,math notation,3,3,-0.9159546457231045,-0.3053182152410348,0.10428768437351174
20(15,math notation,1,1,-0.30920689180493355,-0.30920689180493355,0.0
\boxed{\frac{4}{9}},math notation,1,1,-0.3092381616588682,-0.3092381616588682,0.0
$\sqrt{\sqrt{\sqrt[t]{10^{t^{2}-t}}}}$,math notation,1,1,-0.3119692523032427,-0.3119692523032427,0.0
\[2-4+6-8+10-12+14\],math notation,1,1,-0.31269025756046176,-0.31269025756046176,0.0
\(\boxed{52}\),math notation,1,1,-0.3140086978673935,-0.3140086978673935,0.0
2^3)^{x+1,math notation,2,2,-0.6285173837095499,-0.31425869185477495,0.04094145720456102
\boxed{24},math notation,1,1,-0.31445267610251904,-0.31445267610251904,0.0
\(1000^{\text{th}}\),math notation,1,1,-0.31485535111278296,-0.31485535111278296,0.0
therefore,other word,170,169,-53.67229460296221,-0.3157193800174248,0.022931098450323605
10^\circ,math notation,1,1,-0.31592993065714836,-0.31592993065714836,0.0
(2^3)\left(8^{x}\right),math notation,1,1,-0.3180163048673421,-0.3180163048673421,0.0
\text{shaded,math notation,1,1,-0.3181629842147231,-0.3181629842147231,0.0
\(3a,math notation,2,2,-0.6377414166927338,-0.3188707083463669,0.02057250896089504
$a^2+b^2=49$,math notation,1,1,-0.319528479129076,-0.319528479129076,0.0
\((21,math notation,2,2,-0.640380522236228,-0.320190261118114,5.77141820712261e-05
2^{\frac{66}{7}}\),math notation,1,1,-0.32143767829984426,-0.32143767829984426,0.0
\(\boxed{\frac{66}{7}}\),math notation,2,2,-0.6507147918455303,-0.32535739592276514,0.059675552737455714
\boxed{200},math notation,1,1,-0.3262555655092001,-0.3262555655092001,0.0
$\boxed{1020}$,math notation,1,1,-0.3280832599848509,-0.3280832599848509,0.0
\frac{43}{3}\],math notation,1,1,-0.3315925933420658,-0.3315925933420658,0.0
2)^{2,math notation,1,1,-0.3338215760886669,-0.3338215760886669,0.0
**8**,math notation,1,1,-0.33439546078443527,-0.33439546078443527,0.0
\((24,math notation,2,2,-0.6717955227941275,-0.33589776139706373,0.00910707061135383
\((1+i)^8\),math notation,1,1,-0.33601886592805386,-0.33601886592805386,0.0
\(24\),math notation,1,1,-0.33634255081415176,-0.33634255081415176,0.0
\boxed{3851},math notation,1,1,-0.33670789934694767,-0.33670789934694767,0.0
\((25,math notation,1,1,-0.3376745916903019,-0.3376745916903019,0.0
\(3c,math notation,3,3,-1.014368126168847,-0.33812270872294903,0.10498015178880966
meg's,other word,2,2,-0.6773821217939258,-0.3386910608969629,0.2259722528874829
\frac{20}{4},math notation,1,1,-0.3405608427710831,-0.3405608427710831,0.0
\((16,math notation,2,2,-0.6817253641784191,-0.34086268208920956,0.001309274726833053
-(-x)$,math notation,1,1,-0.34289127960801125,-0.34289127960801125,0.0
\left(\frac{1}{2}\right)^n,math notation,1,1,-0.3434740253724158,-0.3434740253724158,0.0
\boxed{4},math notation,1,1,-0.34419484436511993,-0.34419484436511993,0.0
avery,other word,1,1,-0.3448588252067566,-0.3448588252067566,0.0
\((1-i)^4\),math notation,1,1,-0.3464474556967616,-0.3464474556967616,0.0
(4\sqrt{2})^2,math notation,1,1,-0.3542724000290036,-0.3542724000290036,0.0
\((3,math notation,4,4,-1.4277944546192884,-0.3569486136548221,0.00819824248427431
\frac{5-2}{2+1},math notation,2,2,-0.7207123134285212,-0.3603561567142606,0.04613617152881758
11+x=25,math notation,1,1,-0.3653147406876087,-0.3653147406876087,0.0
\((\sqrt{t+x})^2,math notation,1,1,-0.3662413051351905,-0.3662413051351905,0.0
\frac{3}{3},math notation,1,1,-0.3676363052800298,-0.3676363052800298,0.0
\(\boxed{84}\),math notation,1,1,-0.36791295278817415,-0.36791295278817415,0.0
step-by-step,other word,2,2,-0.7394442651420832,-0.3697221325710416,0.040469604796235376
\frac{66}{7}\),math notation,1,1,-0.375279376283288,-0.375279376283288,0.0
1092.727,number,1,1,-0.37764380127191544,-0.37764380127191544,0.0
\boxed{\frac{15}{4}},math notation,1,1,-0.380590642336756,-0.380590642336756,0.0
\(\log_{2},math notation,1,1,-0.381120041012764,-0.381120041012764,0.0
\sum_{x=1}^{89},math notation,1,1,-0.3814635816961527,-0.3814635816961527,0.0
"$f(2,5",math notation,3,3,-1.1451894505880773,-0.3817298168626924,0.0971349081762175
$$\boxed{\frac{5}{9}}$$,math notation,1,1,-0.3821660194080323,-0.3821660194080323,0.0
\(t_2,math notation,1,1,-0.3847232386469841,-0.3847232386469841,0.0
\((9,math notation,2,2,-0.7703758552670479,-0.38518792763352394,0.021898211739024894
\((\sqrt{20+\sqrt{t+x}})^2,math notation,1,1,-0.38623814564198256,-0.38623814564198256,0.0
\(\boxed{23}\),math notation,1,1,-0.3920411430299282,-0.3920411430299282,0.0
\(\frac{15}{4}\),math notation,2,2,-0.796509524108842,-0.398254762054421,0.06859075089109884
\sqrt{1024},math notation,1,1,-0.403953043743968,-0.403953043743968,0.0
$c=\sqrt{a^2+b^2}$,math notation,1,1,-0.4052648413926363,-0.4052648413926363,0.0
\frac{1}{0.848386471827448},math notation,1,1,-0.4115168768912554,-0.4115168768912554,0.0
\frac{1233}{999},math notation,1,1,-0.41281052120029926,-0.41281052120029926,0.0
$160^\circ$,math notation,1,1,-0.41809157840907574,-0.41809157840907574,0.0
\(\frac{c}{a}\),math notation,1,1,-0.42200490552932024,-0.42200490552932024,0.0
\frac{7920}{24}$,math notation,1,1,-0.4247271502390504,-0.4247271502390504,0.0
$\frac{1}{2}\cdot,math notation,1,1,-0.42547964211553335,-0.42547964211553335,0.0
\(-2\),math notation,1,1,-0.4282948672771454,-0.4282948672771454,0.0
315^\circ\),math notation,1,1,-0.42957654036581516,-0.42957654036581516,0.0
$\boxed{43}$,math notation,1,1,-0.43441022746264935,-0.43441022746264935,0.0
\boxed{1},math notation,2,2,-0.8725673835724592,-0.4362836917862296,0.1437608936855437
\(\boxed{0}\),math notation,3,3,-1.3166267634369433,-0.43887558781231445,0.2153329025140468
\(\boxed{590}\),math notation,1,1,-0.440668425289914,-0.440668425289914,0.0
\(t_1,math notation,1,1,-0.44342661648988724,-0.44342661648988724,0.0
\boxed{\frac{66}{7}},math notation,1,1,-0.44680689368397,-0.44680689368397,0.0
\(\boxed{15}\),math notation,1,1,-0.44898335821926594,-0.44898335821926594,0.0
-\frac{4}{3}\),math notation,1,1,-0.4531443645246327,-0.4531443645246327,0.0
\(\frac{\sqrt{x-2}}{x^2+x-6}\),math notation,1,1,-0.45539675769396126,-0.45539675769396126,0.0
\boxed{15},math notation,1,1,-0.4602144807577133,-0.4602144807577133,0.0
\sqrt{11+x}=5,math notation,1,1,-0.460780618712306,-0.460780618712306,0.0
\(\boxed{(\frac{5}{4},math notation,1,1,-0.4631423903629184,-0.4631423903629184,0.0
$\boxed{12}$,math notation,1,1,-0.47231473587453365,-0.47231473587453365,0.0
\(\boxed{60\%}\),math notation,1,1,-0.4753618948161602,-0.4753618948161602,0.0
4*x\],math notation,1,1,-0.47658922523260117,-0.47658922523260117,0.0
\(\boxed{\dfrac{21}{43}}\),math notation,1,1,-0.4770105960778892,-0.4770105960778892,0.0
\boxed{17},math notation,1,1,-0.48286738246679306,-0.48286738246679306,0.0
\boxed{0.5},math notation,1,1,-0.4928606040775776,-0.4928606040775776,0.0
\(\boxed{\frac{1}{3}}\),math notation,1,1,-0.4997984953224659,-0.4997984953224659,0.0
\boxed{11/36},math notation,1,1,-0.5086989221163094,-0.5086989221163094,0.0
$\sqrt{\sqrt{\sqrt[9]{10^{72}}}}$,math notation,1,1,-0.5141590614803135,-0.5141590614803135,0.0
\(\boxed{2}\),math notation,2,2,-1.0299043054692447,-0.5149521527346224,0.17779449707178457
\[s_1,math notation,1,1,-0.5269879400730133,-0.5269879400730133,0.0
\(\boxed{90}\),math notation,2,2,-1.0554892430081964,-0.5277446215040982,0.2009936274310175
$-(-x,math notation,1,1,-0.528227336704731,-0.528227336704731,0.0
\boxed{(2,math notation,1,1,-0.542196549475193,-0.542196549475193,0.0
\boxed{\frac{67}{20}},math notation,1,1,-0.542260299436748,-0.542260299436748,0.0
2(b+c,math notation,1,1,-0.5435419529676437,-0.5435419529676437,0.0
\(\boxed{16}\),math notation,1,1,-0.546234842389822,-0.546234842389822,0.0
$\boxed{250}$,math notation,1,1,-0.5557792326435447,-0.5557792326435447,0.0
\frac{a+b}{3},math notation,1,1,-0.5583348567597568,-0.5583348567597568,0.0
2(c+a,math notation,1,1,-0.5593890324234962,-0.5593890324234962,0.0
\frac{180^\circ}{15},math notation,1,1,-0.5598596166819334,-0.5598596166819334,0.0
\boxed{3800},math notation,1,1,-0.5609684661030769,-0.5609684661030769,0.0
2(a+b,math notation,1,1,-0.5637504532933235,-0.5637504532933235,0.0
$\boxed{1600}$,math notation,1,1,-0.5674940347671509,-0.5674940347671509,0.0
$\boxed{3}$,math notation,1,1,-0.5686644837260246,-0.5686644837260246,0.0
\left(\sqrt{103041}\right)^2,math notation,1,1,-0.5719067193567753,-0.5719067193567753,0.0
\boxed{350},math notation,1,1,-0.5753822587430477,-0.5753822587430477,0.0
$(\frac{1}{3})(\frac{1}{3}),math notation,5,5,-2.919218304567039,-0.5838436609134078,0.005905833841340381
\boxed{12},math notation,1,1,-0.58389244787395,-0.58389244787395,0.0
\(\boxed{200}\),math notation,1,1,-0.5866679232567549,-0.5866679232567549,0.0
\(\frac{700}{3}\),math notation,1,1,-0.5876552439294755,-0.5876552439294755,0.0
\boxed{336},math notation,1,1,-0.5881898598745465,-0.5881898598745465,0.0
\boxed{-\frac{30}{17}},math notation,1,1,-0.5994669543579221,-0.5994669543579221,0.0
10^\circ$,math notation,1,1,-0.6053704619407654,-0.6053704619407654,0.0
\frac{4}{2},math notation,1,1,-0.6330603323876858,-0.6330603323876858,0.0
$\boxed{110}$,math notation,1,1,-0.6338722556829453,-0.6338722556829453,0.0
\boxed{6},math notation,2,2,-1.2781837321817875,-0.6390918660908937,0.30811553570945394
\frac{30}{10}$,math notation,1,1,-0.6440095081925392,-0.6440095081925392,0.0
\boxed{103041},math notation,1,1,-0.6470100358128548,-0.6470100358128548,0.0
\boxed{\frac{8}{3}},math notation,1,1,-0.6646338375285268,-0.6646338375285268,0.0
$\boxed{32}$,math notation,1,1,-0.6680330885574222,-0.6680330885574222,0.0
\boxed{70},math notation,1,1,-0.6722595896571875,-0.6722595896571875,0.0
\(\frac{c}{2},math notation,1,1,-0.6971299909055233,-0.6971299909055233,0.0
\(\boxed{300}\),math notation,1,1,-0.6995739880949259,-0.6995739880949259,0.0
\(\boxed{4}\),math notation,3,3,-2.1884786915034056,-0.7294928971678019,0.1745045116557622
$\boxed{5000}$,math notation,1,1,-0.7375507429242134,-0.7375507429242134,0.0
\(\boxed{700}\),math notation,1,1,-0.7440258814021945,-0.7440258814021945,0.0
\(\boxed{34}\),math notation,1,1,-0.7448573149740696,-0.7448573149740696,0.0
\boxed{33},math notation,1,1,-0.7510674223303795,-0.7510674223303795,0.0
\(\boxed{4000}\),math notation,1,1,-0.7522307820618153,-0.7522307820618153,0.0
\boxed{180},math notation,1,1,-0.7564038671553135,-0.7564038671553135,0.0
\boxed{20%},math notation,1,1,-0.7603201419115067,-0.7603201419115067,0.0
\(\boxed{6}\),math notation,1,1,-0.7702212892472744,-0.7702212892472744,0.0
\boxed{67},math notation,1,1,-0.7774039655923843,-0.7774039655923843,0.0
\(\boxed{98}\),math notation,1,1,-0.7866277694702148,-0.7866277694702148,0.0
\(\boxed{\frac{58}{3}}\),math notation,1,1,-0.7875678278505802,-0.7875678278505802,0.0
**\(\boxed{2107}\)**,math notation,1,1,-0.7887635603547096,-0.7887635603547096,0.0
\frac{4}{5}x,math notation,1,1,-0.7905877083539963,-0.7905877083539963,0.0
\(\boxed{92}\),math notation,1,1,-0.8025893699377775,-0.8025893699377775,0.0
\(\boxed{\frac{2}{3}}\),math notation,1,1,-0.8030472565442324,-0.8030472565442324,0.0
\(\boxed{14}\),math notation,4,4,-3.25780704151839,-0.8144517603795975,0.15669619637566276
\(\boxed{\frac{1}{15}}\),math notation,1,1,-0.8174928957596421,-0.8174928957596421,0.0
\boxed{-\frac{155}{2}},math notation,1,1,-0.8235460445284843,-0.8235460445284843,0.0
\boxed{29},math notation,1,1,-0.8536049202084541,-0.8536049202084541,0.0
\(\boxed{65}\),math notation,1,1,-0.8568061292171478,-0.8568061292171478,0.0
\(\boxed{64}\),math notation,1,1,-0.858575738966465,-0.858575738966465,0.0
\boxed{19},math notation,1,1,-0.8784836605191231,-0.8784836605191231,0.0
\boxed{13},math notation,1,1,-0.8847782574594021,-0.8847782574594021,0.0
\(\boxed{47}\),math notation,1,1,-0.9535836763679981,-0.9535836763679981,0.0
\(\boxed{80}\),math notation,1,1,-0.9559337347745895,-0.9559337347745895,0.0
\(b_n\),math notation,1,1,-0.9621249884366989,-0.9621249884366989,0.0
\(\boxed{1938}\),math notation,1,1,-0.9652296062558889,-0.9652296062558889,0.0
\(\boxed{5}\),math notation,1,1,-0.9729235395789146,-0.9729235395789146,0.0
\(\boxed{67}\),math notation,1,1,-0.9819785617291927,-0.9819785617291927,0.0
\frac{4}{1-x}\],math notation,1,1,-0.987942460924387,-0.987942460924387,0.0
\(\boxed{490}\),math notation,1,1,-1.0111941955983639,-1.0111941955983639,0.0
\[\sum_{n=0}^{\infty},math notation,1,1,-1.0121450275182724,-1.0121450275182724,0.0
\(\boxed{73}\),math notation,1,1,-1.0285192364826798,-1.0285192364826798,0.0
\(\boxed{1920}\),math notation,1,1,-1.0435864552855492,-1.0435864552855492,0.0
"\boxed{$27,000}",math notation,1,1,-1.0572833307087421,-1.0572833307087421,0.0
\(\boxed{9}\),math notation,1,1,-1.0821417048573494,-1.0821417048573494,0.0
$113+276-13-26$,math notation,1,1,-1.2559302039444447,-1.2559302039444447,0.0
\(\boxed{130}\),math notation,1,1,-1.2565258294343948,-1.2565258294343948,0.0
