example_id,step_index,outcome
gsm8k-0,0,True
gsm8k-0,1,True
gsm8k-0,2,False
gsm8k-0,3,False
gsm8k-1,0,True
gsm8k-1,1,True
gsm8k-1,2,True
gsm8k-1,3,True
gsm8k-1,4,True
gsm8k-1,5,True
gsm8k-1,6,True
gsm8k-2,0,True
gsm8k-2,1,False
gsm8k-2,2,True
gsm8k-2,3,False
gsm8k-3,0,True
gsm8k-3,1,True
gsm8k-3,2,True
gsm8k-3,3,False
gsm8k-4,0,True
gsm8k-4,1,True
gsm8k-4,2,True
gsm8k-4,3,True
gsm8k-4,4,True
gsm8k-5,0,True
gsm8k-5,1,True
gsm8k-5,2,False
gsm8k-5,3,False
gsm8k-6,0,True
gsm8k-6,1,True
gsm8k-6,2,False
gsm8k-7,0,True
gsm8k-7,1,False
gsm8k-7,2,False
gsm8k-7,3,False
gsm8k-8,0,False
gsm8k-8,1,True
gsm8k-8,2,True
gsm8k-8,3,True
gsm8k-8,4,True
gsm8k-8,5,True
gsm8k-9,0,True
gsm8k-9,1,True
gsm8k-9,2,Autoformalisation failure
gsm8k-9,3,Autoformalisation failure
gsm8k-10,0,Prover failure
gsm8k-10,1,True
gsm8k-10,2,True
gsm8k-10,3,True
gsm8k-10,4,True
gsm8k-11,0,True
gsm8k-11,1,True
gsm8k-11,2,True
gsm8k-11,3,True
gsm8k-11,4,True
gsm8k-11,5,False
gsm8k-12,0,True
gsm8k-12,1,True
gsm8k-12,2,True
gsm8k-12,3,True
gsm8k-12,4,True
gsm8k-12,5,True
gsm8k-12,6,True
gsm8k-13,0,True
gsm8k-13,1,True
gsm8k-13,2,True
gsm8k-13,3,Autoformalisation failure
gsm8k-14,0,True
gsm8k-14,1,True
gsm8k-14,2,True
gsm8k-14,3,True
gsm8k-14,4,Autoformalisation failure
gsm8k-14,5,True
gsm8k-14,6,True
gsm8k-15,0,True
gsm8k-15,1,False
gsm8k-15,2,False
gsm8k-15,3,True
gsm8k-15,4,False
gsm8k-15,5,False
gsm8k-16,0,True
gsm8k-16,1,True
gsm8k-16,2,True
gsm8k-16,3,True
gsm8k-16,4,Autoformalisation failure
gsm8k-16,5,True
gsm8k-16,6,True
gsm8k-17,0,True
gsm8k-17,1,True
gsm8k-17,2,True
gsm8k-17,3,True
gsm8k-18,0,True
gsm8k-18,1,True
gsm8k-18,2,True
gsm8k-18,3,True
gsm8k-19,0,False
gsm8k-19,1,True
gsm8k-19,2,True
gsm8k-19,3,True
gsm8k-20,0,True
gsm8k-20,1,True
gsm8k-20,2,True
gsm8k-21,0,True
gsm8k-21,1,True
gsm8k-21,2,True
gsm8k-21,3,True
gsm8k-21,4,True
gsm8k-21,5,False
gsm8k-21,6,False
gsm8k-22,0,True
gsm8k-22,1,True
gsm8k-22,2,True
gsm8k-22,3,True
gsm8k-22,4,True
gsm8k-22,5,False
gsm8k-22,6,Autoformalisation failure
gsm8k-23,0,True
gsm8k-23,1,True
gsm8k-23,2,True
gsm8k-23,3,True
gsm8k-23,4,True
gsm8k-23,5,Autoformalisation failure
gsm8k-24,0,True
gsm8k-24,1,True
gsm8k-24,2,True
gsm8k-24,3,True
gsm8k-25,0,True
gsm8k-25,1,True
gsm8k-25,2,True
gsm8k-25,3,True
gsm8k-26,0,True
gsm8k-26,1,True
gsm8k-26,2,True
gsm8k-26,3,True
gsm8k-27,0,True
gsm8k-27,1,True
gsm8k-27,2,True
gsm8k-27,3,False
gsm8k-28,0,True
gsm8k-28,1,True
gsm8k-28,2,True
gsm8k-28,3,True
gsm8k-29,0,True
gsm8k-29,1,True
gsm8k-29,2,True
gsm8k-29,3,True
gsm8k-30,0,True
gsm8k-30,1,True
gsm8k-30,2,True
gsm8k-31,0,True
gsm8k-31,1,True
gsm8k-31,2,True
gsm8k-31,3,Autoformalisation failure
gsm8k-31,4,True
gsm8k-31,5,True
gsm8k-31,6,True
gsm8k-32,0,True
gsm8k-32,1,True
gsm8k-32,2,True
gsm8k-32,3,True
gsm8k-32,4,True
gsm8k-33,0,Autoformalisation failure
gsm8k-33,1,True
gsm8k-33,2,True
gsm8k-33,3,True
gsm8k-33,4,True
gsm8k-34,0,True
gsm8k-34,1,True
gsm8k-34,2,True
gsm8k-34,3,False
gsm8k-35,0,True
gsm8k-35,1,True
gsm8k-35,2,True
gsm8k-35,3,False
gsm8k-35,4,False
gsm8k-36,0,True
gsm8k-36,1,True
gsm8k-36,2,True
gsm8k-36,3,False
gsm8k-36,4,False
gsm8k-37,0,True
gsm8k-37,1,True
gsm8k-37,2,True
gsm8k-37,3,False
gsm8k-38,0,Prover failure
gsm8k-38,1,True
gsm8k-38,2,True
gsm8k-38,3,True
gsm8k-38,4,True
gsm8k-38,5,False
gsm8k-38,6,False
gsm8k-38,7,False
gsm8k-39,0,True
gsm8k-39,1,True
gsm8k-39,2,True
gsm8k-39,3,True
gsm8k-39,4,True
gsm8k-40,0,True
gsm8k-40,1,False
gsm8k-40,2,False
gsm8k-40,3,False
gsm8k-41,0,True
gsm8k-41,1,False
gsm8k-41,2,True
gsm8k-41,3,False
gsm8k-41,4,False
gsm8k-41,5,False
gsm8k-42,0,True
gsm8k-42,1,True
gsm8k-42,2,True
gsm8k-42,3,False
gsm8k-42,4,True
gsm8k-42,5,True
gsm8k-42,6,True
gsm8k-43,0,True
gsm8k-43,1,True
gsm8k-43,2,True
gsm8k-43,3,True
gsm8k-43,4,Autoformalisation failure
gsm8k-44,0,True
gsm8k-44,1,True
gsm8k-44,2,True
gsm8k-45,0,True
gsm8k-45,1,True
gsm8k-45,2,True
gsm8k-45,3,True
gsm8k-45,4,True
gsm8k-46,0,True
gsm8k-46,1,True
gsm8k-46,2,True
gsm8k-46,3,False
gsm8k-46,4,False
gsm8k-47,0,True
gsm8k-47,1,True
gsm8k-47,2,True
gsm8k-47,3,False
gsm8k-47,4,True
gsm8k-47,5,False
gsm8k-48,0,True
gsm8k-48,1,True
gsm8k-48,2,True
gsm8k-48,3,False
gsm8k-48,4,False
gsm8k-49,0,True
gsm8k-49,1,True
gsm8k-49,2,True
gsm8k-49,3,True
gsm8k-49,4,True
gsm8k-49,5,True
gsm8k-49,6,Prover failure
gsm8k-49,7,True
gsm8k-49,8,True
gsm8k-49,9,True
gsm8k-49,10,True
gsm8k-49,11,True
gsm8k-49,12,True
gsm8k-49,13,True
gsm8k-49,14,True
gsm8k-49,15,Prover failure
gsm8k-50,0,True
gsm8k-50,1,True
gsm8k-50,2,True
gsm8k-50,3,True
gsm8k-51,0,True
gsm8k-51,1,False
gsm8k-51,2,False
gsm8k-51,3,False
gsm8k-51,4,True
gsm8k-51,5,False
gsm8k-51,6,False
gsm8k-52,0,True
gsm8k-52,1,True
gsm8k-52,2,True
gsm8k-52,3,False
gsm8k-52,4,False
gsm8k-53,0,True
gsm8k-53,1,True
gsm8k-53,2,True
gsm8k-53,3,True
gsm8k-53,4,True
gsm8k-54,0,Autoformalisation failure
gsm8k-54,1,Autoformalisation failure
gsm8k-54,2,False
gsm8k-54,3,Autoformalisation failure
gsm8k-54,4,False
gsm8k-54,5,False
gsm8k-54,6,False
gsm8k-55,0,True
gsm8k-55,1,True
gsm8k-55,2,True
gsm8k-55,3,True
gsm8k-56,0,True
gsm8k-56,1,True
gsm8k-56,2,False
gsm8k-56,3,True
gsm8k-56,4,True
gsm8k-56,5,True
gsm8k-56,6,True
gsm8k-56,7,True
gsm8k-56,8,True
gsm8k-56,9,True
gsm8k-56,10,True
gsm8k-56,11,False
gsm8k-57,0,Prover failure
gsm8k-57,1,False
gsm8k-57,2,True
gsm8k-57,3,True
gsm8k-57,4,True
gsm8k-57,5,True
gsm8k-57,6,Prover failure
gsm8k-57,7,Prover failure
gsm8k-58,0,True
gsm8k-58,1,True
gsm8k-58,2,True
gsm8k-58,3,True
gsm8k-58,4,True
gsm8k-58,5,True
gsm8k-59,0,True
gsm8k-59,1,True
gsm8k-59,2,True
gsm8k-60,0,Prover failure
gsm8k-60,1,True
gsm8k-60,2,True
gsm8k-60,3,False
gsm8k-60,4,False
gsm8k-60,5,Prover failure
gsm8k-61,0,True
gsm8k-61,1,True
gsm8k-61,2,True
gsm8k-61,3,True
gsm8k-61,4,True
gsm8k-61,5,Autoformalisation failure
gsm8k-62,0,True
gsm8k-62,1,True
gsm8k-62,2,True
gsm8k-62,3,True
gsm8k-62,4,True
gsm8k-63,0,False
gsm8k-63,1,True
gsm8k-63,2,True
gsm8k-63,3,True
gsm8k-63,4,True
gsm8k-63,5,True
gsm8k-63,6,True
gsm8k-64,0,True
gsm8k-64,1,True
gsm8k-64,2,True
gsm8k-64,3,False
gsm8k-64,4,False
gsm8k-64,5,False
gsm8k-65,0,Autoformalisation failure
gsm8k-65,1,True
gsm8k-65,2,True
gsm8k-65,3,True
gsm8k-65,4,Autoformalisation failure
gsm8k-65,5,Autoformalisation failure
gsm8k-65,6,True
gsm8k-65,7,True
gsm8k-65,8,True
gsm8k-65,9,False
gsm8k-66,0,True
gsm8k-66,1,True
gsm8k-66,2,True
gsm8k-66,3,True
gsm8k-66,4,True
gsm8k-66,5,True
gsm8k-66,6,True
gsm8k-66,7,True
gsm8k-66,8,False
gsm8k-66,9,False
gsm8k-67,0,True
gsm8k-67,1,True
gsm8k-67,2,True
gsm8k-67,3,True
gsm8k-67,4,True
gsm8k-68,0,True
gsm8k-68,1,True
gsm8k-68,2,True
gsm8k-68,3,False
gsm8k-68,4,Autoformalisation failure
gsm8k-68,5,True
gsm8k-68,6,False
gsm8k-69,0,True
gsm8k-69,1,True
gsm8k-69,2,True
gsm8k-69,3,True
gsm8k-69,4,False
gsm8k-70,0,True
gsm8k-70,1,True
gsm8k-70,2,True
gsm8k-70,3,True
gsm8k-71,0,True
gsm8k-71,1,True
gsm8k-71,2,True
gsm8k-71,3,True
gsm8k-71,4,True
gsm8k-71,5,False
gsm8k-72,0,True
gsm8k-72,1,True
gsm8k-72,2,True
gsm8k-72,3,True
gsm8k-73,0,False
gsm8k-73,1,False
gsm8k-73,2,False
gsm8k-73,3,False
gsm8k-73,4,Prover failure
gsm8k-73,5,Prover failure
gsm8k-74,0,True
gsm8k-74,1,True
gsm8k-74,2,True
gsm8k-74,3,True
gsm8k-74,4,False
gsm8k-74,5,False
gsm8k-74,6,True
gsm8k-75,0,True
gsm8k-75,1,True
gsm8k-75,2,True
gsm8k-75,3,True
gsm8k-75,4,True
gsm8k-76,0,True
gsm8k-76,1,Prover failure
gsm8k-76,2,True
gsm8k-76,3,Autoformalisation failure
gsm8k-76,4,True
gsm8k-77,0,False
gsm8k-77,1,True
gsm8k-77,2,True
gsm8k-77,3,False
gsm8k-78,0,True
gsm8k-78,1,True
gsm8k-78,2,True
gsm8k-78,3,True
gsm8k-78,4,True
gsm8k-78,5,False
gsm8k-78,6,Autoformalisation failure
gsm8k-78,7,True
gsm8k-78,8,False
gsm8k-79,0,True
gsm8k-79,1,True
gsm8k-79,2,True
gsm8k-80,0,True
gsm8k-80,1,True
gsm8k-80,2,True
gsm8k-80,3,True
gsm8k-81,0,Prover failure
gsm8k-81,1,True
gsm8k-81,2,True
gsm8k-81,3,True
gsm8k-81,4,True
gsm8k-81,5,True
gsm8k-81,6,False
gsm8k-82,0,Autoformalisation failure
gsm8k-82,1,True
gsm8k-82,2,Autoformalisation failure
gsm8k-82,3,True
gsm8k-82,4,True
gsm8k-82,5,True
gsm8k-82,6,True
gsm8k-82,7,False
gsm8k-83,0,True
gsm8k-83,1,True
gsm8k-83,2,True
gsm8k-83,3,True
gsm8k-83,4,False
gsm8k-84,0,True
gsm8k-84,1,True
gsm8k-84,2,True
gsm8k-84,3,True
gsm8k-84,4,True
gsm8k-85,0,True
gsm8k-85,1,True
gsm8k-85,2,True
gsm8k-85,3,True
gsm8k-86,0,True
gsm8k-86,1,False
gsm8k-86,2,True
gsm8k-87,0,True
gsm8k-87,1,True
gsm8k-87,2,True
gsm8k-87,3,True
gsm8k-87,4,True
gsm8k-88,0,False
gsm8k-88,1,True
gsm8k-88,2,True
gsm8k-88,3,True
gsm8k-88,4,True
gsm8k-88,5,False
gsm8k-88,6,True
gsm8k-89,0,True
gsm8k-89,1,True
gsm8k-89,2,True
gsm8k-89,3,True
gsm8k-89,4,Prover failure
gsm8k-90,0,False
gsm8k-90,1,Autoformalisation failure
gsm8k-90,2,True
gsm8k-90,3,True
gsm8k-90,4,True
gsm8k-91,0,True
gsm8k-91,1,True
gsm8k-91,2,False
gsm8k-92,0,True
gsm8k-92,1,True
gsm8k-92,2,True
gsm8k-92,3,True
gsm8k-92,4,False
gsm8k-92,5,False
gsm8k-92,6,False
gsm8k-92,7,False
gsm8k-93,0,True
gsm8k-93,1,True
gsm8k-93,2,True
gsm8k-93,3,True
gsm8k-93,4,True
gsm8k-93,5,True
gsm8k-93,6,False
gsm8k-93,7,Autoformalisation failure
gsm8k-93,8,Autoformalisation failure
gsm8k-93,9,Autoformalisation failure
gsm8k-93,10,True
gsm8k-93,11,Autoformalisation failure
gsm8k-94,0,True
gsm8k-94,1,True
gsm8k-94,2,True
gsm8k-95,0,Prover failure
gsm8k-95,1,True
gsm8k-95,2,True
gsm8k-96,0,True
gsm8k-96,1,True
gsm8k-96,2,True
gsm8k-96,3,False
gsm8k-97,0,True
gsm8k-97,1,True
gsm8k-97,2,True
gsm8k-97,3,False
gsm8k-97,4,True
gsm8k-98,0,True
gsm8k-98,1,True
gsm8k-98,2,True
gsm8k-98,3,True
gsm8k-99,0,True
gsm8k-99,1,True
gsm8k-99,2,True
gsm8k-99,3,True
gsm8k-99,4,True
gsm8k-99,5,True
gsm8k-100,0,True
gsm8k-100,1,True
gsm8k-100,2,False
gsm8k-101,0,True
gsm8k-101,1,True
gsm8k-101,2,True
gsm8k-101,3,True
gsm8k-101,4,True
gsm8k-102,0,True
gsm8k-102,1,Autoformalisation failure
gsm8k-102,2,False
gsm8k-103,0,True
gsm8k-103,1,True
gsm8k-103,2,False
gsm8k-103,3,False
gsm8k-103,4,True
gsm8k-103,5,True
gsm8k-103,6,True
gsm8k-104,0,True
gsm8k-104,1,True
gsm8k-104,2,True
gsm8k-104,3,True
gsm8k-104,4,True
gsm8k-104,5,True
gsm8k-105,0,True
gsm8k-105,1,False
gsm8k-105,2,True
gsm8k-105,3,False
gsm8k-106,0,Autoformalisation failure
gsm8k-106,1,True
gsm8k-106,2,True
gsm8k-106,3,True
gsm8k-107,0,True
gsm8k-107,1,True
gsm8k-107,2,True
gsm8k-107,3,True
gsm8k-108,0,True
gsm8k-108,1,True
gsm8k-108,2,True
gsm8k-108,3,True
gsm8k-108,4,True
gsm8k-108,5,True
gsm8k-108,6,True
gsm8k-108,7,True
gsm8k-108,8,True
gsm8k-108,9,True
gsm8k-109,0,True
gsm8k-109,1,True
gsm8k-109,2,True
gsm8k-109,3,True
gsm8k-109,4,True
gsm8k-109,5,True
gsm8k-109,6,True
gsm8k-109,7,True
gsm8k-110,0,True
gsm8k-110,1,True
gsm8k-110,2,True
gsm8k-110,3,True
gsm8k-110,4,False
gsm8k-110,5,False
gsm8k-111,0,True
gsm8k-111,1,True
gsm8k-111,2,True
gsm8k-112,0,False
gsm8k-112,1,True
gsm8k-112,2,True
gsm8k-112,3,True
gsm8k-112,4,False
gsm8k-113,0,Autoformalisation failure
gsm8k-113,1,True
gsm8k-113,2,True
gsm8k-113,3,Autoformalisation failure
gsm8k-113,4,True
gsm8k-113,5,True
gsm8k-113,6,Autoformalisation failure
gsm8k-114,0,True
gsm8k-114,1,True
gsm8k-114,2,Autoformalisation failure
gsm8k-114,3,True
gsm8k-115,0,True
gsm8k-115,1,True
gsm8k-115,2,True
gsm8k-115,3,True
gsm8k-115,4,True
gsm8k-116,0,Autoformalisation failure
gsm8k-116,1,True
gsm8k-116,2,True
gsm8k-116,3,True
gsm8k-116,4,True
gsm8k-116,5,True
gsm8k-117,0,True
gsm8k-117,1,True
gsm8k-117,2,Autoformalisation failure
gsm8k-117,3,True
gsm8k-118,0,True
gsm8k-118,1,True
gsm8k-118,2,True
gsm8k-118,3,True
gsm8k-119,0,True
gsm8k-119,1,False
gsm8k-119,2,True
gsm8k-119,3,True
gsm8k-119,4,Prover failure
gsm8k-119,5,False
gsm8k-120,0,True
gsm8k-120,1,True
gsm8k-120,2,True
gsm8k-120,3,True
gsm8k-120,4,Autoformalisation failure
gsm8k-120,5,True
gsm8k-120,6,True
gsm8k-120,7,True
gsm8k-121,0,True
gsm8k-121,1,True
gsm8k-121,2,True
gsm8k-121,3,True
gsm8k-121,4,True
gsm8k-121,5,True
gsm8k-121,6,True
gsm8k-122,0,False
gsm8k-122,1,True
gsm8k-122,2,False
gsm8k-122,3,False
gsm8k-123,0,True
gsm8k-123,1,False
gsm8k-123,2,False
gsm8k-123,3,True
gsm8k-123,4,Prover failure
gsm8k-123,5,Prover failure
gsm8k-124,0,True
gsm8k-124,1,True
gsm8k-124,2,True
gsm8k-124,3,False
gsm8k-125,0,True
gsm8k-125,1,True
gsm8k-125,2,True
gsm8k-125,3,False
gsm8k-125,4,True
gsm8k-125,5,True
gsm8k-126,0,False
gsm8k-126,1,False
gsm8k-127,0,True
gsm8k-127,1,True
gsm8k-127,2,True
gsm8k-127,3,True
gsm8k-127,4,True
gsm8k-128,0,True
gsm8k-128,1,False
gsm8k-128,2,False
gsm8k-128,3,False
gsm8k-129,0,True
gsm8k-129,1,True
gsm8k-129,2,False
gsm8k-129,3,True
gsm8k-129,4,True
gsm8k-129,5,False
gsm8k-130,0,True
gsm8k-130,1,True
gsm8k-130,2,False
gsm8k-130,3,True
gsm8k-130,4,True
gsm8k-131,0,True
gsm8k-131,1,True
gsm8k-131,2,False
gsm8k-131,3,False
gsm8k-132,0,True
gsm8k-132,1,True
gsm8k-132,2,False
gsm8k-132,3,Prover failure
gsm8k-133,0,True
gsm8k-133,1,True
gsm8k-133,2,False
gsm8k-133,3,True
gsm8k-133,4,True
gsm8k-133,5,True
gsm8k-134,0,True
gsm8k-134,1,False
gsm8k-134,2,False
gsm8k-134,3,False
gsm8k-134,4,False
gsm8k-135,0,True
gsm8k-135,1,True
gsm8k-135,2,False
gsm8k-135,3,False
gsm8k-135,4,Autoformalisation failure
gsm8k-136,0,True
gsm8k-136,1,Prover failure
gsm8k-136,2,True
gsm8k-136,3,Prover failure
gsm8k-137,0,True
gsm8k-137,1,True
gsm8k-137,2,True
gsm8k-137,3,False
gsm8k-137,4,False
gsm8k-138,0,True
gsm8k-138,1,True
gsm8k-138,2,Autoformalisation failure
gsm8k-138,3,True
gsm8k-139,0,True
gsm8k-139,1,True
gsm8k-139,2,True
gsm8k-139,3,True
gsm8k-139,4,True
gsm8k-139,5,False
gsm8k-139,6,True
gsm8k-139,7,True
gsm8k-139,8,True
gsm8k-140,0,True
gsm8k-140,1,True
gsm8k-140,2,True
gsm8k-140,3,True
gsm8k-140,4,True
gsm8k-140,5,False
gsm8k-140,6,False
gsm8k-141,0,True
gsm8k-141,1,True
gsm8k-141,2,Autoformalisation failure
gsm8k-141,3,False
gsm8k-141,4,True
gsm8k-141,5,False
gsm8k-141,6,False
gsm8k-142,0,False
gsm8k-142,1,False
gsm8k-142,2,True
gsm8k-142,3,True
gsm8k-143,0,False
gsm8k-143,1,True
gsm8k-143,2,True
gsm8k-143,3,True
gsm8k-143,4,False
gsm8k-143,5,True
gsm8k-143,6,False
gsm8k-144,0,True
gsm8k-144,1,True
gsm8k-144,2,False
gsm8k-144,3,False
gsm8k-144,4,False
gsm8k-145,0,True
gsm8k-145,1,True
gsm8k-145,2,True
gsm8k-145,3,True
gsm8k-146,0,True
gsm8k-146,1,False
gsm8k-146,2,False
gsm8k-147,0,True
gsm8k-147,1,False
gsm8k-147,2,False
gsm8k-147,3,False
gsm8k-148,0,True
gsm8k-148,1,True
gsm8k-148,2,True
gsm8k-148,3,True
gsm8k-148,4,True
gsm8k-149,0,True
gsm8k-149,1,True
gsm8k-149,2,True
gsm8k-149,3,True
gsm8k-149,4,False
gsm8k-150,0,True
gsm8k-150,1,True
gsm8k-150,2,True
gsm8k-150,3,True
gsm8k-150,4,True
gsm8k-150,5,False
gsm8k-150,6,True
gsm8k-150,7,True
gsm8k-150,8,True
gsm8k-151,0,True
gsm8k-151,1,True
gsm8k-151,2,True
gsm8k-151,3,True
gsm8k-151,4,True
gsm8k-151,5,False
gsm8k-151,6,False
gsm8k-152,0,True
gsm8k-152,1,False
gsm8k-152,2,True
gsm8k-152,3,False
gsm8k-153,0,True
gsm8k-153,1,True
gsm8k-153,2,True
gsm8k-153,3,Autoformalisation failure
gsm8k-153,4,Autoformalisation failure
gsm8k-153,5,False
gsm8k-153,6,True
gsm8k-153,7,True
gsm8k-153,8,False
gsm8k-154,0,True
gsm8k-154,1,True
gsm8k-154,2,True
gsm8k-155,0,True
gsm8k-155,1,True
gsm8k-155,2,True
gsm8k-155,3,Prover failure
gsm8k-155,4,True
gsm8k-155,5,False
gsm8k-156,0,True
gsm8k-156,1,True
gsm8k-156,2,True
gsm8k-156,3,True
gsm8k-156,4,True
gsm8k-156,5,True
gsm8k-156,6,True
gsm8k-156,7,Autoformalisation failure
gsm8k-157,0,Autoformalisation failure
gsm8k-157,1,True
gsm8k-157,2,True
gsm8k-158,0,True
gsm8k-158,1,True
gsm8k-158,2,True
gsm8k-158,3,True
gsm8k-159,0,False
gsm8k-159,1,True
gsm8k-159,2,True
gsm8k-159,3,False
gsm8k-160,0,True
gsm8k-160,1,True
gsm8k-160,2,True
gsm8k-160,3,True
gsm8k-160,4,True
gsm8k-161,0,True
gsm8k-161,1,True
gsm8k-161,2,True
gsm8k-161,3,True
gsm8k-162,0,True
gsm8k-162,1,True
gsm8k-162,2,False
gsm8k-163,0,True
gsm8k-163,1,True
gsm8k-163,2,True
gsm8k-163,3,True
gsm8k-163,4,True
gsm8k-163,5,Autoformalisation failure
gsm8k-164,0,True
gsm8k-164,1,False
gsm8k-164,2,True
gsm8k-164,3,False
gsm8k-164,4,False
gsm8k-165,0,True
gsm8k-165,1,True
gsm8k-165,2,True
gsm8k-165,3,False
gsm8k-165,4,True
gsm8k-165,5,True
gsm8k-166,0,True
gsm8k-166,1,True
gsm8k-166,2,False
gsm8k-166,3,True
gsm8k-166,4,True
gsm8k-166,5,True
gsm8k-167,0,Prover failure
gsm8k-167,1,Prover failure
gsm8k-167,2,True
gsm8k-167,3,Prover failure
gsm8k-167,4,Prover failure
gsm8k-168,0,Autoformalisation failure
gsm8k-168,1,Autoformalisation failure
gsm8k-168,2,Autoformalisation failure
gsm8k-168,3,Autoformalisation failure
gsm8k-168,4,True
gsm8k-169,0,True
gsm8k-169,1,True
gsm8k-169,2,True
gsm8k-169,3,True
gsm8k-170,0,True
gsm8k-170,1,False
gsm8k-170,2,True
gsm8k-170,3,False
gsm8k-170,4,True
gsm8k-170,5,True
gsm8k-170,6,True
gsm8k-170,7,True
gsm8k-171,0,True
gsm8k-171,1,True
gsm8k-171,2,True
gsm8k-171,3,True
gsm8k-171,4,True
gsm8k-171,5,True
gsm8k-171,6,True
gsm8k-172,0,True
gsm8k-172,1,True
gsm8k-172,2,True
gsm8k-172,3,True
gsm8k-172,4,True
gsm8k-173,0,True
gsm8k-173,1,False
gsm8k-173,2,True
gsm8k-173,3,True
gsm8k-173,4,False
gsm8k-174,0,True
gsm8k-174,1,True
gsm8k-174,2,True
gsm8k-174,3,True
gsm8k-175,0,False
gsm8k-175,1,True
gsm8k-175,2,True
gsm8k-175,3,True
gsm8k-175,4,True
gsm8k-176,0,False
gsm8k-176,1,True
gsm8k-176,2,True
gsm8k-176,3,True
gsm8k-176,4,True
gsm8k-176,5,True
gsm8k-176,6,True
gsm8k-177,0,True
gsm8k-177,1,True
gsm8k-177,2,False
gsm8k-177,3,True
gsm8k-178,0,True
gsm8k-178,1,True
gsm8k-178,2,True
gsm8k-178,3,True
gsm8k-179,0,True
gsm8k-179,1,Autoformalisation failure
gsm8k-179,2,Autoformalisation failure
gsm8k-179,3,True
gsm8k-179,4,Autoformalisation failure
gsm8k-180,0,True
gsm8k-180,1,False
gsm8k-180,2,True
gsm8k-180,3,True
gsm8k-180,4,True
gsm8k-181,0,True
gsm8k-181,1,True
gsm8k-181,2,True
gsm8k-181,3,True
gsm8k-181,4,True
gsm8k-181,5,True
gsm8k-181,6,True
gsm8k-181,7,False
gsm8k-182,0,Autoformalisation failure
gsm8k-182,1,Prover failure
gsm8k-182,2,True
gsm8k-182,3,True
gsm8k-182,4,True
gsm8k-183,0,True
gsm8k-183,1,True
gsm8k-183,2,False
gsm8k-183,3,True
gsm8k-183,4,False
gsm8k-184,0,True
gsm8k-184,1,True
gsm8k-184,2,True
gsm8k-185,0,True
gsm8k-185,1,True
gsm8k-185,2,True
gsm8k-185,3,True
gsm8k-185,4,True
gsm8k-186,0,True
gsm8k-186,1,True
gsm8k-186,2,False
gsm8k-186,3,False
gsm8k-186,4,False
gsm8k-187,0,True
gsm8k-187,1,True
gsm8k-187,2,True
gsm8k-187,3,True
gsm8k-187,4,True
gsm8k-187,5,False
gsm8k-188,0,True
gsm8k-188,1,True
gsm8k-188,2,True
gsm8k-188,3,Prover failure
gsm8k-188,4,True
gsm8k-189,0,True
gsm8k-189,1,True
gsm8k-189,2,True
gsm8k-189,3,True
gsm8k-189,4,True
gsm8k-189,5,False
gsm8k-190,0,True
gsm8k-190,1,True
gsm8k-190,2,True
gsm8k-190,3,Autoformalisation failure
gsm8k-190,4,True
gsm8k-190,5,True
gsm8k-190,6,True
gsm8k-190,7,True
gsm8k-190,8,Prover failure
gsm8k-190,9,False
gsm8k-191,0,True
gsm8k-191,1,True
gsm8k-191,2,True
gsm8k-191,3,True
gsm8k-191,4,True
gsm8k-191,5,True
gsm8k-192,0,Autoformalisation failure
gsm8k-192,1,True
gsm8k-192,2,True
gsm8k-192,3,Autoformalisation failure
gsm8k-192,4,Autoformalisation failure
gsm8k-192,5,True
gsm8k-192,6,False
gsm8k-192,7,True
gsm8k-193,0,True
gsm8k-193,1,True
gsm8k-193,2,True
gsm8k-193,3,True
gsm8k-193,4,True
gsm8k-193,5,True
gsm8k-193,6,True
gsm8k-193,7,True
gsm8k-194,0,True
gsm8k-194,1,True
gsm8k-194,2,True
gsm8k-194,3,True
gsm8k-195,0,True
gsm8k-195,1,True
gsm8k-195,2,True
gsm8k-195,3,True
gsm8k-195,4,False
gsm8k-196,0,True
gsm8k-196,1,True
gsm8k-196,2,True
gsm8k-196,3,True
gsm8k-197,0,Autoformalisation failure
gsm8k-197,1,True
gsm8k-197,2,Autoformalisation failure
gsm8k-197,3,True
gsm8k-197,4,True
gsm8k-197,5,True
gsm8k-197,6,False
gsm8k-198,0,True
gsm8k-198,1,True
gsm8k-198,2,True
gsm8k-198,3,True
gsm8k-198,4,False
gsm8k-198,5,False
gsm8k-199,0,True
gsm8k-199,1,True
gsm8k-199,2,True
gsm8k-200,0,Autoformalisation failure
gsm8k-200,1,True
gsm8k-200,2,Prover failure
gsm8k-200,3,True
gsm8k-200,4,False
gsm8k-200,5,True
gsm8k-200,6,True
gsm8k-200,7,True
gsm8k-201,0,True
gsm8k-201,1,True
gsm8k-201,2,Autoformalisation failure
gsm8k-201,3,True
gsm8k-201,4,True
gsm8k-201,5,True
gsm8k-202,0,True
gsm8k-202,1,True
gsm8k-203,0,True
gsm8k-203,1,True
gsm8k-203,2,True
gsm8k-203,3,True
gsm8k-204,0,True
gsm8k-204,1,True
gsm8k-204,2,True
gsm8k-204,3,Autoformalisation failure
gsm8k-204,4,Autoformalisation failure
gsm8k-204,5,Autoformalisation failure
gsm8k-204,6,Autoformalisation failure
gsm8k-204,7,Autoformalisation failure
gsm8k-204,8,Autoformalisation failure
gsm8k-204,9,Autoformalisation failure
gsm8k-205,0,True
gsm8k-205,1,True
gsm8k-205,2,True
gsm8k-205,3,True
gsm8k-206,0,True
gsm8k-206,1,True
gsm8k-206,2,True
gsm8k-206,3,True
gsm8k-207,0,True
gsm8k-207,1,True
gsm8k-207,2,True
gsm8k-207,3,True
gsm8k-207,4,True
gsm8k-207,5,True
gsm8k-208,0,True
gsm8k-208,1,True
gsm8k-208,2,True
gsm8k-208,3,True
gsm8k-208,4,True
gsm8k-209,0,True
gsm8k-209,1,True
gsm8k-209,2,True
gsm8k-209,3,Prover failure
gsm8k-209,4,True
gsm8k-209,5,True
gsm8k-209,6,True
gsm8k-210,0,True
gsm8k-210,1,True
gsm8k-210,2,True
gsm8k-210,3,True
gsm8k-210,4,True
gsm8k-210,5,True
gsm8k-211,0,True
gsm8k-211,1,True
gsm8k-211,2,True
gsm8k-211,3,True
gsm8k-211,4,True
gsm8k-211,5,True
gsm8k-212,0,False
gsm8k-212,1,True
gsm8k-212,2,True
gsm8k-212,3,True
gsm8k-213,0,True
gsm8k-213,1,True
gsm8k-213,2,True
gsm8k-213,3,True
gsm8k-213,4,True
gsm8k-213,5,True
gsm8k-213,6,True
gsm8k-214,0,True
gsm8k-214,1,True
gsm8k-214,2,True
gsm8k-214,3,True
gsm8k-214,4,True
gsm8k-214,5,True
gsm8k-215,0,True
gsm8k-215,1,True
gsm8k-215,2,True
gsm8k-215,3,True
gsm8k-215,4,True
gsm8k-215,5,True
gsm8k-215,6,True
gsm8k-216,0,True
gsm8k-216,1,True
gsm8k-216,2,True
gsm8k-216,3,True
gsm8k-217,0,True
gsm8k-217,1,True
gsm8k-217,2,True
gsm8k-217,3,True
gsm8k-218,0,True
gsm8k-218,1,True
gsm8k-218,2,True
gsm8k-218,3,True
gsm8k-218,4,True
gsm8k-218,5,True
gsm8k-218,6,True
gsm8k-219,0,True
gsm8k-219,1,True
gsm8k-219,2,True
gsm8k-219,3,True
gsm8k-219,4,True
gsm8k-220,0,True
gsm8k-220,1,True
gsm8k-220,2,True
gsm8k-220,3,True
gsm8k-221,0,True
gsm8k-221,1,True
gsm8k-221,2,True
gsm8k-221,3,True
gsm8k-222,0,True
gsm8k-222,1,True
gsm8k-222,2,True
gsm8k-222,3,Autoformalisation failure
gsm8k-222,4,True
gsm8k-223,0,True
gsm8k-223,1,True
gsm8k-223,2,True
gsm8k-223,3,True
gsm8k-224,0,True
gsm8k-224,1,Autoformalisation failure
gsm8k-224,2,True
gsm8k-224,3,True
gsm8k-224,4,True
gsm8k-224,5,True
gsm8k-225,0,True
gsm8k-225,1,True
gsm8k-225,2,True
gsm8k-225,3,True
gsm8k-225,4,True
gsm8k-225,5,True
gsm8k-226,0,True
gsm8k-226,1,False
gsm8k-226,2,True
gsm8k-226,3,True
gsm8k-226,4,True
gsm8k-226,5,True
gsm8k-227,0,True
gsm8k-227,1,True
gsm8k-227,2,True
gsm8k-227,3,True
gsm8k-227,4,Autoformalisation failure
gsm8k-227,5,True
gsm8k-227,6,True
gsm8k-227,7,Autoformalisation failure
gsm8k-228,0,True
gsm8k-228,1,True
gsm8k-228,2,True
gsm8k-228,3,True
gsm8k-228,4,True
gsm8k-228,5,True
gsm8k-228,6,True
gsm8k-229,0,True
gsm8k-229,1,True
gsm8k-229,2,True
gsm8k-229,3,True
gsm8k-229,4,True
gsm8k-229,5,True
gsm8k-230,0,Prover failure
gsm8k-230,1,True
gsm8k-230,2,True
gsm8k-230,3,Autoformalisation failure
gsm8k-230,4,True
gsm8k-230,5,True
gsm8k-230,6,True
gsm8k-231,0,True
gsm8k-231,1,True
gsm8k-231,2,True
gsm8k-231,3,True
gsm8k-231,4,True
gsm8k-232,0,True
gsm8k-232,1,True
gsm8k-232,2,True
gsm8k-232,3,True
gsm8k-232,4,True
gsm8k-232,5,True
gsm8k-233,0,True
gsm8k-233,1,True
gsm8k-233,2,True
gsm8k-233,3,Autoformalisation failure
gsm8k-233,4,True
gsm8k-233,5,True
gsm8k-234,0,True
gsm8k-234,1,True
gsm8k-234,2,True
gsm8k-234,3,True
gsm8k-235,0,True
gsm8k-235,1,True
gsm8k-235,2,True
gsm8k-235,3,True
gsm8k-235,4,True
gsm8k-235,5,True
gsm8k-236,0,True
gsm8k-236,1,True
gsm8k-236,2,True
gsm8k-236,3,True
gsm8k-237,0,True
gsm8k-237,1,True
gsm8k-237,2,True
gsm8k-238,0,True
gsm8k-238,1,True
gsm8k-238,2,True
gsm8k-238,3,True
gsm8k-239,0,True
gsm8k-239,1,True
gsm8k-239,2,True
gsm8k-239,3,True
gsm8k-239,4,True
gsm8k-239,5,True
gsm8k-240,0,True
gsm8k-240,1,True
gsm8k-240,2,True
gsm8k-240,3,True
gsm8k-241,0,True
gsm8k-241,1,True
gsm8k-241,2,True
gsm8k-241,3,True
gsm8k-241,4,True
gsm8k-242,0,True
gsm8k-242,1,True
gsm8k-242,2,True
gsm8k-242,3,True
gsm8k-243,0,True
gsm8k-243,1,True
gsm8k-243,2,True
gsm8k-243,3,True
gsm8k-243,4,True
gsm8k-243,5,True
gsm8k-243,6,True
gsm8k-244,0,True
gsm8k-244,1,True
gsm8k-244,2,True
gsm8k-244,3,True
gsm8k-244,4,True
gsm8k-244,5,True
gsm8k-244,6,True
gsm8k-244,7,True
gsm8k-245,0,True
gsm8k-245,1,True
gsm8k-245,2,True
gsm8k-245,3,True
gsm8k-245,4,True
gsm8k-245,5,True
gsm8k-246,0,True
gsm8k-246,1,True
gsm8k-246,2,True
gsm8k-246,3,True
gsm8k-246,4,True
gsm8k-247,0,True
gsm8k-247,1,True
gsm8k-247,2,True
gsm8k-247,3,True
gsm8k-247,4,True
gsm8k-248,0,True
gsm8k-248,1,True
gsm8k-248,2,True
gsm8k-248,3,True
gsm8k-249,0,True
gsm8k-249,1,True
gsm8k-249,2,True
gsm8k-249,3,True
gsm8k-250,0,True
gsm8k-250,1,True
gsm8k-250,2,True
gsm8k-250,3,True
gsm8k-250,4,True
gsm8k-251,0,True
gsm8k-251,1,True
gsm8k-251,2,True
gsm8k-251,3,True
gsm8k-251,4,True
gsm8k-252,0,True
gsm8k-252,1,True
gsm8k-252,2,True
gsm8k-252,3,True
gsm8k-252,4,True
gsm8k-252,5,True
gsm8k-252,6,True
gsm8k-253,0,True
gsm8k-253,1,True
gsm8k-253,2,True
gsm8k-253,3,True
gsm8k-253,4,True
gsm8k-253,5,True
gsm8k-254,0,True
gsm8k-254,1,True
gsm8k-254,2,True
gsm8k-254,3,True
gsm8k-254,4,True
gsm8k-254,5,True
gsm8k-255,0,True
gsm8k-255,1,True
gsm8k-255,2,True
gsm8k-255,3,True
gsm8k-255,4,True
gsm8k-255,5,True
gsm8k-255,6,True
gsm8k-255,7,True
gsm8k-256,0,True
gsm8k-256,1,True
gsm8k-256,2,True
gsm8k-257,0,True
gsm8k-257,1,True
gsm8k-257,2,True
gsm8k-257,3,True
gsm8k-258,0,True
gsm8k-258,1,True
gsm8k-258,2,True
gsm8k-259,0,True
gsm8k-259,1,Autoformalisation failure
gsm8k-259,2,True
gsm8k-259,3,True
gsm8k-260,0,Autoformalisation failure
gsm8k-260,1,True
gsm8k-260,2,True
gsm8k-260,3,True
gsm8k-260,4,True
gsm8k-260,5,True
gsm8k-261,0,True
gsm8k-261,1,True
gsm8k-261,2,True
gsm8k-261,3,Autoformalisation failure
gsm8k-262,0,True
gsm8k-262,1,True
gsm8k-262,2,True
gsm8k-262,3,True
gsm8k-263,0,True
gsm8k-263,1,True
gsm8k-263,2,True
gsm8k-263,3,True
gsm8k-263,4,True
gsm8k-263,5,True
gsm8k-264,0,True
gsm8k-264,1,True
gsm8k-264,2,True
gsm8k-264,3,True
gsm8k-265,0,True
gsm8k-265,1,True
gsm8k-265,2,True
gsm8k-265,3,True
gsm8k-266,0,True
gsm8k-266,1,True
gsm8k-266,2,True
gsm8k-266,3,True
gsm8k-267,0,True
gsm8k-267,1,True
gsm8k-267,2,True
gsm8k-267,3,True
gsm8k-268,0,True
gsm8k-268,1,True
gsm8k-268,2,True
gsm8k-268,3,True
gsm8k-268,4,Autoformalisation failure
gsm8k-269,0,True
gsm8k-269,1,True
gsm8k-269,2,True
gsm8k-269,3,True
gsm8k-269,4,True
gsm8k-270,0,True
gsm8k-270,1,True
gsm8k-270,2,True
gsm8k-270,3,True
gsm8k-271,0,True
gsm8k-271,1,True
gsm8k-271,2,True
gsm8k-271,3,True
gsm8k-271,4,True
gsm8k-271,5,True
gsm8k-272,0,True
gsm8k-272,1,True
gsm8k-272,2,True
gsm8k-272,3,True
gsm8k-273,0,True
gsm8k-273,1,True
gsm8k-273,2,True
gsm8k-274,0,True
gsm8k-274,1,True
gsm8k-274,2,True
gsm8k-274,3,True
gsm8k-275,0,True
gsm8k-275,1,True
gsm8k-275,2,True
gsm8k-275,3,True
gsm8k-276,0,True
gsm8k-276,1,Autoformalisation failure
gsm8k-276,2,True
gsm8k-276,3,True
gsm8k-277,0,True
gsm8k-277,1,True
gsm8k-277,2,True
gsm8k-277,3,True
gsm8k-277,4,True
gsm8k-278,0,True
gsm8k-278,1,True
gsm8k-278,2,True
gsm8k-278,3,True
gsm8k-279,0,True
gsm8k-279,1,True
gsm8k-279,2,True
gsm8k-279,3,True
gsm8k-280,0,True
gsm8k-280,1,True
gsm8k-280,2,True
gsm8k-280,3,True
gsm8k-280,4,True
gsm8k-280,5,True
gsm8k-281,0,True
gsm8k-281,1,True
gsm8k-281,2,True
gsm8k-281,3,True
gsm8k-281,4,True
gsm8k-281,5,True
gsm8k-282,0,True
gsm8k-282,1,True
gsm8k-282,2,True
gsm8k-283,0,True
gsm8k-283,1,True
gsm8k-283,2,True
gsm8k-283,3,True
gsm8k-284,0,Prover failure
gsm8k-284,1,True
gsm8k-284,2,True
gsm8k-284,3,True
gsm8k-284,4,True
gsm8k-285,0,True
gsm8k-285,1,True
gsm8k-285,2,True
gsm8k-285,3,True
gsm8k-286,0,True
gsm8k-286,1,True
gsm8k-286,2,True
gsm8k-286,3,True
gsm8k-286,4,True
gsm8k-287,0,True
gsm8k-287,1,True
gsm8k-287,2,True
gsm8k-287,3,True
gsm8k-287,4,True
gsm8k-287,5,True
gsm8k-288,0,True
gsm8k-288,1,True
gsm8k-288,2,True
gsm8k-288,3,True
gsm8k-288,4,True
gsm8k-289,0,True
gsm8k-289,1,True
gsm8k-289,2,True
gsm8k-289,3,True
gsm8k-289,4,True
gsm8k-289,5,True
gsm8k-289,6,True
gsm8k-289,7,True
gsm8k-290,0,True
gsm8k-290,1,Autoformalisation failure
gsm8k-291,0,True
gsm8k-291,1,True
gsm8k-291,2,True
gsm8k-291,3,True
gsm8k-292,0,True
gsm8k-292,1,True
gsm8k-292,2,True
gsm8k-292,3,True
gsm8k-293,0,True
gsm8k-293,1,True
gsm8k-293,2,True
gsm8k-293,3,True
gsm8k-294,0,Autoformalisation failure
gsm8k-294,1,Autoformalisation failure
gsm8k-294,2,True
gsm8k-294,3,True
gsm8k-295,0,True
gsm8k-295,1,True
gsm8k-295,2,True
gsm8k-295,3,True
gsm8k-296,0,True
gsm8k-296,1,Autoformalisation failure
gsm8k-296,2,True
gsm8k-296,3,Autoformalisation failure
gsm8k-296,4,Autoformalisation failure
gsm8k-297,0,True
gsm8k-297,1,True
gsm8k-297,2,True
gsm8k-298,0,True
gsm8k-298,1,True
gsm8k-299,0,True
gsm8k-299,1,True
gsm8k-299,2,True
gsm8k-299,3,True
gsm8k-299,4,True
gsm8k-299,5,True
gsm8k-299,6,True
gsm8k-300,0,True
gsm8k-300,1,True
gsm8k-300,2,Autoformalisation failure
gsm8k-301,0,True
gsm8k-301,1,True
gsm8k-301,2,True
gsm8k-301,3,True
gsm8k-301,4,True
gsm8k-301,5,True
gsm8k-302,0,True
gsm8k-302,1,True
gsm8k-302,2,True
gsm8k-302,3,True
gsm8k-303,0,True
gsm8k-303,1,True
gsm8k-303,2,True
gsm8k-303,3,True
gsm8k-303,4,True
gsm8k-304,0,True
gsm8k-304,1,True
gsm8k-304,2,True
gsm8k-304,3,Prover failure
gsm8k-304,4,True
gsm8k-305,0,True
gsm8k-305,1,True
gsm8k-305,2,True
gsm8k-305,3,True
gsm8k-305,4,True
gsm8k-306,0,True
gsm8k-306,1,True
gsm8k-306,2,True
gsm8k-306,3,Autoformalisation failure
gsm8k-307,0,True
gsm8k-307,1,True
gsm8k-307,2,True
gsm8k-307,3,True
gsm8k-308,0,Autoformalisation failure
gsm8k-308,1,True
gsm8k-308,2,True
gsm8k-308,3,True
gsm8k-308,4,True
gsm8k-308,5,True
gsm8k-308,6,False
gsm8k-308,7,True
gsm8k-308,8,True
gsm8k-309,0,True
gsm8k-309,1,True
gsm8k-309,2,True
gsm8k-309,3,True
gsm8k-309,4,True
gsm8k-309,5,True
gsm8k-310,0,True
gsm8k-310,1,True
gsm8k-310,2,True
gsm8k-310,3,True
gsm8k-310,4,True
gsm8k-310,5,True
gsm8k-311,0,True
gsm8k-311,1,True
gsm8k-311,2,True
gsm8k-311,3,True
gsm8k-311,4,True
gsm8k-312,0,False
gsm8k-312,1,True
gsm8k-312,2,Autoformalisation failure
gsm8k-313,0,True
gsm8k-313,1,True
gsm8k-313,2,True
gsm8k-313,3,True
gsm8k-313,4,True
gsm8k-313,5,True
gsm8k-314,0,True
gsm8k-314,1,True
gsm8k-314,2,True
gsm8k-314,3,True
gsm8k-314,4,True
gsm8k-314,5,True
gsm8k-315,0,True
gsm8k-315,1,True
gsm8k-315,2,True
gsm8k-316,0,True
gsm8k-316,1,True
gsm8k-316,2,True
gsm8k-316,3,True
gsm8k-317,0,True
gsm8k-317,1,True
gsm8k-317,2,Autoformalisation failure
gsm8k-317,3,Autoformalisation failure
gsm8k-318,0,True
gsm8k-318,1,True
gsm8k-318,2,True
gsm8k-318,3,True
gsm8k-318,4,True
gsm8k-318,5,True
gsm8k-319,0,True
gsm8k-319,1,True
gsm8k-319,2,True
gsm8k-319,3,True
gsm8k-320,0,True
gsm8k-320,1,True
gsm8k-320,2,True
gsm8k-320,3,True
gsm8k-320,4,True
gsm8k-321,0,True
gsm8k-321,1,True
gsm8k-321,2,True
gsm8k-321,3,True
gsm8k-322,0,True
gsm8k-322,1,True
gsm8k-322,2,True
gsm8k-322,3,True
gsm8k-323,0,True
gsm8k-323,1,True
gsm8k-323,2,True
gsm8k-323,3,True
gsm8k-323,4,True
gsm8k-324,0,True
gsm8k-324,1,True
gsm8k-324,2,False
gsm8k-324,3,Autoformalisation failure
gsm8k-324,4,True
gsm8k-324,5,True
gsm8k-324,6,True
gsm8k-324,7,True
gsm8k-324,8,True
gsm8k-324,9,True
gsm8k-325,0,True
gsm8k-325,1,True
gsm8k-325,2,True
gsm8k-325,3,True
gsm8k-325,4,True
gsm8k-326,0,True
gsm8k-326,1,True
gsm8k-326,2,True
gsm8k-327,0,True
gsm8k-327,1,True
gsm8k-327,2,True
gsm8k-327,3,True
gsm8k-327,4,True
gsm8k-327,5,True
gsm8k-328,0,True
gsm8k-328,1,True
gsm8k-328,2,True
gsm8k-328,3,True
gsm8k-328,4,True
gsm8k-328,5,True
gsm8k-329,0,True
gsm8k-329,1,True
gsm8k-329,2,True
gsm8k-329,3,True
gsm8k-329,4,True
gsm8k-330,0,True
gsm8k-330,1,True
gsm8k-330,2,True
gsm8k-330,3,True
gsm8k-330,4,True
gsm8k-331,0,Autoformalisation failure
gsm8k-331,1,True
gsm8k-331,2,True
gsm8k-331,3,True
gsm8k-331,4,True
gsm8k-332,0,True
gsm8k-332,1,True
gsm8k-332,2,True
gsm8k-332,3,True
gsm8k-332,4,True
gsm8k-333,0,True
gsm8k-333,1,True
gsm8k-333,2,True
gsm8k-333,3,True
gsm8k-333,4,True
gsm8k-334,0,True
gsm8k-334,1,True
gsm8k-334,2,True
gsm8k-334,3,True
gsm8k-335,0,True
gsm8k-335,1,True
gsm8k-335,2,True
gsm8k-335,3,True
gsm8k-336,0,True
gsm8k-336,1,Autoformalisation failure
gsm8k-336,2,True
gsm8k-336,3,True
gsm8k-336,4,True
gsm8k-337,0,True
gsm8k-337,1,True
gsm8k-337,2,True
gsm8k-337,3,True
gsm8k-338,0,True
gsm8k-338,1,True
gsm8k-338,2,True
gsm8k-338,3,True
gsm8k-338,4,True
gsm8k-338,5,True
gsm8k-338,6,True
gsm8k-338,7,True
gsm8k-339,0,True
gsm8k-339,1,Autoformalisation failure
gsm8k-339,2,True
gsm8k-339,3,True
gsm8k-339,4,True
gsm8k-339,5,True
gsm8k-339,6,True
gsm8k-340,0,True
gsm8k-340,1,True
gsm8k-340,2,True
gsm8k-341,0,True
gsm8k-341,1,Autoformalisation failure
gsm8k-341,2,Autoformalisation failure
gsm8k-341,3,Autoformalisation failure
gsm8k-341,4,Autoformalisation failure
gsm8k-341,5,Autoformalisation failure
gsm8k-341,6,Autoformalisation failure
gsm8k-341,7,True
gsm8k-341,8,Autoformalisation failure
gsm8k-341,9,Autoformalisation failure
gsm8k-342,0,Autoformalisation failure
gsm8k-342,1,True
gsm8k-342,2,True
gsm8k-342,3,True
gsm8k-343,0,True
gsm8k-343,1,True
gsm8k-343,2,True
gsm8k-343,3,True
gsm8k-344,0,True
gsm8k-344,1,True
gsm8k-344,2,True
gsm8k-344,3,True
gsm8k-344,4,True
gsm8k-345,0,True
gsm8k-345,1,True
gsm8k-345,2,True
gsm8k-345,3,True
gsm8k-345,4,True
gsm8k-345,5,True
gsm8k-346,0,True
gsm8k-346,1,True
gsm8k-346,2,True
gsm8k-346,3,True
gsm8k-346,4,True
gsm8k-347,0,True
gsm8k-347,1,True
gsm8k-347,2,True
gsm8k-347,3,True
gsm8k-347,4,True
gsm8k-347,5,True
gsm8k-347,6,True
gsm8k-347,7,True
gsm8k-348,0,True
gsm8k-348,1,True
gsm8k-348,2,True
gsm8k-348,3,True
gsm8k-348,4,True
gsm8k-349,0,True
gsm8k-349,1,True
gsm8k-349,2,True
gsm8k-349,3,True
gsm8k-350,0,False
gsm8k-350,1,True
gsm8k-350,2,True
gsm8k-350,3,True
gsm8k-350,4,True
gsm8k-350,5,True
gsm8k-351,0,True
gsm8k-351,1,True
gsm8k-351,2,True
gsm8k-351,3,True
gsm8k-351,4,True
gsm8k-352,0,True
gsm8k-352,1,True
gsm8k-352,2,True
gsm8k-352,3,True
gsm8k-352,4,True
gsm8k-352,5,True
gsm8k-353,0,True
gsm8k-353,1,True
gsm8k-353,2,True
gsm8k-353,3,True
gsm8k-353,4,True
gsm8k-354,0,True
gsm8k-354,1,True
gsm8k-354,2,True
gsm8k-354,3,True
gsm8k-354,4,True
gsm8k-354,5,True
gsm8k-354,6,True
gsm8k-355,0,Prover failure
gsm8k-355,1,True
gsm8k-355,2,True
gsm8k-355,3,True
gsm8k-355,4,True
gsm8k-355,5,True
gsm8k-356,0,True
gsm8k-356,1,True
gsm8k-356,2,True
gsm8k-356,3,True
gsm8k-356,4,True
gsm8k-357,0,True
gsm8k-357,1,True
gsm8k-357,2,Autoformalisation failure
gsm8k-357,3,True
gsm8k-358,0,True
gsm8k-358,1,True
gsm8k-358,2,True
gsm8k-358,3,True
gsm8k-358,4,True
gsm8k-359,0,True
gsm8k-359,1,True
gsm8k-359,2,True
gsm8k-359,3,True
gsm8k-360,0,True
gsm8k-360,1,Autoformalisation failure
gsm8k-360,2,Autoformalisation failure
gsm8k-360,3,True
gsm8k-360,4,True
gsm8k-360,5,True
gsm8k-361,0,True
gsm8k-361,1,True
gsm8k-361,2,True
gsm8k-361,3,True
gsm8k-361,4,True
gsm8k-361,5,True
gsm8k-362,0,True
gsm8k-362,1,True
gsm8k-362,2,True
gsm8k-362,3,True
gsm8k-362,4,True
gsm8k-362,5,True
gsm8k-362,6,True
gsm8k-363,0,True
gsm8k-363,1,True
gsm8k-363,2,True
gsm8k-364,0,True
gsm8k-364,1,True
gsm8k-364,2,True
gsm8k-364,3,True
gsm8k-365,0,True
gsm8k-365,1,True
gsm8k-365,2,True
gsm8k-365,3,True
gsm8k-365,4,True
gsm8k-365,5,True
gsm8k-366,0,True
gsm8k-366,1,True
gsm8k-366,2,True
gsm8k-367,0,True
gsm8k-367,1,True
gsm8k-367,2,True
gsm8k-367,3,True
gsm8k-367,4,True
gsm8k-367,5,True
gsm8k-368,0,True
gsm8k-368,1,True
gsm8k-368,2,True
gsm8k-368,3,True
gsm8k-369,0,True
gsm8k-369,1,True
gsm8k-369,2,True
gsm8k-370,0,True
gsm8k-370,1,True
gsm8k-370,2,True
gsm8k-370,3,True
gsm8k-371,0,True
gsm8k-371,1,True
gsm8k-371,2,True
gsm8k-371,3,True
gsm8k-371,4,True
gsm8k-371,5,True
gsm8k-372,0,Autoformalisation failure
gsm8k-372,1,Autoformalisation failure
gsm8k-372,2,True
gsm8k-373,0,True
gsm8k-373,1,Prover failure
gsm8k-373,2,True
gsm8k-373,3,True
gsm8k-373,4,True
gsm8k-374,0,True
gsm8k-374,1,True
gsm8k-374,2,True
gsm8k-374,3,True
gsm8k-374,4,True
gsm8k-375,0,True
gsm8k-375,1,True
gsm8k-375,2,True
gsm8k-375,3,True
gsm8k-375,4,True
gsm8k-376,0,Autoformalisation failure
gsm8k-376,1,True
gsm8k-376,2,True
gsm8k-376,3,True
gsm8k-376,4,True
gsm8k-376,5,True
gsm8k-377,0,True
gsm8k-377,1,True
gsm8k-377,2,True
gsm8k-377,3,True
gsm8k-377,4,True
gsm8k-377,5,True
gsm8k-378,0,True
gsm8k-378,1,True
gsm8k-378,2,True
gsm8k-378,3,True
gsm8k-378,4,True
gsm8k-378,5,True
gsm8k-378,6,True
gsm8k-379,0,True
gsm8k-379,1,True
gsm8k-379,2,True
gsm8k-379,3,True
gsm8k-379,4,True
gsm8k-380,0,True
gsm8k-380,1,True
gsm8k-380,2,True
gsm8k-380,3,True
gsm8k-380,4,True
gsm8k-381,0,True
gsm8k-381,1,True
gsm8k-381,2,True
gsm8k-381,3,True
gsm8k-382,0,True
gsm8k-382,1,True
gsm8k-382,2,True
gsm8k-382,3,True
gsm8k-383,0,Autoformalisation failure
gsm8k-383,1,True
gsm8k-383,2,True
gsm8k-383,3,True
gsm8k-384,0,True
gsm8k-384,1,True
gsm8k-384,2,True
gsm8k-384,3,True
gsm8k-385,0,True
gsm8k-385,1,True
gsm8k-386,0,True
gsm8k-386,1,True
gsm8k-386,2,True
gsm8k-386,3,True
gsm8k-386,4,True
gsm8k-387,0,True
gsm8k-387,1,True
gsm8k-387,2,True
gsm8k-387,3,True
gsm8k-387,4,True
gsm8k-388,0,True
gsm8k-388,1,True
gsm8k-388,2,True
gsm8k-388,3,True
gsm8k-389,0,True
gsm8k-389,1,True
gsm8k-389,2,True
gsm8k-389,3,True
gsm8k-390,0,True
gsm8k-390,1,True
gsm8k-390,2,True
gsm8k-390,3,True
gsm8k-390,4,True
gsm8k-390,5,True
gsm8k-390,6,True
gsm8k-391,0,True
gsm8k-391,1,True
gsm8k-391,2,True
gsm8k-391,3,True
gsm8k-392,0,Autoformalisation failure
gsm8k-392,1,Autoformalisation failure
gsm8k-392,2,True
gsm8k-392,3,True
gsm8k-392,4,True
gsm8k-393,0,True
gsm8k-393,1,True
gsm8k-393,2,False
gsm8k-393,3,True
gsm8k-394,0,True
gsm8k-394,1,True
gsm8k-394,2,True
gsm8k-394,3,True
gsm8k-395,0,True
gsm8k-395,1,True
gsm8k-395,2,True
gsm8k-395,3,True
gsm8k-396,0,True
gsm8k-396,1,True
gsm8k-396,2,True
gsm8k-396,3,True
gsm8k-396,4,True
gsm8k-397,0,Prover failure
gsm8k-397,1,Autoformalisation failure
gsm8k-397,2,Autoformalisation failure
gsm8k-397,3,True
gsm8k-397,4,False
gsm8k-397,5,False
gsm8k-397,6,True
gsm8k-397,7,True
gsm8k-397,8,Autoformalisation failure
gsm8k-398,0,True
gsm8k-398,1,True
gsm8k-398,2,True
gsm8k-398,3,True
gsm8k-399,0,False
gsm8k-399,1,True
gsm8k-399,2,True
gsm8k-399,3,True
gsm8k-399,4,Autoformalisation failure
gsm8k-399,5,True
math-0,0,False
math-0,1,False
math-1,0,Autoformalisation failure
math-1,1,Autoformalisation failure
math-1,2,Autoformalisation failure
math-1,3,Autoformalisation failure
math-1,4,Autoformalisation failure
math-1,5,Autoformalisation failure
math-1,6,Autoformalisation failure
math-1,7,Autoformalisation failure
math-1,8,Prover failure
math-1,9,False
math-1,10,Autoformalisation failure
math-1,11,True
math-1,12,False
math-1,13,False
math-1,14,True
math-1,15,False
math-1,16,Autoformalisation failure
math-2,0,Autoformalisation failure
math-2,1,Autoformalisation failure
math-2,2,Autoformalisation failure
math-2,3,Autoformalisation failure
math-2,4,Autoformalisation failure
math-3,0,Autoformalisation failure
math-3,1,False
math-3,2,False
math-3,3,False
math-4,0,Autoformalisation failure
math-4,1,Autoformalisation failure
math-4,2,False
math-4,3,Autoformalisation failure
math-5,0,Autoformalisation failure
math-5,1,Autoformalisation failure
math-5,2,Autoformalisation failure
math-5,3,Autoformalisation failure
math-5,4,Autoformalisation failure
math-5,5,Autoformalisation failure
math-6,0,Autoformalisation failure
math-6,1,Autoformalisation failure
math-6,2,Autoformalisation failure
math-6,3,Autoformalisation failure
math-6,4,True
math-6,5,False
math-6,6,False
math-6,7,Autoformalisation failure
math-7,0,Autoformalisation failure
math-7,1,True
math-7,2,False
math-7,3,True
math-7,4,True
math-7,5,True
math-7,6,False
math-8,0,True
math-8,1,True
math-8,2,False
math-8,3,Prover failure
math-9,0,True
math-9,1,Autoformalisation failure
math-9,2,Autoformalisation failure
math-9,3,Autoformalisation failure
math-9,4,Autoformalisation failure
math-9,5,Autoformalisation failure
math-9,6,Autoformalisation failure
math-9,7,Autoformalisation failure
math-9,8,True
math-9,9,Autoformalisation failure
math-9,10,Autoformalisation failure
math-10,0,True
math-10,1,Autoformalisation failure
math-10,2,Autoformalisation failure
math-10,3,Autoformalisation failure
math-10,4,Autoformalisation failure
math-10,5,True
math-10,6,Autoformalisation failure
math-10,7,Autoformalisation failure
math-10,8,Autoformalisation failure
math-10,9,Autoformalisation failure
math-11,0,True
math-11,1,False
math-11,2,False
math-11,3,False
math-12,0,Prover failure
math-12,1,Prover failure
math-12,2,False
math-12,3,False
math-13,0,Autoformalisation failure
math-13,1,Autoformalisation failure
math-13,2,Autoformalisation failure
math-13,3,Autoformalisation failure
math-13,4,Autoformalisation failure
math-14,0,False
math-14,1,True
math-14,2,Autoformalisation failure
math-14,3,Autoformalisation failure
math-15,0,Autoformalisation failure
math-15,1,Autoformalisation failure
math-15,2,Autoformalisation failure
math-15,3,Autoformalisation failure
math-16,0,Autoformalisation failure
math-16,1,Autoformalisation failure
math-16,2,Autoformalisation failure
math-16,3,Autoformalisation failure
math-16,4,Autoformalisation failure
math-16,5,Autoformalisation failure
math-16,6,Autoformalisation failure
math-16,7,Autoformalisation failure
math-17,0,True
math-17,1,Autoformalisation failure
math-17,2,True
math-17,3,True
math-17,4,True
math-18,0,Autoformalisation failure
math-18,1,Autoformalisation failure
math-18,2,Autoformalisation failure
math-19,0,Autoformalisation failure
math-19,1,Autoformalisation failure
math-19,2,False
math-19,3,Autoformalisation failure
math-20,0,Autoformalisation failure
math-20,1,Autoformalisation failure
math-20,2,True
math-20,3,True
math-20,4,True
math-20,5,True
math-20,6,False
math-20,7,Autoformalisation failure
math-20,8,False
math-20,9,Autoformalisation failure
math-21,0,Autoformalisation failure
math-21,1,Autoformalisation failure
math-21,2,Autoformalisation failure
math-21,3,Prover failure
math-21,4,Autoformalisation failure
math-22,0,False
math-22,1,False
math-22,2,Autoformalisation failure
math-22,3,Autoformalisation failure
math-22,4,Autoformalisation failure
math-23,0,True
math-23,1,True
math-23,2,False
math-23,3,False
math-23,4,False
math-23,5,True
math-23,6,True
math-23,7,True
math-24,0,Autoformalisation failure
math-24,1,Autoformalisation failure
math-24,2,Autoformalisation failure
math-24,3,Autoformalisation failure
math-24,4,Autoformalisation failure
math-24,5,Autoformalisation failure
math-24,6,Autoformalisation failure
math-24,7,True
math-24,8,True
math-24,9,False
math-24,10,True
math-24,11,Autoformalisation failure
math-25,0,True
math-25,1,Prover failure
math-25,2,True
math-25,3,True
math-25,4,True
math-25,5,False
math-25,6,Autoformalisation failure
math-25,7,Autoformalisation failure
math-25,8,True
math-25,9,True
math-25,10,Prover failure
math-26,0,Autoformalisation failure
math-26,1,Autoformalisation failure
math-26,2,Autoformalisation failure
math-26,3,Autoformalisation failure
math-26,4,False
math-26,5,True
math-27,0,True
math-27,1,Autoformalisation failure
math-27,2,False
math-27,3,False
math-28,0,Autoformalisation failure
math-28,1,Autoformalisation failure
math-28,2,Autoformalisation failure
math-28,3,Autoformalisation failure
math-29,0,Autoformalisation failure
math-29,1,Autoformalisation failure
math-29,2,Autoformalisation failure
math-29,3,Autoformalisation failure
math-29,4,Autoformalisation failure
math-29,5,Autoformalisation failure
math-29,6,True
math-30,0,Autoformalisation failure
math-30,1,True
math-30,2,Autoformalisation failure
math-30,3,Autoformalisation failure
math-30,4,True
math-30,5,Autoformalisation failure
math-30,6,Autoformalisation failure
math-30,7,Autoformalisation failure
math-30,8,Autoformalisation failure
math-30,9,False
math-30,10,False
math-30,11,False
math-30,12,Autoformalisation failure
math-31,0,Autoformalisation failure
math-31,1,Autoformalisation failure
math-31,2,False
math-31,3,Autoformalisation failure
math-31,4,Prover failure
math-32,0,True
math-32,1,False
math-32,2,False
math-32,3,True
math-32,4,False
math-33,0,Autoformalisation failure
math-33,1,Autoformalisation failure
math-33,2,True
math-33,3,Autoformalisation failure
math-34,0,Autoformalisation failure
math-34,1,Autoformalisation failure
math-34,2,Autoformalisation failure
math-34,3,Autoformalisation failure
math-34,4,Autoformalisation failure
math-34,5,Autoformalisation failure
math-34,6,Autoformalisation failure
math-34,7,True
math-34,8,Autoformalisation failure
math-34,9,Autoformalisation failure
math-34,10,Autoformalisation failure
math-34,11,Autoformalisation failure
math-34,12,Autoformalisation failure
math-34,13,Autoformalisation failure
math-34,14,False
math-34,15,True
math-34,16,True
math-34,17,Autoformalisation failure
math-34,18,Autoformalisation failure
math-34,19,True
math-34,20,False
math-34,21,True
math-34,22,Autoformalisation failure
math-34,23,Autoformalisation failure
math-34,24,True
math-34,25,False
math-34,26,True
math-34,27,Autoformalisation failure
math-34,28,False
math-34,29,False
math-34,30,False
math-34,31,Autoformalisation failure
math-35,0,True
math-35,1,True
math-35,2,False
math-35,3,Autoformalisation failure
math-35,4,False
math-36,0,Autoformalisation failure
math-36,1,Autoformalisation failure
math-36,2,Autoformalisation failure
math-36,3,Prover failure
math-37,0,True
math-37,1,True
math-37,2,True
math-37,3,True
math-38,0,Autoformalisation failure
math-38,1,True
math-38,2,False
math-38,3,False
math-38,4,False
math-38,5,True
math-38,6,Autoformalisation failure
math-39,0,False
math-39,1,True
math-39,2,False
math-39,3,False
math-40,0,True
math-40,1,True
math-40,2,True
math-40,3,True
math-40,4,True
math-40,5,True
math-40,6,True
math-41,0,Prover failure
math-41,1,True
math-41,2,True
math-41,3,True
math-41,4,True
math-41,5,True
math-41,6,Autoformalisation failure
math-41,7,False
math-41,8,False
math-41,9,False
math-42,0,True
math-42,1,Autoformalisation failure
math-42,2,Autoformalisation failure
math-43,0,Autoformalisation failure
math-43,1,Autoformalisation failure
math-43,2,Autoformalisation failure
math-43,3,True
math-43,4,True
math-43,5,True
math-43,6,True
math-43,7,True
math-43,8,True
math-43,9,True
math-43,10,True
math-43,11,Autoformalisation failure
math-43,12,Autoformalisation failure
math-43,13,Autoformalisation failure
math-43,14,Autoformalisation failure
math-44,0,Autoformalisation failure
math-44,1,Autoformalisation failure
math-44,2,Autoformalisation failure
math-44,3,Autoformalisation failure
math-44,4,Autoformalisation failure
math-44,5,Autoformalisation failure
math-44,6,Autoformalisation failure
math-44,7,Autoformalisation failure
math-44,8,Autoformalisation failure
math-44,9,Autoformalisation failure
math-44,10,Autoformalisation failure
math-44,11,Autoformalisation failure
math-45,0,Autoformalisation failure
math-45,1,Autoformalisation failure
math-45,2,Autoformalisation failure
math-45,3,Autoformalisation failure
math-45,4,Autoformalisation failure
math-45,5,Autoformalisation failure
math-45,6,Autoformalisation failure
math-46,0,Autoformalisation failure
math-46,1,Autoformalisation failure
math-46,2,True
math-46,3,Autoformalisation failure
math-46,4,Autoformalisation failure
math-46,5,False
math-47,0,Autoformalisation failure
math-47,1,Autoformalisation failure
math-47,2,Autoformalisation failure
math-47,3,Autoformalisation failure
math-48,0,True
math-48,1,True
math-48,2,Autoformalisation failure
math-48,3,Autoformalisation failure
math-49,0,Autoformalisation failure
math-49,1,True
math-49,2,True
math-49,3,True
math-49,4,False
math-50,0,True
math-50,1,True
math-50,2,True
math-50,3,True
math-50,4,True
math-50,5,True
math-50,6,True
math-50,7,True
math-50,8,True
math-51,0,True
math-51,1,True
math-51,2,Autoformalisation failure
math-51,3,False
math-51,4,Prover failure
math-51,5,False
math-51,6,False
math-51,7,True
math-51,8,Autoformalisation failure
math-52,0,True
math-52,1,False
math-52,2,True
math-52,3,Autoformalisation failure
math-52,4,True
math-53,0,Autoformalisation failure
math-53,1,False
math-53,2,True
math-53,3,True
math-53,4,True
math-53,5,Autoformalisation failure
math-54,0,False
math-54,1,Autoformalisation failure
math-55,0,True
math-55,1,True
math-55,2,True
math-55,3,Autoformalisation failure
math-55,4,Autoformalisation failure
math-55,5,False
math-55,6,Autoformalisation failure
math-56,0,True
math-56,1,True
math-56,2,True
math-57,0,Autoformalisation failure
math-57,1,True
math-57,2,Autoformalisation failure
math-57,3,Autoformalisation failure
math-57,4,Autoformalisation failure
math-57,5,Autoformalisation failure
math-57,6,True
math-57,7,Autoformalisation failure
math-58,0,Autoformalisation failure
math-58,1,True
math-58,2,Autoformalisation failure
math-58,3,True
math-59,0,Autoformalisation failure
math-59,1,Autoformalisation failure
math-59,2,Autoformalisation failure
math-59,3,Autoformalisation failure
math-59,4,Autoformalisation failure
math-59,5,Autoformalisation failure
math-60,0,Autoformalisation failure
math-60,1,Prover failure
math-60,2,Autoformalisation failure
math-61,0,Autoformalisation failure
math-61,1,Autoformalisation failure
math-61,2,False
math-61,3,False
math-62,0,Autoformalisation failure
math-62,1,Autoformalisation failure
math-62,2,True
math-63,0,True
math-63,1,True
math-63,2,Autoformalisation failure
math-63,3,False
math-63,4,Autoformalisation failure
math-63,5,Autoformalisation failure
math-63,6,Autoformalisation failure
math-63,7,Autoformalisation failure
math-63,8,True
math-63,9,Autoformalisation failure
math-64,0,True
math-64,1,True
math-64,2,False
math-64,3,Autoformalisation failure
math-64,4,Autoformalisation failure
math-65,0,Autoformalisation failure
math-65,1,Autoformalisation failure
math-65,2,Autoformalisation failure
math-65,3,True
math-65,4,True
math-65,5,Autoformalisation failure
math-65,6,True
math-65,7,Autoformalisation failure
math-65,8,False
math-65,9,False
math-65,10,True
math-65,11,False
math-65,12,Autoformalisation failure
math-65,13,False
math-65,14,False
math-65,15,False
math-66,0,Autoformalisation failure
math-66,1,False
math-66,2,Autoformalisation failure
math-67,0,Autoformalisation failure
math-67,1,Autoformalisation failure
math-67,2,Autoformalisation failure
math-67,3,True
math-67,4,Autoformalisation failure
math-67,5,Autoformalisation failure
math-67,6,True
math-67,7,False
math-67,8,True
math-67,9,True
math-67,10,Autoformalisation failure
math-68,0,Autoformalisation failure
math-68,1,False
math-68,2,True
math-68,3,Prover failure
math-69,0,Autoformalisation failure
math-69,1,Autoformalisation failure
math-69,2,Autoformalisation failure
math-69,3,Autoformalisation failure
math-69,4,True
math-69,5,True
math-69,6,True
math-69,7,Autoformalisation failure
math-70,0,True
math-70,1,True
math-70,2,True
math-70,3,False
math-70,4,True
math-70,5,True
math-70,6,True
math-70,7,False
math-70,8,True
math-70,9,True
math-71,0,Autoformalisation failure
math-71,1,Autoformalisation failure
math-71,2,True
math-71,3,Autoformalisation failure
math-71,4,True
math-72,0,True
math-72,1,False
math-72,2,False
math-73,0,True
math-73,1,False
math-73,2,False
math-73,3,Autoformalisation failure
math-73,4,False
math-74,0,True
math-74,1,Prover failure
math-74,2,Autoformalisation failure
math-74,3,Prover failure
math-75,0,Autoformalisation failure
math-75,1,True
math-75,2,True
math-75,3,Autoformalisation failure
math-75,4,Autoformalisation failure
math-76,0,Autoformalisation failure
math-76,1,Autoformalisation failure
math-76,2,Autoformalisation failure
math-76,3,Autoformalisation failure
math-76,4,Autoformalisation failure
math-76,5,Prover failure
math-76,6,Autoformalisation failure
math-76,7,False
math-76,8,Autoformalisation failure
math-76,9,Autoformalisation failure
math-77,0,Autoformalisation failure
math-77,1,Autoformalisation failure
math-77,2,Autoformalisation failure
math-77,3,Autoformalisation failure
math-77,4,False
math-77,5,Autoformalisation failure
math-78,0,Autoformalisation failure
math-78,1,Autoformalisation failure
math-78,2,Autoformalisation failure
math-78,3,False
math-78,4,False
math-78,5,True
math-78,6,Autoformalisation failure
math-79,0,Autoformalisation failure
math-79,1,Autoformalisation failure
math-79,2,Autoformalisation failure
math-79,3,Autoformalisation failure
math-79,4,Autoformalisation failure
math-79,5,Autoformalisation failure
math-79,6,Autoformalisation failure
math-79,7,Autoformalisation failure
math-79,8,True
math-79,9,True
math-79,10,Autoformalisation failure
math-80,0,Autoformalisation failure
math-80,1,True
math-80,2,True
math-81,0,True
math-81,1,Autoformalisation failure
math-81,2,Autoformalisation failure
math-81,3,Autoformalisation failure
math-81,4,True
math-81,5,True
math-81,6,Autoformalisation failure
math-82,0,Prover failure
math-82,1,False
math-82,2,True
math-82,3,True
math-82,4,False
math-83,0,Prover failure
math-83,1,True
math-83,2,True
math-83,3,False
math-84,0,Autoformalisation failure
math-84,1,Autoformalisation failure
math-84,2,True
math-84,3,True
math-84,4,True
math-85,0,Autoformalisation failure
math-85,1,Autoformalisation failure
math-85,2,Autoformalisation failure
math-85,3,False
math-86,0,True
math-86,1,True
math-86,2,True
math-86,3,True
math-86,4,True
math-87,0,Autoformalisation failure
math-87,1,True
math-87,2,True
math-87,3,False
math-88,0,Prover failure
math-88,1,True
math-88,2,True
math-88,3,True
math-88,4,True
math-88,5,False
math-88,6,True
math-88,7,True
math-88,8,True
math-88,9,Prover failure
math-89,0,Autoformalisation failure
math-89,1,Autoformalisation failure
math-89,2,Autoformalisation failure
math-89,3,Autoformalisation failure
math-89,4,Autoformalisation failure
math-89,5,Autoformalisation failure
math-89,6,Autoformalisation failure
math-89,7,Autoformalisation failure
math-89,8,Autoformalisation failure
math-89,9,True
math-89,10,Autoformalisation failure
math-89,11,True
math-89,12,Autoformalisation failure
math-89,13,Autoformalisation failure
math-89,14,Autoformalisation failure
math-89,15,Autoformalisation failure
math-90,0,Autoformalisation failure
math-90,1,Autoformalisation failure
math-90,2,Autoformalisation failure
math-90,3,Autoformalisation failure
math-90,4,Autoformalisation failure
math-90,5,Autoformalisation failure
math-91,0,Autoformalisation failure
math-91,1,Autoformalisation failure
math-92,0,Autoformalisation failure
math-92,1,Autoformalisation failure
math-92,2,Autoformalisation failure
math-92,3,Autoformalisation failure
math-92,4,Autoformalisation failure
math-92,5,Autoformalisation failure
math-92,6,Autoformalisation failure
math-92,7,Autoformalisation failure
math-92,8,Autoformalisation failure
math-93,0,Autoformalisation failure
math-93,1,True
math-93,2,True
math-94,0,Autoformalisation failure
math-94,1,True
math-94,2,True
math-94,3,Autoformalisation failure
math-94,4,Autoformalisation failure
math-94,5,True
math-94,6,Autoformalisation failure
math-94,7,Autoformalisation failure
math-94,8,Autoformalisation failure
math-94,9,Autoformalisation failure
math-94,10,Autoformalisation failure
math-94,11,Autoformalisation failure
math-95,0,True
math-95,1,Autoformalisation failure
math-95,2,True
math-95,3,False
math-95,4,Autoformalisation failure
math-95,5,True
math-95,6,True
math-96,0,True
math-96,1,True
math-96,2,True
math-96,3,True
math-96,4,True
math-96,5,True
math-97,0,Autoformalisation failure
math-97,1,False
math-97,2,False
math-97,3,Autoformalisation failure
math-97,4,True
math-97,5,Autoformalisation failure
math-97,6,Autoformalisation failure
math-97,7,True
math-97,8,Autoformalisation failure
math-97,9,Autoformalisation failure
math-97,10,Autoformalisation failure
math-97,11,Autoformalisation failure
math-97,12,False
math-97,13,Autoformalisation failure
math-97,14,Autoformalisation failure
math-97,15,Autoformalisation failure
math-97,16,Autoformalisation failure
math-97,17,Autoformalisation failure
math-97,18,Autoformalisation failure
math-97,19,Autoformalisation failure
math-97,20,Autoformalisation failure
math-97,21,Autoformalisation failure
math-97,22,Autoformalisation failure
math-98,0,False
math-98,1,False
math-98,2,Autoformalisation failure
math-99,0,Autoformalisation failure
math-99,1,Autoformalisation failure
math-99,2,Autoformalisation failure
math-99,3,Autoformalisation failure
math-99,4,Autoformalisation failure
math-99,5,Autoformalisation failure
math-99,6,Autoformalisation failure
math-99,7,Autoformalisation failure
math-99,8,Autoformalisation failure
math-100,0,Autoformalisation failure
math-100,1,Autoformalisation failure
math-100,2,False
math-100,3,Autoformalisation failure
math-101,0,Autoformalisation failure
math-101,1,Autoformalisation failure
math-101,2,False
math-101,3,False
math-101,4,False
math-102,0,True
math-102,1,Autoformalisation failure
math-102,2,True
math-102,3,Autoformalisation failure
math-102,4,Autoformalisation failure
math-102,5,True
math-102,6,True
math-102,7,True
math-102,8,True
math-102,9,True
math-102,10,True
math-102,11,Autoformalisation failure
math-102,12,Autoformalisation failure
math-103,0,True
math-103,1,Autoformalisation failure
math-103,2,Autoformalisation failure
math-103,3,True
math-103,4,Autoformalisation failure
math-103,5,Autoformalisation failure
math-103,6,Autoformalisation failure
math-103,7,Autoformalisation failure
math-103,8,True
math-103,9,False
math-104,0,True
math-104,1,True
math-104,2,True
math-104,3,True
math-104,4,True
math-105,0,Autoformalisation failure
math-105,1,Autoformalisation failure
math-105,2,Autoformalisation failure
math-105,3,Autoformalisation failure
math-105,4,Autoformalisation failure
math-105,5,Autoformalisation failure
math-105,6,Autoformalisation failure
math-105,7,Autoformalisation failure
math-105,8,Autoformalisation failure
math-105,9,Autoformalisation failure
math-106,0,Autoformalisation failure
math-106,1,Autoformalisation failure
math-106,2,Autoformalisation failure
math-106,3,Autoformalisation failure
math-106,4,Autoformalisation failure
math-106,5,Autoformalisation failure
math-106,6,Autoformalisation failure
math-106,7,Autoformalisation failure
math-106,8,Autoformalisation failure
math-106,9,Autoformalisation failure
math-106,10,Autoformalisation failure
math-106,11,Autoformalisation failure
math-106,12,Autoformalisation failure
math-106,13,Autoformalisation failure
math-106,14,False
math-107,0,Autoformalisation failure
math-107,1,True
math-107,2,False
math-107,3,Prover failure
math-107,4,False
math-107,5,True
math-107,6,True
math-107,7,True
math-107,8,Autoformalisation failure
math-108,0,Autoformalisation failure
math-108,1,Autoformalisation failure
math-108,2,Autoformalisation failure
math-108,3,Autoformalisation failure
math-108,4,Autoformalisation failure
math-109,0,Autoformalisation failure
math-109,1,True
math-109,2,Autoformalisation failure
math-109,3,Autoformalisation failure
math-109,4,True
math-109,5,False
math-109,6,False
math-109,7,False
math-110,0,Autoformalisation failure
math-110,1,Autoformalisation failure
math-110,2,Autoformalisation failure
math-110,3,True
math-110,4,Autoformalisation failure
math-110,5,Autoformalisation failure
math-110,6,Autoformalisation failure
math-110,7,True
math-110,8,Autoformalisation failure
math-110,9,Autoformalisation failure
math-110,10,False
math-110,11,Prover failure
math-111,0,Autoformalisation failure
math-111,1,Autoformalisation failure
math-111,2,Autoformalisation failure
math-111,3,Autoformalisation failure
math-112,0,False
math-112,1,False
math-112,2,True
math-112,3,True
math-113,0,Autoformalisation failure
math-113,1,Autoformalisation failure
math-113,2,Autoformalisation failure
math-113,3,True
math-113,4,True
math-113,5,False
math-114,0,Autoformalisation failure
math-114,1,True
math-114,2,Autoformalisation failure
math-114,3,Autoformalisation failure
math-114,4,True
math-114,5,True
math-115,0,Autoformalisation failure
math-115,1,Autoformalisation failure
math-115,2,Autoformalisation failure
math-115,3,Autoformalisation failure
math-116,0,True
math-116,1,Autoformalisation failure
math-116,2,Autoformalisation failure
math-116,3,True
math-117,0,True
math-117,1,True
math-117,2,True
math-117,3,True
math-117,4,True
math-118,0,True
math-118,1,Prover failure
math-118,2,False
math-118,3,False
math-119,0,True
math-119,1,True
math-119,2,True
math-119,3,True
math-119,4,True
math-119,5,True
math-119,6,True
math-119,7,True
math-119,8,True
math-119,9,True
math-119,10,False
math-119,11,False
math-120,0,Autoformalisation failure
math-120,1,Autoformalisation failure
math-120,2,Autoformalisation failure
math-120,3,True
math-120,4,Autoformalisation failure
math-120,5,Autoformalisation failure
math-120,6,Autoformalisation failure
math-120,7,Autoformalisation failure
math-120,8,Autoformalisation failure
math-120,9,False
math-121,0,Autoformalisation failure
math-121,1,Autoformalisation failure
math-121,2,Autoformalisation failure
math-121,3,Autoformalisation failure
math-121,4,Autoformalisation failure
math-122,0,Autoformalisation failure
math-122,1,Autoformalisation failure
math-122,2,Autoformalisation failure
math-122,3,Autoformalisation failure
math-122,4,Autoformalisation failure
math-122,5,Autoformalisation failure
math-122,6,True
math-122,7,True
math-123,0,Autoformalisation failure
math-123,1,True
math-123,2,True
math-123,3,True
math-123,4,True
math-123,5,Autoformalisation failure
math-124,0,Autoformalisation failure
math-124,1,Autoformalisation failure
math-124,2,Autoformalisation failure
math-124,3,Autoformalisation failure
math-124,4,Autoformalisation failure
math-125,0,Autoformalisation failure
math-125,1,Autoformalisation failure
math-125,2,Autoformalisation failure
math-125,3,Autoformalisation failure
math-125,4,Autoformalisation failure
math-125,5,Autoformalisation failure
math-125,6,Autoformalisation failure
math-125,7,False
math-125,8,Autoformalisation failure
math-125,9,Autoformalisation failure
math-125,10,True
math-125,11,Autoformalisation failure
math-125,12,Autoformalisation failure
math-125,13,Autoformalisation failure
math-126,0,Autoformalisation failure
math-126,1,Autoformalisation failure
math-126,2,False
math-126,3,Autoformalisation failure
math-127,0,True
math-127,1,Autoformalisation failure
math-127,2,True
math-127,3,True
math-127,4,True
math-127,5,True
math-127,6,True
math-127,7,True
math-128,0,Autoformalisation failure
math-128,1,Autoformalisation failure
math-128,2,Autoformalisation failure
math-128,3,True
math-128,4,False
math-128,5,False
math-128,6,Autoformalisation failure
math-129,0,Autoformalisation failure
math-129,1,Autoformalisation failure
math-129,2,Autoformalisation failure
math-129,3,Autoformalisation failure
math-129,4,Autoformalisation failure
math-129,5,True
math-129,6,False
math-130,0,Autoformalisation failure
math-130,1,Prover failure
math-130,2,Autoformalisation failure
math-130,3,Autoformalisation failure
math-130,4,Autoformalisation failure
math-131,0,Autoformalisation failure
math-131,1,False
math-131,2,True
math-131,3,True
math-132,0,Autoformalisation failure
math-132,1,Autoformalisation failure
math-132,2,Autoformalisation failure
math-132,3,Autoformalisation failure
math-132,4,Autoformalisation failure
math-132,5,Autoformalisation failure
math-133,0,Autoformalisation failure
math-133,1,Prover failure
math-133,2,False
math-133,3,False
math-133,4,False
math-134,0,Autoformalisation failure
math-134,1,Autoformalisation failure
math-134,2,Autoformalisation failure
math-135,0,Autoformalisation failure
math-135,1,True
math-135,2,Autoformalisation failure
math-135,3,Autoformalisation failure
math-135,4,Autoformalisation failure
math-135,5,Autoformalisation failure
math-136,0,Autoformalisation failure
math-136,1,Autoformalisation failure
math-136,2,True
math-136,3,Autoformalisation failure
math-136,4,Autoformalisation failure
math-136,5,Autoformalisation failure
math-136,6,Autoformalisation failure
math-136,7,Autoformalisation failure
math-136,8,Autoformalisation failure
math-137,0,Prover failure
math-137,1,True
math-137,2,False
math-137,3,False
math-137,4,False
math-138,0,Autoformalisation failure
math-138,1,Autoformalisation failure
math-138,2,Autoformalisation failure
math-138,3,Autoformalisation failure
math-138,4,Autoformalisation failure
math-138,5,Autoformalisation failure
math-138,6,Autoformalisation failure
math-139,0,Autoformalisation failure
math-139,1,Autoformalisation failure
math-139,2,Autoformalisation failure
math-139,3,Autoformalisation failure
math-139,4,Autoformalisation failure
math-139,5,Autoformalisation failure
math-139,6,Autoformalisation failure
math-140,0,Autoformalisation failure
math-140,1,Autoformalisation failure
math-140,2,Autoformalisation failure
math-141,0,True
math-141,1,True
math-141,2,True
math-141,3,True
math-141,4,True
math-142,0,Autoformalisation failure
math-142,1,Autoformalisation failure
math-142,2,Autoformalisation failure
math-142,3,Autoformalisation failure
math-142,4,Autoformalisation failure
math-142,5,Autoformalisation failure
math-142,6,True
math-142,7,False
math-142,8,False
math-143,0,Autoformalisation failure
math-143,1,Autoformalisation failure
math-143,2,Autoformalisation failure
math-144,0,Autoformalisation failure
math-144,1,True
math-144,2,True
math-144,3,True
math-145,0,Autoformalisation failure
math-145,1,Autoformalisation failure
math-145,2,Autoformalisation failure
math-145,3,False
math-145,4,Autoformalisation failure
math-145,5,Autoformalisation failure
math-145,6,True
math-145,7,True
math-146,0,True
math-146,1,False
math-146,2,False
math-147,0,Autoformalisation failure
math-147,1,Prover failure
math-147,2,Prover failure
math-147,3,False
math-147,4,Autoformalisation failure
math-148,0,Autoformalisation failure
math-148,1,Autoformalisation failure
math-148,2,Autoformalisation failure
math-148,3,Autoformalisation failure
math-148,4,Autoformalisation failure
math-148,5,Autoformalisation failure
math-148,6,Autoformalisation failure
math-148,7,Autoformalisation failure
math-148,8,True
math-148,9,True
math-148,10,False
math-148,11,Prover failure
math-148,12,Prover failure
math-149,0,True
math-149,1,Autoformalisation failure
math-149,2,Autoformalisation failure
math-149,3,Autoformalisation failure
math-149,4,Autoformalisation failure
math-150,0,True
math-150,1,True
math-150,2,True
math-150,3,True
math-150,4,True
math-151,0,Autoformalisation failure
math-151,1,Autoformalisation failure
math-151,2,Autoformalisation failure
math-151,3,Autoformalisation failure
math-151,4,Autoformalisation failure
math-151,5,Autoformalisation failure
math-151,6,Autoformalisation failure
math-151,7,Autoformalisation failure
math-151,8,Autoformalisation failure
math-151,9,Autoformalisation failure
math-152,0,True
math-152,1,True
math-152,2,True
math-152,3,True
math-152,4,Autoformalisation failure
math-152,5,Autoformalisation failure
math-152,6,True
math-152,7,Autoformalisation failure
math-153,0,False
math-153,1,True
math-153,2,True
math-154,0,False
math-154,1,False
math-154,2,Autoformalisation failure
math-155,0,Autoformalisation failure
math-155,1,Autoformalisation failure
math-155,2,Autoformalisation failure
math-155,3,Autoformalisation failure
math-155,4,Autoformalisation failure
math-155,5,Autoformalisation failure
math-155,6,Autoformalisation failure
math-155,7,Autoformalisation failure
math-155,8,True
math-155,9,Autoformalisation failure
math-155,10,True
math-155,11,Autoformalisation failure
math-155,12,False
math-156,0,True
math-156,1,Autoformalisation failure
math-156,2,Autoformalisation failure
math-156,3,False
math-156,4,Autoformalisation failure
math-157,0,Autoformalisation failure
math-157,1,Autoformalisation failure
math-157,2,Autoformalisation failure
math-157,3,Autoformalisation failure
math-157,4,Autoformalisation failure
math-157,5,Autoformalisation failure
math-157,6,Autoformalisation failure
math-157,7,Autoformalisation failure
math-157,8,Autoformalisation failure
math-157,9,Autoformalisation failure
math-158,0,Autoformalisation failure
math-158,1,True
math-158,2,True
math-159,0,Autoformalisation failure
math-159,1,Autoformalisation failure
math-159,2,Autoformalisation failure
math-159,3,True
math-159,4,True
math-160,0,False
math-160,1,False
math-160,2,True
math-160,3,Autoformalisation failure
math-160,4,False
math-160,5,False
math-160,6,Prover failure
math-160,7,Prover failure
math-161,0,Autoformalisation failure
math-161,1,True
math-161,2,True
math-161,3,True
math-161,4,Autoformalisation failure
math-161,5,True
math-161,6,True
math-161,7,True
math-161,8,True
math-161,9,Prover failure
math-162,0,True
math-162,1,True
math-162,2,True
math-162,3,Prover failure
math-162,4,Prover failure
math-162,5,True
math-162,6,Autoformalisation failure
math-162,7,Autoformalisation failure
math-162,8,Autoformalisation failure
math-163,0,True
math-163,1,True
math-163,2,True
math-163,3,True
math-164,0,True
math-164,1,Autoformalisation failure
math-164,2,Autoformalisation failure
math-164,3,Autoformalisation failure
math-164,4,True
math-164,5,Autoformalisation failure
math-164,6,Autoformalisation failure
math-164,7,Autoformalisation failure
math-164,8,Autoformalisation failure
math-164,9,Autoformalisation failure
math-164,10,Autoformalisation failure
math-164,11,Autoformalisation failure
math-164,12,Autoformalisation failure
math-164,13,Autoformalisation failure
math-164,14,Autoformalisation failure
math-164,15,Autoformalisation failure
math-164,16,True
math-164,17,Autoformalisation failure
math-165,0,Autoformalisation failure
math-165,1,Autoformalisation failure
math-165,2,Autoformalisation failure
math-165,3,Autoformalisation failure
math-165,4,Autoformalisation failure
math-165,5,False
math-165,6,True
math-165,7,True
math-166,0,Autoformalisation failure
math-166,1,Autoformalisation failure
math-166,2,Autoformalisation failure
math-166,3,Autoformalisation failure
math-166,4,Autoformalisation failure
math-166,5,True
math-166,6,False
math-166,7,Autoformalisation failure
math-167,0,Autoformalisation failure
math-167,1,Autoformalisation failure
math-167,2,Autoformalisation failure
math-167,3,Autoformalisation failure
math-167,4,Autoformalisation failure
math-167,5,Autoformalisation failure
math-168,0,Autoformalisation failure
math-168,1,Autoformalisation failure
math-168,2,Autoformalisation failure
math-168,3,Autoformalisation failure
math-169,0,Autoformalisation failure
math-169,1,Autoformalisation failure
math-169,2,Autoformalisation failure
math-170,0,Autoformalisation failure
math-170,1,Autoformalisation failure
math-170,2,Autoformalisation failure
math-170,3,Autoformalisation failure
math-170,4,Autoformalisation failure
math-170,5,Autoformalisation failure
math-170,6,Autoformalisation failure
math-170,7,Autoformalisation failure
math-170,8,Autoformalisation failure
math-170,9,True
math-170,10,Autoformalisation failure
math-170,11,Autoformalisation failure
math-171,0,False
math-171,1,Autoformalisation failure
math-171,2,Autoformalisation failure
math-171,3,False
math-171,4,True
math-172,0,Autoformalisation failure
math-172,1,Autoformalisation failure
math-172,2,Autoformalisation failure
math-172,3,Autoformalisation failure
math-172,4,Autoformalisation failure
math-172,5,Autoformalisation failure
math-172,6,Autoformalisation failure
math-172,7,Autoformalisation failure
math-173,0,Autoformalisation failure
math-173,1,Autoformalisation failure
math-173,2,Autoformalisation failure
math-173,3,Autoformalisation failure
math-173,4,Autoformalisation failure
math-173,5,Autoformalisation failure
math-173,6,True
math-173,7,True
math-173,8,True
math-173,9,True
math-173,10,True
math-173,11,Prover failure
math-173,12,True
math-173,13,True
math-174,0,Autoformalisation failure
math-174,1,Autoformalisation failure
math-174,2,Autoformalisation failure
math-174,3,Autoformalisation failure
math-174,4,True
math-174,5,Autoformalisation failure
math-175,0,Autoformalisation failure
math-175,1,Autoformalisation failure
math-175,2,True
math-175,3,Autoformalisation failure
math-175,4,True
math-175,5,Autoformalisation failure
math-175,6,Autoformalisation failure
math-175,7,False
math-176,0,Autoformalisation failure
math-176,1,Autoformalisation failure
math-176,2,Autoformalisation failure
math-176,3,Autoformalisation failure
math-176,4,Autoformalisation failure
math-176,5,True
math-176,6,Autoformalisation failure
math-176,7,False
math-176,8,Autoformalisation failure
math-176,9,Autoformalisation failure
math-176,10,Autoformalisation failure
math-176,11,Autoformalisation failure
math-177,0,Autoformalisation failure
math-177,1,Autoformalisation failure
math-177,2,Autoformalisation failure
math-177,3,Autoformalisation failure
math-177,4,True
math-177,5,Autoformalisation failure
math-177,6,True
math-177,7,True
math-177,8,Autoformalisation failure
math-177,9,Autoformalisation failure
math-178,0,Autoformalisation failure
math-178,1,Autoformalisation failure
math-178,2,False
math-178,3,Autoformalisation failure
math-178,4,True
math-178,5,False
math-179,0,Autoformalisation failure
math-179,1,Autoformalisation failure
math-179,2,Autoformalisation failure
math-179,3,Autoformalisation failure
math-179,4,Autoformalisation failure
math-179,5,Autoformalisation failure
math-179,6,Autoformalisation failure
math-180,0,Autoformalisation failure
math-180,1,Autoformalisation failure
math-180,2,Autoformalisation failure
math-180,3,True
math-180,4,True
math-180,5,True
math-180,6,Autoformalisation failure
math-180,7,True
math-180,8,True
math-180,9,Autoformalisation failure
math-180,10,Autoformalisation failure
math-180,11,Autoformalisation failure
math-180,12,Autoformalisation failure
math-180,13,Autoformalisation failure
math-180,14,Autoformalisation failure
math-180,15,False
math-181,0,True
math-181,1,Autoformalisation failure
math-181,2,True
math-181,3,Autoformalisation failure
math-182,0,Autoformalisation failure
math-182,1,Autoformalisation failure
math-182,2,Autoformalisation failure
math-182,3,Autoformalisation failure
math-183,0,Autoformalisation failure
math-183,1,Autoformalisation failure
math-183,2,Autoformalisation failure
math-183,3,Autoformalisation failure
math-183,4,Autoformalisation failure
math-183,5,False
math-183,6,True
math-183,7,Autoformalisation failure
math-184,0,False
math-184,1,Autoformalisation failure
math-184,2,Autoformalisation failure
math-184,3,Autoformalisation failure
math-184,4,False
math-184,5,True
math-184,6,Autoformalisation failure
math-185,0,Autoformalisation failure
math-185,1,Autoformalisation failure
math-185,2,Autoformalisation failure
math-185,3,Autoformalisation failure
math-185,4,Autoformalisation failure
math-185,5,False
math-185,6,Autoformalisation failure
math-186,0,Autoformalisation failure
math-186,1,Autoformalisation failure
math-186,2,Autoformalisation failure
math-186,3,Autoformalisation failure
math-186,4,Autoformalisation failure
math-186,5,Autoformalisation failure
math-186,6,Autoformalisation failure
math-186,7,Autoformalisation failure
math-186,8,Autoformalisation failure
math-186,9,Autoformalisation failure
math-186,10,Autoformalisation failure
math-186,11,Autoformalisation failure
math-186,12,Autoformalisation failure
math-186,13,Autoformalisation failure
math-186,14,Autoformalisation failure
math-186,15,Autoformalisation failure
math-186,16,Autoformalisation failure
math-186,17,Autoformalisation failure
math-186,18,Autoformalisation failure
math-186,19,Autoformalisation failure
math-186,20,Autoformalisation failure
math-186,21,Autoformalisation failure
math-186,22,Autoformalisation failure
math-186,23,Autoformalisation failure
math-187,0,Autoformalisation failure
math-187,1,Autoformalisation failure
math-187,2,Autoformalisation failure
math-187,3,Autoformalisation failure
math-187,4,Autoformalisation failure
math-187,5,Autoformalisation failure
math-187,6,Autoformalisation failure
math-187,7,Autoformalisation failure
math-188,0,Autoformalisation failure
math-188,1,True
math-188,2,Autoformalisation failure
math-188,3,True
math-189,0,Autoformalisation failure
math-189,1,Autoformalisation failure
math-189,2,Autoformalisation failure
math-189,3,Autoformalisation failure
math-189,4,Autoformalisation failure
math-189,5,Autoformalisation failure
math-189,6,Autoformalisation failure
math-189,7,Autoformalisation failure
math-189,8,Autoformalisation failure
math-189,9,Autoformalisation failure
math-189,10,Autoformalisation failure
math-190,0,Autoformalisation failure
math-190,1,Autoformalisation failure
math-191,0,True
math-191,1,Autoformalisation failure
math-191,2,True
math-191,3,False
math-192,0,True
math-192,1,True
math-192,2,True
math-192,3,Autoformalisation failure
math-192,4,False
math-193,0,True
math-193,1,Autoformalisation failure
math-193,2,False
math-193,3,True
math-193,4,True
math-193,5,True
math-193,6,True
math-193,7,False
math-194,0,Autoformalisation failure
math-194,1,True
math-194,2,False
math-194,3,True
math-194,4,False
math-194,5,Autoformalisation failure
math-194,6,Autoformalisation failure
math-194,7,Autoformalisation failure
math-195,0,Autoformalisation failure
math-195,1,Autoformalisation failure
math-195,2,Autoformalisation failure
math-195,3,Autoformalisation failure
math-195,4,Autoformalisation failure
math-195,5,Autoformalisation failure
math-195,6,Autoformalisation failure
math-195,7,Autoformalisation failure
math-195,8,Autoformalisation failure
math-195,9,Autoformalisation failure
math-196,0,Autoformalisation failure
math-196,1,Autoformalisation failure
math-196,2,Autoformalisation failure
math-196,3,Autoformalisation failure
math-197,0,Autoformalisation failure
math-197,1,True
math-197,2,False
math-197,3,True
math-197,4,True
math-198,0,Autoformalisation failure
math-198,1,Autoformalisation failure
math-198,2,Autoformalisation failure
math-198,3,True
math-199,0,Autoformalisation failure
math-199,1,Autoformalisation failure
math-199,2,Autoformalisation failure
math-199,3,Autoformalisation failure
math-199,4,Autoformalisation failure
math-199,5,Autoformalisation failure
math-199,6,Autoformalisation failure
math-199,7,Autoformalisation failure
math-199,8,Autoformalisation failure
math-199,9,Autoformalisation failure
math-200,0,Autoformalisation failure
math-200,1,Autoformalisation failure
math-200,2,Autoformalisation failure
math-200,3,Autoformalisation failure
math-200,4,Autoformalisation failure
math-201,0,Autoformalisation failure
math-201,1,True
math-201,2,True
math-201,3,True
math-201,4,True
math-202,0,True
math-202,1,False
math-202,2,False
math-203,0,True
math-203,1,True
math-203,2,True
math-204,0,True
math-204,1,True
math-204,2,Autoformalisation failure
math-205,0,Autoformalisation failure
math-205,1,Autoformalisation failure
math-205,2,Autoformalisation failure
math-206,0,Autoformalisation failure
math-206,1,Autoformalisation failure
math-206,2,Autoformalisation failure
math-206,3,Autoformalisation failure
math-206,4,True
math-206,5,True
math-206,6,True
math-206,7,True
math-206,8,True
math-206,9,Autoformalisation failure
math-206,10,True
math-206,11,True
math-207,0,Autoformalisation failure
math-207,1,False
math-207,2,False
math-208,0,True
math-208,1,Autoformalisation failure
math-208,2,True
math-208,3,Autoformalisation failure
math-208,4,Autoformalisation failure
math-208,5,Autoformalisation failure
math-208,6,False
math-208,7,False
math-209,0,Autoformalisation failure
math-209,1,Autoformalisation failure
math-209,2,Autoformalisation failure
math-209,3,Autoformalisation failure
math-209,4,Autoformalisation failure
math-209,5,Autoformalisation failure
math-209,6,Autoformalisation failure
math-209,7,Autoformalisation failure
math-209,8,False
math-209,9,Autoformalisation failure
math-209,10,Autoformalisation failure
math-210,0,Autoformalisation failure
math-210,1,Autoformalisation failure
math-210,2,Autoformalisation failure
math-210,3,Autoformalisation failure
math-211,0,True
math-211,1,True
math-211,2,True
math-211,3,True
math-211,4,True
math-211,5,Autoformalisation failure
math-211,6,False
math-212,0,True
math-212,1,True
math-212,2,True
math-212,3,False
math-212,4,False
math-212,5,False
math-213,0,Autoformalisation failure
math-213,1,Autoformalisation failure
math-213,2,Prover failure
math-213,3,True
math-213,4,True
math-213,5,True
math-213,6,True
math-213,7,True
math-214,0,Autoformalisation failure
math-214,1,True
math-214,2,Autoformalisation failure
math-214,3,True
math-214,4,Autoformalisation failure
math-214,5,Autoformalisation failure
math-214,6,True
math-214,7,True
math-214,8,False
math-214,9,Autoformalisation failure
math-214,10,True
math-215,0,True
math-215,1,False
math-215,2,Autoformalisation failure
math-215,3,Autoformalisation failure
math-216,0,Autoformalisation failure
math-216,1,Prover failure
math-216,2,Autoformalisation failure
math-216,3,Autoformalisation failure
math-216,4,Prover failure
math-216,5,True
math-216,6,Prover failure
math-216,7,Autoformalisation failure
math-217,0,True
math-217,1,True
math-217,2,True
math-217,3,False
math-217,4,Autoformalisation failure
math-218,0,True
math-218,1,Autoformalisation failure
math-218,2,Autoformalisation failure
math-218,3,True
math-218,4,True
math-218,5,True
math-218,6,True
math-219,0,True
math-219,1,True
math-219,2,True
math-219,3,True
math-219,4,True
math-219,5,True
math-220,0,Autoformalisation failure
math-220,1,Autoformalisation failure
math-220,2,Autoformalisation failure
math-220,3,Autoformalisation failure
math-220,4,Autoformalisation failure
math-221,0,Autoformalisation failure
math-221,1,Autoformalisation failure
math-221,2,Autoformalisation failure
math-221,3,Autoformalisation failure
math-221,4,True
math-221,5,Autoformalisation failure
math-221,6,Autoformalisation failure
math-222,0,True
math-222,1,True
math-222,2,Autoformalisation failure
math-222,3,Autoformalisation failure
math-223,0,Autoformalisation failure
math-223,1,Autoformalisation failure
math-223,2,True
math-223,3,Autoformalisation failure
math-223,4,True
math-223,5,Autoformalisation failure
math-224,0,Autoformalisation failure
math-224,1,Autoformalisation failure
math-224,2,Autoformalisation failure
math-224,3,Autoformalisation failure
math-224,4,Autoformalisation failure
math-224,5,Autoformalisation failure
math-224,6,Autoformalisation failure
math-224,7,Autoformalisation failure
math-224,8,Autoformalisation failure
math-224,9,Autoformalisation failure
math-225,0,Prover failure
math-225,1,True
math-225,2,False
math-225,3,Prover failure
math-225,4,Prover failure
math-226,0,Autoformalisation failure
math-226,1,Autoformalisation failure
math-226,2,Autoformalisation failure
math-226,3,False
math-226,4,True
math-226,5,False
math-226,6,Autoformalisation failure
math-227,0,Autoformalisation failure
math-227,1,False
math-227,2,True
math-227,3,True
math-227,4,False
math-228,0,Autoformalisation failure
math-228,1,Autoformalisation failure
math-228,2,Autoformalisation failure
math-228,3,Autoformalisation failure
math-228,4,Autoformalisation failure
math-228,5,Autoformalisation failure
math-228,6,Autoformalisation failure
math-228,7,Autoformalisation failure
math-228,8,Autoformalisation failure
math-229,0,Autoformalisation failure
math-229,1,Autoformalisation failure
math-229,2,True
math-229,3,True
math-230,0,Autoformalisation failure
math-230,1,False
math-230,2,Prover failure
math-230,3,Prover failure
math-231,0,Autoformalisation failure
math-231,1,False
math-231,2,Autoformalisation failure
math-231,3,Autoformalisation failure
math-231,4,Autoformalisation failure
math-231,5,False
math-232,0,Autoformalisation failure
math-232,1,Autoformalisation failure
math-232,2,True
math-232,3,False
math-232,4,True
math-232,5,True
math-232,6,Autoformalisation failure
math-233,0,Autoformalisation failure
math-233,1,Autoformalisation failure
math-233,2,Autoformalisation failure
math-233,3,Autoformalisation failure
math-233,4,Autoformalisation failure
math-233,5,Autoformalisation failure
math-233,6,Autoformalisation failure
math-234,0,True
math-234,1,Autoformalisation failure
math-234,2,False
math-235,0,Autoformalisation failure
math-235,1,Autoformalisation failure
math-235,2,Autoformalisation failure
math-235,3,Autoformalisation failure
math-235,4,Autoformalisation failure
math-236,0,Autoformalisation failure
math-236,1,Autoformalisation failure
math-236,2,Autoformalisation failure
math-236,3,Autoformalisation failure
math-236,4,Autoformalisation failure
math-236,5,False
math-236,6,True
math-236,7,True
math-236,8,True
math-237,0,Autoformalisation failure
math-237,1,Autoformalisation failure
math-237,2,Autoformalisation failure
math-237,3,Autoformalisation failure
math-237,4,False
math-237,5,False
math-238,0,True
math-238,1,True
math-238,2,True
math-238,3,False
math-238,4,Prover failure
math-239,0,Autoformalisation failure
math-239,1,Autoformalisation failure
math-239,2,Autoformalisation failure
math-240,0,Autoformalisation failure
math-240,1,Autoformalisation failure
math-240,2,True
math-240,3,True
math-240,4,False
math-240,5,Autoformalisation failure
math-240,6,Autoformalisation failure
math-241,0,Autoformalisation failure
math-241,1,Autoformalisation failure
math-241,2,Autoformalisation failure
math-241,3,Autoformalisation failure
math-241,4,Autoformalisation failure
math-241,5,Autoformalisation failure
math-242,0,Autoformalisation failure
math-242,1,True
math-242,2,Autoformalisation failure
math-242,3,True
math-242,4,True
math-242,5,Autoformalisation failure
math-242,6,True
math-242,7,False
math-242,8,False
math-243,0,Autoformalisation failure
math-243,1,Autoformalisation failure
math-243,2,Autoformalisation failure
math-243,3,Autoformalisation failure
math-243,4,Autoformalisation failure
math-244,0,True
math-244,1,True
math-244,2,Autoformalisation failure
math-244,3,True
math-244,4,False
math-244,5,False
math-245,0,Autoformalisation failure
math-245,1,True
math-245,2,True
math-245,3,False
math-245,4,True
math-245,5,False
math-245,6,False
math-245,7,False
math-245,8,False
math-245,9,False
math-245,10,True
math-245,11,Autoformalisation failure
math-245,12,True
math-245,13,True
math-246,0,Autoformalisation failure
math-246,1,Autoformalisation failure
math-246,2,Autoformalisation failure
math-246,3,False
math-246,4,Autoformalisation failure
math-246,5,False
math-247,0,Autoformalisation failure
math-247,1,Autoformalisation failure
math-247,2,True
math-247,3,True
math-247,4,True
math-247,5,True
math-247,6,Autoformalisation failure
math-248,0,False
math-248,1,True
math-248,2,True
math-248,3,True
math-248,4,True
math-248,5,True
math-248,6,True
math-248,7,True
math-248,8,True
math-249,0,Autoformalisation failure
math-249,1,True
math-249,2,False
math-249,3,True
math-249,4,True
math-249,5,True
math-249,6,Autoformalisation failure
math-249,7,True
math-249,8,False
math-249,9,False
math-249,10,False
math-250,0,Autoformalisation failure
math-250,1,False
math-250,2,True
math-251,0,Autoformalisation failure
math-251,1,True
math-251,2,False
math-251,3,False
math-251,4,False
math-252,0,Autoformalisation failure
math-252,1,False
math-252,2,False
math-252,3,True
math-252,4,False
math-252,5,False
math-252,6,False
math-252,7,True
math-252,8,True
math-252,9,False
math-253,0,Autoformalisation failure
math-253,1,Autoformalisation failure
math-253,2,Autoformalisation failure
math-253,3,Autoformalisation failure
math-253,4,Autoformalisation failure
math-253,5,Autoformalisation failure
math-253,6,Autoformalisation failure
math-254,0,Autoformalisation failure
math-254,1,Autoformalisation failure
math-254,2,Autoformalisation failure
math-254,3,False
math-254,4,Autoformalisation failure
math-255,0,Autoformalisation failure
math-255,1,Autoformalisation failure
math-255,2,Autoformalisation failure
math-255,3,True
math-255,4,Autoformalisation failure
math-255,5,Prover failure
math-255,6,Prover failure
math-255,7,Prover failure
math-255,8,Autoformalisation failure
math-255,9,True
math-255,10,False
math-255,11,True
math-255,12,True
math-256,0,Autoformalisation failure
math-256,1,Autoformalisation failure
math-256,2,Autoformalisation failure
math-256,3,Autoformalisation failure
math-256,4,Autoformalisation failure
math-256,5,Autoformalisation failure
math-256,6,Autoformalisation failure
math-256,7,Autoformalisation failure
math-256,8,Autoformalisation failure
math-256,9,Autoformalisation failure
math-256,10,Autoformalisation failure
math-256,11,Autoformalisation failure
math-257,0,Autoformalisation failure
math-257,1,Autoformalisation failure
math-257,2,Autoformalisation failure
math-257,3,Autoformalisation failure
math-257,4,Autoformalisation failure
math-257,5,True
math-257,6,Autoformalisation failure
math-257,7,Autoformalisation failure
math-257,8,Autoformalisation failure
math-257,9,Autoformalisation failure
math-257,10,True
math-257,11,True
math-257,12,Autoformalisation failure
math-257,13,Autoformalisation failure
math-257,14,Autoformalisation failure
math-257,15,Autoformalisation failure
math-257,16,Autoformalisation failure
math-257,17,Autoformalisation failure
math-258,0,Autoformalisation failure
math-258,1,Autoformalisation failure
math-258,2,Autoformalisation failure
math-258,3,Autoformalisation failure
math-258,4,Autoformalisation failure
math-258,5,Autoformalisation failure
math-258,6,Autoformalisation failure
math-259,0,Autoformalisation failure
math-259,1,Autoformalisation failure
math-259,2,Autoformalisation failure
math-259,3,True
math-259,4,Autoformalisation failure
math-259,5,Autoformalisation failure
math-260,0,Autoformalisation failure
math-260,1,Autoformalisation failure
math-260,2,False
math-260,3,Autoformalisation failure
math-261,0,Autoformalisation failure
math-261,1,Autoformalisation failure
math-261,2,Autoformalisation failure
math-261,3,Autoformalisation failure
math-261,4,True
math-261,5,Autoformalisation failure
math-262,0,Autoformalisation failure
math-262,1,True
math-262,2,Autoformalisation failure
math-262,3,True
math-262,4,True
math-262,5,Prover failure
math-263,0,True
math-263,1,True
math-263,2,Autoformalisation failure
math-263,3,Autoformalisation failure
math-263,4,True
math-263,5,True
math-264,0,Autoformalisation failure
math-264,1,False
math-264,2,Autoformalisation failure
math-264,3,Autoformalisation failure
math-264,4,Autoformalisation failure
math-264,5,Autoformalisation failure
math-264,6,Autoformalisation failure
math-264,7,Autoformalisation failure
math-264,8,Autoformalisation failure
math-265,0,Autoformalisation failure
math-265,1,Autoformalisation failure
math-265,2,Autoformalisation failure
math-266,0,Autoformalisation failure
math-266,1,Autoformalisation failure
math-266,2,Autoformalisation failure
math-266,3,Autoformalisation failure
math-266,4,Autoformalisation failure
math-266,5,Autoformalisation failure
math-266,6,True
math-266,7,Autoformalisation failure
math-266,8,Autoformalisation failure
math-267,0,Autoformalisation failure
math-267,1,True
math-267,2,True
math-267,3,True
math-268,0,True
math-268,1,Autoformalisation failure
math-268,2,Autoformalisation failure
math-268,3,Autoformalisation failure
math-268,4,Autoformalisation failure
math-268,5,Autoformalisation failure
math-268,6,Autoformalisation failure
math-268,7,Autoformalisation failure
math-269,0,True
math-269,1,Prover failure
math-269,2,Autoformalisation failure
math-269,3,Autoformalisation failure
math-269,4,Autoformalisation failure
math-269,5,Autoformalisation failure
math-270,0,Autoformalisation failure
math-270,1,Autoformalisation failure
math-270,2,False
math-270,3,Autoformalisation failure
math-270,4,Autoformalisation failure
math-271,0,Autoformalisation failure
math-271,1,Autoformalisation failure
math-271,2,False
math-271,3,True
math-272,0,Autoformalisation failure
math-272,1,Autoformalisation failure
math-272,2,Autoformalisation failure
math-272,3,Autoformalisation failure
math-272,4,False
math-272,5,False
math-272,6,False
math-273,0,Autoformalisation failure
math-273,1,Autoformalisation failure
math-273,2,Autoformalisation failure
math-274,0,Autoformalisation failure
math-274,1,Autoformalisation failure
math-274,2,Autoformalisation failure
math-274,3,Autoformalisation failure
math-274,4,Autoformalisation failure
math-275,0,Autoformalisation failure
math-275,1,Autoformalisation failure
math-275,2,Autoformalisation failure
math-275,3,Autoformalisation failure
math-275,4,Autoformalisation failure
math-275,5,Autoformalisation failure
math-275,6,Autoformalisation failure
math-275,7,Autoformalisation failure
math-275,8,Autoformalisation failure
math-275,9,Autoformalisation failure
math-275,10,Autoformalisation failure
math-275,11,Autoformalisation failure
math-275,12,Autoformalisation failure
math-275,13,Autoformalisation failure
math-275,14,Autoformalisation failure
math-275,15,Autoformalisation failure
math-275,16,Autoformalisation failure
math-275,17,Autoformalisation failure
math-276,0,True
math-276,1,Autoformalisation failure
math-276,2,Autoformalisation failure
math-276,3,True
math-276,4,Prover failure
math-276,5,True
math-276,6,Autoformalisation failure
math-277,0,True
math-277,1,Autoformalisation failure
math-277,2,Autoformalisation failure
math-277,3,Autoformalisation failure
math-278,0,Autoformalisation failure
math-278,1,Autoformalisation failure
math-278,2,True
math-278,3,Autoformalisation failure
math-278,4,False
math-278,5,True
math-278,6,Autoformalisation failure
math-278,7,Autoformalisation failure
math-278,8,True
math-278,9,True
math-279,0,Autoformalisation failure
math-279,1,Autoformalisation failure
math-279,2,Autoformalisation failure
math-279,3,Autoformalisation failure
math-279,4,True
math-279,5,True
math-279,6,Autoformalisation failure
math-279,7,Autoformalisation failure
math-280,0,Autoformalisation failure
math-280,1,Autoformalisation failure
math-280,2,Autoformalisation failure
math-280,3,Autoformalisation failure
math-280,4,Autoformalisation failure
math-280,5,Autoformalisation failure
math-280,6,Autoformalisation failure
math-280,7,Autoformalisation failure
math-280,8,True
math-280,9,True
math-280,10,True
math-280,11,Autoformalisation failure
math-281,0,Autoformalisation failure
math-281,1,True
math-281,2,False
math-282,0,Autoformalisation failure
math-282,1,False
math-282,2,Autoformalisation failure
math-282,3,True
math-282,4,Autoformalisation failure
math-282,5,Autoformalisation failure
math-282,6,True
math-282,7,True
math-282,8,True
math-283,0,True
math-283,1,Autoformalisation failure
math-283,2,False
math-283,3,Autoformalisation failure
math-283,4,Autoformalisation failure
math-283,5,Autoformalisation failure
math-283,6,Autoformalisation failure
math-283,7,Autoformalisation failure
math-283,8,Prover failure
math-284,0,Autoformalisation failure
math-284,1,Autoformalisation failure
math-284,2,Autoformalisation failure
math-284,3,Autoformalisation failure
math-284,4,Autoformalisation failure
math-284,5,Autoformalisation failure
math-284,6,Autoformalisation failure
math-284,7,Autoformalisation failure
math-285,0,Autoformalisation failure
math-285,1,Autoformalisation failure
math-285,2,True
math-285,3,Autoformalisation failure
math-285,4,Autoformalisation failure
math-286,0,Autoformalisation failure
math-286,1,Autoformalisation failure
math-286,2,Autoformalisation failure
math-286,3,Autoformalisation failure
math-286,4,Autoformalisation failure
math-286,5,Autoformalisation failure
math-286,6,Autoformalisation failure
math-286,7,Autoformalisation failure
math-286,8,False
math-286,9,False
math-286,10,False
math-287,0,True
math-287,1,Autoformalisation failure
math-287,2,True
math-287,3,True
math-287,4,False
math-288,0,Autoformalisation failure
math-288,1,Autoformalisation failure
math-288,2,Autoformalisation failure
math-288,3,Autoformalisation failure
math-288,4,True
math-288,5,True
math-288,6,Autoformalisation failure
math-289,0,True
math-289,1,True
math-289,2,False
math-289,3,Autoformalisation failure
math-290,0,Autoformalisation failure
math-290,1,Autoformalisation failure
math-290,2,Autoformalisation failure
math-290,3,Autoformalisation failure
math-290,4,False
math-291,0,True
math-291,1,True
math-291,2,True
math-291,3,Autoformalisation failure
math-291,4,False
math-291,5,False
math-291,6,False
math-291,7,Autoformalisation failure
math-291,8,True
math-292,0,True
math-292,1,True
math-292,2,True
math-292,3,True
math-292,4,True
math-292,5,True
math-292,6,True
math-292,7,True
math-292,8,Autoformalisation failure
math-292,9,Autoformalisation failure
math-292,10,True
math-292,11,Autoformalisation failure
math-292,12,True
math-292,13,True
math-292,14,True
math-292,15,Autoformalisation failure
math-292,16,Autoformalisation failure
math-292,17,Autoformalisation failure
math-292,18,Autoformalisation failure
math-293,0,Autoformalisation failure
math-293,1,Autoformalisation failure
math-293,2,Autoformalisation failure
math-293,3,False
math-293,4,Autoformalisation failure
math-293,5,Autoformalisation failure
math-293,6,Autoformalisation failure
math-293,7,Autoformalisation failure
math-293,8,False
math-293,9,True
math-293,10,False
math-293,11,False
math-294,0,Autoformalisation failure
math-294,1,Autoformalisation failure
math-294,2,True
math-294,3,Autoformalisation failure
math-294,4,Autoformalisation failure
math-294,5,True
math-294,6,Autoformalisation failure
math-294,7,Autoformalisation failure
math-295,0,Autoformalisation failure
math-295,1,Autoformalisation failure
math-295,2,Autoformalisation failure
math-295,3,Autoformalisation failure
math-296,0,Autoformalisation failure
math-296,1,False
math-296,2,Autoformalisation failure
math-296,3,True
math-297,0,True
math-297,1,Autoformalisation failure
math-297,2,Autoformalisation failure
math-297,3,Autoformalisation failure
math-297,4,Autoformalisation failure
math-297,5,True
math-297,6,True
math-297,7,False
math-297,8,Prover failure
math-297,9,False
math-298,0,Autoformalisation failure
math-298,1,Autoformalisation failure
math-298,2,Autoformalisation failure
math-298,3,Autoformalisation failure
math-298,4,True
math-298,5,Autoformalisation failure
math-298,6,True
math-298,7,Autoformalisation failure
math-299,0,Autoformalisation failure
math-299,1,Autoformalisation failure
math-299,2,Autoformalisation failure
math-300,0,Autoformalisation failure
math-300,1,Autoformalisation failure
math-300,2,Autoformalisation failure
math-300,3,True
math-300,4,Autoformalisation failure
math-300,5,Autoformalisation failure
math-301,0,Autoformalisation failure
math-301,1,Autoformalisation failure
math-301,2,Autoformalisation failure
math-301,3,Autoformalisation failure
math-301,4,Autoformalisation failure
math-301,5,Autoformalisation failure
math-301,6,Autoformalisation failure
math-301,7,Autoformalisation failure
math-301,8,Autoformalisation failure
math-301,9,Autoformalisation failure
math-301,10,Autoformalisation failure
math-301,11,Autoformalisation failure
math-301,12,Autoformalisation failure
math-301,13,Autoformalisation failure
math-302,0,Autoformalisation failure
math-302,1,Autoformalisation failure
math-302,2,Autoformalisation failure
math-302,3,True
math-302,4,Autoformalisation failure
math-303,0,Prover failure
math-303,1,False
math-303,2,False
math-303,3,False
math-304,0,True
math-304,1,Autoformalisation failure
math-304,2,True
math-304,3,False
math-304,4,True
math-304,5,True
math-304,6,True
math-304,7,Autoformalisation failure
math-304,8,False
math-305,0,False
math-305,1,Prover failure
math-305,2,Autoformalisation failure
math-305,3,Autoformalisation failure
math-305,4,Autoformalisation failure
math-306,0,False
math-306,1,True
math-306,2,False
math-306,3,False
math-307,0,True
math-307,1,Autoformalisation failure
math-307,2,Autoformalisation failure
math-307,3,Autoformalisation failure
math-307,4,Autoformalisation failure
math-308,0,Autoformalisation failure
math-308,1,Autoformalisation failure
math-308,2,Autoformalisation failure
math-308,3,Autoformalisation failure
math-308,4,Autoformalisation failure
math-308,5,Autoformalisation failure
math-308,6,Autoformalisation failure
math-308,7,Autoformalisation failure
math-308,8,Autoformalisation failure
math-308,9,Autoformalisation failure
math-308,10,Autoformalisation failure
math-309,0,Autoformalisation failure
math-309,1,Autoformalisation failure
math-309,2,Autoformalisation failure
math-309,3,Autoformalisation failure
math-309,4,Autoformalisation failure
math-309,5,Autoformalisation failure
math-310,0,Prover failure
math-310,1,Prover failure
math-310,2,Prover failure
math-310,3,Autoformalisation failure
math-310,4,Autoformalisation failure
math-310,5,Autoformalisation failure
math-310,6,Autoformalisation failure
math-310,7,Autoformalisation failure
math-311,0,Autoformalisation failure
math-311,1,Autoformalisation failure
math-311,2,Autoformalisation failure
math-311,3,Autoformalisation failure
math-311,4,Autoformalisation failure
math-311,5,True
math-311,6,Autoformalisation failure
math-311,7,Autoformalisation failure
math-311,8,Autoformalisation failure
math-311,9,True
math-311,10,True
math-311,11,False
math-311,12,Prover failure
math-311,13,True
math-312,0,Autoformalisation failure
math-312,1,True
math-312,2,True
math-312,3,Autoformalisation failure
math-312,4,Autoformalisation failure
math-312,5,Autoformalisation failure
math-313,0,Autoformalisation failure
math-313,1,True
math-313,2,True
math-313,3,False
math-314,0,Autoformalisation failure
math-314,1,Autoformalisation failure
math-314,2,Autoformalisation failure
math-314,3,Autoformalisation failure
math-315,0,Autoformalisation failure
math-315,1,True
math-315,2,True
math-315,3,True
math-315,4,True
math-315,5,Autoformalisation failure
math-316,0,Autoformalisation failure
math-316,1,Autoformalisation failure
math-316,2,Autoformalisation failure
math-316,3,Autoformalisation failure
math-316,4,Autoformalisation failure
math-316,5,Autoformalisation failure
math-316,6,True
math-316,7,Autoformalisation failure
math-316,8,Autoformalisation failure
math-316,9,Autoformalisation failure
math-316,10,Autoformalisation failure
math-316,11,Autoformalisation failure
math-317,0,Autoformalisation failure
math-317,1,Autoformalisation failure
math-317,2,True
math-317,3,Autoformalisation failure
math-317,4,True
math-317,5,True
math-317,6,True
math-317,7,True
math-318,0,Autoformalisation failure
math-318,1,Autoformalisation failure
math-318,2,Autoformalisation failure
math-318,3,Autoformalisation failure
math-318,4,Autoformalisation failure
math-318,5,Autoformalisation failure
math-319,0,Autoformalisation failure
math-319,1,Autoformalisation failure
math-319,2,Autoformalisation failure
math-319,3,Autoformalisation failure
math-319,4,Prover failure
math-319,5,Prover failure
math-320,0,True
math-320,1,Autoformalisation failure
math-320,2,Autoformalisation failure
math-320,3,Autoformalisation failure
math-320,4,True
math-321,0,True
math-321,1,True
math-321,2,Autoformalisation failure
math-321,3,True
math-321,4,Autoformalisation failure
math-322,0,True
math-322,1,True
math-322,2,True
math-322,3,False
math-322,4,False
math-322,5,True
math-322,6,True
math-322,7,False
math-322,8,False
math-323,0,Autoformalisation failure
math-323,1,Autoformalisation failure
math-323,2,True
math-323,3,Autoformalisation failure
math-323,4,True
math-323,5,True
math-323,6,Autoformalisation failure
math-323,7,True
math-323,8,False
math-323,9,Autoformalisation failure
math-323,10,Autoformalisation failure
math-323,11,Autoformalisation failure
math-324,0,Autoformalisation failure
math-324,1,Autoformalisation failure
math-324,2,Autoformalisation failure
math-324,3,Autoformalisation failure
math-324,4,Autoformalisation failure
math-325,0,False
math-325,1,False
math-325,2,False
math-325,3,Autoformalisation failure
math-326,0,False
math-326,1,Autoformalisation failure
math-326,2,True
math-326,3,False
math-327,0,Autoformalisation failure
math-327,1,Autoformalisation failure
math-327,2,Autoformalisation failure
math-327,3,Autoformalisation failure
math-327,4,Autoformalisation failure
math-327,5,Autoformalisation failure
math-327,6,Autoformalisation failure
math-327,7,Autoformalisation failure
math-327,8,Autoformalisation failure
math-327,9,Autoformalisation failure
math-327,10,Autoformalisation failure
math-328,0,True
math-328,1,Prover failure
math-328,2,False
math-328,3,Autoformalisation failure
math-329,0,Autoformalisation failure
math-329,1,Autoformalisation failure
math-329,2,Autoformalisation failure
math-329,3,Autoformalisation failure
math-329,4,Autoformalisation failure
math-329,5,Autoformalisation failure
math-329,6,True
math-329,7,Autoformalisation failure
math-329,8,Autoformalisation failure
math-329,9,Autoformalisation failure
math-329,10,False
math-329,11,Autoformalisation failure
math-329,12,Autoformalisation failure
math-329,13,True
math-329,14,Autoformalisation failure
math-330,0,Autoformalisation failure
math-330,1,Autoformalisation failure
math-330,2,Autoformalisation failure
math-330,3,True
math-331,0,Autoformalisation failure
math-331,1,False
math-331,2,True
math-331,3,True
math-331,4,True
math-331,5,True
math-332,0,True
math-332,1,True
math-332,2,Autoformalisation failure
math-332,3,True
math-332,4,True
math-332,5,True
math-332,6,True
math-332,7,True
math-333,0,Autoformalisation failure
math-333,1,Autoformalisation failure
math-333,2,Autoformalisation failure
math-333,3,Autoformalisation failure
math-333,4,False
math-334,0,Autoformalisation failure
math-334,1,True
math-334,2,Autoformalisation failure
math-334,3,Autoformalisation failure
math-334,4,Autoformalisation failure
math-334,5,False
math-334,6,Autoformalisation failure
math-334,7,Prover failure
math-334,8,True
math-335,0,Autoformalisation failure
math-335,1,Autoformalisation failure
math-335,2,Autoformalisation failure
math-335,3,Autoformalisation failure
math-335,4,Autoformalisation failure
math-335,5,Autoformalisation failure
math-336,0,Autoformalisation failure
math-336,1,Autoformalisation failure
math-336,2,Autoformalisation failure
math-336,3,Autoformalisation failure
math-336,4,Autoformalisation failure
math-336,5,Autoformalisation failure
math-336,6,Autoformalisation failure
math-336,7,Autoformalisation failure
math-336,8,Autoformalisation failure
math-336,9,Autoformalisation failure
math-336,10,Autoformalisation failure
math-336,11,Autoformalisation failure
math-336,12,Autoformalisation failure
math-336,13,Autoformalisation failure
math-337,0,Autoformalisation failure
math-337,1,Autoformalisation failure
math-337,2,True
math-337,3,True
math-337,4,Autoformalisation failure
math-338,0,True
math-338,1,Prover failure
math-339,0,Prover failure
math-339,1,Autoformalisation failure
math-339,2,True
math-339,3,Autoformalisation failure
math-340,0,Autoformalisation failure
math-340,1,Autoformalisation failure
math-340,2,Autoformalisation failure
math-340,3,Autoformalisation failure
math-341,0,Autoformalisation failure
math-341,1,Autoformalisation failure
math-341,2,Autoformalisation failure
math-341,3,Autoformalisation failure
math-342,0,False
math-342,1,True
math-342,2,False
math-343,0,False
math-343,1,True
math-343,2,True
math-343,3,False
math-343,4,True
math-343,5,True
math-343,6,True
math-343,7,True
math-344,0,Autoformalisation failure
math-344,1,True
math-344,2,True
math-344,3,False
math-345,0,Autoformalisation failure
math-345,1,Autoformalisation failure
math-345,2,True
math-346,0,True
math-346,1,True
math-346,2,False
math-347,0,Autoformalisation failure
math-347,1,Autoformalisation failure
math-347,2,Autoformalisation failure
math-347,3,Autoformalisation failure
math-347,4,Autoformalisation failure
math-347,5,Autoformalisation failure
math-347,6,Autoformalisation failure
math-348,0,False
math-348,1,Autoformalisation failure
math-348,2,True
math-348,3,Autoformalisation failure
math-348,4,Autoformalisation failure
math-348,5,Autoformalisation failure
math-348,6,Autoformalisation failure
math-348,7,True
math-348,8,Autoformalisation failure
math-348,9,Autoformalisation failure
math-348,10,True
math-349,0,True
math-349,1,True
math-349,2,True
math-349,3,True
math-349,4,True
math-350,0,True
math-350,1,False
math-350,2,False
math-351,0,True
math-351,1,True
math-351,2,False
math-351,3,True
math-351,4,True
math-351,5,True
math-351,6,True
math-351,7,True
math-351,8,True
math-352,0,Autoformalisation failure
math-352,1,Autoformalisation failure
math-352,2,Autoformalisation failure
math-352,3,Autoformalisation failure
math-352,4,Autoformalisation failure
math-352,5,False
math-352,6,Autoformalisation failure
math-353,0,Autoformalisation failure
math-353,1,Autoformalisation failure
math-353,2,Autoformalisation failure
math-353,3,Autoformalisation failure
math-354,0,Autoformalisation failure
math-354,1,Autoformalisation failure
math-354,2,Autoformalisation failure
math-354,3,Autoformalisation failure
math-354,4,False
math-354,5,True
math-354,6,Autoformalisation failure
math-355,0,Autoformalisation failure
math-355,1,Autoformalisation failure
math-355,2,Autoformalisation failure
math-355,3,Autoformalisation failure
math-355,4,Autoformalisation failure
math-355,5,Autoformalisation failure
math-356,0,Prover failure
math-356,1,True
math-356,2,True
math-356,3,False
math-356,4,Autoformalisation failure
math-356,5,True
math-357,0,Autoformalisation failure
math-357,1,Autoformalisation failure
math-357,2,Autoformalisation failure
math-357,3,Autoformalisation failure
math-357,4,Autoformalisation failure
math-357,5,Autoformalisation failure
math-357,6,Autoformalisation failure
math-357,7,Autoformalisation failure
math-357,8,Autoformalisation failure
math-357,9,Autoformalisation failure
math-357,10,Autoformalisation failure
math-357,11,Autoformalisation failure
math-358,0,Autoformalisation failure
math-358,1,Autoformalisation failure
math-358,2,Autoformalisation failure
math-358,3,False
math-358,4,Autoformalisation failure
math-359,0,Autoformalisation failure
math-359,1,Autoformalisation failure
math-359,2,Autoformalisation failure
math-359,3,Autoformalisation failure
math-359,4,Autoformalisation failure
math-360,0,Autoformalisation failure
math-360,1,True
math-360,2,Autoformalisation failure
math-360,3,Autoformalisation failure
math-360,4,Autoformalisation failure
math-361,0,True
math-361,1,True
math-361,2,True
math-361,3,False
math-361,4,False
math-361,5,True
math-361,6,False
math-362,0,Prover failure
math-362,1,True
math-362,2,True
math-362,3,True
math-362,4,False
math-362,5,False
math-362,6,False
math-363,0,True
math-363,1,True
math-363,2,False
math-363,3,True
math-363,4,Autoformalisation failure
math-363,5,Autoformalisation failure
math-364,0,Autoformalisation failure
math-364,1,Autoformalisation failure
math-364,2,Autoformalisation failure
math-364,3,Autoformalisation failure
math-364,4,Autoformalisation failure
math-364,5,Autoformalisation failure
math-364,6,Autoformalisation failure
math-364,7,Autoformalisation failure
math-364,8,Autoformalisation failure
math-364,9,Autoformalisation failure
math-365,0,True
math-365,1,Autoformalisation failure
math-365,2,Autoformalisation failure
math-365,3,Autoformalisation failure
math-365,4,Autoformalisation failure
math-366,0,False
math-366,1,False
math-366,2,False
math-367,0,Autoformalisation failure
math-367,1,Autoformalisation failure
math-367,2,Autoformalisation failure
math-367,3,Autoformalisation failure
math-368,0,True
math-368,1,Autoformalisation failure
math-368,2,Autoformalisation failure
math-368,3,Autoformalisation failure
math-368,4,Autoformalisation failure
math-368,5,Autoformalisation failure
math-369,0,Autoformalisation failure
math-369,1,False
math-370,0,Autoformalisation failure
math-370,1,Autoformalisation failure
math-370,2,Autoformalisation failure
math-370,3,Autoformalisation failure
math-370,4,Autoformalisation failure
math-370,5,Autoformalisation failure
math-370,6,Autoformalisation failure
math-370,7,Autoformalisation failure
math-371,0,Autoformalisation failure
math-371,1,Autoformalisation failure
math-371,2,True
math-371,3,True
math-371,4,Autoformalisation failure
math-371,5,Autoformalisation failure
math-371,6,Autoformalisation failure
math-371,7,Prover failure
math-372,0,True
math-372,1,True
math-372,2,True
math-372,3,Autoformalisation failure
math-372,4,False
math-373,0,True
math-373,1,True
math-373,2,True
math-373,3,False
math-373,4,True
math-373,5,True
math-374,0,Autoformalisation failure
math-374,1,Autoformalisation failure
math-374,2,Autoformalisation failure
math-374,3,Autoformalisation failure
math-374,4,Autoformalisation failure
math-375,0,Autoformalisation failure
math-375,1,Autoformalisation failure
math-375,2,Autoformalisation failure
math-375,3,Autoformalisation failure
math-375,4,Autoformalisation failure
math-375,5,Autoformalisation failure
math-375,6,Autoformalisation failure
math-376,0,Autoformalisation failure
math-376,1,Autoformalisation failure
math-376,2,Autoformalisation failure
math-376,3,Autoformalisation failure
math-376,4,Autoformalisation failure
math-377,0,Prover failure
math-377,1,True
math-377,2,True
math-377,3,True
math-377,4,True
math-377,5,True
math-377,6,True
math-377,7,True
math-377,8,True
math-377,9,True
math-377,10,True
math-377,11,True
math-377,12,Autoformalisation failure
math-378,0,Autoformalisation failure
math-378,1,Autoformalisation failure
math-378,2,Autoformalisation failure
math-378,3,Autoformalisation failure
math-378,4,True
math-378,5,Autoformalisation failure
math-378,6,Autoformalisation failure
math-379,0,Autoformalisation failure
math-379,1,Autoformalisation failure
math-379,2,True
math-380,0,Autoformalisation failure
math-380,1,Autoformalisation failure
math-380,2,True
math-380,3,Autoformalisation failure
math-380,4,Autoformalisation failure
math-380,5,Autoformalisation failure
math-381,0,Autoformalisation failure
math-381,1,Autoformalisation failure
math-381,2,Autoformalisation failure
math-381,3,True
math-381,4,False
math-381,5,False
math-381,6,False
math-381,7,False
math-381,8,False
math-381,9,False
math-381,10,False
math-381,11,False
math-381,12,False
math-381,13,True
math-381,14,False
math-381,15,True
math-382,0,Autoformalisation failure
math-382,1,Autoformalisation failure
math-382,2,True
math-382,3,False
math-383,0,Autoformalisation failure
math-383,1,Autoformalisation failure
math-383,2,True
math-383,3,Autoformalisation failure
math-383,4,Autoformalisation failure
math-383,5,False
math-383,6,Autoformalisation failure
math-384,0,Autoformalisation failure
math-384,1,Autoformalisation failure
math-384,2,Autoformalisation failure
math-384,3,Autoformalisation failure
math-384,4,Autoformalisation failure
math-385,0,True
math-385,1,Autoformalisation failure
math-385,2,True
math-385,3,True
math-386,0,Autoformalisation failure
math-386,1,Autoformalisation failure
math-386,2,Autoformalisation failure
math-386,3,Autoformalisation failure
math-386,4,Autoformalisation failure
math-386,5,Autoformalisation failure
math-386,6,Autoformalisation failure
math-386,7,True
math-386,8,Autoformalisation failure
math-386,9,True
math-386,10,Autoformalisation failure
math-387,0,Autoformalisation failure
math-387,1,Autoformalisation failure
math-387,2,Autoformalisation failure
math-387,3,Autoformalisation failure
math-387,4,True
math-387,5,False
math-387,6,False
math-388,0,Autoformalisation failure
math-388,1,Autoformalisation failure
math-388,2,Autoformalisation failure
math-388,3,Autoformalisation failure
math-388,4,Autoformalisation failure
math-388,5,Autoformalisation failure
math-388,6,Autoformalisation failure
math-389,0,True
math-389,1,True
math-389,2,Autoformalisation failure
math-389,3,True
math-389,4,True
math-389,5,True
math-390,0,Autoformalisation failure
math-390,1,False
math-390,2,False
math-390,3,True
math-390,4,True
math-390,5,False
math-390,6,False
math-391,0,Autoformalisation failure
math-391,1,Autoformalisation failure
math-391,2,True
math-391,3,False
math-391,4,True
math-392,0,Autoformalisation failure
math-392,1,Autoformalisation failure
math-392,2,Autoformalisation failure
math-392,3,Autoformalisation failure
math-393,0,True
math-393,1,True
math-393,2,True
math-393,3,False
math-393,4,False
math-393,5,False
math-394,0,Autoformalisation failure
math-394,1,False
math-394,2,False
math-394,3,True
math-394,4,Autoformalisation failure
math-394,5,Autoformalisation failure
math-394,6,True
math-394,7,False
math-394,8,True
math-395,0,Autoformalisation failure
math-395,1,Autoformalisation failure
math-396,0,Autoformalisation failure
math-396,1,Autoformalisation failure
math-396,2,Autoformalisation failure
math-397,0,Autoformalisation failure
math-397,1,Autoformalisation failure
math-397,2,Autoformalisation failure
math-398,0,Autoformalisation failure
math-398,1,Autoformalisation failure
math-398,2,Autoformalisation failure
math-398,3,Autoformalisation failure
math-398,4,Autoformalisation failure
math-398,5,Autoformalisation failure
math-398,6,Autoformalisation failure
math-398,7,False
math-398,8,False
math-399,0,Autoformalisation failure
math-399,1,Autoformalisation failure
math-399,2,Autoformalisation failure
math-399,3,Autoformalisation failure
math-399,4,True
math-399,5,False
math-399,6,False
math-399,7,False
math-400,0,Autoformalisation failure
math-400,1,Autoformalisation failure
math-400,2,Autoformalisation failure
math-400,3,Autoformalisation failure
math-400,4,Autoformalisation failure
math-400,5,Autoformalisation failure
math-400,6,Autoformalisation failure
math-401,0,Autoformalisation failure
math-401,1,Autoformalisation failure
math-401,2,Autoformalisation failure
math-401,3,Autoformalisation failure
math-401,4,Autoformalisation failure
math-401,5,Autoformalisation failure
math-401,6,Autoformalisation failure
math-401,7,False
math-401,8,Autoformalisation failure
math-401,9,True
math-401,10,False
math-402,0,Autoformalisation failure
math-402,1,True
math-402,2,False
math-402,3,Autoformalisation failure
math-402,4,Autoformalisation failure
math-402,5,Autoformalisation failure
math-402,6,Autoformalisation failure
math-402,7,Autoformalisation failure
math-402,8,Autoformalisation failure
math-403,0,True
math-403,1,Autoformalisation failure
math-403,2,True
math-403,3,True
math-403,4,True
math-403,5,True
math-403,6,True
math-403,7,True
math-404,0,Autoformalisation failure
math-404,1,Autoformalisation failure
math-404,2,Autoformalisation failure
math-404,3,Autoformalisation failure
math-404,4,True
math-404,5,Prover failure
math-404,6,Autoformalisation failure
math-404,7,False
math-405,0,Autoformalisation failure
math-405,1,Autoformalisation failure
math-405,2,Autoformalisation failure
math-405,3,True
math-405,4,False
math-406,0,True
math-406,1,True
math-406,2,True
math-406,3,True
math-406,4,True
math-407,0,Autoformalisation failure
math-407,1,Autoformalisation failure
math-407,2,Autoformalisation failure
math-407,3,Autoformalisation failure
math-407,4,Autoformalisation failure
math-407,5,Autoformalisation failure
math-407,6,Autoformalisation failure
math-408,0,Autoformalisation failure
math-408,1,Autoformalisation failure
math-408,2,Autoformalisation failure
math-408,3,False
math-408,4,False
math-408,5,False
math-409,0,Autoformalisation failure
math-409,1,Autoformalisation failure
math-409,2,Autoformalisation failure
math-409,3,Autoformalisation failure
math-409,4,Autoformalisation failure
math-409,5,Autoformalisation failure
math-409,6,True
math-409,7,Autoformalisation failure
math-410,0,Autoformalisation failure
math-410,1,Autoformalisation failure
math-410,2,Autoformalisation failure
math-410,3,Autoformalisation failure
math-410,4,Autoformalisation failure
math-410,5,True
math-410,6,Autoformalisation failure
math-410,7,False
math-411,0,Autoformalisation failure
math-411,1,Autoformalisation failure
math-411,2,Autoformalisation failure
math-411,3,Autoformalisation failure
math-411,4,Autoformalisation failure
math-411,5,Autoformalisation failure
math-411,6,Autoformalisation failure
math-411,7,Autoformalisation failure
math-412,0,Prover failure
math-412,1,False
math-412,2,False
math-413,0,Autoformalisation failure
math-413,1,True
math-413,2,Autoformalisation failure
math-413,3,True
math-413,4,True
math-413,5,Autoformalisation failure
math-414,0,Prover failure
math-414,1,Prover failure
math-414,2,Autoformalisation failure
math-414,3,True
math-414,4,True
math-414,5,True
math-414,6,Autoformalisation failure
math-414,7,True
math-414,8,True
math-414,9,Autoformalisation failure
math-414,10,Prover failure
math-414,11,True
math-414,12,True
math-415,0,Autoformalisation failure
math-415,1,Autoformalisation failure
math-415,2,Autoformalisation failure
math-415,3,Autoformalisation failure
math-415,4,Autoformalisation failure
math-416,0,Autoformalisation failure
math-416,1,True
math-416,2,True
math-416,3,False
math-416,4,True
math-416,5,Autoformalisation failure
math-416,6,Autoformalisation failure
math-417,0,True
math-417,1,Autoformalisation failure
math-417,2,Autoformalisation failure
math-418,0,True
math-418,1,Autoformalisation failure
math-418,2,Autoformalisation failure
math-418,3,Autoformalisation failure
math-418,4,True
math-418,5,False
math-419,0,Autoformalisation failure
math-419,1,Autoformalisation failure
math-419,2,Autoformalisation failure
math-419,3,Autoformalisation failure
math-419,4,Autoformalisation failure
math-420,0,True
math-420,1,Autoformalisation failure
math-420,2,True
math-420,3,False
math-421,0,Autoformalisation failure
math-421,1,True
math-421,2,Autoformalisation failure
math-421,3,True
math-421,4,True
math-422,0,Autoformalisation failure
math-422,1,Autoformalisation failure
math-422,2,Autoformalisation failure
math-422,3,Autoformalisation failure
math-422,4,Autoformalisation failure
math-422,5,False
math-422,6,Autoformalisation failure
math-423,0,True
math-423,1,True
math-423,2,True
math-424,0,Autoformalisation failure
math-424,1,True
math-424,2,True
math-424,3,True
math-424,4,True
math-425,0,Autoformalisation failure
math-425,1,True
math-425,2,False
math-425,3,Autoformalisation failure
math-425,4,True
math-425,5,True
math-425,6,Autoformalisation failure
math-425,7,Autoformalisation failure
math-426,0,Autoformalisation failure
math-426,1,Autoformalisation failure
math-426,2,True
math-426,3,True
math-426,4,True
math-427,0,Autoformalisation failure
math-427,1,Autoformalisation failure
math-427,2,Autoformalisation failure
math-427,3,False
math-427,4,Autoformalisation failure
math-428,0,True
math-428,1,Autoformalisation failure
math-428,2,True
math-428,3,Autoformalisation failure
math-428,4,False
math-429,0,True
math-429,1,Autoformalisation failure
math-429,2,True
math-429,3,Autoformalisation failure
math-430,0,Autoformalisation failure
math-430,1,Autoformalisation failure
math-430,2,Autoformalisation failure
math-430,3,Autoformalisation failure
math-430,4,Autoformalisation failure
math-430,5,Autoformalisation failure
math-431,0,Autoformalisation failure
math-431,1,Autoformalisation failure
math-431,2,Autoformalisation failure
math-431,3,Autoformalisation failure
math-431,4,Autoformalisation failure
math-431,5,Autoformalisation failure
math-432,0,Autoformalisation failure
math-432,1,True
math-432,2,True
math-432,3,True
math-432,4,True
math-432,5,True
math-432,6,Autoformalisation failure
math-432,7,Autoformalisation failure
math-433,0,Autoformalisation failure
math-433,1,Autoformalisation failure
math-433,2,Prover failure
math-433,3,Prover failure
math-433,4,Prover failure
math-433,5,Prover failure
math-433,6,Prover failure
math-433,7,Autoformalisation failure
math-434,0,Autoformalisation failure
math-434,1,True
math-434,2,Autoformalisation failure
math-434,3,True
math-434,4,True
math-435,0,Autoformalisation failure
math-435,1,Autoformalisation failure
math-435,2,False
math-436,0,Autoformalisation failure
math-436,1,Autoformalisation failure
math-436,2,Autoformalisation failure
math-436,3,Autoformalisation failure
math-436,4,Autoformalisation failure
math-436,5,True
math-436,6,Autoformalisation failure
math-436,7,True
math-436,8,False
math-437,0,Autoformalisation failure
math-437,1,True
math-437,2,False
math-437,3,True
math-438,0,Autoformalisation failure
math-438,1,Autoformalisation failure
math-438,2,Autoformalisation failure
math-438,3,True
math-439,0,Autoformalisation failure
math-439,1,Autoformalisation failure
math-439,2,Autoformalisation failure
math-439,3,Autoformalisation failure
math-439,4,Autoformalisation failure
math-439,5,Autoformalisation failure
math-439,6,Autoformalisation failure
math-439,7,Autoformalisation failure
math-439,8,Autoformalisation failure
math-439,9,Autoformalisation failure
math-440,0,Autoformalisation failure
math-440,1,Autoformalisation failure
math-440,2,Autoformalisation failure
math-440,3,Autoformalisation failure
math-440,4,Autoformalisation failure
math-440,5,Autoformalisation failure
math-440,6,Autoformalisation failure
math-441,0,Autoformalisation failure
math-441,1,Autoformalisation failure
math-441,2,Autoformalisation failure
math-441,3,True
math-441,4,Autoformalisation failure
math-441,5,Autoformalisation failure
math-441,6,True
math-442,0,True
math-442,1,Prover failure
math-442,2,Prover failure
math-443,0,Autoformalisation failure
math-443,1,True
math-443,2,False
math-443,3,False
math-444,0,Autoformalisation failure
math-444,1,Autoformalisation failure
math-444,2,Autoformalisation failure
math-444,3,Autoformalisation failure
math-444,4,Autoformalisation failure
math-444,5,Autoformalisation failure
math-444,6,Autoformalisation failure
math-444,7,True
math-444,8,True
math-444,9,True
math-445,0,Autoformalisation failure
math-445,1,Autoformalisation failure
math-445,2,Autoformalisation failure
math-445,3,True
math-445,4,True
math-445,5,False
math-445,6,False
math-446,0,Autoformalisation failure
math-446,1,Autoformalisation failure
math-446,2,Autoformalisation failure
math-446,3,Autoformalisation failure
math-446,4,Autoformalisation failure
math-447,0,Autoformalisation failure
math-447,1,Autoformalisation failure
math-448,0,Autoformalisation failure
math-448,1,Autoformalisation failure
math-448,2,Autoformalisation failure
math-448,3,Autoformalisation failure
math-448,4,Autoformalisation failure
math-449,0,Autoformalisation failure
math-449,1,Autoformalisation failure
math-449,2,True
math-449,3,True
math-450,0,Autoformalisation failure
math-450,1,Autoformalisation failure
math-450,2,Autoformalisation failure
math-450,3,Autoformalisation failure
math-450,4,Autoformalisation failure
math-450,5,Autoformalisation failure
math-450,6,Autoformalisation failure
math-450,7,Autoformalisation failure
math-450,8,False
math-450,9,Autoformalisation failure
math-450,10,Autoformalisation failure
math-451,0,Autoformalisation failure
math-451,1,Autoformalisation failure
math-451,2,True
math-451,3,Prover failure
math-451,4,True
math-451,5,Autoformalisation failure
math-451,6,True
math-451,7,Autoformalisation failure
math-451,8,True
math-451,9,Autoformalisation failure
math-452,0,True
math-452,1,True
math-452,2,True
math-452,3,True
math-452,4,Autoformalisation failure
math-452,5,Autoformalisation failure
math-452,6,True
math-452,7,True
math-452,8,Autoformalisation failure
math-453,0,Prover failure
math-453,1,Autoformalisation failure
math-453,2,Autoformalisation failure
math-453,3,Autoformalisation failure
math-453,4,True
math-453,5,Autoformalisation failure
math-453,6,Autoformalisation failure
math-453,7,Autoformalisation failure
math-453,8,Autoformalisation failure
math-453,9,Autoformalisation failure
math-453,10,False
math-453,11,Autoformalisation failure
math-453,12,Autoformalisation failure
math-453,13,Autoformalisation failure
math-453,14,Autoformalisation failure
math-454,0,Autoformalisation failure
math-454,1,Autoformalisation failure
math-454,2,True
math-454,3,True
math-454,4,Autoformalisation failure
math-454,5,Autoformalisation failure
math-454,6,False
math-454,7,False
math-455,0,True
math-455,1,Autoformalisation failure
math-455,2,False
math-455,3,Autoformalisation failure
math-455,4,True
math-455,5,Autoformalisation failure
math-455,6,Prover failure
math-455,7,True
math-455,8,True
math-455,9,True
math-455,10,Autoformalisation failure
math-456,0,Autoformalisation failure
math-456,1,Autoformalisation failure
math-456,2,Autoformalisation failure
math-456,3,Autoformalisation failure
math-456,4,Autoformalisation failure
math-456,5,Autoformalisation failure
math-456,6,Autoformalisation failure
math-456,7,Autoformalisation failure
math-456,8,True
math-456,9,True
math-456,10,Prover failure
math-456,11,False
math-457,0,True
math-457,1,Autoformalisation failure
math-457,2,Autoformalisation failure
math-457,3,Autoformalisation failure
math-457,4,Autoformalisation failure
math-457,5,Autoformalisation failure
math-457,6,Autoformalisation failure
math-458,0,True
math-458,1,True
math-458,2,False
math-458,3,False
math-459,0,Autoformalisation failure
math-459,1,Autoformalisation failure
math-459,2,Autoformalisation failure
math-459,3,Autoformalisation failure
math-459,4,Autoformalisation failure
math-459,5,Autoformalisation failure
math-459,6,Autoformalisation failure
math-459,7,Autoformalisation failure
math-459,8,Autoformalisation failure
math-459,9,Autoformalisation failure
math-459,10,Autoformalisation failure
math-459,11,Autoformalisation failure
math-459,12,Autoformalisation failure
math-459,13,Autoformalisation failure
math-459,14,Autoformalisation failure
math-459,15,Autoformalisation failure
math-459,16,Autoformalisation failure
math-459,17,Autoformalisation failure
math-459,18,Autoformalisation failure
math-459,19,True
math-459,20,Autoformalisation failure
math-459,21,True
math-459,22,Autoformalisation failure
math-459,23,Autoformalisation failure
math-460,0,Autoformalisation failure
math-460,1,Autoformalisation failure
math-460,2,Autoformalisation failure
math-460,3,Autoformalisation failure
math-460,4,Autoformalisation failure
math-460,5,Autoformalisation failure
math-461,0,Autoformalisation failure
math-461,1,Autoformalisation failure
math-461,2,False
math-461,3,Autoformalisation failure
math-461,4,Autoformalisation failure
math-462,0,Autoformalisation failure
math-462,1,Autoformalisation failure
math-462,2,Autoformalisation failure
math-463,0,Autoformalisation failure
math-463,1,Autoformalisation failure
math-463,2,Autoformalisation failure
math-463,3,Autoformalisation failure
math-463,4,Autoformalisation failure
math-463,5,Autoformalisation failure
math-464,0,True
math-464,1,Autoformalisation failure
math-464,2,Prover failure
math-464,3,False
math-464,4,False
math-464,5,False
math-464,6,True
math-464,7,True
math-464,8,True
math-464,9,True
math-465,0,Autoformalisation failure
math-465,1,Autoformalisation failure
math-465,2,Autoformalisation failure
math-465,3,Autoformalisation failure
math-465,4,Autoformalisation failure
math-465,5,Autoformalisation failure
math-466,0,True
math-466,1,True
math-466,2,Autoformalisation failure
math-466,3,Autoformalisation failure
math-466,4,Autoformalisation failure
math-466,5,Autoformalisation failure
math-466,6,Autoformalisation failure
math-467,0,Autoformalisation failure
math-467,1,Autoformalisation failure
math-467,2,Autoformalisation failure
math-467,3,Autoformalisation failure
math-467,4,Autoformalisation failure
math-467,5,Autoformalisation failure
math-468,0,Autoformalisation failure
math-468,1,Autoformalisation failure
math-468,2,Autoformalisation failure
math-468,3,True
math-468,4,Autoformalisation failure
math-468,5,Autoformalisation failure
math-469,0,Autoformalisation failure
math-469,1,Autoformalisation failure
math-469,2,Autoformalisation failure
math-469,3,Autoformalisation failure
math-469,4,Autoformalisation failure
math-469,5,Autoformalisation failure
math-469,6,Autoformalisation failure
math-469,7,Autoformalisation failure
math-469,8,Autoformalisation failure
math-470,0,Autoformalisation failure
math-470,1,Autoformalisation failure
math-470,2,Autoformalisation failure
math-470,3,Autoformalisation failure
math-470,4,Autoformalisation failure
math-470,5,Autoformalisation failure
math-470,6,Autoformalisation failure
math-470,7,True
math-470,8,Autoformalisation failure
math-471,0,Autoformalisation failure
math-471,1,Autoformalisation failure
math-471,2,Autoformalisation failure
math-471,3,Autoformalisation failure
math-471,4,True
math-471,5,False
math-471,6,Autoformalisation failure
math-471,7,Autoformalisation failure
math-471,8,Autoformalisation failure
math-471,9,Autoformalisation failure
math-471,10,True
math-471,11,Autoformalisation failure
math-472,0,Autoformalisation failure
math-472,1,Autoformalisation failure
math-472,2,True
math-472,3,True
math-472,4,True
math-472,5,True
math-472,6,Autoformalisation failure
math-472,7,Autoformalisation failure
math-472,8,Autoformalisation failure
math-473,0,False
math-473,1,True
math-473,2,True
math-474,0,Autoformalisation failure
math-474,1,Autoformalisation failure
math-474,2,Autoformalisation failure
math-474,3,Autoformalisation failure
math-474,4,Autoformalisation failure
math-474,5,Autoformalisation failure
math-474,6,Autoformalisation failure
math-475,0,Autoformalisation failure
math-475,1,True
math-475,2,True
math-475,3,Prover failure
math-475,4,Autoformalisation failure
math-475,5,True
math-476,0,Autoformalisation failure
math-476,1,True
math-476,2,True
math-476,3,Autoformalisation failure
math-477,0,False
math-477,1,Autoformalisation failure
math-477,2,True
math-477,3,False
math-477,4,True
math-477,5,True
math-478,0,Autoformalisation failure
math-478,1,True
math-478,2,False
math-478,3,True
math-478,4,True
math-478,5,Autoformalisation failure
math-479,0,True
math-479,1,Autoformalisation failure
math-479,2,True
math-479,3,True
math-479,4,True
math-479,5,Autoformalisation failure
math-479,6,Autoformalisation failure
math-479,7,Autoformalisation failure
math-479,8,Autoformalisation failure
math-480,0,Autoformalisation failure
math-480,1,Autoformalisation failure
math-480,2,Autoformalisation failure
math-480,3,Autoformalisation failure
math-480,4,Autoformalisation failure
math-481,0,Autoformalisation failure
math-481,1,Autoformalisation failure
math-481,2,Autoformalisation failure
math-481,3,Autoformalisation failure
math-481,4,Autoformalisation failure
math-481,5,Autoformalisation failure
math-481,6,Autoformalisation failure
math-481,7,Autoformalisation failure
math-481,8,Autoformalisation failure
math-481,9,Prover failure
math-481,10,False
math-481,11,Autoformalisation failure
math-481,12,False
math-481,13,True
math-481,14,True
math-481,15,True
math-482,0,Autoformalisation failure
math-482,1,Autoformalisation failure
math-482,2,True
math-482,3,False
math-482,4,True
math-482,5,True
math-482,6,True
math-482,7,Autoformalisation failure
math-482,8,True
math-482,9,True
math-483,0,Autoformalisation failure
math-483,1,Autoformalisation failure
math-483,2,Autoformalisation failure
math-483,3,Autoformalisation failure
math-483,4,Autoformalisation failure
math-484,0,Autoformalisation failure
math-484,1,Autoformalisation failure
math-484,2,Prover failure
math-484,3,Prover failure
math-484,4,True
math-484,5,False
math-484,6,True
math-484,7,Prover failure
math-484,8,Prover failure
math-485,0,Autoformalisation failure
math-485,1,Autoformalisation failure
math-485,2,True
math-485,3,False
math-485,4,False
math-486,0,True
math-486,1,True
math-486,2,True
math-486,3,True
math-487,0,Autoformalisation failure
math-487,1,False
math-487,2,Autoformalisation failure
math-488,0,Autoformalisation failure
math-488,1,Autoformalisation failure
math-488,2,Autoformalisation failure
math-488,3,False
math-489,0,Autoformalisation failure
math-489,1,Autoformalisation failure
math-489,2,Autoformalisation failure
math-489,3,Autoformalisation failure
math-490,0,Autoformalisation failure
math-490,1,Autoformalisation failure
math-490,2,Prover failure
math-490,3,Prover failure
math-490,4,True
math-491,0,True
math-491,1,Autoformalisation failure
math-491,2,True
math-491,3,Autoformalisation failure
math-491,4,False
math-492,0,Autoformalisation failure
math-492,1,Autoformalisation failure
math-492,2,Autoformalisation failure
math-492,3,Autoformalisation failure
math-492,4,Autoformalisation failure
math-492,5,Autoformalisation failure
math-492,6,Autoformalisation failure
math-492,7,Autoformalisation failure
math-492,8,Autoformalisation failure
math-492,9,Autoformalisation failure
math-492,10,Autoformalisation failure
math-493,0,Autoformalisation failure
math-493,1,Autoformalisation failure
math-493,2,Autoformalisation failure
math-493,3,Autoformalisation failure
math-493,4,Autoformalisation failure
math-493,5,Autoformalisation failure
math-493,6,Autoformalisation failure
math-493,7,True
math-493,8,False
math-493,9,Autoformalisation failure
math-493,10,True
math-493,11,False
math-493,12,False
math-493,13,False
math-493,14,Autoformalisation failure
math-494,0,Autoformalisation failure
math-494,1,Autoformalisation failure
math-494,2,Autoformalisation failure
math-494,3,Autoformalisation failure
math-494,4,Autoformalisation failure
math-494,5,Autoformalisation failure
math-494,6,Autoformalisation failure
math-494,7,Autoformalisation failure
math-495,0,Autoformalisation failure
math-495,1,Autoformalisation failure
math-495,2,Autoformalisation failure
math-495,3,Autoformalisation failure
math-495,4,Autoformalisation failure
math-495,5,Autoformalisation failure
math-495,6,Autoformalisation failure
math-495,7,Autoformalisation failure
math-495,8,Autoformalisation failure
math-495,9,Autoformalisation failure
math-495,10,Autoformalisation failure
math-496,0,True
math-496,1,Autoformalisation failure
math-496,2,Autoformalisation failure
math-496,3,Prover failure
math-496,4,True
math-496,5,True
math-497,0,Autoformalisation failure
math-497,1,Autoformalisation failure
math-497,2,Autoformalisation failure
math-497,3,Autoformalisation failure
math-497,4,Autoformalisation failure
math-497,5,Autoformalisation failure
math-497,6,Autoformalisation failure
math-497,7,False
math-498,0,False
math-498,1,True
math-498,2,True
math-499,0,Autoformalisation failure
math-499,1,Autoformalisation failure
math-499,2,Autoformalisation failure
math-499,3,Autoformalisation failure
math-499,4,Autoformalisation failure
math-499,5,Autoformalisation failure
math-499,6,Autoformalisation failure
math-499,7,Autoformalisation failure
math-500,0,Autoformalisation failure
math-500,1,Autoformalisation failure
math-500,2,Autoformalisation failure
math-500,3,Autoformalisation failure
math-501,0,Autoformalisation failure
math-501,1,True
math-501,2,True
math-501,3,True
math-501,4,True
math-501,5,True
math-501,6,True
math-502,0,Autoformalisation failure
math-502,1,Autoformalisation failure
math-502,2,Autoformalisation failure
math-502,3,Autoformalisation failure
math-502,4,Autoformalisation failure
math-502,5,Autoformalisation failure
math-502,6,Autoformalisation failure
math-502,7,Autoformalisation failure
math-502,8,Autoformalisation failure
math-503,0,Autoformalisation failure
math-503,1,True
math-503,2,True
math-503,3,True
math-504,0,True
math-504,1,True
math-504,2,Autoformalisation failure
math-504,3,Autoformalisation failure
math-504,4,Autoformalisation failure
math-504,5,Autoformalisation failure
math-504,6,True
math-504,7,Autoformalisation failure
math-505,0,Autoformalisation failure
math-505,1,True
math-505,2,True
math-505,3,True
math-506,0,True
math-506,1,Autoformalisation failure
math-506,2,True
math-506,3,True
math-506,4,True
math-506,5,True
math-506,6,True
math-507,0,Autoformalisation failure
math-507,1,True
math-507,2,True
math-507,3,True
math-508,0,Autoformalisation failure
math-508,1,Autoformalisation failure
math-508,2,Autoformalisation failure
math-508,3,True
math-508,4,Autoformalisation failure
math-508,5,Autoformalisation failure
math-508,6,Autoformalisation failure
math-508,7,Autoformalisation failure
math-508,8,Autoformalisation failure
math-508,9,Autoformalisation failure
math-508,10,Autoformalisation failure
math-508,11,Autoformalisation failure
math-509,0,True
math-509,1,True
math-509,2,True
math-509,3,True
math-510,0,Autoformalisation failure
math-510,1,Autoformalisation failure
math-510,2,Autoformalisation failure
math-510,3,True
math-510,4,True
math-510,5,True
math-510,6,True
math-510,7,True
math-510,8,True
math-510,9,True
math-510,10,True
math-510,11,Autoformalisation failure
math-511,0,Prover failure
math-511,1,True
math-511,2,Prover failure
math-511,3,Prover failure
math-511,4,Prover failure
math-511,5,True
math-511,6,True
math-511,7,True
math-512,0,Autoformalisation failure
math-512,1,True
math-512,2,True
math-512,3,True
math-512,4,True
math-513,0,False
math-513,1,True
math-513,2,True
math-513,3,False
math-513,4,Autoformalisation failure
math-513,5,False
math-513,6,False
math-513,7,Autoformalisation failure
math-513,8,Autoformalisation failure
math-513,9,False
math-513,10,Autoformalisation failure
math-513,11,Autoformalisation failure
math-513,12,True
math-513,13,True
math-513,14,Autoformalisation failure
math-514,0,Autoformalisation failure
math-514,1,Autoformalisation failure
math-514,2,Autoformalisation failure
math-514,3,Autoformalisation failure
math-514,4,True
math-514,5,True
math-514,6,True
math-515,0,Autoformalisation failure
math-515,1,Autoformalisation failure
math-515,2,Autoformalisation failure
math-515,3,Autoformalisation failure
math-515,4,Autoformalisation failure
math-515,5,Autoformalisation failure
math-515,6,True
math-516,0,Autoformalisation failure
math-516,1,Autoformalisation failure
math-516,2,True
math-516,3,Autoformalisation failure
math-516,4,Autoformalisation failure
math-516,5,True
math-516,6,True
math-516,7,True
math-517,0,Autoformalisation failure
math-517,1,Autoformalisation failure
math-517,2,True
math-517,3,True
math-517,4,True
math-517,5,True
math-517,6,True
math-517,7,True
math-517,8,True
math-517,9,Autoformalisation failure
math-518,0,True
math-518,1,True
math-518,2,True
math-518,3,True
math-518,4,True
math-518,5,True
math-519,0,Autoformalisation failure
math-519,1,Autoformalisation failure
math-519,2,Autoformalisation failure
math-519,3,True
math-519,4,Autoformalisation failure
math-520,0,True
math-520,1,Autoformalisation failure
math-520,2,True
math-520,3,False
math-520,4,False
math-520,5,True
math-520,6,True
math-520,7,True
math-520,8,True
math-520,9,False
math-520,10,False
math-521,0,True
math-521,1,True
math-521,2,True
math-521,3,True
math-521,4,Prover failure
math-521,5,True
math-522,0,Autoformalisation failure
math-522,1,Autoformalisation failure
math-522,2,Autoformalisation failure
math-522,3,Autoformalisation failure
math-522,4,Autoformalisation failure
math-522,5,True
math-522,6,True
math-522,7,True
math-522,8,Prover failure
math-522,9,True
math-522,10,True
math-522,11,Autoformalisation failure
math-523,0,Autoformalisation failure
math-523,1,True
math-523,2,True
math-523,3,True
math-524,0,Autoformalisation failure
math-524,1,Autoformalisation failure
math-524,2,Autoformalisation failure
math-524,3,True
math-524,4,True
math-524,5,Autoformalisation failure
math-525,0,True
math-525,1,True
math-525,2,True
math-525,3,Autoformalisation failure
math-526,0,True
math-526,1,Autoformalisation failure
math-526,2,Autoformalisation failure
math-526,3,True
math-526,4,True
math-526,5,True
math-526,6,Prover failure
math-527,0,True
math-527,1,True
math-527,2,True
math-527,3,True
math-527,4,True
math-527,5,True
math-527,6,Autoformalisation failure
math-527,7,True
math-527,8,True
math-527,9,Autoformalisation failure
math-528,0,True
math-528,1,Autoformalisation failure
math-528,2,True
math-528,3,True
math-528,4,Autoformalisation failure
math-528,5,Autoformalisation failure
math-528,6,True
math-528,7,Prover failure
math-528,8,True
math-528,9,True
math-529,0,Autoformalisation failure
math-529,1,Autoformalisation failure
math-529,2,Autoformalisation failure
math-530,0,Autoformalisation failure
math-530,1,Autoformalisation failure
math-530,2,Autoformalisation failure
math-531,0,Autoformalisation failure
math-531,1,Autoformalisation failure
math-531,2,Autoformalisation failure
math-531,3,True
math-531,4,Autoformalisation failure
math-531,5,Autoformalisation failure
math-531,6,Autoformalisation failure
math-531,7,Autoformalisation failure
math-531,8,Autoformalisation failure
math-531,9,True
math-531,10,Autoformalisation failure
math-532,0,Autoformalisation failure
math-532,1,True
math-532,2,Autoformalisation failure
math-532,3,Autoformalisation failure
math-532,4,Autoformalisation failure
math-532,5,Autoformalisation failure
math-532,6,Autoformalisation failure
math-532,7,Autoformalisation failure
math-532,8,Autoformalisation failure
math-532,9,Autoformalisation failure
math-532,10,True
math-533,0,False
math-533,1,False
math-533,2,False
math-533,3,Autoformalisation failure
math-533,4,True
math-533,5,False
math-534,0,False
math-534,1,True
math-534,2,True
math-535,0,True
math-535,1,Prover failure
math-535,2,Prover failure
math-536,0,Autoformalisation failure
math-536,1,Autoformalisation failure
math-536,2,Autoformalisation failure
math-536,3,Autoformalisation failure
math-537,0,Autoformalisation failure
math-537,1,False
math-537,2,True
math-537,3,True
math-538,0,Autoformalisation failure
math-538,1,Autoformalisation failure
math-538,2,Autoformalisation failure
math-538,3,Autoformalisation failure
math-538,4,Autoformalisation failure
math-538,5,Autoformalisation failure
math-538,6,Autoformalisation failure
math-538,7,Autoformalisation failure
math-538,8,Autoformalisation failure
math-539,0,Prover failure
math-539,1,True
math-539,2,True
math-539,3,True
math-540,0,Autoformalisation failure
math-540,1,Autoformalisation failure
math-540,2,True
math-541,0,Prover failure
math-541,1,True
math-541,2,Prover failure
math-541,3,Prover failure
math-542,0,True
math-542,1,True
math-542,2,True
math-542,3,False
math-542,4,True
math-543,0,True
math-543,1,True
math-543,2,True
math-543,3,True
math-543,4,True
math-543,5,True
math-544,0,Autoformalisation failure
math-544,1,Autoformalisation failure
math-544,2,Autoformalisation failure
math-544,3,Autoformalisation failure
math-545,0,Autoformalisation failure
math-545,1,Autoformalisation failure
math-545,2,Autoformalisation failure
math-545,3,Autoformalisation failure
math-545,4,Autoformalisation failure
math-545,5,Autoformalisation failure
math-545,6,Autoformalisation failure
math-545,7,True
math-545,8,True
math-545,9,True
math-546,0,Autoformalisation failure
math-546,1,Autoformalisation failure
math-546,2,True
math-546,3,Prover failure
math-547,0,True
math-547,1,Autoformalisation failure
math-547,2,Autoformalisation failure
math-547,3,True
math-547,4,True
math-548,0,True
math-548,1,True
math-548,2,Autoformalisation failure
math-549,0,Autoformalisation failure
math-549,1,True
math-549,2,Autoformalisation failure
math-549,3,True
math-549,4,Autoformalisation failure
math-549,5,Autoformalisation failure
math-549,6,Autoformalisation failure
math-550,0,True
math-550,1,True
math-550,2,True
math-550,3,True
math-550,4,Autoformalisation failure
math-551,0,Autoformalisation failure
math-551,1,Autoformalisation failure
math-551,2,Autoformalisation failure
math-551,3,True
math-551,4,True
math-551,5,Autoformalisation failure
math-552,0,Autoformalisation failure
math-552,1,True
math-552,2,Autoformalisation failure
math-552,3,Autoformalisation failure
math-552,4,Autoformalisation failure
math-553,0,Autoformalisation failure
math-553,1,Autoformalisation failure
math-553,2,Autoformalisation failure
math-553,3,Autoformalisation failure
math-553,4,True
math-553,5,Autoformalisation failure
math-554,0,True
math-554,1,True
math-554,2,True
math-554,3,True
math-554,4,True
math-555,0,True
math-555,1,True
math-556,0,True
math-556,1,Autoformalisation failure
math-556,2,False
math-556,3,Autoformalisation failure
math-556,4,False
math-556,5,True
math-556,6,Autoformalisation failure
math-556,7,Autoformalisation failure
math-557,0,Autoformalisation failure
math-557,1,True
math-557,2,True
math-557,3,Autoformalisation failure
math-558,0,Autoformalisation failure
math-558,1,Autoformalisation failure
math-558,2,Autoformalisation failure
math-558,3,True
math-558,4,Autoformalisation failure
math-558,5,Autoformalisation failure
math-559,0,Autoformalisation failure
math-559,1,True
math-559,2,True
math-559,3,True
math-559,4,Autoformalisation failure
math-559,5,Autoformalisation failure
math-559,6,Autoformalisation failure
math-559,7,Autoformalisation failure
math-560,0,True
math-560,1,True
math-560,2,True
math-560,3,True
math-560,4,True
math-561,0,Autoformalisation failure
math-561,1,False
math-561,2,True
math-561,3,True
math-561,4,Autoformalisation failure
math-562,0,True
math-562,1,Prover failure
math-562,2,False
math-562,3,Prover failure
math-563,0,True
math-563,1,True
math-563,2,Autoformalisation failure
math-563,3,True
math-563,4,True
math-564,0,Prover failure
math-564,1,True
math-564,2,Prover failure
math-564,3,True
math-564,4,Prover failure
math-564,5,True
math-565,0,Autoformalisation failure
math-565,1,True
math-565,2,False
math-565,3,False
math-565,4,True
math-566,0,Autoformalisation failure
math-566,1,Autoformalisation failure
math-566,2,Autoformalisation failure
math-566,3,Autoformalisation failure
math-566,4,Autoformalisation failure
math-567,0,Autoformalisation failure
math-567,1,Autoformalisation failure
math-567,2,Autoformalisation failure
math-567,3,Autoformalisation failure
math-567,4,Autoformalisation failure
math-568,0,True
math-568,1,Autoformalisation failure
math-568,2,Autoformalisation failure
math-568,3,True
math-568,4,Autoformalisation failure
math-568,5,Autoformalisation failure
math-569,0,Autoformalisation failure
math-569,1,Autoformalisation failure
math-569,2,Autoformalisation failure
math-569,3,Autoformalisation failure
math-570,0,Autoformalisation failure
math-570,1,Autoformalisation failure
math-570,2,Autoformalisation failure
math-571,0,Autoformalisation failure
math-571,1,Autoformalisation failure
math-571,2,True
math-571,3,True
math-572,0,Autoformalisation failure
math-572,1,Autoformalisation failure
math-572,2,True
math-572,3,True
math-572,4,Autoformalisation failure
math-572,5,Prover failure
math-572,6,True
math-572,7,True
math-572,8,True
math-572,9,True
math-573,0,Autoformalisation failure
math-573,1,Autoformalisation failure
math-573,2,Autoformalisation failure
math-573,3,Autoformalisation failure
math-573,4,Autoformalisation failure
math-573,5,Autoformalisation failure
math-574,0,Autoformalisation failure
math-574,1,True
math-574,2,Autoformalisation failure
math-574,3,Autoformalisation failure
math-575,0,Autoformalisation failure
math-575,1,Autoformalisation failure
math-575,2,Autoformalisation failure
math-575,3,Autoformalisation failure
math-575,4,Autoformalisation failure
math-575,5,Autoformalisation failure
math-575,6,Autoformalisation failure
math-576,0,Autoformalisation failure
math-576,1,Autoformalisation failure
math-576,2,Autoformalisation failure
math-576,3,Autoformalisation failure
math-576,4,Autoformalisation failure
math-576,5,True
math-577,0,Autoformalisation failure
math-577,1,Autoformalisation failure
math-577,2,Autoformalisation failure
math-577,3,Autoformalisation failure
math-577,4,Autoformalisation failure
math-577,5,True
math-577,6,Autoformalisation failure
math-577,7,Autoformalisation failure
math-577,8,True
math-577,9,Autoformalisation failure
math-577,10,Autoformalisation failure
math-578,0,True
math-578,1,True
math-578,2,True
math-578,3,True
math-578,4,True
math-578,5,Autoformalisation failure
math-579,0,Autoformalisation failure
math-579,1,Autoformalisation failure
math-579,2,Autoformalisation failure
math-579,3,Autoformalisation failure
math-579,4,Autoformalisation failure
math-579,5,Autoformalisation failure
math-579,6,Autoformalisation failure
math-579,7,Autoformalisation failure
math-579,8,Autoformalisation failure
math-579,9,Autoformalisation failure
math-579,10,Autoformalisation failure
math-579,11,False
math-579,12,Autoformalisation failure
math-580,0,Autoformalisation failure
math-580,1,Autoformalisation failure
math-580,2,Autoformalisation failure
math-580,3,True
math-580,4,True
math-580,5,Autoformalisation failure
math-581,0,True
math-581,1,True
math-582,0,Autoformalisation failure
math-582,1,Autoformalisation failure
math-582,2,Autoformalisation failure
math-582,3,Autoformalisation failure
math-582,4,True
math-582,5,True
math-583,0,Autoformalisation failure
math-583,1,Autoformalisation failure
math-583,2,Autoformalisation failure
math-583,3,Prover failure
math-583,4,True
math-583,5,True
math-584,0,False
math-584,1,Autoformalisation failure
math-584,2,False
math-584,3,False
math-585,0,True
math-585,1,True
math-585,2,True
math-585,3,True
math-585,4,True
math-586,0,Autoformalisation failure
math-586,1,Autoformalisation failure
math-586,2,Autoformalisation failure
math-586,3,Autoformalisation failure
math-586,4,Autoformalisation failure
math-586,5,Autoformalisation failure
math-586,6,Autoformalisation failure
math-587,0,True
math-587,1,True
math-587,2,True
math-588,0,Autoformalisation failure
math-588,1,Autoformalisation failure
math-588,2,Autoformalisation failure
math-588,3,True
math-588,4,True
math-589,0,True
math-589,1,True
math-589,2,True
math-589,3,True
math-589,4,True
math-590,0,True
math-590,1,True
math-590,2,True
math-590,3,Autoformalisation failure
math-590,4,True
math-590,5,True
math-590,6,True
math-590,7,True
math-590,8,Prover failure
math-591,0,True
math-591,1,Autoformalisation failure
math-591,2,True
math-591,3,True
math-591,4,True
math-591,5,True
math-591,6,True
math-592,0,Autoformalisation failure
math-592,1,True
math-592,2,Autoformalisation failure
math-592,3,True
math-593,0,True
math-593,1,True
math-593,2,True
math-593,3,True
math-593,4,True
math-594,0,Autoformalisation failure
math-594,1,True
math-594,2,True
math-594,3,True
math-594,4,True
math-594,5,Autoformalisation failure
math-595,0,Autoformalisation failure
math-595,1,True
math-595,2,True
math-595,3,True
math-595,4,Autoformalisation failure
math-596,0,Autoformalisation failure
math-596,1,Autoformalisation failure
math-596,2,Autoformalisation failure
math-596,3,Autoformalisation failure
math-596,4,Autoformalisation failure
math-596,5,Autoformalisation failure
math-596,6,Autoformalisation failure
math-596,7,Autoformalisation failure
math-597,0,Autoformalisation failure
math-597,1,Autoformalisation failure
math-597,2,True
math-597,3,True
math-597,4,Autoformalisation failure
math-598,0,True
math-598,1,True
math-598,2,True
math-598,3,True
math-598,4,True
math-598,5,True
math-598,6,True
math-598,7,True
math-598,8,True
math-598,9,True
math-598,10,True
math-598,11,True
math-598,12,True
math-599,0,True
math-599,1,True
math-599,2,True
math-599,3,True
math-599,4,True
math-599,5,True
math-600,0,True
math-600,1,True
math-600,2,False
math-600,3,True
math-600,4,True
math-600,5,True
math-601,0,True
math-601,1,True
math-601,2,Autoformalisation failure
math-601,3,Autoformalisation failure
math-601,4,True
math-601,5,True
math-602,0,Autoformalisation failure
math-602,1,Autoformalisation failure
math-602,2,Autoformalisation failure
math-602,3,Autoformalisation failure
math-602,4,Autoformalisation failure
math-602,5,Autoformalisation failure
math-602,6,Autoformalisation failure
math-602,7,Autoformalisation failure
math-602,8,Autoformalisation failure
math-602,9,Autoformalisation failure
math-602,10,Autoformalisation failure
math-602,11,Autoformalisation failure
math-602,12,Autoformalisation failure
math-602,13,Autoformalisation failure
math-602,14,Autoformalisation failure
math-602,15,Autoformalisation failure
math-603,0,True
math-603,1,True
math-603,2,True
math-603,3,True
math-603,4,True
math-603,5,True
math-603,6,True
math-604,0,True
math-604,1,True
math-604,2,Autoformalisation failure
math-604,3,Autoformalisation failure
math-604,4,Autoformalisation failure
math-605,0,True
math-605,1,True
math-605,2,True
math-605,3,True
math-606,0,Autoformalisation failure
math-606,1,True
math-606,2,True
math-606,3,True
math-606,4,True
math-606,5,Autoformalisation failure
math-606,6,True
math-607,0,Autoformalisation failure
math-607,1,Autoformalisation failure
math-607,2,Autoformalisation failure
math-607,3,Autoformalisation failure
math-607,4,Autoformalisation failure
math-607,5,Autoformalisation failure
math-607,6,Autoformalisation failure
math-608,0,Autoformalisation failure
math-608,1,True
math-608,2,Autoformalisation failure
math-608,3,True
math-608,4,True
math-608,5,True
math-608,6,Autoformalisation failure
math-609,0,Prover failure
math-609,1,Autoformalisation failure
math-609,2,Autoformalisation failure
math-609,3,True
math-609,4,True
math-610,0,Autoformalisation failure
math-610,1,Autoformalisation failure
math-610,2,Autoformalisation failure
math-610,3,Autoformalisation failure
math-611,0,Autoformalisation failure
math-611,1,Autoformalisation failure
math-611,2,Autoformalisation failure
math-611,3,Autoformalisation failure
math-611,4,Autoformalisation failure
math-611,5,Autoformalisation failure
math-612,0,True
math-612,1,True
math-612,2,True
math-613,0,Autoformalisation failure
math-613,1,Autoformalisation failure
math-613,2,Autoformalisation failure
math-613,3,Autoformalisation failure
math-613,4,Autoformalisation failure
math-613,5,Autoformalisation failure
math-613,6,Autoformalisation failure
math-613,7,Autoformalisation failure
math-613,8,Autoformalisation failure
math-614,0,Autoformalisation failure
math-614,1,Autoformalisation failure
math-614,2,Autoformalisation failure
math-614,3,Autoformalisation failure
math-614,4,True
math-614,5,True
math-614,6,True
math-614,7,True
math-614,8,True
math-615,0,True
math-615,1,Autoformalisation failure
math-615,2,True
math-615,3,True
math-615,4,True
math-616,0,Autoformalisation failure
math-616,1,Prover failure
math-616,2,True
math-616,3,True
math-616,4,True
math-617,0,True
math-617,1,True
math-617,2,True
math-617,3,True
math-618,0,True
math-618,1,True
math-618,2,True
math-618,3,Autoformalisation failure
math-618,4,Autoformalisation failure
math-618,5,Autoformalisation failure
math-618,6,Autoformalisation failure
math-618,7,Autoformalisation failure
math-618,8,Autoformalisation failure
math-618,9,Autoformalisation failure
math-619,0,Autoformalisation failure
math-619,1,Autoformalisation failure
math-619,2,Autoformalisation failure
math-619,3,Autoformalisation failure
math-619,4,Autoformalisation failure
math-619,5,Autoformalisation failure
math-619,6,Autoformalisation failure
math-619,7,Autoformalisation failure
math-620,0,Autoformalisation failure
math-620,1,True
math-620,2,Autoformalisation failure
math-620,3,Autoformalisation failure
math-620,4,Autoformalisation failure
math-620,5,Autoformalisation failure
math-621,0,Autoformalisation failure
math-621,1,Autoformalisation failure
math-621,2,Autoformalisation failure
math-621,3,True
math-621,4,True
math-621,5,True
math-621,6,Autoformalisation failure
math-622,0,Autoformalisation failure
math-622,1,Autoformalisation failure
math-622,2,Autoformalisation failure
math-622,3,Autoformalisation failure
math-622,4,Autoformalisation failure
math-622,5,Autoformalisation failure
math-622,6,Autoformalisation failure
math-622,7,Autoformalisation failure
math-622,8,Prover failure
math-622,9,False
math-622,10,False
math-622,11,True
math-622,12,True
math-622,13,Autoformalisation failure
math-623,0,Autoformalisation failure
math-623,1,True
math-623,2,Autoformalisation failure
math-623,3,Autoformalisation failure
math-624,0,Autoformalisation failure
math-624,1,Autoformalisation failure
math-624,2,Prover failure
math-624,3,Prover failure
math-625,0,Autoformalisation failure
math-625,1,True
math-625,2,Autoformalisation failure
math-626,0,Autoformalisation failure
math-626,1,Autoformalisation failure
math-626,2,Autoformalisation failure
math-626,3,True
math-626,4,Autoformalisation failure
math-626,5,False
math-627,0,Prover failure
math-627,1,Autoformalisation failure
math-627,2,Autoformalisation failure
math-627,3,Autoformalisation failure
math-627,4,Autoformalisation failure
math-627,5,True
math-627,6,True
math-627,7,False
math-627,8,True
math-627,9,Autoformalisation failure
math-627,10,True
math-627,11,Autoformalisation failure
math-627,12,Autoformalisation failure
math-627,13,Autoformalisation failure
math-627,14,True
math-627,15,Autoformalisation failure
math-628,0,True
math-628,1,True
math-628,2,True
math-628,3,True
math-628,4,Autoformalisation failure
math-629,0,False
math-629,1,Prover failure
math-629,2,True
math-629,3,True
math-629,4,True
math-629,5,True
math-629,6,True
math-629,7,True
math-630,0,Autoformalisation failure
math-630,1,Autoformalisation failure
math-630,2,Autoformalisation failure
math-630,3,Autoformalisation failure
math-630,4,Autoformalisation failure
math-631,0,Autoformalisation failure
math-631,1,True
math-631,2,True
math-632,0,True
math-632,1,True
math-632,2,True
math-632,3,True
math-633,0,True
math-633,1,Autoformalisation failure
math-633,2,Autoformalisation failure
math-633,3,Autoformalisation failure
math-634,0,Autoformalisation failure
math-634,1,Autoformalisation failure
math-634,2,Autoformalisation failure
math-634,3,Autoformalisation failure
math-634,4,Autoformalisation failure
math-634,5,Autoformalisation failure
math-634,6,Autoformalisation failure
math-634,7,Autoformalisation failure
math-634,8,Autoformalisation failure
math-634,9,Autoformalisation failure
math-634,10,Autoformalisation failure
math-635,0,True
math-635,1,True
math-635,2,Autoformalisation failure
math-635,3,True
math-635,4,Autoformalisation failure
math-636,0,True
math-636,1,True
math-636,2,True
math-636,3,True
math-636,4,True
math-636,5,True
math-637,0,Autoformalisation failure
math-637,1,Autoformalisation failure
math-637,2,Autoformalisation failure
math-637,3,Autoformalisation failure
math-638,0,True
math-638,1,Autoformalisation failure
math-638,2,True
math-638,3,Autoformalisation failure
math-639,0,True
math-639,1,Autoformalisation failure
math-639,2,Autoformalisation failure
math-639,3,Autoformalisation failure
math-640,0,Autoformalisation failure
math-640,1,Autoformalisation failure
math-640,2,Autoformalisation failure
math-640,3,True
math-640,4,True
math-640,5,True
math-640,6,Autoformalisation failure
math-640,7,True
math-640,8,Prover failure
math-641,0,Autoformalisation failure
math-641,1,True
math-641,2,Autoformalisation failure
math-641,3,True
math-641,4,Autoformalisation failure
math-641,5,True
math-641,6,True
math-641,7,True
math-642,0,Autoformalisation failure
math-642,1,Autoformalisation failure
math-642,2,Autoformalisation failure
math-642,3,Autoformalisation failure
math-642,4,Autoformalisation failure
math-642,5,Autoformalisation failure
math-643,0,Autoformalisation failure
math-643,1,Autoformalisation failure
math-643,2,Autoformalisation failure
math-643,3,Autoformalisation failure
math-643,4,Autoformalisation failure
math-644,0,Autoformalisation failure
math-644,1,Autoformalisation failure
math-644,2,Autoformalisation failure
math-644,3,Autoformalisation failure
math-644,4,Autoformalisation failure
math-645,0,True
math-645,1,True
math-645,2,Autoformalisation failure
math-645,3,True
math-646,0,True
math-646,1,Autoformalisation failure
math-646,2,True
math-646,3,True
math-647,0,Autoformalisation failure
math-647,1,Autoformalisation failure
math-647,2,Autoformalisation failure
math-647,3,Autoformalisation failure
math-648,0,Autoformalisation failure
math-648,1,Autoformalisation failure
math-648,2,Autoformalisation failure
math-648,3,Autoformalisation failure
math-649,0,Autoformalisation failure
math-649,1,True
math-649,2,True
math-649,3,True
math-649,4,True
math-650,0,Autoformalisation failure
math-650,1,Autoformalisation failure
math-650,2,Autoformalisation failure
math-650,3,Autoformalisation failure
math-650,4,Autoformalisation failure
math-650,5,True
math-650,6,Autoformalisation failure
math-651,0,Prover failure
math-651,1,True
math-651,2,True
math-651,3,Autoformalisation failure
math-652,0,Autoformalisation failure
math-652,1,True
math-652,2,Autoformalisation failure
math-652,3,Autoformalisation failure
math-652,4,Autoformalisation failure
math-652,5,Autoformalisation failure
math-652,6,Autoformalisation failure
math-652,7,Autoformalisation failure
math-653,0,Autoformalisation failure
math-653,1,Autoformalisation failure
math-653,2,True
math-653,3,True
math-654,0,True
math-654,1,Autoformalisation failure
math-654,2,Autoformalisation failure
math-654,3,Autoformalisation failure
math-654,4,Autoformalisation failure
math-654,5,True
math-655,0,True
math-655,1,True
math-655,2,True
math-655,3,True
math-655,4,True
math-656,0,Autoformalisation failure
math-656,1,Autoformalisation failure
math-656,2,Autoformalisation failure
math-656,3,Autoformalisation failure
math-656,4,True
math-656,5,Autoformalisation failure
math-656,6,Autoformalisation failure
math-656,7,Autoformalisation failure
math-656,8,True
math-656,9,Autoformalisation failure
math-656,10,Autoformalisation failure
math-656,11,True
math-656,12,True
math-656,13,Prover failure
math-657,0,Autoformalisation failure
math-657,1,Autoformalisation failure
math-657,2,Autoformalisation failure
math-657,3,Autoformalisation failure
math-657,4,Autoformalisation failure
math-657,5,True
math-657,6,True
math-658,0,Autoformalisation failure
math-658,1,Autoformalisation failure
math-658,2,Autoformalisation failure
math-658,3,True
math-658,4,True
math-658,5,Autoformalisation failure
math-658,6,True
math-659,0,Autoformalisation failure
math-659,1,Autoformalisation failure
math-659,2,Autoformalisation failure
math-659,3,True
math-659,4,True
math-659,5,True
math-659,6,True
math-659,7,True
math-660,0,Autoformalisation failure
math-660,1,Autoformalisation failure
math-660,2,True
math-660,3,Autoformalisation failure
math-661,0,Autoformalisation failure
math-661,1,True
math-661,2,Autoformalisation failure
math-661,3,True
math-661,4,Autoformalisation failure
math-661,5,True
math-661,6,True
math-661,7,True
math-661,8,True
math-661,9,True
math-661,10,True
math-661,11,True
math-661,12,True
math-662,0,Autoformalisation failure
math-662,1,Autoformalisation failure
math-662,2,Autoformalisation failure
math-662,3,Autoformalisation failure
math-662,4,Autoformalisation failure
math-663,0,False
math-663,1,Autoformalisation failure
math-663,2,True
math-663,3,Autoformalisation failure
math-663,4,False
math-663,5,True
math-663,6,True
math-664,0,True
math-664,1,True
math-664,2,False
math-664,3,True
math-665,0,Autoformalisation failure
math-665,1,Autoformalisation failure
math-665,2,Autoformalisation failure
math-665,3,Autoformalisation failure
math-665,4,Autoformalisation failure
math-665,5,Autoformalisation failure
math-665,6,True
math-665,7,True
math-665,8,True
math-665,9,True
math-666,0,True
math-666,1,True
math-666,2,True
math-666,3,True
math-667,0,Autoformalisation failure
math-667,1,True
math-667,2,Autoformalisation failure
math-667,3,True
math-667,4,True
math-667,5,Prover failure
math-668,0,Autoformalisation failure
math-668,1,True
math-668,2,True
math-668,3,Autoformalisation failure
math-668,4,True
math-668,5,True
math-668,6,True
math-668,7,True
math-668,8,False
math-669,0,Autoformalisation failure
math-669,1,Autoformalisation failure
math-669,2,Autoformalisation failure
math-669,3,Autoformalisation failure
math-669,4,Autoformalisation failure
math-670,0,Autoformalisation failure
math-670,1,Autoformalisation failure
math-670,2,Autoformalisation failure
math-670,3,Autoformalisation failure
math-671,0,Autoformalisation failure
math-671,1,Autoformalisation failure
math-671,2,True
math-671,3,Autoformalisation failure
math-671,4,Autoformalisation failure
math-671,5,Autoformalisation failure
math-672,0,Autoformalisation failure
math-672,1,True
math-672,2,Autoformalisation failure
math-673,0,Autoformalisation failure
math-673,1,Autoformalisation failure
math-673,2,True
math-674,0,Autoformalisation failure
math-674,1,Autoformalisation failure
math-674,2,Autoformalisation failure
math-674,3,True
math-674,4,True
math-675,0,Autoformalisation failure
math-675,1,Autoformalisation failure
math-675,2,Autoformalisation failure
math-675,3,Autoformalisation failure
math-675,4,Autoformalisation failure
math-676,0,True
math-676,1,True
math-676,2,True
math-676,3,True
math-677,0,Autoformalisation failure
math-677,1,Autoformalisation failure
math-677,2,True
math-677,3,Autoformalisation failure
math-677,4,True
math-677,5,True
math-678,0,Autoformalisation failure
math-678,1,Autoformalisation failure
math-678,2,Autoformalisation failure
math-678,3,True
math-678,4,True
math-678,5,True
math-678,6,True
math-678,7,True
math-678,8,True
math-678,9,True
math-678,10,True
math-679,0,Autoformalisation failure
math-679,1,Autoformalisation failure
math-679,2,Autoformalisation failure
math-679,3,Autoformalisation failure
math-679,4,Autoformalisation failure
math-679,5,Autoformalisation failure
math-679,6,Autoformalisation failure
math-680,0,True
math-680,1,False
math-680,2,True
math-680,3,True
math-681,0,True
math-681,1,False
math-681,2,True
math-681,3,True
math-681,4,True
math-681,5,True
math-682,0,Autoformalisation failure
math-682,1,Autoformalisation failure
math-682,2,Autoformalisation failure
math-682,3,Autoformalisation failure
math-682,4,Autoformalisation failure
math-682,5,Autoformalisation failure
math-682,6,Autoformalisation failure
math-682,7,Autoformalisation failure
math-682,8,Autoformalisation failure
math-682,9,Autoformalisation failure
math-682,10,Autoformalisation failure
math-683,0,True
math-683,1,True
math-683,2,True
math-683,3,True
math-684,0,True
math-684,1,True
math-684,2,True
math-684,3,True
math-685,0,True
math-685,1,True
math-685,2,True
math-685,3,True
math-685,4,Autoformalisation failure
math-685,5,True
math-685,6,True
math-685,7,True
math-685,8,Prover failure
math-685,9,True
math-686,0,Autoformalisation failure
math-686,1,Autoformalisation failure
math-686,2,True
math-686,3,True
math-687,0,True
math-687,1,True
math-687,2,True
math-688,0,Autoformalisation failure
math-688,1,Autoformalisation failure
math-688,2,Autoformalisation failure
math-688,3,Autoformalisation failure
math-688,4,Autoformalisation failure
math-688,5,Autoformalisation failure
math-688,6,Autoformalisation failure
math-688,7,Autoformalisation failure
math-689,0,True
math-689,1,True
math-689,2,True
math-690,0,True
math-690,1,True
math-690,2,Autoformalisation failure
math-690,3,Autoformalisation failure
math-690,4,Autoformalisation failure
math-690,5,True
math-690,6,True
math-690,7,True
math-690,8,True
math-690,9,True
math-690,10,Autoformalisation failure
math-690,11,True
math-691,0,True
math-691,1,True
math-691,2,True
math-692,0,Autoformalisation failure
math-692,1,Autoformalisation failure
math-692,2,Autoformalisation failure
math-692,3,Autoformalisation failure
math-692,4,Autoformalisation failure
math-692,5,Autoformalisation failure
math-692,6,Autoformalisation failure
math-692,7,Autoformalisation failure
math-692,8,Autoformalisation failure
math-693,0,True
math-693,1,False
math-693,2,True
math-693,3,True
math-693,4,True
math-693,5,True
math-693,6,True
math-693,7,True
math-694,0,True
math-694,1,True
math-694,2,True
math-694,3,True
math-694,4,True
math-695,0,Prover failure
math-695,1,True
math-695,2,True
math-695,3,True
math-695,4,True
math-695,5,True
math-696,0,True
math-696,1,True
math-696,2,Autoformalisation failure
math-696,3,True
math-696,4,True
math-696,5,Autoformalisation failure
math-696,6,True
math-696,7,Autoformalisation failure
math-696,8,Autoformalisation failure
math-696,9,Autoformalisation failure
math-696,10,Autoformalisation failure
math-697,0,Prover failure
math-697,1,Autoformalisation failure
math-697,2,True
math-697,3,Autoformalisation failure
math-697,4,Autoformalisation failure
math-698,0,Prover failure
math-698,1,True
math-698,2,True
math-698,3,True
math-698,4,Prover failure
math-699,0,True
math-699,1,Autoformalisation failure
math-699,2,True
math-699,3,True
math-699,4,True
math-700,0,Autoformalisation failure
math-700,1,Autoformalisation failure
math-700,2,Autoformalisation failure
math-701,0,True
math-701,1,True
math-701,2,True
math-701,3,True
math-701,4,True
math-701,5,True
math-702,0,False
math-702,1,True
math-702,2,False
math-703,0,Autoformalisation failure
math-703,1,Autoformalisation failure
math-703,2,Autoformalisation failure
math-703,3,Autoformalisation failure
math-703,4,True
math-703,5,True
math-703,6,True
math-703,7,True
math-703,8,Autoformalisation failure
math-704,0,True
math-704,1,True
math-704,2,True
math-704,3,True
math-704,4,True
math-704,5,True
math-704,6,True
math-704,7,True
math-704,8,True
math-705,0,Autoformalisation failure
math-705,1,True
math-705,2,True
math-706,0,True
math-706,1,True
math-706,2,Autoformalisation failure
math-706,3,True
math-706,4,True
math-706,5,True
math-706,6,True
math-707,0,Autoformalisation failure
math-707,1,True
math-707,2,Autoformalisation failure
math-708,0,Autoformalisation failure
math-708,1,Prover failure
math-708,2,True
math-708,3,True
math-708,4,True
math-709,0,True
math-709,1,True
math-709,2,True
math-709,3,True
math-709,4,True
math-709,5,True
math-710,0,True
math-710,1,True
math-710,2,True
math-710,3,Prover failure
math-710,4,True
math-710,5,True
math-710,6,Autoformalisation failure
math-710,7,Autoformalisation failure
math-710,8,Prover failure
math-710,9,True
math-710,10,True
math-710,11,True
math-711,0,Autoformalisation failure
math-711,1,Autoformalisation failure
math-711,2,Autoformalisation failure
math-711,3,Autoformalisation failure
math-711,4,Autoformalisation failure
math-711,5,Autoformalisation failure
math-711,6,Autoformalisation failure
math-712,0,Autoformalisation failure
math-712,1,Autoformalisation failure
math-712,2,Autoformalisation failure
math-712,3,Autoformalisation failure
math-712,4,Autoformalisation failure
math-712,5,Autoformalisation failure
math-713,0,Prover failure
math-713,1,Autoformalisation failure
math-713,2,Prover failure
math-713,3,Prover failure
math-713,4,Prover failure
math-713,5,True
math-713,6,True
math-714,0,Prover failure
math-714,1,True
math-714,2,True
math-714,3,Prover failure
math-714,4,True
math-714,5,True
math-715,0,True
math-715,1,True
math-715,2,True
math-716,0,True
math-716,1,True
math-716,2,Prover failure
math-716,3,True
math-717,0,Autoformalisation failure
math-717,1,Autoformalisation failure
math-717,2,Autoformalisation failure
math-717,3,Autoformalisation failure
math-717,4,Autoformalisation failure
math-717,5,Autoformalisation failure
math-718,0,True
math-718,1,Autoformalisation failure
math-718,2,True
math-718,3,True
math-718,4,True
math-719,0,Prover failure
math-719,1,True
math-719,2,True
math-719,3,Prover failure
math-720,0,Autoformalisation failure
math-720,1,Prover failure
math-720,2,True
math-720,3,Autoformalisation failure
math-720,4,Autoformalisation failure
math-720,5,True
math-721,0,Autoformalisation failure
math-721,1,Autoformalisation failure
math-721,2,Autoformalisation failure
math-721,3,Autoformalisation failure
math-721,4,False
math-721,5,Autoformalisation failure
math-721,6,Autoformalisation failure
math-722,0,Autoformalisation failure
math-722,1,True
math-722,2,True
math-722,3,True
math-723,0,Autoformalisation failure
math-723,1,True
math-723,2,True
math-723,3,True
math-723,4,True
math-723,5,True
math-724,0,Autoformalisation failure
math-724,1,True
math-725,0,True
math-725,1,True
math-725,2,True
math-725,3,True
math-726,0,True
math-726,1,True
math-726,2,True
math-726,3,True
math-727,0,Autoformalisation failure
math-727,1,Autoformalisation failure
math-727,2,Autoformalisation failure
math-727,3,Autoformalisation failure
math-727,4,Autoformalisation failure
math-727,5,True
math-727,6,Autoformalisation failure
math-727,7,Autoformalisation failure
math-727,8,Autoformalisation failure
math-727,9,Autoformalisation failure
math-727,10,Autoformalisation failure
math-727,11,Autoformalisation failure
math-727,12,Autoformalisation failure
math-727,13,Autoformalisation failure
math-727,14,Autoformalisation failure
math-727,15,Autoformalisation failure
math-728,0,Autoformalisation failure
math-728,1,True
math-728,2,Autoformalisation failure
math-728,3,Autoformalisation failure
math-728,4,Autoformalisation failure
math-728,5,Autoformalisation failure
math-728,6,Autoformalisation failure
math-728,7,True
math-728,8,Autoformalisation failure
math-729,0,True
math-729,1,Autoformalisation failure
math-729,2,Autoformalisation failure
math-729,3,Autoformalisation failure
math-729,4,True
math-729,5,Autoformalisation failure
math-729,6,True
math-729,7,Autoformalisation failure
math-730,0,True
math-730,1,Autoformalisation failure
math-730,2,Autoformalisation failure
math-730,3,Autoformalisation failure
math-730,4,True
math-730,5,Autoformalisation failure
math-731,0,Autoformalisation failure
math-731,1,Autoformalisation failure
math-731,2,Autoformalisation failure
math-731,3,Autoformalisation failure
math-731,4,Autoformalisation failure
math-731,5,Autoformalisation failure
math-731,6,Autoformalisation failure
math-731,7,True
math-731,8,True
math-731,9,True
math-731,10,True
math-731,11,Autoformalisation failure
math-731,12,Autoformalisation failure
math-731,13,True
math-731,14,True
math-732,0,Autoformalisation failure
math-732,1,Autoformalisation failure
math-732,2,Autoformalisation failure
math-732,3,Autoformalisation failure
math-732,4,Autoformalisation failure
math-732,5,True
math-732,6,Autoformalisation failure
math-732,7,True
math-733,0,True
math-733,1,True
math-733,2,True
math-733,3,True
math-734,0,True
math-734,1,Autoformalisation failure
math-734,2,Autoformalisation failure
math-734,3,Autoformalisation failure
math-734,4,True
math-734,5,True
math-734,6,True
math-735,0,True
math-735,1,Autoformalisation failure
math-735,2,False
math-735,3,Autoformalisation failure
math-736,0,True
math-736,1,True
math-736,2,True
math-737,0,False
math-737,1,True
math-737,2,True
math-737,3,True
math-737,4,True
math-738,0,Autoformalisation failure
math-738,1,Autoformalisation failure
math-738,2,Autoformalisation failure
math-738,3,Autoformalisation failure
math-738,4,Autoformalisation failure
math-739,0,True
math-739,1,True
math-739,2,True
math-739,3,True
math-739,4,True
math-739,5,True
math-739,6,True
math-739,7,True
math-740,0,Autoformalisation failure
math-740,1,Autoformalisation failure
math-740,2,Autoformalisation failure
math-740,3,Prover failure
math-740,4,False
math-740,5,Prover failure
math-740,6,Prover failure
math-740,7,Prover failure
math-741,0,True
math-741,1,True
math-741,2,True
math-741,3,Autoformalisation failure
math-741,4,True
math-741,5,True
math-741,6,True
math-742,0,Autoformalisation failure
math-742,1,Autoformalisation failure
math-742,2,Autoformalisation failure
math-742,3,Autoformalisation failure
math-742,4,Autoformalisation failure
math-742,5,Autoformalisation failure
math-742,6,Autoformalisation failure
math-742,7,Autoformalisation failure
math-743,0,Autoformalisation failure
math-743,1,Autoformalisation failure
math-743,2,Autoformalisation failure
math-743,3,Autoformalisation failure
math-743,4,Autoformalisation failure
math-743,5,Autoformalisation failure
math-743,6,Autoformalisation failure
math-743,7,Autoformalisation failure
math-743,8,Autoformalisation failure
math-743,9,Autoformalisation failure
math-743,10,Autoformalisation failure
math-743,11,Autoformalisation failure
math-743,12,Autoformalisation failure
math-743,13,Autoformalisation failure
math-744,0,True
math-744,1,True
math-745,0,Autoformalisation failure
math-745,1,Autoformalisation failure
math-745,2,Autoformalisation failure
math-745,3,Autoformalisation failure
math-745,4,Autoformalisation failure
math-746,0,Autoformalisation failure
math-746,1,Autoformalisation failure
math-746,2,Autoformalisation failure
math-746,3,Autoformalisation failure
math-746,4,True
math-746,5,Prover failure
math-747,0,Autoformalisation failure
math-747,1,True
math-747,2,Prover failure
math-747,3,Autoformalisation failure
math-747,4,Autoformalisation failure
math-747,5,Autoformalisation failure
math-748,0,True
math-748,1,True
math-748,2,True
math-748,3,True
math-749,0,Autoformalisation failure
math-749,1,Autoformalisation failure
math-749,2,Autoformalisation failure
math-749,3,Autoformalisation failure
math-749,4,True
math-749,5,Autoformalisation failure
math-750,0,Autoformalisation failure
math-750,1,Autoformalisation failure
math-750,2,Autoformalisation failure
math-750,3,Autoformalisation failure
math-750,4,Autoformalisation failure
math-750,5,Autoformalisation failure
math-750,6,Autoformalisation failure
math-750,7,Autoformalisation failure
math-751,0,Autoformalisation failure
math-751,1,Autoformalisation failure
math-751,2,True
math-751,3,True
math-752,0,Autoformalisation failure
math-752,1,True
math-752,2,False
math-752,3,Autoformalisation failure
math-752,4,True
math-752,5,True
math-753,0,Autoformalisation failure
math-753,1,Autoformalisation failure
math-753,2,True
math-753,3,True
math-753,4,True
math-753,5,True
math-754,0,Autoformalisation failure
math-754,1,True
math-754,2,True
math-754,3,True
math-754,4,True
math-755,0,Autoformalisation failure
math-755,1,Autoformalisation failure
math-755,2,Autoformalisation failure
math-755,3,Autoformalisation failure
math-755,4,Autoformalisation failure
math-755,5,Autoformalisation failure
math-756,0,Autoformalisation failure
math-756,1,True
math-756,2,True
math-756,3,True
math-756,4,True
math-756,5,True
math-757,0,True
math-757,1,True
math-757,2,True
math-757,3,True
math-757,4,Autoformalisation failure
math-757,5,True
math-757,6,Autoformalisation failure
math-757,7,Autoformalisation failure
math-758,0,Autoformalisation failure
math-758,1,Autoformalisation failure
math-758,2,True
math-758,3,True
math-758,4,True
math-759,0,True
math-759,1,True
math-759,2,True
math-759,3,True
math-759,4,True
math-760,0,Autoformalisation failure
math-760,1,Autoformalisation failure
math-760,2,Autoformalisation failure
math-760,3,True
math-760,4,True
math-760,5,False
math-760,6,Autoformalisation failure
math-760,7,Autoformalisation failure
math-760,8,True
math-761,0,Autoformalisation failure
math-761,1,Autoformalisation failure
math-761,2,Autoformalisation failure
math-761,3,Autoformalisation failure
math-761,4,Autoformalisation failure
math-761,5,Autoformalisation failure
math-761,6,Autoformalisation failure
math-762,0,Autoformalisation failure
math-762,1,Autoformalisation failure
math-762,2,True
math-762,3,True
math-762,4,Autoformalisation failure
math-762,5,True
math-763,0,True
math-763,1,True
math-764,0,Autoformalisation failure
math-764,1,Autoformalisation failure
math-764,2,False
math-764,3,True
math-765,0,Autoformalisation failure
math-765,1,Autoformalisation failure
math-765,2,Autoformalisation failure
math-765,3,True
math-765,4,Autoformalisation failure
math-766,0,Autoformalisation failure
math-766,1,Autoformalisation failure
math-766,2,Autoformalisation failure
math-766,3,Autoformalisation failure
math-766,4,Autoformalisation failure
math-766,5,Autoformalisation failure
math-766,6,Autoformalisation failure
math-766,7,Autoformalisation failure
math-766,8,Autoformalisation failure
math-766,9,Autoformalisation failure
math-766,10,Autoformalisation failure
math-766,11,Autoformalisation failure
math-766,12,Autoformalisation failure
math-767,0,Autoformalisation failure
math-767,1,True
math-767,2,Autoformalisation failure
math-767,3,True
math-767,4,True
math-768,0,Prover failure
math-768,1,True
math-768,2,True
math-768,3,Autoformalisation failure
math-768,4,True
math-768,5,Prover failure
math-769,0,Autoformalisation failure
math-769,1,Autoformalisation failure
math-769,2,Autoformalisation failure
math-769,3,Autoformalisation failure
math-770,0,True
math-770,1,Autoformalisation failure
math-770,2,False
math-770,3,True
math-770,4,True
math-770,5,True
math-770,6,True
math-770,7,True
math-770,8,Prover failure
math-770,9,True
math-771,0,Autoformalisation failure
math-771,1,Autoformalisation failure
math-771,2,Autoformalisation failure
math-771,3,Autoformalisation failure
math-771,4,True
math-771,5,Autoformalisation failure
math-771,6,Autoformalisation failure
math-771,7,Autoformalisation failure
math-771,8,Autoformalisation failure
math-771,9,Autoformalisation failure
math-771,10,Autoformalisation failure
math-771,11,True
math-772,0,Autoformalisation failure
math-772,1,Autoformalisation failure
math-772,2,Autoformalisation failure
math-772,3,Autoformalisation failure
math-773,0,True
math-773,1,True
math-773,2,True
math-773,3,True
math-773,4,True
math-774,0,Autoformalisation failure
math-774,1,True
math-774,2,Autoformalisation failure
math-774,3,Autoformalisation failure
math-774,4,Autoformalisation failure
math-774,5,Autoformalisation failure
math-774,6,False
math-774,7,Autoformalisation failure
math-775,0,True
math-775,1,True
math-775,2,True
math-775,3,True
math-775,4,True
math-776,0,Autoformalisation failure
math-776,1,Autoformalisation failure
math-776,2,Autoformalisation failure
math-776,3,Autoformalisation failure
math-776,4,Autoformalisation failure
math-776,5,Autoformalisation failure
math-777,0,True
math-777,1,Autoformalisation failure
math-777,2,Autoformalisation failure
math-777,3,True
math-777,4,True
math-778,0,True
math-778,1,True
math-778,2,True
math-778,3,True
math-778,4,True
math-779,0,True
math-779,1,True
math-779,2,Autoformalisation failure
math-779,3,Autoformalisation failure
math-779,4,True
math-779,5,Autoformalisation failure
math-780,0,Autoformalisation failure
math-780,1,Autoformalisation failure
math-780,2,True
math-780,3,True
math-780,4,Autoformalisation failure
math-780,5,True
math-780,6,Autoformalisation failure
math-781,0,Autoformalisation failure
math-781,1,Autoformalisation failure
math-781,2,Autoformalisation failure
math-781,3,Autoformalisation failure
math-781,4,Autoformalisation failure
math-781,5,Autoformalisation failure
math-781,6,Autoformalisation failure
math-781,7,Autoformalisation failure
math-781,8,Autoformalisation failure
math-781,9,Autoformalisation failure
math-781,10,Autoformalisation failure
math-781,11,Autoformalisation failure
math-781,12,True
math-782,0,Prover failure
math-782,1,False
math-782,2,True
math-782,3,True
math-782,4,True
math-782,5,True
math-783,0,True
math-783,1,True
math-783,2,True
math-783,3,True
math-784,0,Prover failure
math-784,1,Autoformalisation failure
math-784,2,True
math-784,3,True
math-784,4,True
math-785,0,Autoformalisation failure
math-785,1,Autoformalisation failure
math-785,2,Autoformalisation failure
math-785,3,Prover failure
math-785,4,True
math-786,0,Autoformalisation failure
math-786,1,False
math-786,2,Prover failure
math-786,3,True
math-787,0,Autoformalisation failure
math-787,1,Autoformalisation failure
math-787,2,True
math-787,3,True
math-787,4,True
math-787,5,Autoformalisation failure
math-788,0,Autoformalisation failure
math-788,1,True
math-788,2,True
math-788,3,True
math-788,4,True
math-788,5,True
math-788,6,True
math-789,0,True
math-789,1,True
math-789,2,True
math-789,3,True
math-789,4,True
math-790,0,Autoformalisation failure
math-790,1,Autoformalisation failure
math-790,2,Autoformalisation failure
math-791,0,Autoformalisation failure
math-791,1,Autoformalisation failure
math-791,2,Autoformalisation failure
math-791,3,False
math-791,4,True
math-791,5,True
math-791,6,False
math-792,0,Autoformalisation failure
math-792,1,Autoformalisation failure
math-792,2,Autoformalisation failure
math-792,3,Autoformalisation failure
math-793,0,Autoformalisation failure
math-793,1,Autoformalisation failure
math-793,2,Autoformalisation failure
math-793,3,Autoformalisation failure
math-793,4,True
math-793,5,True
math-793,6,True
math-793,7,Prover failure
math-794,0,Autoformalisation failure
math-794,1,True
math-794,2,Autoformalisation failure
math-794,3,True
math-794,4,Autoformalisation failure
math-795,0,True
math-795,1,True
math-795,2,True
math-795,3,True
math-795,4,True
math-796,0,False
math-796,1,True
math-796,2,True
math-796,3,Autoformalisation failure
math-796,4,True
math-796,5,Autoformalisation failure
math-796,6,Autoformalisation failure
math-796,7,True
math-797,0,True
math-797,1,True
math-797,2,Autoformalisation failure
math-797,3,True
math-798,0,True
math-798,1,True
math-798,2,True
math-798,3,True
math-799,0,Autoformalisation failure
math-799,1,Autoformalisation failure
math-799,2,Autoformalisation failure
math-799,3,Autoformalisation failure
math-799,4,Autoformalisation failure
math-800,0,Autoformalisation failure
math-800,1,Autoformalisation failure
math-800,2,True
math-800,3,True
math-800,4,True
math-800,5,True
math-801,0,True
math-801,1,True
math-801,2,True
math-801,3,True
math-801,4,True
math-801,5,True
math-801,6,True
math-801,7,True
math-801,8,Autoformalisation failure
math-802,0,Autoformalisation failure
math-802,1,True
math-802,2,Autoformalisation failure
math-802,3,True
math-802,4,Autoformalisation failure
math-802,5,Autoformalisation failure
math-802,6,Autoformalisation failure
math-802,7,Autoformalisation failure
math-803,0,Autoformalisation failure
math-803,1,Autoformalisation failure
math-803,2,Autoformalisation failure
math-803,3,Autoformalisation failure
math-803,4,Autoformalisation failure
math-803,5,Autoformalisation failure
math-803,6,Autoformalisation failure
math-803,7,Autoformalisation failure
math-803,8,Autoformalisation failure
math-803,9,Autoformalisation failure
math-803,10,Autoformalisation failure
math-803,11,Autoformalisation failure
math-803,12,Autoformalisation failure
math-803,13,Autoformalisation failure
math-803,14,Autoformalisation failure
math-803,15,Autoformalisation failure
math-803,16,Autoformalisation failure
math-803,17,Autoformalisation failure
math-804,0,Autoformalisation failure
math-804,1,Autoformalisation failure
math-804,2,Autoformalisation failure
math-804,3,Autoformalisation failure
math-804,4,True
math-805,0,Autoformalisation failure
math-805,1,True
math-805,2,True
math-805,3,True
math-805,4,True
math-805,5,True
math-806,0,True
math-806,1,True
math-806,2,Autoformalisation failure
math-807,0,Autoformalisation failure
math-807,1,Autoformalisation failure
math-807,2,True
math-807,3,Autoformalisation failure
math-807,4,Autoformalisation failure
math-807,5,Autoformalisation failure
math-807,6,Autoformalisation failure
math-807,7,Autoformalisation failure
math-808,0,Autoformalisation failure
math-808,1,Autoformalisation failure
math-808,2,True
math-808,3,True
math-808,4,True
math-808,5,True
math-808,6,True
math-808,7,True
math-809,0,Autoformalisation failure
math-809,1,Autoformalisation failure
math-809,2,Autoformalisation failure
math-809,3,Autoformalisation failure
math-809,4,Autoformalisation failure
math-809,5,Autoformalisation failure
math-809,6,True
math-809,7,Autoformalisation failure
math-810,0,True
math-810,1,True
math-810,2,True
math-810,3,True
math-810,4,True
math-811,0,True
math-811,1,Autoformalisation failure
math-811,2,True
math-811,3,True
math-811,4,True
math-811,5,True
math-811,6,True
math-811,7,True
math-811,8,True
math-812,0,Autoformalisation failure
math-812,1,Autoformalisation failure
math-812,2,Autoformalisation failure
math-812,3,Autoformalisation failure
math-812,4,True
math-812,5,True
math-812,6,True
math-812,7,True
math-813,0,True
math-813,1,True
math-813,2,Autoformalisation failure
math-814,0,Autoformalisation failure
math-814,1,Autoformalisation failure
math-814,2,Autoformalisation failure
math-814,3,Autoformalisation failure
math-815,0,Autoformalisation failure
math-815,1,Autoformalisation failure
math-815,2,Autoformalisation failure
math-815,3,Autoformalisation failure
math-816,0,Autoformalisation failure
math-816,1,Autoformalisation failure
math-816,2,Autoformalisation failure
math-816,3,Autoformalisation failure
math-816,4,True
math-816,5,Autoformalisation failure
math-817,0,True
math-817,1,True
math-817,2,True
math-817,3,True
math-817,4,True
math-818,0,Autoformalisation failure
math-818,1,Autoformalisation failure
math-818,2,Autoformalisation failure
math-818,3,Autoformalisation failure
math-818,4,Autoformalisation failure
math-818,5,Autoformalisation failure
math-819,0,True
math-819,1,Autoformalisation failure
math-819,2,Autoformalisation failure
math-819,3,Autoformalisation failure
math-819,4,Autoformalisation failure
math-819,5,Autoformalisation failure
math-820,0,Autoformalisation failure
math-820,1,True
math-820,2,Autoformalisation failure
math-820,3,Autoformalisation failure
math-820,4,True
math-820,5,True
math-820,6,True
math-820,7,Autoformalisation failure
math-821,0,Autoformalisation failure
math-821,1,Autoformalisation failure
math-821,2,Autoformalisation failure
math-822,0,Autoformalisation failure
math-822,1,Autoformalisation failure
math-822,2,Autoformalisation failure
math-822,3,Prover failure
math-822,4,Autoformalisation failure
math-822,5,Autoformalisation failure
math-823,0,Autoformalisation failure
math-823,1,Autoformalisation failure
math-823,2,Autoformalisation failure
math-823,3,True
math-823,4,Autoformalisation failure
math-823,5,Autoformalisation failure
math-823,6,Autoformalisation failure
math-823,7,Autoformalisation failure
math-823,8,True
math-824,0,Autoformalisation failure
math-824,1,Autoformalisation failure
math-824,2,True
math-824,3,True
math-824,4,True
math-825,0,True
math-825,1,True
math-825,2,Autoformalisation failure
math-825,3,True
math-825,4,True
math-825,5,True
math-825,6,True
math-825,7,Prover failure
math-825,8,Prover failure
math-825,9,True
math-825,10,True
math-825,11,True
math-826,0,Autoformalisation failure
math-826,1,Autoformalisation failure
math-826,2,Autoformalisation failure
math-826,3,True
math-827,0,Autoformalisation failure
math-827,1,Autoformalisation failure
math-827,2,Autoformalisation failure
math-827,3,Autoformalisation failure
math-828,0,Autoformalisation failure
math-828,1,Autoformalisation failure
math-828,2,Autoformalisation failure
math-828,3,Autoformalisation failure
math-828,4,Autoformalisation failure
math-828,5,True
math-828,6,True
math-828,7,True
math-828,8,True
math-828,9,True
math-828,10,True
math-828,11,Autoformalisation failure
math-829,0,Autoformalisation failure
math-829,1,True
math-829,2,Autoformalisation failure
math-829,3,Autoformalisation failure
math-829,4,Autoformalisation failure
math-829,5,Autoformalisation failure
math-829,6,Autoformalisation failure
math-829,7,Autoformalisation failure
math-829,8,Autoformalisation failure
math-829,9,Autoformalisation failure
math-829,10,Autoformalisation failure
math-829,11,Autoformalisation failure
math-829,12,Autoformalisation failure
math-829,13,True
math-829,14,True
math-830,0,Autoformalisation failure
math-830,1,Autoformalisation failure
math-830,2,True
math-830,3,True
math-830,4,False
math-830,5,True
math-830,6,True
math-830,7,Autoformalisation failure
math-831,0,Autoformalisation failure
math-831,1,Autoformalisation failure
math-831,2,Autoformalisation failure
math-831,3,Autoformalisation failure
math-831,4,Autoformalisation failure
math-832,0,Autoformalisation failure
math-832,1,Autoformalisation failure
math-832,2,Autoformalisation failure
math-832,3,Autoformalisation failure
math-832,4,Autoformalisation failure
math-833,0,Autoformalisation failure
math-833,1,Autoformalisation failure
math-833,2,True
math-833,3,Autoformalisation failure
math-834,0,Prover failure
math-834,1,Autoformalisation failure
math-834,2,Autoformalisation failure
math-834,3,Autoformalisation failure
math-834,4,Autoformalisation failure
math-834,5,Autoformalisation failure
math-834,6,False
math-835,0,Prover failure
math-835,1,Autoformalisation failure
math-836,0,Autoformalisation failure
math-836,1,True
math-836,2,True
math-836,3,False
math-836,4,Autoformalisation failure
math-836,5,Autoformalisation failure
math-836,6,True
math-837,0,Autoformalisation failure
math-837,1,Autoformalisation failure
math-837,2,Autoformalisation failure
math-837,3,Autoformalisation failure
math-837,4,Autoformalisation failure
math-837,5,Autoformalisation failure
math-837,6,Autoformalisation failure
math-838,0,Autoformalisation failure
math-838,1,Autoformalisation failure
math-838,2,Autoformalisation failure
math-838,3,Autoformalisation failure
math-838,4,Autoformalisation failure
math-839,0,Autoformalisation failure
math-839,1,Autoformalisation failure
math-839,2,True
math-839,3,True
math-839,4,True
math-840,0,True
math-840,1,True
math-840,2,True
math-840,3,True
math-841,0,Autoformalisation failure
math-841,1,Autoformalisation failure
math-841,2,Autoformalisation failure
math-841,3,Prover failure
math-841,4,True
math-841,5,Autoformalisation failure
math-842,0,Autoformalisation failure
math-842,1,Autoformalisation failure
math-842,2,Autoformalisation failure
math-842,3,Autoformalisation failure
math-842,4,Autoformalisation failure
math-842,5,Autoformalisation failure
math-843,0,Autoformalisation failure
math-843,1,Autoformalisation failure
math-843,2,Autoformalisation failure
math-843,3,Autoformalisation failure
math-843,4,True
math-843,5,True
math-843,6,True
math-844,0,Autoformalisation failure
math-844,1,True
math-844,2,Autoformalisation failure
math-844,3,True
math-844,4,True
math-844,5,True
math-845,0,False
math-845,1,Prover failure
math-845,2,True
math-845,3,Prover failure
math-846,0,Autoformalisation failure
math-846,1,Autoformalisation failure
math-847,0,Autoformalisation failure
math-847,1,Autoformalisation failure
math-847,2,Autoformalisation failure
math-848,0,True
math-848,1,True
math-848,2,True
math-848,3,True
math-848,4,Prover failure
math-849,0,Autoformalisation failure
math-849,1,Autoformalisation failure
math-849,2,Autoformalisation failure
math-849,3,Autoformalisation failure
math-849,4,True
math-849,5,Autoformalisation failure
math-850,0,True
math-850,1,True
math-850,2,True
math-850,3,False
math-850,4,Prover failure
math-851,0,Autoformalisation failure
math-851,1,Prover failure
math-851,2,True
math-851,3,True
math-851,4,True
math-852,0,True
math-852,1,True
math-852,2,True
math-852,3,True
math-852,4,True
math-853,0,True
math-853,1,True
math-853,2,True
math-853,3,Autoformalisation failure
math-853,4,True
math-853,5,Autoformalisation failure
math-854,0,Prover failure
math-854,1,Prover failure
math-854,2,Prover failure
math-854,3,True
math-854,4,Autoformalisation failure
math-855,0,True
math-855,1,Autoformalisation failure
math-855,2,Autoformalisation failure
math-855,3,Autoformalisation failure
math-855,4,True
math-855,5,Autoformalisation failure
math-855,6,True
math-855,7,Prover failure
math-856,0,True
math-856,1,True
math-856,2,True
math-856,3,True
math-856,4,Autoformalisation failure
math-857,0,Autoformalisation failure
math-857,1,Autoformalisation failure
math-857,2,Autoformalisation failure
math-857,3,Autoformalisation failure
math-857,4,Autoformalisation failure
math-858,0,Autoformalisation failure
math-858,1,Autoformalisation failure
math-858,2,True
math-858,3,Autoformalisation failure
math-858,4,True
math-858,5,True
math-858,6,Autoformalisation failure
math-859,0,Autoformalisation failure
math-859,1,Autoformalisation failure
math-859,2,Autoformalisation failure
math-859,3,True
math-859,4,True
math-859,5,True
math-860,0,Autoformalisation failure
math-860,1,Autoformalisation failure
math-860,2,True
math-860,3,True
math-860,4,Prover failure
math-861,0,Autoformalisation failure
math-861,1,Prover failure
math-861,2,Autoformalisation failure
math-861,3,Autoformalisation failure
math-861,4,Autoformalisation failure
math-861,5,Autoformalisation failure
math-861,6,True
math-862,0,True
math-862,1,True
math-862,2,True
math-862,3,True
math-863,0,True
math-863,1,True
math-863,2,True
math-863,3,True
math-863,4,False
math-863,5,Autoformalisation failure
math-864,0,Autoformalisation failure
math-864,1,Autoformalisation failure
math-864,2,Autoformalisation failure
math-864,3,Autoformalisation failure
math-864,4,True
math-864,5,True
math-865,0,Autoformalisation failure
math-865,1,Autoformalisation failure
math-865,2,Autoformalisation failure
math-865,3,Autoformalisation failure
math-866,0,True
math-866,1,True
math-866,2,True
math-866,3,True
math-866,4,True
math-866,5,Autoformalisation failure
math-867,0,Autoformalisation failure
math-867,1,Autoformalisation failure
math-867,2,Autoformalisation failure
math-867,3,Autoformalisation failure
math-867,4,True
math-867,5,True
math-868,0,True
math-868,1,True
math-868,2,Autoformalisation failure
math-869,0,Autoformalisation failure
math-869,1,Autoformalisation failure
math-869,2,Autoformalisation failure
math-869,3,Autoformalisation failure
math-869,4,Autoformalisation failure
math-870,0,True
math-870,1,True
math-870,2,True
math-870,3,True
math-870,4,Autoformalisation failure
math-871,0,Prover failure
math-871,1,Prover failure
math-871,2,True
math-872,0,Autoformalisation failure
math-872,1,Autoformalisation failure
math-872,2,Autoformalisation failure
math-872,3,Autoformalisation failure
math-872,4,Autoformalisation failure
math-872,5,True
math-872,6,Autoformalisation failure
math-872,7,Autoformalisation failure
math-872,8,Autoformalisation failure
math-873,0,Autoformalisation failure
math-873,1,Autoformalisation failure
math-873,2,Autoformalisation failure
math-873,3,Autoformalisation failure
math-873,4,Autoformalisation failure
math-873,5,Autoformalisation failure
math-874,0,Autoformalisation failure
math-874,1,True
math-874,2,True
math-874,3,True
math-874,4,True
math-874,5,True
math-874,6,True
math-875,0,Autoformalisation failure
math-875,1,False
math-875,2,False
math-875,3,False
math-875,4,True
math-875,5,True
math-875,6,True
math-875,7,True
math-875,8,Autoformalisation failure
math-876,0,True
math-876,1,Autoformalisation failure
math-876,2,True
math-876,3,True
math-876,4,True
math-876,5,True
math-877,0,Autoformalisation failure
math-877,1,Autoformalisation failure
math-877,2,Autoformalisation failure
math-877,3,Prover failure
math-877,4,Prover failure
math-877,5,Prover failure
math-877,6,Prover failure
math-877,7,Prover failure
math-877,8,Prover failure
math-877,9,Prover failure
math-878,0,Autoformalisation failure
math-878,1,Autoformalisation failure
math-878,2,Autoformalisation failure
math-878,3,Autoformalisation failure
math-878,4,Autoformalisation failure
math-878,5,Autoformalisation failure
math-878,6,True
math-878,7,True
math-879,0,Autoformalisation failure
math-879,1,Autoformalisation failure
math-879,2,Autoformalisation failure
math-879,3,Autoformalisation failure
math-879,4,Autoformalisation failure
math-879,5,True
math-879,6,True
math-879,7,Autoformalisation failure
math-880,0,True
math-880,1,Autoformalisation failure
math-880,2,True
math-880,3,Autoformalisation failure
math-880,4,Autoformalisation failure
math-880,5,Autoformalisation failure
math-881,0,True
math-881,1,True
math-881,2,True
math-881,3,True
math-882,0,Autoformalisation failure
math-882,1,True
math-882,2,Autoformalisation failure
math-882,3,Autoformalisation failure
math-882,4,Autoformalisation failure
math-882,5,Autoformalisation failure
math-883,0,Autoformalisation failure
math-883,1,True
math-883,2,True
math-883,3,False
math-883,4,False
math-884,0,True
math-884,1,True
math-884,2,True
math-884,3,True
math-884,4,True
math-885,0,True
math-885,1,True
math-885,2,Autoformalisation failure
math-885,3,Autoformalisation failure
math-885,4,Autoformalisation failure
math-886,0,Autoformalisation failure
math-886,1,Autoformalisation failure
math-886,2,Autoformalisation failure
math-886,3,Autoformalisation failure
math-886,4,Autoformalisation failure
math-886,5,True
math-887,0,True
math-887,1,True
math-887,2,True
math-887,3,True
math-887,4,True
math-887,5,True
math-887,6,True
math-887,7,True
math-887,8,True
math-887,9,True
math-887,10,True
math-887,11,True
math-887,12,Autoformalisation failure
math-887,13,True
math-887,14,True
math-887,15,True
math-887,16,True
math-887,17,True
math-887,18,Autoformalisation failure
math-888,0,True
math-888,1,Autoformalisation failure
math-888,2,Autoformalisation failure
math-889,0,True
math-889,1,True
math-889,2,True
math-889,3,True
math-889,4,True
math-889,5,True
math-890,0,True
math-890,1,True
math-890,2,True
math-890,3,Autoformalisation failure
math-890,4,True
math-890,5,True
math-891,0,Autoformalisation failure
math-891,1,Autoformalisation failure
math-891,2,Autoformalisation failure
math-891,3,Autoformalisation failure
math-891,4,True
math-892,0,Autoformalisation failure
math-892,1,Autoformalisation failure
math-892,2,Autoformalisation failure
math-892,3,Autoformalisation failure
math-892,4,Autoformalisation failure
math-893,0,Autoformalisation failure
math-893,1,Autoformalisation failure
math-893,2,Autoformalisation failure
math-893,3,Autoformalisation failure
math-893,4,Autoformalisation failure
math-894,0,Autoformalisation failure
math-894,1,True
math-894,2,True
math-894,3,True
math-894,4,True
math-895,0,True
math-895,1,Autoformalisation failure
math-895,2,True
math-895,3,True
math-895,4,True
math-895,5,True
math-896,0,True
math-896,1,Prover failure
math-896,2,Autoformalisation failure
math-896,3,True
math-896,4,True
math-896,5,True
math-897,0,Autoformalisation failure
math-897,1,Autoformalisation failure
math-897,2,True
math-898,0,Autoformalisation failure
math-898,1,True
math-898,2,True
math-898,3,Autoformalisation failure
math-899,0,Autoformalisation failure
math-899,1,Autoformalisation failure
math-899,2,True
math-899,3,True
math-899,4,False
math-899,5,True
math-899,6,True
math-900,0,True
math-900,1,True
math-900,2,True
math-900,3,Prover failure
math-901,0,False
math-901,1,Autoformalisation failure
math-901,2,Autoformalisation failure
math-901,3,True
math-901,4,True
math-902,0,Autoformalisation failure
math-902,1,Autoformalisation failure
math-902,2,True
math-902,3,Autoformalisation failure
math-902,4,True
math-903,0,Autoformalisation failure
math-903,1,Autoformalisation failure
math-903,2,True
math-903,3,True
math-903,4,True
math-903,5,True
math-903,6,True
math-903,7,Autoformalisation failure
math-904,0,True
math-904,1,True
math-904,2,True
math-904,3,True
math-904,4,True
math-904,5,True
math-904,6,True
math-905,0,Autoformalisation failure
math-905,1,Autoformalisation failure
math-905,2,True
math-905,3,True
math-905,4,True
math-905,5,True
math-906,0,Autoformalisation failure
math-906,1,True
math-906,2,True
math-907,0,True
math-907,1,True
math-907,2,True
math-907,3,True
math-908,0,Autoformalisation failure
math-908,1,Autoformalisation failure
math-908,2,Autoformalisation failure
math-908,3,Autoformalisation failure
math-908,4,Autoformalisation failure
math-908,5,Prover failure
math-909,0,Autoformalisation failure
math-909,1,True
math-909,2,True
math-910,0,Autoformalisation failure
math-910,1,Autoformalisation failure
math-910,2,Autoformalisation failure
math-910,3,Autoformalisation failure
math-910,4,Autoformalisation failure
math-910,5,Autoformalisation failure
math-910,6,Autoformalisation failure
math-910,7,Autoformalisation failure
math-910,8,Autoformalisation failure
math-910,9,Autoformalisation failure
math-910,10,Autoformalisation failure
math-910,11,Autoformalisation failure
math-910,12,Autoformalisation failure
math-910,13,True
math-911,0,Autoformalisation failure
math-911,1,True
math-911,2,True
math-911,3,True
math-911,4,True
math-911,5,True
math-912,0,True
math-912,1,True
math-912,2,True
math-912,3,True
math-912,4,True
math-912,5,True
math-912,6,True
math-913,0,Autoformalisation failure
math-913,1,Autoformalisation failure
math-913,2,Autoformalisation failure
math-914,0,True
math-914,1,True
math-914,2,Autoformalisation failure
math-914,3,False
math-914,4,True
math-914,5,False
math-914,6,True
math-914,7,True
math-915,0,Autoformalisation failure
math-915,1,True
math-915,2,True
math-915,3,True
math-915,4,True
math-916,0,True
math-916,1,Autoformalisation failure
math-916,2,True
math-917,0,True
math-917,1,Autoformalisation failure
math-917,2,True
math-917,3,Autoformalisation failure
math-917,4,True
math-917,5,True
math-917,6,True
math-917,7,True
math-917,8,True
math-918,0,True
math-918,1,True
math-918,2,True
math-918,3,True
math-918,4,True
math-918,5,True
math-918,6,True
math-919,0,False
math-919,1,True
math-919,2,Autoformalisation failure
math-919,3,Autoformalisation failure
math-919,4,True
math-919,5,True
math-920,0,True
math-920,1,True
math-920,2,True
math-921,0,Autoformalisation failure
math-921,1,Autoformalisation failure
math-921,2,Autoformalisation failure
math-921,3,Autoformalisation failure
math-921,4,True
math-921,5,True
math-922,0,Autoformalisation failure
math-922,1,Autoformalisation failure
math-922,2,Autoformalisation failure
math-922,3,Autoformalisation failure
math-922,4,True
math-923,0,True
math-923,1,True
math-923,2,True
math-923,3,True
math-923,4,False
math-923,5,True
math-923,6,True
math-923,7,Autoformalisation failure
math-924,0,Autoformalisation failure
math-924,1,True
math-924,2,True
math-925,0,True
math-925,1,True
math-925,2,True
math-925,3,True
math-925,4,True
math-926,0,True
math-926,1,Autoformalisation failure
math-926,2,True
math-926,3,True
math-926,4,True
math-926,5,True
math-926,6,Autoformalisation failure
math-926,7,Autoformalisation failure
math-926,8,True
math-926,9,True
math-926,10,True
math-926,11,True
math-927,0,Autoformalisation failure
math-927,1,Prover failure
math-928,0,True
math-928,1,Autoformalisation failure
math-928,2,True
math-928,3,True
math-928,4,True
math-928,5,True
math-929,0,Autoformalisation failure
math-929,1,True
math-929,2,Autoformalisation failure
math-929,3,True
math-929,4,Autoformalisation failure
math-930,0,True
math-930,1,True
math-930,2,True
math-930,3,True
math-930,4,True
math-931,0,True
math-931,1,Autoformalisation failure
math-931,2,Autoformalisation failure
math-931,3,Autoformalisation failure
math-931,4,True
math-931,5,True
math-931,6,True
math-931,7,True
math-932,0,Autoformalisation failure
math-932,1,Autoformalisation failure
math-932,2,Autoformalisation failure
math-932,3,Autoformalisation failure
math-932,4,Autoformalisation failure
math-932,5,Autoformalisation failure
math-932,6,Autoformalisation failure
math-932,7,Autoformalisation failure
math-933,0,True
math-933,1,True
math-933,2,True
math-934,0,True
math-934,1,True
math-934,2,Autoformalisation failure
math-934,3,Autoformalisation failure
math-934,4,True
math-934,5,True
math-934,6,True
math-934,7,True
math-934,8,True
math-935,0,True
math-935,1,True
math-935,2,True
math-935,3,Autoformalisation failure
math-936,0,Autoformalisation failure
math-936,1,Autoformalisation failure
math-936,2,True
math-936,3,True
math-937,0,Autoformalisation failure
math-937,1,True
math-937,2,Autoformalisation failure
math-937,3,Autoformalisation failure
math-937,4,True
math-937,5,True
math-937,6,True
math-938,0,Prover failure
math-938,1,Prover failure
math-938,2,Autoformalisation failure
math-938,3,Autoformalisation failure
math-938,4,Autoformalisation failure
math-938,5,Autoformalisation failure
math-938,6,Autoformalisation failure
math-938,7,True
math-938,8,True
math-939,0,Autoformalisation failure
math-939,1,Autoformalisation failure
math-939,2,Autoformalisation failure
math-940,0,Autoformalisation failure
math-940,1,Autoformalisation failure
math-940,2,Autoformalisation failure
math-940,3,Autoformalisation failure
math-940,4,Autoformalisation failure
math-941,0,Prover failure
math-941,1,True
math-941,2,True
math-941,3,True
math-942,0,Autoformalisation failure
math-942,1,Autoformalisation failure
math-942,2,True
math-943,0,Autoformalisation failure
math-943,1,Autoformalisation failure
math-943,2,True
math-943,3,True
math-944,0,Autoformalisation failure
math-944,1,Autoformalisation failure
math-944,2,Autoformalisation failure
math-944,3,Autoformalisation failure
math-944,4,Autoformalisation failure
math-945,0,Prover failure
math-945,1,False
math-945,2,Autoformalisation failure
math-945,3,True
math-945,4,True
math-945,5,True
math-945,6,True
math-945,7,True
math-946,0,Autoformalisation failure
math-946,1,Autoformalisation failure
math-946,2,Autoformalisation failure
math-946,3,True
math-946,4,True
math-946,5,Autoformalisation failure
math-946,6,Autoformalisation failure
math-947,0,True
math-947,1,Prover failure
math-948,0,False
math-948,1,Autoformalisation failure
math-948,2,Autoformalisation failure
math-948,3,True
math-948,4,Autoformalisation failure
math-949,0,Autoformalisation failure
math-949,1,True
math-949,2,Autoformalisation failure
math-949,3,Autoformalisation failure
math-950,0,Autoformalisation failure
math-950,1,True
math-950,2,True
math-950,3,True
math-950,4,True
math-950,5,True
math-950,6,True
math-950,7,True
math-950,8,True
math-950,9,Prover failure
math-951,0,True
math-951,1,True
math-951,2,True
math-951,3,True
math-951,4,True
math-951,5,True
math-952,0,Autoformalisation failure
math-952,1,True
math-952,2,True
math-952,3,True
math-953,0,Prover failure
math-953,1,True
math-953,2,True
math-953,3,True
math-953,4,True
math-954,0,Autoformalisation failure
math-954,1,True
math-954,2,Autoformalisation failure
math-954,3,Autoformalisation failure
math-954,4,Autoformalisation failure
math-954,5,Autoformalisation failure
math-955,0,True
math-955,1,True
math-955,2,True
math-955,3,True
math-955,4,Prover failure
math-956,0,Autoformalisation failure
math-956,1,True
math-956,2,True
math-956,3,Autoformalisation failure
math-957,0,True
math-957,1,True
math-957,2,True
math-957,3,True
math-957,4,Prover failure
math-957,5,Autoformalisation failure
math-957,6,Autoformalisation failure
math-957,7,True
math-958,0,True
math-958,1,Autoformalisation failure
math-958,2,Autoformalisation failure
math-958,3,Autoformalisation failure
math-958,4,Autoformalisation failure
math-958,5,Autoformalisation failure
math-958,6,Autoformalisation failure
math-958,7,Autoformalisation failure
math-958,8,True
math-958,9,Autoformalisation failure
math-958,10,True
math-959,0,True
math-959,1,True
math-959,2,True
math-959,3,True
math-959,4,True
math-959,5,True
math-960,0,False
math-960,1,True
math-960,2,Prover failure
math-960,3,Autoformalisation failure
math-960,4,True
math-960,5,True
math-960,6,True
math-960,7,True
math-961,0,Autoformalisation failure
math-961,1,Autoformalisation failure
math-961,2,Autoformalisation failure
math-961,3,Autoformalisation failure
math-961,4,Autoformalisation failure
math-961,5,Autoformalisation failure
math-961,6,Autoformalisation failure
math-961,7,Autoformalisation failure
math-961,8,Autoformalisation failure
math-961,9,Autoformalisation failure
math-961,10,Autoformalisation failure
math-961,11,Autoformalisation failure
math-961,12,Autoformalisation failure
math-961,13,Autoformalisation failure
math-961,14,True
math-961,15,Autoformalisation failure
math-962,0,Autoformalisation failure
math-962,1,Autoformalisation failure
math-962,2,Autoformalisation failure
math-962,3,Autoformalisation failure
math-962,4,True
math-962,5,Autoformalisation failure
math-962,6,Autoformalisation failure
math-963,0,Autoformalisation failure
math-963,1,True
math-963,2,Autoformalisation failure
math-963,3,True
math-964,0,Autoformalisation failure
math-964,1,Autoformalisation failure
math-964,2,Autoformalisation failure
math-964,3,Autoformalisation failure
math-964,4,True
math-964,5,True
math-964,6,True
math-965,0,Autoformalisation failure
math-965,1,True
math-965,2,True
math-965,3,True
math-965,4,True
math-966,0,Autoformalisation failure
math-966,1,Autoformalisation failure
math-966,2,Autoformalisation failure
math-966,3,Autoformalisation failure
math-966,4,Autoformalisation failure
math-966,5,Autoformalisation failure
math-967,0,Autoformalisation failure
math-967,1,True
math-967,2,True
math-967,3,True
math-967,4,True
math-967,5,True
math-967,6,True
math-967,7,Prover failure
math-968,0,Autoformalisation failure
math-968,1,Autoformalisation failure
math-968,2,True
math-969,0,Autoformalisation failure
math-969,1,Autoformalisation failure
math-969,2,Autoformalisation failure
math-969,3,Autoformalisation failure
math-970,0,True
math-970,1,True
math-970,2,True
math-970,3,True
math-971,0,Autoformalisation failure
math-971,1,Autoformalisation failure
math-971,2,Autoformalisation failure
math-971,3,Autoformalisation failure
math-971,4,Autoformalisation failure
math-971,5,Autoformalisation failure
math-971,6,Autoformalisation failure
math-971,7,Autoformalisation failure
math-971,8,Autoformalisation failure
math-971,9,Autoformalisation failure
math-972,0,True
math-972,1,Autoformalisation failure
math-972,2,Autoformalisation failure
math-972,3,True
math-972,4,Prover failure
math-972,5,Autoformalisation failure
math-973,0,True
math-973,1,True
math-973,2,True
math-973,3,Autoformalisation failure
math-973,4,Autoformalisation failure
math-974,0,True
math-974,1,True
math-974,2,True
math-974,3,True
math-974,4,True
math-975,0,False
math-975,1,Autoformalisation failure
math-975,2,True
math-975,3,True
math-975,4,True
math-975,5,True
math-975,6,True
math-976,0,True
math-976,1,Autoformalisation failure
math-976,2,Autoformalisation failure
math-976,3,Autoformalisation failure
math-976,4,True
math-976,5,True
math-976,6,True
math-977,0,True
math-977,1,False
math-977,2,True
math-977,3,True
math-978,0,Autoformalisation failure
math-978,1,True
math-978,2,Autoformalisation failure
math-978,3,True
math-978,4,False
math-979,0,True
math-979,1,True
math-979,2,True
math-980,0,Autoformalisation failure
math-980,1,True
math-980,2,True
math-980,3,True
math-980,4,Autoformalisation failure
math-980,5,Autoformalisation failure
math-981,0,Autoformalisation failure
math-981,1,True
math-981,2,True
math-981,3,Autoformalisation failure
math-982,0,Autoformalisation failure
math-982,1,Autoformalisation failure
math-982,2,Autoformalisation failure
math-982,3,Autoformalisation failure
math-982,4,Autoformalisation failure
math-982,5,True
math-982,6,Autoformalisation failure
math-982,7,True
math-982,8,Autoformalisation failure
math-983,0,Autoformalisation failure
math-983,1,Autoformalisation failure
math-983,2,Autoformalisation failure
math-983,3,Autoformalisation failure
math-983,4,Autoformalisation failure
math-983,5,Autoformalisation failure
math-984,0,Autoformalisation failure
math-984,1,Autoformalisation failure
math-984,2,Autoformalisation failure
math-984,3,Autoformalisation failure
math-984,4,True
math-984,5,True
math-985,0,True
math-985,1,True
math-986,0,True
math-986,1,True
math-986,2,True
math-986,3,True
math-986,4,True
math-986,5,True
math-987,0,True
math-987,1,True
math-987,2,True
math-987,3,True
math-988,0,Autoformalisation failure
math-988,1,Autoformalisation failure
math-988,2,Autoformalisation failure
math-988,3,Autoformalisation failure
math-989,0,Autoformalisation failure
math-989,1,Autoformalisation failure
math-989,2,Autoformalisation failure
math-989,3,Autoformalisation failure
math-989,4,True
math-989,5,True
math-990,0,Autoformalisation failure
math-990,1,True
math-990,2,Autoformalisation failure
math-990,3,True
math-990,4,Autoformalisation failure
math-990,5,Autoformalisation failure
math-991,0,Autoformalisation failure
math-991,1,Autoformalisation failure
math-991,2,Autoformalisation failure
math-991,3,Autoformalisation failure
math-991,4,Autoformalisation failure
math-991,5,True
math-991,6,Autoformalisation failure
math-991,7,Autoformalisation failure
math-992,0,Autoformalisation failure
math-992,1,Autoformalisation failure
math-992,2,Autoformalisation failure
math-992,3,Autoformalisation failure
math-992,4,Autoformalisation failure
math-992,5,Autoformalisation failure
math-992,6,Autoformalisation failure
math-992,7,Autoformalisation failure
math-992,8,Autoformalisation failure
math-992,9,True
math-992,10,Autoformalisation failure
math-992,11,True
math-992,12,Autoformalisation failure
math-993,0,True
math-993,1,True
math-993,2,True
math-994,0,False
math-994,1,True
math-994,2,False
math-994,3,True
math-994,4,True
math-995,0,True
math-995,1,True
math-995,2,True
math-995,3,True
math-995,4,True
math-995,5,True
math-995,6,True
math-996,0,Autoformalisation failure
math-996,1,Autoformalisation failure
math-996,2,True
math-996,3,Autoformalisation failure
math-996,4,Autoformalisation failure
math-996,5,True
math-996,6,Autoformalisation failure
math-997,0,True
math-997,1,True
math-997,2,True
math-997,3,False
math-997,4,True
math-997,5,True
math-997,6,Autoformalisation failure
math-997,7,Autoformalisation failure
math-998,0,True
math-998,1,True
math-998,2,True
math-998,3,True
math-998,4,True
math-998,5,False
math-998,6,Autoformalisation failure
math-998,7,Autoformalisation failure
math-998,8,True
math-998,9,Autoformalisation failure
math-999,0,Autoformalisation failure
math-999,1,Autoformalisation failure
math-999,2,Autoformalisation failure
math-999,3,Autoformalisation failure
math-999,4,False
math-999,5,Autoformalisation failure
olympiadbench-0,0,Autoformalisation failure
olympiadbench-0,1,Autoformalisation failure
olympiadbench-0,2,False
olympiadbench-0,3,Autoformalisation failure
olympiadbench-1,0,True
olympiadbench-1,1,True
olympiadbench-1,2,False
olympiadbench-1,3,True
olympiadbench-1,4,True
olympiadbench-2,0,Autoformalisation failure
olympiadbench-2,1,Autoformalisation failure
olympiadbench-2,2,Autoformalisation failure
olympiadbench-2,3,Autoformalisation failure
olympiadbench-2,4,Autoformalisation failure
olympiadbench-2,5,Autoformalisation failure
olympiadbench-2,6,Autoformalisation failure
olympiadbench-2,7,False
olympiadbench-3,0,Autoformalisation failure
olympiadbench-3,1,Autoformalisation failure
olympiadbench-3,2,True
olympiadbench-3,3,Autoformalisation failure
olympiadbench-3,4,Autoformalisation failure
olympiadbench-3,5,Autoformalisation failure
olympiadbench-4,0,Autoformalisation failure
olympiadbench-4,1,Autoformalisation failure
olympiadbench-4,2,Autoformalisation failure
olympiadbench-4,3,Autoformalisation failure
olympiadbench-4,4,Autoformalisation failure
olympiadbench-4,5,True
olympiadbench-5,0,Autoformalisation failure
olympiadbench-5,1,Autoformalisation failure
olympiadbench-5,2,Autoformalisation failure
olympiadbench-5,3,Autoformalisation failure
olympiadbench-5,4,Autoformalisation failure
olympiadbench-5,5,Autoformalisation failure
olympiadbench-5,6,Autoformalisation failure
olympiadbench-6,0,True
olympiadbench-6,1,Autoformalisation failure
olympiadbench-6,2,True
olympiadbench-6,3,True
olympiadbench-6,4,False
olympiadbench-6,5,Autoformalisation failure
olympiadbench-7,0,True
olympiadbench-7,1,Autoformalisation failure
olympiadbench-7,2,True
olympiadbench-7,3,True
olympiadbench-7,4,True
olympiadbench-7,5,True
olympiadbench-8,0,Autoformalisation failure
olympiadbench-8,1,Autoformalisation failure
olympiadbench-8,2,Autoformalisation failure
olympiadbench-8,3,Autoformalisation failure
olympiadbench-9,0,Autoformalisation failure
olympiadbench-9,1,Autoformalisation failure
olympiadbench-9,2,Autoformalisation failure
olympiadbench-9,3,Autoformalisation failure
olympiadbench-9,4,Autoformalisation failure
olympiadbench-9,5,Autoformalisation failure
olympiadbench-9,6,Autoformalisation failure
olympiadbench-9,7,Autoformalisation failure
olympiadbench-10,0,Autoformalisation failure
olympiadbench-10,1,True
olympiadbench-10,2,True
olympiadbench-10,3,False
olympiadbench-10,4,True
olympiadbench-10,5,False
olympiadbench-10,6,Autoformalisation failure
olympiadbench-11,0,True
olympiadbench-11,1,Autoformalisation failure
olympiadbench-11,2,False
olympiadbench-11,3,False
olympiadbench-11,4,Autoformalisation failure
olympiadbench-12,0,Autoformalisation failure
olympiadbench-12,1,Autoformalisation failure
olympiadbench-12,2,True
olympiadbench-12,3,True
olympiadbench-12,4,False
olympiadbench-12,5,False
olympiadbench-13,0,Autoformalisation failure
olympiadbench-13,1,Autoformalisation failure
olympiadbench-13,2,True
olympiadbench-13,3,Autoformalisation failure
olympiadbench-13,4,Autoformalisation failure
olympiadbench-13,5,Autoformalisation failure
olympiadbench-13,6,Autoformalisation failure
olympiadbench-13,7,Autoformalisation failure
olympiadbench-13,8,Autoformalisation failure
olympiadbench-13,9,False
olympiadbench-13,10,Autoformalisation failure
olympiadbench-13,11,True
olympiadbench-13,12,Autoformalisation failure
olympiadbench-13,13,True
olympiadbench-13,14,Autoformalisation failure
olympiadbench-13,15,Autoformalisation failure
olympiadbench-14,0,Autoformalisation failure
olympiadbench-14,1,Autoformalisation failure
olympiadbench-14,2,Autoformalisation failure
olympiadbench-14,3,Autoformalisation failure
olympiadbench-14,4,Autoformalisation failure
olympiadbench-14,5,Autoformalisation failure
olympiadbench-14,6,Autoformalisation failure
olympiadbench-14,7,Autoformalisation failure
olympiadbench-14,8,Autoformalisation failure
olympiadbench-14,9,False
olympiadbench-14,10,True
olympiadbench-14,11,True
olympiadbench-14,12,Autoformalisation failure
olympiadbench-14,13,True
olympiadbench-14,14,True
olympiadbench-14,15,Autoformalisation failure
olympiadbench-14,16,True
olympiadbench-14,17,True
olympiadbench-15,0,Autoformalisation failure
olympiadbench-15,1,Autoformalisation failure
olympiadbench-15,2,Autoformalisation failure
olympiadbench-15,3,Autoformalisation failure
olympiadbench-15,4,True
olympiadbench-15,5,False
olympiadbench-15,6,False
olympiadbench-15,7,False
olympiadbench-15,8,False
olympiadbench-15,9,False
olympiadbench-15,10,Autoformalisation failure
olympiadbench-16,0,True
olympiadbench-16,1,True
olympiadbench-16,2,True
olympiadbench-16,3,True
olympiadbench-16,4,Autoformalisation failure
olympiadbench-17,0,Autoformalisation failure
olympiadbench-17,1,Autoformalisation failure
olympiadbench-17,2,True
olympiadbench-17,3,True
olympiadbench-17,4,True
olympiadbench-17,5,True
olympiadbench-17,6,False
olympiadbench-17,7,False
olympiadbench-18,0,Autoformalisation failure
olympiadbench-18,1,Autoformalisation failure
olympiadbench-18,2,Autoformalisation failure
olympiadbench-18,3,Autoformalisation failure
olympiadbench-18,4,Prover failure
olympiadbench-18,5,Autoformalisation failure
olympiadbench-18,6,Autoformalisation failure
olympiadbench-18,7,Autoformalisation failure
olympiadbench-19,0,Autoformalisation failure
olympiadbench-19,1,Autoformalisation failure
olympiadbench-19,2,Autoformalisation failure
olympiadbench-19,3,Autoformalisation failure
olympiadbench-19,4,Autoformalisation failure
olympiadbench-19,5,Autoformalisation failure
olympiadbench-20,0,True
olympiadbench-20,1,True
olympiadbench-20,2,True
olympiadbench-20,3,True
olympiadbench-20,4,False
olympiadbench-21,0,Autoformalisation failure
olympiadbench-21,1,Autoformalisation failure
olympiadbench-21,2,Autoformalisation failure
olympiadbench-21,3,Autoformalisation failure
olympiadbench-21,4,True
olympiadbench-21,5,True
olympiadbench-21,6,True
olympiadbench-21,7,False
olympiadbench-21,8,Autoformalisation failure
olympiadbench-22,0,Autoformalisation failure
olympiadbench-22,1,Autoformalisation failure
olympiadbench-22,2,Autoformalisation failure
olympiadbench-22,3,Autoformalisation failure
olympiadbench-22,4,Autoformalisation failure
olympiadbench-22,5,Autoformalisation failure
olympiadbench-22,6,Autoformalisation failure
olympiadbench-23,0,Autoformalisation failure
olympiadbench-23,1,Autoformalisation failure
olympiadbench-23,2,Autoformalisation failure
olympiadbench-23,3,Autoformalisation failure
olympiadbench-23,4,Autoformalisation failure
olympiadbench-23,5,Autoformalisation failure
olympiadbench-24,0,Prover failure
olympiadbench-24,1,True
olympiadbench-24,2,Autoformalisation failure
olympiadbench-24,3,Autoformalisation failure
olympiadbench-24,4,Autoformalisation failure
olympiadbench-24,5,Prover failure
olympiadbench-24,6,Autoformalisation failure
olympiadbench-24,7,True
olympiadbench-24,8,False
olympiadbench-24,9,Autoformalisation failure
olympiadbench-24,10,Autoformalisation failure
olympiadbench-24,11,Autoformalisation failure
olympiadbench-24,12,Prover failure
olympiadbench-24,13,True
olympiadbench-24,14,Prover failure
olympiadbench-24,15,Autoformalisation failure
olympiadbench-24,16,False
olympiadbench-24,17,Autoformalisation failure
olympiadbench-24,18,True
olympiadbench-24,19,True
olympiadbench-24,20,True
olympiadbench-25,0,Autoformalisation failure
olympiadbench-25,1,Autoformalisation failure
olympiadbench-25,2,Autoformalisation failure
olympiadbench-25,3,Autoformalisation failure
olympiadbench-25,4,Autoformalisation failure
olympiadbench-25,5,Autoformalisation failure
olympiadbench-26,0,Autoformalisation failure
olympiadbench-26,1,Autoformalisation failure
olympiadbench-26,2,True
olympiadbench-26,3,Autoformalisation failure
olympiadbench-26,4,Prover failure
olympiadbench-26,5,Autoformalisation failure
olympiadbench-27,0,True
olympiadbench-27,1,True
olympiadbench-27,2,True
olympiadbench-27,3,True
olympiadbench-27,4,True
olympiadbench-27,5,Autoformalisation failure
olympiadbench-27,6,Autoformalisation failure
olympiadbench-27,7,Autoformalisation failure
olympiadbench-27,8,Autoformalisation failure
olympiadbench-27,9,Autoformalisation failure
olympiadbench-27,10,True
olympiadbench-27,11,Autoformalisation failure
olympiadbench-27,12,True
olympiadbench-27,13,Autoformalisation failure
olympiadbench-27,14,Autoformalisation failure
olympiadbench-27,15,Autoformalisation failure
olympiadbench-27,16,Autoformalisation failure
olympiadbench-27,17,Autoformalisation failure
olympiadbench-28,0,Autoformalisation failure
olympiadbench-28,1,Autoformalisation failure
olympiadbench-28,2,Autoformalisation failure
olympiadbench-28,3,Autoformalisation failure
olympiadbench-28,4,Autoformalisation failure
olympiadbench-28,5,False
olympiadbench-28,6,True
olympiadbench-29,0,Autoformalisation failure
olympiadbench-29,1,True
olympiadbench-29,2,Autoformalisation failure
olympiadbench-29,3,Autoformalisation failure
olympiadbench-29,4,Autoformalisation failure
olympiadbench-29,5,True
olympiadbench-30,0,True
olympiadbench-30,1,Autoformalisation failure
olympiadbench-30,2,True
olympiadbench-30,3,Autoformalisation failure
olympiadbench-30,4,True
olympiadbench-30,5,False
olympiadbench-30,6,True
olympiadbench-31,0,Autoformalisation failure
olympiadbench-31,1,Autoformalisation failure
olympiadbench-31,2,Autoformalisation failure
olympiadbench-31,3,Autoformalisation failure
olympiadbench-31,4,Autoformalisation failure
olympiadbench-31,5,Prover failure
olympiadbench-31,6,Prover failure
olympiadbench-31,7,Prover failure
olympiadbench-32,0,Autoformalisation failure
olympiadbench-32,1,True
olympiadbench-32,2,True
olympiadbench-32,3,False
olympiadbench-32,4,True
olympiadbench-32,5,Prover failure
olympiadbench-33,0,Autoformalisation failure
olympiadbench-33,1,Autoformalisation failure
olympiadbench-33,2,Autoformalisation failure
olympiadbench-33,3,Autoformalisation failure
olympiadbench-33,4,Autoformalisation failure
olympiadbench-33,5,Autoformalisation failure
olympiadbench-33,6,Autoformalisation failure
olympiadbench-33,7,True
olympiadbench-33,8,Autoformalisation failure
olympiadbench-33,9,True
olympiadbench-33,10,True
olympiadbench-33,11,Autoformalisation failure
olympiadbench-34,0,Autoformalisation failure
olympiadbench-34,1,Autoformalisation failure
olympiadbench-34,2,True
olympiadbench-34,3,Autoformalisation failure
olympiadbench-34,4,Prover failure
olympiadbench-34,5,Autoformalisation failure
olympiadbench-34,6,True
olympiadbench-34,7,Autoformalisation failure
olympiadbench-34,8,Autoformalisation failure
olympiadbench-34,9,Autoformalisation failure
olympiadbench-35,0,Autoformalisation failure
olympiadbench-35,1,Autoformalisation failure
olympiadbench-35,2,Autoformalisation failure
olympiadbench-35,3,True
olympiadbench-35,4,False
olympiadbench-35,5,True
olympiadbench-35,6,Prover failure
olympiadbench-35,7,Prover failure
olympiadbench-35,8,Prover failure
olympiadbench-35,9,Prover failure
olympiadbench-35,10,Prover failure
olympiadbench-35,11,Prover failure
olympiadbench-35,12,Prover failure
olympiadbench-35,13,False
olympiadbench-35,14,Autoformalisation failure
olympiadbench-36,0,Autoformalisation failure
olympiadbench-36,1,Autoformalisation failure
olympiadbench-36,2,Autoformalisation failure
olympiadbench-36,3,True
olympiadbench-36,4,Autoformalisation failure
olympiadbench-36,5,Autoformalisation failure
olympiadbench-36,6,Autoformalisation failure
olympiadbench-37,0,Autoformalisation failure
olympiadbench-37,1,Autoformalisation failure
olympiadbench-37,2,Autoformalisation failure
olympiadbench-37,3,Autoformalisation failure
olympiadbench-37,4,Autoformalisation failure
olympiadbench-37,5,Autoformalisation failure
olympiadbench-37,6,Autoformalisation failure
olympiadbench-37,7,Autoformalisation failure
olympiadbench-37,8,Autoformalisation failure
olympiadbench-37,9,Autoformalisation failure
olympiadbench-38,0,Autoformalisation failure
olympiadbench-38,1,Prover failure
olympiadbench-38,2,False
olympiadbench-38,3,True
olympiadbench-38,4,False
olympiadbench-39,0,Autoformalisation failure
olympiadbench-39,1,Autoformalisation failure
olympiadbench-39,2,Autoformalisation failure
olympiadbench-39,3,Autoformalisation failure
olympiadbench-39,4,Autoformalisation failure
olympiadbench-40,0,Autoformalisation failure
olympiadbench-40,1,False
olympiadbench-40,2,False
olympiadbench-40,3,True
olympiadbench-40,4,True
olympiadbench-40,5,True
olympiadbench-40,6,True
olympiadbench-40,7,Autoformalisation failure
olympiadbench-40,8,Autoformalisation failure
olympiadbench-40,9,True
olympiadbench-40,10,Autoformalisation failure
olympiadbench-41,0,Autoformalisation failure
olympiadbench-41,1,Autoformalisation failure
olympiadbench-41,2,Autoformalisation failure
olympiadbench-41,3,Autoformalisation failure
olympiadbench-41,4,Autoformalisation failure
olympiadbench-41,5,Autoformalisation failure
olympiadbench-42,0,Autoformalisation failure
olympiadbench-42,1,Autoformalisation failure
olympiadbench-42,2,Autoformalisation failure
olympiadbench-42,3,Autoformalisation failure
olympiadbench-42,4,Autoformalisation failure
olympiadbench-42,5,Autoformalisation failure
olympiadbench-42,6,Autoformalisation failure
olympiadbench-42,7,Autoformalisation failure
olympiadbench-42,8,Autoformalisation failure
olympiadbench-42,9,Autoformalisation failure
olympiadbench-42,10,Autoformalisation failure
olympiadbench-42,11,Autoformalisation failure
olympiadbench-42,12,Autoformalisation failure
olympiadbench-42,13,Autoformalisation failure
olympiadbench-42,14,Autoformalisation failure
olympiadbench-42,15,Autoformalisation failure
olympiadbench-42,16,Autoformalisation failure
olympiadbench-42,17,Autoformalisation failure
olympiadbench-42,18,Autoformalisation failure
olympiadbench-42,19,Autoformalisation failure
olympiadbench-42,20,Autoformalisation failure
olympiadbench-42,21,Autoformalisation failure
olympiadbench-42,22,Autoformalisation failure
olympiadbench-42,23,Autoformalisation failure
olympiadbench-42,24,Autoformalisation failure
olympiadbench-43,0,True
olympiadbench-43,1,Autoformalisation failure
olympiadbench-43,2,Autoformalisation failure
olympiadbench-43,3,Autoformalisation failure
olympiadbench-43,4,Autoformalisation failure
olympiadbench-43,5,False
olympiadbench-44,0,Autoformalisation failure
olympiadbench-44,1,True
olympiadbench-44,2,False
olympiadbench-44,3,True
olympiadbench-44,4,True
olympiadbench-44,5,True
olympiadbench-44,6,True
olympiadbench-44,7,True
olympiadbench-44,8,True
olympiadbench-45,0,Autoformalisation failure
olympiadbench-45,1,Autoformalisation failure
olympiadbench-45,2,Autoformalisation failure
olympiadbench-45,3,Autoformalisation failure
olympiadbench-45,4,Autoformalisation failure
olympiadbench-45,5,False
olympiadbench-45,6,Autoformalisation failure
olympiadbench-45,7,True
olympiadbench-45,8,True
olympiadbench-45,9,True
olympiadbench-45,10,Autoformalisation failure
olympiadbench-45,11,Autoformalisation failure
olympiadbench-46,0,Autoformalisation failure
olympiadbench-46,1,Autoformalisation failure
olympiadbench-46,2,Autoformalisation failure
olympiadbench-46,3,Autoformalisation failure
olympiadbench-46,4,Autoformalisation failure
olympiadbench-47,0,Autoformalisation failure
olympiadbench-47,1,Autoformalisation failure
olympiadbench-47,2,Autoformalisation failure
olympiadbench-47,3,Autoformalisation failure
olympiadbench-47,4,Autoformalisation failure
olympiadbench-47,5,Autoformalisation failure
olympiadbench-48,0,Autoformalisation failure
olympiadbench-48,1,True
olympiadbench-48,2,Autoformalisation failure
olympiadbench-48,3,Autoformalisation failure
olympiadbench-49,0,Autoformalisation failure
olympiadbench-49,1,Autoformalisation failure
olympiadbench-49,2,Autoformalisation failure
olympiadbench-49,3,Autoformalisation failure
olympiadbench-49,4,Autoformalisation failure
olympiadbench-50,0,Autoformalisation failure
olympiadbench-50,1,Autoformalisation failure
olympiadbench-50,2,Autoformalisation failure
olympiadbench-50,3,Autoformalisation failure
olympiadbench-50,4,Autoformalisation failure
olympiadbench-50,5,Autoformalisation failure
olympiadbench-50,6,Autoformalisation failure
olympiadbench-50,7,Autoformalisation failure
olympiadbench-50,8,Autoformalisation failure
olympiadbench-51,0,Autoformalisation failure
olympiadbench-51,1,Autoformalisation failure
olympiadbench-51,2,Autoformalisation failure
olympiadbench-51,3,Autoformalisation failure
olympiadbench-51,4,Autoformalisation failure
olympiadbench-51,5,Autoformalisation failure
olympiadbench-51,6,True
olympiadbench-51,7,True
olympiadbench-52,0,Autoformalisation failure
olympiadbench-52,1,Autoformalisation failure
olympiadbench-52,2,Autoformalisation failure
olympiadbench-52,3,Autoformalisation failure
olympiadbench-52,4,Autoformalisation failure
olympiadbench-52,5,Autoformalisation failure
olympiadbench-52,6,Autoformalisation failure
olympiadbench-52,7,Autoformalisation failure
olympiadbench-53,0,True
olympiadbench-53,1,Autoformalisation failure
olympiadbench-53,2,Prover failure
olympiadbench-53,3,True
olympiadbench-53,4,True
olympiadbench-53,5,False
olympiadbench-53,6,True
olympiadbench-53,7,Autoformalisation failure
olympiadbench-54,0,Autoformalisation failure
olympiadbench-54,1,Autoformalisation failure
olympiadbench-54,2,Autoformalisation failure
olympiadbench-54,3,Autoformalisation failure
olympiadbench-54,4,Autoformalisation failure
olympiadbench-54,5,Autoformalisation failure
olympiadbench-55,0,True
olympiadbench-55,1,Autoformalisation failure
olympiadbench-55,2,True
olympiadbench-55,3,Prover failure
olympiadbench-55,4,Autoformalisation failure
olympiadbench-55,5,Autoformalisation failure
olympiadbench-55,6,Autoformalisation failure
olympiadbench-55,7,True
olympiadbench-55,8,True
olympiadbench-56,0,Autoformalisation failure
olympiadbench-56,1,Autoformalisation failure
olympiadbench-56,2,Autoformalisation failure
olympiadbench-56,3,Autoformalisation failure
olympiadbench-56,4,Autoformalisation failure
olympiadbench-56,5,Autoformalisation failure
olympiadbench-57,0,Autoformalisation failure
olympiadbench-57,1,Autoformalisation failure
olympiadbench-57,2,Autoformalisation failure
olympiadbench-57,3,Autoformalisation failure
olympiadbench-57,4,Autoformalisation failure
olympiadbench-57,5,True
olympiadbench-58,0,Autoformalisation failure
olympiadbench-58,1,True
olympiadbench-58,2,Autoformalisation failure
olympiadbench-58,3,Autoformalisation failure
olympiadbench-58,4,Autoformalisation failure
olympiadbench-59,0,True
olympiadbench-59,1,True
olympiadbench-59,2,True
olympiadbench-59,3,True
olympiadbench-59,4,True
olympiadbench-59,5,True
olympiadbench-60,0,Prover failure
olympiadbench-60,1,Prover failure
olympiadbench-60,2,Prover failure
olympiadbench-60,3,True
olympiadbench-60,4,Prover failure
olympiadbench-60,5,Autoformalisation failure
olympiadbench-61,0,True
olympiadbench-61,1,Autoformalisation failure
olympiadbench-61,2,Autoformalisation failure
olympiadbench-61,3,Autoformalisation failure
olympiadbench-61,4,False
olympiadbench-61,5,Prover failure
olympiadbench-61,6,True
olympiadbench-61,7,Autoformalisation failure
olympiadbench-61,8,Prover failure
olympiadbench-61,9,False
olympiadbench-61,10,True
olympiadbench-61,11,True
olympiadbench-62,0,True
olympiadbench-62,1,True
olympiadbench-62,2,Autoformalisation failure
olympiadbench-62,3,Autoformalisation failure
olympiadbench-62,4,Autoformalisation failure
olympiadbench-62,5,Autoformalisation failure
olympiadbench-62,6,True
olympiadbench-62,7,False
olympiadbench-62,8,Autoformalisation failure
olympiadbench-62,9,True
olympiadbench-63,0,Autoformalisation failure
olympiadbench-63,1,Autoformalisation failure
olympiadbench-63,2,Autoformalisation failure
olympiadbench-63,3,True
olympiadbench-63,4,Autoformalisation failure
olympiadbench-63,5,Autoformalisation failure
olympiadbench-63,6,Autoformalisation failure
olympiadbench-63,7,False
olympiadbench-64,0,Autoformalisation failure
olympiadbench-64,1,Autoformalisation failure
olympiadbench-64,2,Autoformalisation failure
olympiadbench-64,3,Autoformalisation failure
olympiadbench-64,4,Autoformalisation failure
olympiadbench-65,0,Autoformalisation failure
olympiadbench-65,1,True
olympiadbench-65,2,Autoformalisation failure
olympiadbench-65,3,Autoformalisation failure
olympiadbench-65,4,Autoformalisation failure
olympiadbench-65,5,True
olympiadbench-66,0,True
olympiadbench-66,1,False
olympiadbench-66,2,Autoformalisation failure
olympiadbench-66,3,Autoformalisation failure
olympiadbench-66,4,False
olympiadbench-66,5,False
olympiadbench-66,6,False
olympiadbench-66,7,False
olympiadbench-67,0,Autoformalisation failure
olympiadbench-67,1,False
olympiadbench-67,2,Autoformalisation failure
olympiadbench-67,3,Autoformalisation failure
olympiadbench-68,0,Autoformalisation failure
olympiadbench-68,1,True
olympiadbench-68,2,Autoformalisation failure
olympiadbench-68,3,Autoformalisation failure
olympiadbench-68,4,Autoformalisation failure
olympiadbench-68,5,Autoformalisation failure
olympiadbench-69,0,Autoformalisation failure
olympiadbench-69,1,Autoformalisation failure
olympiadbench-69,2,Autoformalisation failure
olympiadbench-69,3,Autoformalisation failure
olympiadbench-69,4,Autoformalisation failure
olympiadbench-69,5,True
olympiadbench-69,6,True
olympiadbench-69,7,True
olympiadbench-69,8,Autoformalisation failure
olympiadbench-69,9,Prover failure
olympiadbench-70,0,Autoformalisation failure
olympiadbench-70,1,Autoformalisation failure
olympiadbench-70,2,Autoformalisation failure
olympiadbench-70,3,True
olympiadbench-70,4,True
olympiadbench-70,5,True
olympiadbench-70,6,True
olympiadbench-70,7,True
olympiadbench-70,8,True
olympiadbench-70,9,Autoformalisation failure
olympiadbench-70,10,Autoformalisation failure
olympiadbench-71,0,Autoformalisation failure
olympiadbench-71,1,Autoformalisation failure
olympiadbench-71,2,Autoformalisation failure
olympiadbench-71,3,Autoformalisation failure
olympiadbench-71,4,Autoformalisation failure
olympiadbench-71,5,Autoformalisation failure
olympiadbench-71,6,Autoformalisation failure
olympiadbench-71,7,True
olympiadbench-71,8,True
olympiadbench-71,9,False
olympiadbench-71,10,True
olympiadbench-72,0,Autoformalisation failure
olympiadbench-72,1,False
olympiadbench-72,2,True
olympiadbench-72,3,True
olympiadbench-72,4,False
olympiadbench-73,0,Autoformalisation failure
olympiadbench-73,1,Autoformalisation failure
olympiadbench-73,2,Autoformalisation failure
olympiadbench-73,3,Autoformalisation failure
olympiadbench-73,4,Autoformalisation failure
olympiadbench-73,5,Autoformalisation failure
olympiadbench-73,6,Autoformalisation failure
olympiadbench-73,7,Autoformalisation failure
olympiadbench-73,8,Autoformalisation failure
olympiadbench-73,9,Autoformalisation failure
olympiadbench-73,10,Autoformalisation failure
olympiadbench-74,0,Autoformalisation failure
olympiadbench-74,1,Autoformalisation failure
olympiadbench-74,2,Autoformalisation failure
olympiadbench-74,3,True
olympiadbench-74,4,Autoformalisation failure
olympiadbench-74,5,Autoformalisation failure
olympiadbench-74,6,True
olympiadbench-74,7,True
olympiadbench-74,8,Autoformalisation failure
olympiadbench-74,9,False
olympiadbench-74,10,Autoformalisation failure
olympiadbench-74,11,Autoformalisation failure
olympiadbench-75,0,Autoformalisation failure
olympiadbench-75,1,Autoformalisation failure
olympiadbench-75,2,True
olympiadbench-75,3,Autoformalisation failure
olympiadbench-75,4,Autoformalisation failure
olympiadbench-75,5,Autoformalisation failure
olympiadbench-75,6,Autoformalisation failure
olympiadbench-76,0,Autoformalisation failure
olympiadbench-76,1,Autoformalisation failure
olympiadbench-76,2,Autoformalisation failure
olympiadbench-76,3,Autoformalisation failure
olympiadbench-76,4,Autoformalisation failure
olympiadbench-76,5,Autoformalisation failure
olympiadbench-76,6,Autoformalisation failure
olympiadbench-76,7,Autoformalisation failure
olympiadbench-76,8,True
olympiadbench-76,9,Autoformalisation failure
olympiadbench-76,10,Autoformalisation failure
olympiadbench-76,11,False
olympiadbench-76,12,Autoformalisation failure
olympiadbench-76,13,Autoformalisation failure
olympiadbench-77,0,True
olympiadbench-77,1,True
olympiadbench-77,2,True
olympiadbench-77,3,Autoformalisation failure
olympiadbench-77,4,Autoformalisation failure
olympiadbench-77,5,False
olympiadbench-77,6,Autoformalisation failure
olympiadbench-77,7,Autoformalisation failure
olympiadbench-77,8,Autoformalisation failure
olympiadbench-77,9,False
olympiadbench-78,0,Autoformalisation failure
olympiadbench-78,1,Autoformalisation failure
olympiadbench-78,2,Autoformalisation failure
olympiadbench-78,3,Autoformalisation failure
olympiadbench-78,4,Autoformalisation failure
olympiadbench-78,5,False
olympiadbench-78,6,True
olympiadbench-78,7,Autoformalisation failure
olympiadbench-79,0,Autoformalisation failure
olympiadbench-79,1,Autoformalisation failure
olympiadbench-79,2,Autoformalisation failure
olympiadbench-79,3,True
olympiadbench-79,4,True
olympiadbench-79,5,Autoformalisation failure
olympiadbench-79,6,Autoformalisation failure
olympiadbench-79,7,Autoformalisation failure
olympiadbench-79,8,True
olympiadbench-79,9,Autoformalisation failure
olympiadbench-79,10,True
olympiadbench-79,11,Autoformalisation failure
olympiadbench-79,12,Autoformalisation failure
olympiadbench-80,0,True
olympiadbench-80,1,True
olympiadbench-80,2,True
olympiadbench-80,3,True
olympiadbench-80,4,Autoformalisation failure
olympiadbench-80,5,Prover failure
olympiadbench-80,6,True
olympiadbench-80,7,False
olympiadbench-80,8,Prover failure
olympiadbench-80,9,True
olympiadbench-80,10,Prover failure
olympiadbench-80,11,Prover failure
olympiadbench-81,0,Autoformalisation failure
olympiadbench-81,1,Autoformalisation failure
olympiadbench-81,2,Autoformalisation failure
olympiadbench-81,3,Autoformalisation failure
olympiadbench-81,4,Autoformalisation failure
olympiadbench-81,5,Autoformalisation failure
olympiadbench-81,6,True
olympiadbench-82,0,Autoformalisation failure
olympiadbench-82,1,Autoformalisation failure
olympiadbench-82,2,Autoformalisation failure
olympiadbench-82,3,Autoformalisation failure
olympiadbench-82,4,Autoformalisation failure
olympiadbench-82,5,Autoformalisation failure
olympiadbench-82,6,Autoformalisation failure
olympiadbench-82,7,Autoformalisation failure
olympiadbench-82,8,Autoformalisation failure
olympiadbench-82,9,Autoformalisation failure
olympiadbench-83,0,Autoformalisation failure
olympiadbench-83,1,Autoformalisation failure
olympiadbench-83,2,Autoformalisation failure
olympiadbench-83,3,Autoformalisation failure
olympiadbench-83,4,Autoformalisation failure
olympiadbench-83,5,Autoformalisation failure
olympiadbench-83,6,Autoformalisation failure
olympiadbench-83,7,Autoformalisation failure
olympiadbench-83,8,Autoformalisation failure
olympiadbench-83,9,Autoformalisation failure
olympiadbench-83,10,Autoformalisation failure
olympiadbench-83,11,Autoformalisation failure
olympiadbench-84,0,Autoformalisation failure
olympiadbench-84,1,Autoformalisation failure
olympiadbench-84,2,Autoformalisation failure
olympiadbench-84,3,Autoformalisation failure
olympiadbench-84,4,Autoformalisation failure
olympiadbench-84,5,Autoformalisation failure
olympiadbench-84,6,Autoformalisation failure
olympiadbench-84,7,Autoformalisation failure
olympiadbench-84,8,Autoformalisation failure
olympiadbench-84,9,Autoformalisation failure
olympiadbench-84,10,Autoformalisation failure
olympiadbench-84,11,Autoformalisation failure
olympiadbench-84,12,Autoformalisation failure
olympiadbench-84,13,Autoformalisation failure
olympiadbench-84,14,Autoformalisation failure
olympiadbench-84,15,Autoformalisation failure
olympiadbench-84,16,Autoformalisation failure
olympiadbench-84,17,Autoformalisation failure
olympiadbench-84,18,Autoformalisation failure
olympiadbench-84,19,Autoformalisation failure
olympiadbench-84,20,Autoformalisation failure
olympiadbench-84,21,Autoformalisation failure
olympiadbench-84,22,Autoformalisation failure
olympiadbench-84,23,Autoformalisation failure
olympiadbench-85,0,Autoformalisation failure
olympiadbench-85,1,Autoformalisation failure
olympiadbench-85,2,True
olympiadbench-85,3,Autoformalisation failure
olympiadbench-86,0,True
olympiadbench-86,1,True
olympiadbench-86,2,True
olympiadbench-86,3,True
olympiadbench-86,4,Autoformalisation failure
olympiadbench-86,5,True
olympiadbench-86,6,True
olympiadbench-86,7,True
olympiadbench-86,8,True
olympiadbench-86,9,True
olympiadbench-86,10,True
olympiadbench-86,11,True
olympiadbench-86,12,True
olympiadbench-86,13,True
olympiadbench-86,14,True
olympiadbench-86,15,True
olympiadbench-87,0,Autoformalisation failure
olympiadbench-87,1,Autoformalisation failure
olympiadbench-87,2,Autoformalisation failure
olympiadbench-87,3,Autoformalisation failure
olympiadbench-87,4,Autoformalisation failure
olympiadbench-87,5,Autoformalisation failure
olympiadbench-87,6,Autoformalisation failure
olympiadbench-88,0,Autoformalisation failure
olympiadbench-88,1,Autoformalisation failure
olympiadbench-88,2,Autoformalisation failure
olympiadbench-88,3,Autoformalisation failure
olympiadbench-88,4,Autoformalisation failure
olympiadbench-88,5,Autoformalisation failure
olympiadbench-88,6,Autoformalisation failure
olympiadbench-88,7,Autoformalisation failure
olympiadbench-88,8,Autoformalisation failure
olympiadbench-88,9,Autoformalisation failure
olympiadbench-89,0,Autoformalisation failure
olympiadbench-89,1,Autoformalisation failure
olympiadbench-89,2,Autoformalisation failure
olympiadbench-89,3,Autoformalisation failure
olympiadbench-89,4,Autoformalisation failure
olympiadbench-89,5,Autoformalisation failure
olympiadbench-90,0,Autoformalisation failure
olympiadbench-90,1,False
olympiadbench-90,2,Autoformalisation failure
olympiadbench-90,3,Autoformalisation failure
olympiadbench-90,4,False
olympiadbench-90,5,False
olympiadbench-90,6,True
olympiadbench-90,7,True
olympiadbench-90,8,False
olympiadbench-91,0,True
olympiadbench-91,1,True
olympiadbench-91,2,Prover failure
olympiadbench-91,3,Prover failure
olympiadbench-91,4,True
olympiadbench-91,5,True
olympiadbench-91,6,Autoformalisation failure
olympiadbench-91,7,False
olympiadbench-91,8,False
olympiadbench-91,9,True
olympiadbench-91,10,Autoformalisation failure
olympiadbench-91,11,False
olympiadbench-92,0,True
olympiadbench-92,1,Autoformalisation failure
olympiadbench-92,2,Autoformalisation failure
olympiadbench-92,3,Autoformalisation failure
olympiadbench-92,4,Autoformalisation failure
olympiadbench-92,5,False
olympiadbench-92,6,Autoformalisation failure
olympiadbench-92,7,Autoformalisation failure
olympiadbench-92,8,Autoformalisation failure
olympiadbench-92,9,Autoformalisation failure
olympiadbench-92,10,Autoformalisation failure
olympiadbench-92,11,Autoformalisation failure
olympiadbench-93,0,True
olympiadbench-93,1,Autoformalisation failure
olympiadbench-93,2,Autoformalisation failure
olympiadbench-93,3,True
olympiadbench-93,4,Prover failure
olympiadbench-93,5,True
olympiadbench-93,6,True
olympiadbench-93,7,True
olympiadbench-93,8,Autoformalisation failure
olympiadbench-93,9,Autoformalisation failure
olympiadbench-93,10,Autoformalisation failure
olympiadbench-93,11,Autoformalisation failure
olympiadbench-94,0,Autoformalisation failure
olympiadbench-94,1,True
olympiadbench-94,2,True
olympiadbench-94,3,True
olympiadbench-94,4,True
olympiadbench-94,5,Prover failure
olympiadbench-94,6,True
olympiadbench-94,7,False
olympiadbench-95,0,Autoformalisation failure
olympiadbench-95,1,Autoformalisation failure
olympiadbench-95,2,Autoformalisation failure
olympiadbench-95,3,Autoformalisation failure
olympiadbench-95,4,Autoformalisation failure
olympiadbench-95,5,Autoformalisation failure
olympiadbench-95,6,Autoformalisation failure
olympiadbench-95,7,Autoformalisation failure
olympiadbench-96,0,Autoformalisation failure
olympiadbench-96,1,True
olympiadbench-96,2,Autoformalisation failure
olympiadbench-96,3,True
olympiadbench-96,4,Autoformalisation failure
olympiadbench-96,5,Autoformalisation failure
olympiadbench-96,6,True
olympiadbench-96,7,True
olympiadbench-96,8,Autoformalisation failure
olympiadbench-96,9,Autoformalisation failure
olympiadbench-96,10,Autoformalisation failure
olympiadbench-96,11,Autoformalisation failure
olympiadbench-96,12,Autoformalisation failure
olympiadbench-96,13,Autoformalisation failure
olympiadbench-96,14,Autoformalisation failure
olympiadbench-96,15,True
olympiadbench-96,16,Autoformalisation failure
olympiadbench-96,17,Autoformalisation failure
olympiadbench-96,18,True
olympiadbench-96,19,True
olympiadbench-96,20,Autoformalisation failure
olympiadbench-96,21,Autoformalisation failure
olympiadbench-96,22,Autoformalisation failure
olympiadbench-96,23,Autoformalisation failure
olympiadbench-96,24,False
olympiadbench-96,25,Autoformalisation failure
olympiadbench-96,26,True
olympiadbench-97,0,Autoformalisation failure
olympiadbench-97,1,Autoformalisation failure
olympiadbench-97,2,Autoformalisation failure
olympiadbench-97,3,Autoformalisation failure
olympiadbench-97,4,Autoformalisation failure
olympiadbench-97,5,Autoformalisation failure
olympiadbench-97,6,Autoformalisation failure
olympiadbench-97,7,True
olympiadbench-97,8,True
olympiadbench-97,9,False
olympiadbench-97,10,Autoformalisation failure
olympiadbench-98,0,Autoformalisation failure
olympiadbench-98,1,Autoformalisation failure
olympiadbench-98,2,Autoformalisation failure
olympiadbench-98,3,Autoformalisation failure
olympiadbench-98,4,Autoformalisation failure
olympiadbench-98,5,Autoformalisation failure
olympiadbench-98,6,Autoformalisation failure
olympiadbench-98,7,Autoformalisation failure
olympiadbench-99,0,True
olympiadbench-99,1,True
olympiadbench-99,2,True
olympiadbench-99,3,Prover failure
olympiadbench-100,0,Autoformalisation failure
olympiadbench-100,1,Autoformalisation failure
olympiadbench-100,2,Autoformalisation failure
olympiadbench-100,3,Autoformalisation failure
olympiadbench-100,4,Autoformalisation failure
olympiadbench-100,5,Autoformalisation failure
olympiadbench-100,6,True
olympiadbench-100,7,True
olympiadbench-100,8,True
olympiadbench-100,9,Autoformalisation failure
olympiadbench-100,10,Autoformalisation failure
olympiadbench-100,11,Autoformalisation failure
olympiadbench-100,12,Autoformalisation failure
olympiadbench-101,0,Autoformalisation failure
olympiadbench-101,1,Autoformalisation failure
olympiadbench-101,2,Autoformalisation failure
olympiadbench-101,3,Autoformalisation failure
olympiadbench-101,4,Autoformalisation failure
olympiadbench-101,5,Autoformalisation failure
olympiadbench-101,6,Autoformalisation failure
olympiadbench-101,7,Autoformalisation failure
olympiadbench-101,8,Autoformalisation failure
olympiadbench-101,9,Autoformalisation failure
olympiadbench-101,10,Autoformalisation failure
olympiadbench-102,0,True
olympiadbench-102,1,Autoformalisation failure
olympiadbench-102,2,Autoformalisation failure
olympiadbench-102,3,Autoformalisation failure
olympiadbench-102,4,True
olympiadbench-102,5,True
olympiadbench-103,0,Autoformalisation failure
olympiadbench-103,1,Autoformalisation failure
olympiadbench-103,2,Autoformalisation failure
olympiadbench-103,3,False
olympiadbench-103,4,Autoformalisation failure
olympiadbench-104,0,Autoformalisation failure
olympiadbench-104,1,Autoformalisation failure
olympiadbench-104,2,Autoformalisation failure
olympiadbench-104,3,True
olympiadbench-104,4,True
olympiadbench-104,5,Autoformalisation failure
olympiadbench-105,0,Autoformalisation failure
olympiadbench-105,1,Autoformalisation failure
olympiadbench-105,2,Autoformalisation failure
olympiadbench-105,3,True
olympiadbench-105,4,Autoformalisation failure
olympiadbench-105,5,Autoformalisation failure
olympiadbench-105,6,False
olympiadbench-105,7,True
olympiadbench-105,8,True
olympiadbench-105,9,True
olympiadbench-105,10,False
olympiadbench-106,0,True
olympiadbench-106,1,False
olympiadbench-106,2,False
olympiadbench-106,3,Autoformalisation failure
olympiadbench-107,0,Autoformalisation failure
olympiadbench-107,1,Autoformalisation failure
olympiadbench-107,2,Autoformalisation failure
olympiadbench-107,3,True
olympiadbench-107,4,Prover failure
olympiadbench-107,5,Autoformalisation failure
olympiadbench-107,6,Autoformalisation failure
olympiadbench-107,7,Autoformalisation failure
olympiadbench-107,8,Autoformalisation failure
olympiadbench-107,9,Autoformalisation failure
olympiadbench-107,10,Autoformalisation failure
olympiadbench-108,0,True
olympiadbench-108,1,True
olympiadbench-108,2,Autoformalisation failure
olympiadbench-108,3,Autoformalisation failure
olympiadbench-108,4,Autoformalisation failure
olympiadbench-108,5,True
olympiadbench-108,6,Autoformalisation failure
olympiadbench-108,7,True
olympiadbench-108,8,True
olympiadbench-108,9,Prover failure
olympiadbench-108,10,Autoformalisation failure
olympiadbench-108,11,Autoformalisation failure
olympiadbench-108,12,Autoformalisation failure
olympiadbench-108,13,Autoformalisation failure
olympiadbench-108,14,Autoformalisation failure
olympiadbench-109,0,Prover failure
olympiadbench-109,1,True
olympiadbench-109,2,True
olympiadbench-109,3,True
olympiadbench-109,4,True
olympiadbench-109,5,True
olympiadbench-109,6,True
olympiadbench-109,7,True
olympiadbench-109,8,True
olympiadbench-109,9,True
olympiadbench-109,10,False
olympiadbench-110,0,True
olympiadbench-110,1,Autoformalisation failure
olympiadbench-110,2,Autoformalisation failure
olympiadbench-110,3,True
olympiadbench-110,4,True
olympiadbench-110,5,Autoformalisation failure
olympiadbench-110,6,False
olympiadbench-110,7,True
olympiadbench-110,8,True
olympiadbench-110,9,True
olympiadbench-110,10,False
olympiadbench-110,11,True
olympiadbench-110,12,Autoformalisation failure
olympiadbench-110,13,True
olympiadbench-110,14,True
olympiadbench-110,15,Autoformalisation failure
olympiadbench-110,16,Prover failure
olympiadbench-110,17,Autoformalisation failure
olympiadbench-110,18,Autoformalisation failure
olympiadbench-111,0,Autoformalisation failure
olympiadbench-111,1,Autoformalisation failure
olympiadbench-111,2,Autoformalisation failure
olympiadbench-111,3,Autoformalisation failure
olympiadbench-111,4,Autoformalisation failure
olympiadbench-111,5,Autoformalisation failure
olympiadbench-111,6,Autoformalisation failure
olympiadbench-111,7,Autoformalisation failure
olympiadbench-111,8,Prover failure
olympiadbench-111,9,False
olympiadbench-112,0,True
olympiadbench-112,1,Autoformalisation failure
olympiadbench-112,2,True
olympiadbench-112,3,True
olympiadbench-112,4,Autoformalisation failure
olympiadbench-112,5,True
olympiadbench-112,6,False
olympiadbench-112,7,Autoformalisation failure
olympiadbench-113,0,Autoformalisation failure
olympiadbench-113,1,Autoformalisation failure
olympiadbench-113,2,Autoformalisation failure
olympiadbench-113,3,Autoformalisation failure
olympiadbench-113,4,Autoformalisation failure
olympiadbench-113,5,Autoformalisation failure
olympiadbench-113,6,Autoformalisation failure
olympiadbench-113,7,Autoformalisation failure
olympiadbench-113,8,Autoformalisation failure
olympiadbench-113,9,Autoformalisation failure
olympiadbench-113,10,Autoformalisation failure
olympiadbench-113,11,True
olympiadbench-113,12,Autoformalisation failure
olympiadbench-113,13,Autoformalisation failure
olympiadbench-114,0,Autoformalisation failure
olympiadbench-114,1,Autoformalisation failure
olympiadbench-114,2,Autoformalisation failure
olympiadbench-114,3,Autoformalisation failure
olympiadbench-114,4,Autoformalisation failure
olympiadbench-114,5,Autoformalisation failure
olympiadbench-114,6,Autoformalisation failure
olympiadbench-114,7,Autoformalisation failure
olympiadbench-115,0,Autoformalisation failure
olympiadbench-115,1,Autoformalisation failure
olympiadbench-115,2,Autoformalisation failure
olympiadbench-115,3,Autoformalisation failure
olympiadbench-116,0,Autoformalisation failure
olympiadbench-116,1,Autoformalisation failure
olympiadbench-116,2,Autoformalisation failure
olympiadbench-116,3,Autoformalisation failure
olympiadbench-116,4,Autoformalisation failure
olympiadbench-116,5,Autoformalisation failure
olympiadbench-116,6,Autoformalisation failure
olympiadbench-116,7,Autoformalisation failure
olympiadbench-116,8,Autoformalisation failure
olympiadbench-116,9,Autoformalisation failure
olympiadbench-117,0,Autoformalisation failure
olympiadbench-117,1,Autoformalisation failure
olympiadbench-117,2,True
olympiadbench-117,3,Autoformalisation failure
olympiadbench-117,4,Autoformalisation failure
olympiadbench-117,5,Autoformalisation failure
olympiadbench-117,6,Autoformalisation failure
olympiadbench-117,7,Autoformalisation failure
olympiadbench-117,8,Autoformalisation failure
olympiadbench-117,9,Autoformalisation failure
olympiadbench-117,10,Autoformalisation failure
olympiadbench-118,0,Autoformalisation failure
olympiadbench-118,1,True
olympiadbench-118,2,True
olympiadbench-118,3,Autoformalisation failure
olympiadbench-118,4,True
olympiadbench-118,5,Prover failure
olympiadbench-118,6,True
olympiadbench-118,7,True
olympiadbench-118,8,False
olympiadbench-118,9,Autoformalisation failure
olympiadbench-118,10,True
olympiadbench-119,0,True
olympiadbench-119,1,False
olympiadbench-119,2,Autoformalisation failure
olympiadbench-119,3,Autoformalisation failure
olympiadbench-119,4,Autoformalisation failure
olympiadbench-119,5,Autoformalisation failure
olympiadbench-120,0,Autoformalisation failure
olympiadbench-120,1,Autoformalisation failure
olympiadbench-120,2,Autoformalisation failure
olympiadbench-120,3,Autoformalisation failure
olympiadbench-120,4,Autoformalisation failure
olympiadbench-120,5,Autoformalisation failure
olympiadbench-120,6,Autoformalisation failure
olympiadbench-120,7,Autoformalisation failure
olympiadbench-120,8,Autoformalisation failure
olympiadbench-120,9,True
olympiadbench-120,10,False
olympiadbench-120,11,True
olympiadbench-120,12,Autoformalisation failure
olympiadbench-120,13,Prover failure
olympiadbench-120,14,Prover failure
olympiadbench-120,15,True
olympiadbench-120,16,False
olympiadbench-120,17,Autoformalisation failure
olympiadbench-120,18,Autoformalisation failure
olympiadbench-121,0,Autoformalisation failure
olympiadbench-121,1,Autoformalisation failure
olympiadbench-121,2,Autoformalisation failure
olympiadbench-121,3,Autoformalisation failure
olympiadbench-121,4,Autoformalisation failure
olympiadbench-121,5,Autoformalisation failure
olympiadbench-121,6,Autoformalisation failure
olympiadbench-121,7,Autoformalisation failure
olympiadbench-121,8,Autoformalisation failure
olympiadbench-121,9,Autoformalisation failure
olympiadbench-122,0,Autoformalisation failure
olympiadbench-122,1,Autoformalisation failure
olympiadbench-122,2,Autoformalisation failure
olympiadbench-122,3,Autoformalisation failure
olympiadbench-122,4,Autoformalisation failure
olympiadbench-123,0,Autoformalisation failure
olympiadbench-123,1,False
olympiadbench-123,2,Prover failure
olympiadbench-123,3,Autoformalisation failure
olympiadbench-123,4,True
olympiadbench-123,5,True
olympiadbench-124,0,Autoformalisation failure
olympiadbench-124,1,Autoformalisation failure
olympiadbench-124,2,Autoformalisation failure
olympiadbench-124,3,Autoformalisation failure
olympiadbench-124,4,Autoformalisation failure
olympiadbench-124,5,Autoformalisation failure
olympiadbench-124,6,Autoformalisation failure
olympiadbench-124,7,Autoformalisation failure
olympiadbench-125,0,False
olympiadbench-125,1,True
olympiadbench-125,2,True
olympiadbench-125,3,True
olympiadbench-125,4,True
olympiadbench-125,5,True
olympiadbench-126,0,Autoformalisation failure
olympiadbench-126,1,Autoformalisation failure
olympiadbench-126,2,Autoformalisation failure
olympiadbench-126,3,Autoformalisation failure
olympiadbench-126,4,False
olympiadbench-126,5,Autoformalisation failure
olympiadbench-126,6,Autoformalisation failure
olympiadbench-126,7,Autoformalisation failure
olympiadbench-126,8,Autoformalisation failure
olympiadbench-127,0,Autoformalisation failure
olympiadbench-127,1,Autoformalisation failure
olympiadbench-127,2,Autoformalisation failure
olympiadbench-127,3,Autoformalisation failure
olympiadbench-127,4,Autoformalisation failure
olympiadbench-127,5,Autoformalisation failure
olympiadbench-127,6,Autoformalisation failure
olympiadbench-128,0,Autoformalisation failure
olympiadbench-128,1,Autoformalisation failure
olympiadbench-128,2,Autoformalisation failure
olympiadbench-128,3,Autoformalisation failure
olympiadbench-128,4,Autoformalisation failure
olympiadbench-128,5,Autoformalisation failure
olympiadbench-129,0,False
olympiadbench-129,1,True
olympiadbench-129,2,False
olympiadbench-129,3,False
olympiadbench-130,0,Autoformalisation failure
olympiadbench-130,1,Autoformalisation failure
olympiadbench-130,2,Autoformalisation failure
olympiadbench-130,3,Autoformalisation failure
olympiadbench-130,4,Autoformalisation failure
olympiadbench-130,5,Autoformalisation failure
olympiadbench-130,6,Autoformalisation failure
olympiadbench-130,7,Autoformalisation failure
olympiadbench-130,8,Autoformalisation failure
olympiadbench-131,0,Autoformalisation failure
olympiadbench-131,1,Autoformalisation failure
olympiadbench-131,2,Autoformalisation failure
olympiadbench-131,3,Autoformalisation failure
olympiadbench-131,4,Autoformalisation failure
olympiadbench-131,5,Autoformalisation failure
olympiadbench-131,6,Autoformalisation failure
olympiadbench-131,7,Autoformalisation failure
olympiadbench-131,8,Autoformalisation failure
olympiadbench-131,9,True
olympiadbench-132,0,Autoformalisation failure
olympiadbench-132,1,Autoformalisation failure
olympiadbench-132,2,Autoformalisation failure
olympiadbench-132,3,False
olympiadbench-132,4,False
olympiadbench-132,5,Autoformalisation failure
olympiadbench-132,6,Autoformalisation failure
olympiadbench-132,7,Autoformalisation failure
olympiadbench-132,8,False
olympiadbench-133,0,False
olympiadbench-133,1,True
olympiadbench-133,2,True
olympiadbench-133,3,False
olympiadbench-133,4,True
olympiadbench-133,5,True
olympiadbench-133,6,True
olympiadbench-133,7,True
olympiadbench-133,8,False
olympiadbench-133,9,False
olympiadbench-133,10,Autoformalisation failure
olympiadbench-133,11,Autoformalisation failure
olympiadbench-133,12,True
olympiadbench-133,13,True
olympiadbench-133,14,True
olympiadbench-133,15,Autoformalisation failure
olympiadbench-133,16,Autoformalisation failure
olympiadbench-133,17,False
olympiadbench-133,18,True
olympiadbench-133,19,False
olympiadbench-133,20,True
olympiadbench-133,21,Autoformalisation failure
olympiadbench-134,0,Autoformalisation failure
olympiadbench-134,1,Autoformalisation failure
olympiadbench-134,2,Autoformalisation failure
olympiadbench-134,3,Autoformalisation failure
olympiadbench-134,4,Autoformalisation failure
olympiadbench-135,0,Autoformalisation failure
olympiadbench-135,1,Autoformalisation failure
olympiadbench-135,2,Autoformalisation failure
olympiadbench-135,3,Autoformalisation failure
olympiadbench-135,4,Autoformalisation failure
olympiadbench-136,0,Autoformalisation failure
olympiadbench-136,1,Autoformalisation failure
olympiadbench-136,2,True
olympiadbench-136,3,True
olympiadbench-136,4,True
olympiadbench-137,0,True
olympiadbench-137,1,Autoformalisation failure
olympiadbench-137,2,Autoformalisation failure
olympiadbench-137,3,True
olympiadbench-137,4,True
olympiadbench-137,5,Autoformalisation failure
olympiadbench-137,6,True
olympiadbench-137,7,True
olympiadbench-137,8,True
olympiadbench-137,9,True
olympiadbench-137,10,Autoformalisation failure
olympiadbench-137,11,Autoformalisation failure
olympiadbench-138,0,Autoformalisation failure
olympiadbench-138,1,Autoformalisation failure
olympiadbench-138,2,Autoformalisation failure
olympiadbench-138,3,Autoformalisation failure
olympiadbench-138,4,Autoformalisation failure
olympiadbench-138,5,Autoformalisation failure
olympiadbench-138,6,Autoformalisation failure
olympiadbench-138,7,Autoformalisation failure
olympiadbench-138,8,Autoformalisation failure
olympiadbench-138,9,Autoformalisation failure
olympiadbench-138,10,True
olympiadbench-138,11,Autoformalisation failure
olympiadbench-138,12,True
olympiadbench-138,13,Autoformalisation failure
olympiadbench-138,14,Autoformalisation failure
olympiadbench-138,15,Autoformalisation failure
olympiadbench-139,0,Autoformalisation failure
olympiadbench-139,1,True
olympiadbench-139,2,Autoformalisation failure
olympiadbench-139,3,Autoformalisation failure
olympiadbench-139,4,Autoformalisation failure
olympiadbench-139,5,Autoformalisation failure
olympiadbench-139,6,Autoformalisation failure
olympiadbench-139,7,Autoformalisation failure
olympiadbench-139,8,Autoformalisation failure
olympiadbench-139,9,True
olympiadbench-139,10,Autoformalisation failure
olympiadbench-139,11,Autoformalisation failure
olympiadbench-139,12,Autoformalisation failure
olympiadbench-139,13,Autoformalisation failure
olympiadbench-139,14,Autoformalisation failure
olympiadbench-139,15,Autoformalisation failure
olympiadbench-139,16,True
olympiadbench-139,17,Autoformalisation failure
olympiadbench-139,18,Autoformalisation failure
olympiadbench-139,19,Autoformalisation failure
olympiadbench-139,20,Autoformalisation failure
olympiadbench-139,21,Autoformalisation failure
olympiadbench-139,22,Autoformalisation failure
olympiadbench-140,0,Prover failure
olympiadbench-140,1,True
olympiadbench-140,2,True
olympiadbench-140,3,True
olympiadbench-140,4,True
olympiadbench-140,5,True
olympiadbench-140,6,True
olympiadbench-140,7,False
olympiadbench-140,8,False
olympiadbench-140,9,False
olympiadbench-141,0,Autoformalisation failure
olympiadbench-141,1,Autoformalisation failure
olympiadbench-141,2,Autoformalisation failure
olympiadbench-141,3,Autoformalisation failure
olympiadbench-141,4,Autoformalisation failure
olympiadbench-141,5,Autoformalisation failure
olympiadbench-142,0,Autoformalisation failure
olympiadbench-142,1,Autoformalisation failure
olympiadbench-142,2,Autoformalisation failure
olympiadbench-142,3,Autoformalisation failure
olympiadbench-142,4,Autoformalisation failure
olympiadbench-143,0,True
olympiadbench-143,1,Autoformalisation failure
olympiadbench-143,2,Autoformalisation failure
olympiadbench-143,3,Autoformalisation failure
olympiadbench-143,4,Autoformalisation failure
olympiadbench-143,5,Autoformalisation failure
olympiadbench-143,6,Autoformalisation failure
olympiadbench-143,7,Autoformalisation failure
olympiadbench-144,0,Autoformalisation failure
olympiadbench-144,1,Autoformalisation failure
olympiadbench-144,2,False
olympiadbench-144,3,Autoformalisation failure
olympiadbench-144,4,Autoformalisation failure
olympiadbench-144,5,Autoformalisation failure
olympiadbench-144,6,Autoformalisation failure
olympiadbench-144,7,Autoformalisation failure
olympiadbench-144,8,Autoformalisation failure
olympiadbench-145,0,False
olympiadbench-145,1,Autoformalisation failure
olympiadbench-145,2,True
olympiadbench-145,3,True
olympiadbench-145,4,Autoformalisation failure
olympiadbench-146,0,True
olympiadbench-146,1,Autoformalisation failure
olympiadbench-146,2,Autoformalisation failure
olympiadbench-146,3,Autoformalisation failure
olympiadbench-146,4,Autoformalisation failure
olympiadbench-146,5,Autoformalisation failure
olympiadbench-146,6,Autoformalisation failure
olympiadbench-146,7,Autoformalisation failure
olympiadbench-146,8,Autoformalisation failure
olympiadbench-146,9,Autoformalisation failure
olympiadbench-146,10,Autoformalisation failure
olympiadbench-146,11,Autoformalisation failure
olympiadbench-146,12,Autoformalisation failure
olympiadbench-147,0,Autoformalisation failure
olympiadbench-147,1,Autoformalisation failure
olympiadbench-147,2,Autoformalisation failure
olympiadbench-147,3,Autoformalisation failure
olympiadbench-147,4,True
olympiadbench-147,5,Autoformalisation failure
olympiadbench-148,0,Autoformalisation failure
olympiadbench-148,1,Autoformalisation failure
olympiadbench-148,2,Autoformalisation failure
olympiadbench-148,3,Autoformalisation failure
olympiadbench-148,4,Autoformalisation failure
olympiadbench-148,5,Autoformalisation failure
olympiadbench-148,6,Autoformalisation failure
olympiadbench-148,7,Autoformalisation failure
olympiadbench-149,0,Autoformalisation failure
olympiadbench-149,1,Autoformalisation failure
olympiadbench-149,2,Autoformalisation failure
olympiadbench-149,3,Autoformalisation failure
olympiadbench-149,4,Autoformalisation failure
olympiadbench-150,0,True
olympiadbench-150,1,Prover failure
olympiadbench-150,2,True
olympiadbench-150,3,False
olympiadbench-150,4,True
olympiadbench-150,5,True
olympiadbench-150,6,Autoformalisation failure
olympiadbench-150,7,False
olympiadbench-150,8,False
olympiadbench-150,9,Autoformalisation failure
olympiadbench-151,0,Autoformalisation failure
olympiadbench-151,1,Autoformalisation failure
olympiadbench-151,2,Prover failure
olympiadbench-151,3,Autoformalisation failure
olympiadbench-152,0,Autoformalisation failure
olympiadbench-152,1,Autoformalisation failure
olympiadbench-152,2,Autoformalisation failure
olympiadbench-152,3,False
olympiadbench-153,0,Prover failure
olympiadbench-153,1,Autoformalisation failure
olympiadbench-153,2,Autoformalisation failure
olympiadbench-153,3,Prover failure
olympiadbench-153,4,Autoformalisation failure
olympiadbench-153,5,Autoformalisation failure
olympiadbench-154,0,True
olympiadbench-154,1,Autoformalisation failure
olympiadbench-154,2,Autoformalisation failure
olympiadbench-154,3,Autoformalisation failure
olympiadbench-154,4,Autoformalisation failure
olympiadbench-154,5,Prover failure
olympiadbench-154,6,Autoformalisation failure
olympiadbench-154,7,Prover failure
olympiadbench-154,8,Autoformalisation failure
olympiadbench-154,9,False
olympiadbench-154,10,Autoformalisation failure
olympiadbench-155,0,Autoformalisation failure
olympiadbench-155,1,Autoformalisation failure
olympiadbench-155,2,Autoformalisation failure
olympiadbench-155,3,Autoformalisation failure
olympiadbench-155,4,True
olympiadbench-156,0,Autoformalisation failure
olympiadbench-156,1,Autoformalisation failure
olympiadbench-156,2,Autoformalisation failure
olympiadbench-156,3,Autoformalisation failure
olympiadbench-156,4,True
olympiadbench-156,5,Autoformalisation failure
olympiadbench-156,6,Autoformalisation failure
olympiadbench-156,7,Prover failure
olympiadbench-156,8,Autoformalisation failure
olympiadbench-156,9,Autoformalisation failure
olympiadbench-156,10,Autoformalisation failure
olympiadbench-157,0,True
olympiadbench-157,1,False
olympiadbench-157,2,True
olympiadbench-157,3,True
olympiadbench-157,4,False
olympiadbench-158,0,Autoformalisation failure
olympiadbench-158,1,Autoformalisation failure
olympiadbench-158,2,Autoformalisation failure
olympiadbench-158,3,True
olympiadbench-158,4,True
olympiadbench-158,5,Autoformalisation failure
olympiadbench-158,6,Autoformalisation failure
olympiadbench-158,7,Autoformalisation failure
olympiadbench-158,8,Autoformalisation failure
olympiadbench-158,9,Autoformalisation failure
olympiadbench-159,0,Autoformalisation failure
olympiadbench-159,1,True
olympiadbench-159,2,Autoformalisation failure
olympiadbench-159,3,Autoformalisation failure
olympiadbench-159,4,Autoformalisation failure
olympiadbench-159,5,Autoformalisation failure
olympiadbench-159,6,Autoformalisation failure
olympiadbench-159,7,Autoformalisation failure
olympiadbench-159,8,Autoformalisation failure
olympiadbench-159,9,Autoformalisation failure
olympiadbench-159,10,True
olympiadbench-159,11,Autoformalisation failure
olympiadbench-159,12,Autoformalisation failure
olympiadbench-159,13,Autoformalisation failure
olympiadbench-160,0,Autoformalisation failure
olympiadbench-160,1,Autoformalisation failure
olympiadbench-160,2,Autoformalisation failure
olympiadbench-160,3,Autoformalisation failure
olympiadbench-160,4,Autoformalisation failure
olympiadbench-160,5,Autoformalisation failure
olympiadbench-160,6,Autoformalisation failure
olympiadbench-160,7,Autoformalisation failure
olympiadbench-160,8,Autoformalisation failure
olympiadbench-160,9,Autoformalisation failure
olympiadbench-160,10,True
olympiadbench-160,11,Autoformalisation failure
olympiadbench-160,12,Autoformalisation failure
olympiadbench-160,13,Autoformalisation failure
olympiadbench-161,0,Autoformalisation failure
olympiadbench-161,1,Autoformalisation failure
olympiadbench-161,2,Autoformalisation failure
olympiadbench-161,3,Autoformalisation failure
olympiadbench-161,4,Autoformalisation failure
olympiadbench-162,0,True
olympiadbench-162,1,Autoformalisation failure
olympiadbench-162,2,Autoformalisation failure
olympiadbench-162,3,Autoformalisation failure
olympiadbench-162,4,Autoformalisation failure
olympiadbench-162,5,False
olympiadbench-162,6,Autoformalisation failure
olympiadbench-162,7,False
olympiadbench-163,0,Autoformalisation failure
olympiadbench-163,1,Autoformalisation failure
olympiadbench-163,2,Autoformalisation failure
olympiadbench-163,3,Autoformalisation failure
olympiadbench-163,4,Autoformalisation failure
olympiadbench-164,0,Autoformalisation failure
olympiadbench-164,1,True
olympiadbench-164,2,Autoformalisation failure
olympiadbench-164,3,Autoformalisation failure
olympiadbench-164,4,Autoformalisation failure
olympiadbench-164,5,Autoformalisation failure
olympiadbench-164,6,Autoformalisation failure
olympiadbench-164,7,Autoformalisation failure
olympiadbench-164,8,Autoformalisation failure
olympiadbench-164,9,Autoformalisation failure
olympiadbench-164,10,True
olympiadbench-164,11,True
olympiadbench-164,12,Autoformalisation failure
olympiadbench-165,0,True
olympiadbench-165,1,True
olympiadbench-165,2,True
olympiadbench-165,3,Autoformalisation failure
olympiadbench-165,4,True
olympiadbench-165,5,Autoformalisation failure
olympiadbench-166,0,Autoformalisation failure
olympiadbench-166,1,True
olympiadbench-166,2,True
olympiadbench-166,3,Autoformalisation failure
olympiadbench-166,4,False
olympiadbench-166,5,False
olympiadbench-166,6,Autoformalisation failure
olympiadbench-166,7,False
olympiadbench-167,0,True
olympiadbench-167,1,Autoformalisation failure
olympiadbench-167,2,Autoformalisation failure
olympiadbench-167,3,Autoformalisation failure
olympiadbench-167,4,True
olympiadbench-167,5,True
olympiadbench-167,6,True
olympiadbench-167,7,Autoformalisation failure
olympiadbench-168,0,True
olympiadbench-168,1,Autoformalisation failure
olympiadbench-168,2,Autoformalisation failure
olympiadbench-168,3,False
olympiadbench-168,4,Autoformalisation failure
olympiadbench-169,0,Autoformalisation failure
olympiadbench-169,1,Autoformalisation failure
olympiadbench-169,2,Autoformalisation failure
olympiadbench-169,3,Autoformalisation failure
olympiadbench-169,4,Autoformalisation failure
olympiadbench-170,0,Autoformalisation failure
olympiadbench-170,1,Autoformalisation failure
olympiadbench-170,2,Prover failure
olympiadbench-170,3,True
olympiadbench-170,4,Prover failure
olympiadbench-170,5,Prover failure
olympiadbench-171,0,True
olympiadbench-171,1,True
olympiadbench-171,2,True
olympiadbench-171,3,Autoformalisation failure
olympiadbench-171,4,Autoformalisation failure
olympiadbench-171,5,Autoformalisation failure
olympiadbench-171,6,False
olympiadbench-171,7,Autoformalisation failure
olympiadbench-172,0,Autoformalisation failure
olympiadbench-172,1,Autoformalisation failure
olympiadbench-172,2,False
olympiadbench-172,3,Autoformalisation failure
olympiadbench-173,0,Autoformalisation failure
olympiadbench-173,1,Autoformalisation failure
olympiadbench-173,2,Autoformalisation failure
olympiadbench-173,3,Autoformalisation failure
olympiadbench-173,4,Autoformalisation failure
olympiadbench-173,5,Autoformalisation failure
olympiadbench-173,6,Autoformalisation failure
olympiadbench-173,7,Autoformalisation failure
olympiadbench-173,8,Autoformalisation failure
olympiadbench-173,9,Autoformalisation failure
olympiadbench-173,10,Autoformalisation failure
olympiadbench-174,0,True
olympiadbench-174,1,True
olympiadbench-174,2,True
olympiadbench-174,3,True
olympiadbench-174,4,True
olympiadbench-174,5,True
olympiadbench-175,0,Autoformalisation failure
olympiadbench-175,1,Autoformalisation failure
olympiadbench-175,2,Autoformalisation failure
olympiadbench-175,3,Autoformalisation failure
olympiadbench-175,4,Autoformalisation failure
olympiadbench-175,5,Autoformalisation failure
olympiadbench-175,6,Autoformalisation failure
olympiadbench-175,7,Autoformalisation failure
olympiadbench-175,8,Autoformalisation failure
olympiadbench-176,0,Autoformalisation failure
olympiadbench-176,1,Autoformalisation failure
olympiadbench-176,2,Autoformalisation failure
olympiadbench-176,3,Autoformalisation failure
olympiadbench-176,4,Autoformalisation failure
olympiadbench-176,5,True
olympiadbench-176,6,True
olympiadbench-176,7,Autoformalisation failure
olympiadbench-177,0,Autoformalisation failure
olympiadbench-177,1,True
olympiadbench-177,2,Autoformalisation failure
olympiadbench-177,3,True
olympiadbench-178,0,Autoformalisation failure
olympiadbench-178,1,Autoformalisation failure
olympiadbench-178,2,Autoformalisation failure
olympiadbench-178,3,Autoformalisation failure
olympiadbench-178,4,Autoformalisation failure
olympiadbench-178,5,Autoformalisation failure
olympiadbench-178,6,Autoformalisation failure
olympiadbench-178,7,Autoformalisation failure
olympiadbench-178,8,Autoformalisation failure
olympiadbench-178,9,Autoformalisation failure
olympiadbench-179,0,Autoformalisation failure
olympiadbench-179,1,Autoformalisation failure
olympiadbench-179,2,Autoformalisation failure
olympiadbench-179,3,Autoformalisation failure
olympiadbench-179,4,Autoformalisation failure
olympiadbench-179,5,Autoformalisation failure
olympiadbench-179,6,True
olympiadbench-179,7,False
olympiadbench-179,8,True
olympiadbench-179,9,False
olympiadbench-179,10,False
olympiadbench-180,0,True
olympiadbench-180,1,Autoformalisation failure
olympiadbench-180,2,Autoformalisation failure
olympiadbench-180,3,Autoformalisation failure
olympiadbench-180,4,True
olympiadbench-180,5,Autoformalisation failure
olympiadbench-180,6,True
olympiadbench-180,7,Autoformalisation failure
olympiadbench-180,8,Autoformalisation failure
olympiadbench-180,9,Autoformalisation failure
olympiadbench-181,0,Autoformalisation failure
olympiadbench-181,1,True
olympiadbench-181,2,False
olympiadbench-181,3,Autoformalisation failure
olympiadbench-181,4,False
olympiadbench-182,0,Autoformalisation failure
olympiadbench-182,1,Autoformalisation failure
olympiadbench-182,2,Autoformalisation failure
olympiadbench-182,3,Autoformalisation failure
olympiadbench-182,4,Autoformalisation failure
olympiadbench-182,5,True
olympiadbench-182,6,Autoformalisation failure
olympiadbench-182,7,Autoformalisation failure
olympiadbench-182,8,Autoformalisation failure
olympiadbench-182,9,Autoformalisation failure
olympiadbench-182,10,Autoformalisation failure
olympiadbench-183,0,Autoformalisation failure
olympiadbench-183,1,Autoformalisation failure
olympiadbench-183,2,Autoformalisation failure
olympiadbench-183,3,Autoformalisation failure
olympiadbench-184,0,Autoformalisation failure
olympiadbench-184,1,True
olympiadbench-184,2,Autoformalisation failure
olympiadbench-184,3,Autoformalisation failure
olympiadbench-184,4,Autoformalisation failure
olympiadbench-184,5,Autoformalisation failure
olympiadbench-185,0,Autoformalisation failure
olympiadbench-185,1,True
olympiadbench-185,2,Autoformalisation failure
olympiadbench-185,3,True
olympiadbench-185,4,Autoformalisation failure
olympiadbench-185,5,Autoformalisation failure
olympiadbench-185,6,Autoformalisation failure
olympiadbench-185,7,Autoformalisation failure
olympiadbench-185,8,Autoformalisation failure
olympiadbench-185,9,True
olympiadbench-185,10,True
olympiadbench-186,0,True
olympiadbench-186,1,True
olympiadbench-186,2,False
olympiadbench-186,3,Autoformalisation failure
olympiadbench-186,4,Autoformalisation failure
olympiadbench-186,5,Autoformalisation failure
olympiadbench-186,6,True
olympiadbench-186,7,False
olympiadbench-186,8,False
olympiadbench-187,0,Autoformalisation failure
olympiadbench-187,1,Autoformalisation failure
olympiadbench-187,2,Autoformalisation failure
olympiadbench-187,3,Autoformalisation failure
olympiadbench-187,4,Prover failure
olympiadbench-187,5,Prover failure
olympiadbench-187,6,Autoformalisation failure
olympiadbench-188,0,False
olympiadbench-188,1,False
olympiadbench-188,2,Autoformalisation failure
olympiadbench-188,3,Autoformalisation failure
olympiadbench-188,4,Autoformalisation failure
olympiadbench-188,5,Autoformalisation failure
olympiadbench-188,6,Autoformalisation failure
olympiadbench-188,7,Autoformalisation failure
olympiadbench-188,8,Autoformalisation failure
olympiadbench-188,9,False
olympiadbench-188,10,False
olympiadbench-188,11,Prover failure
olympiadbench-188,12,Autoformalisation failure
olympiadbench-188,13,Autoformalisation failure
olympiadbench-189,0,Autoformalisation failure
olympiadbench-189,1,Autoformalisation failure
olympiadbench-189,2,Autoformalisation failure
olympiadbench-189,3,Autoformalisation failure
olympiadbench-189,4,Autoformalisation failure
olympiadbench-189,5,Autoformalisation failure
olympiadbench-189,6,Autoformalisation failure
olympiadbench-189,7,Autoformalisation failure
olympiadbench-189,8,Autoformalisation failure
olympiadbench-189,9,Autoformalisation failure
olympiadbench-189,10,Autoformalisation failure
olympiadbench-190,0,Autoformalisation failure
olympiadbench-190,1,Autoformalisation failure
olympiadbench-190,2,Autoformalisation failure
olympiadbench-190,3,Autoformalisation failure
olympiadbench-190,4,Autoformalisation failure
olympiadbench-190,5,Autoformalisation failure
olympiadbench-191,0,False
olympiadbench-191,1,Autoformalisation failure
olympiadbench-191,2,Autoformalisation failure
olympiadbench-191,3,Autoformalisation failure
olympiadbench-191,4,Autoformalisation failure
olympiadbench-191,5,True
olympiadbench-191,6,True
olympiadbench-191,7,Autoformalisation failure
olympiadbench-191,8,Autoformalisation failure
olympiadbench-192,0,Autoformalisation failure
olympiadbench-192,1,Prover failure
olympiadbench-192,2,Autoformalisation failure
olympiadbench-192,3,Autoformalisation failure
olympiadbench-192,4,True
olympiadbench-192,5,Autoformalisation failure
olympiadbench-192,6,Autoformalisation failure
olympiadbench-192,7,Autoformalisation failure
olympiadbench-192,8,Autoformalisation failure
olympiadbench-192,9,True
olympiadbench-192,10,True
olympiadbench-192,11,True
olympiadbench-193,0,Autoformalisation failure
olympiadbench-193,1,Autoformalisation failure
olympiadbench-193,2,Autoformalisation failure
olympiadbench-193,3,Autoformalisation failure
olympiadbench-193,4,Autoformalisation failure
olympiadbench-193,5,Autoformalisation failure
olympiadbench-193,6,True
olympiadbench-193,7,True
olympiadbench-193,8,Autoformalisation failure
olympiadbench-193,9,Autoformalisation failure
olympiadbench-193,10,Autoformalisation failure
olympiadbench-193,11,False
olympiadbench-193,12,False
olympiadbench-193,13,True
olympiadbench-193,14,Autoformalisation failure
olympiadbench-193,15,True
olympiadbench-193,16,True
olympiadbench-193,17,Autoformalisation failure
olympiadbench-193,18,Autoformalisation failure
olympiadbench-194,0,Autoformalisation failure
olympiadbench-194,1,Autoformalisation failure
olympiadbench-194,2,Autoformalisation failure
olympiadbench-194,3,Autoformalisation failure
olympiadbench-195,0,Autoformalisation failure
olympiadbench-195,1,Prover failure
olympiadbench-195,2,Prover failure
olympiadbench-195,3,True
olympiadbench-195,4,Autoformalisation failure
olympiadbench-195,5,True
olympiadbench-195,6,Autoformalisation failure
olympiadbench-196,0,Autoformalisation failure
olympiadbench-196,1,Autoformalisation failure
olympiadbench-196,2,Autoformalisation failure
olympiadbench-196,3,True
olympiadbench-196,4,True
olympiadbench-196,5,Autoformalisation failure
olympiadbench-196,6,True
olympiadbench-196,7,Autoformalisation failure
olympiadbench-196,8,Autoformalisation failure
olympiadbench-196,9,Autoformalisation failure
olympiadbench-196,10,Autoformalisation failure
olympiadbench-196,11,Autoformalisation failure
olympiadbench-197,0,Autoformalisation failure
olympiadbench-197,1,Autoformalisation failure
olympiadbench-197,2,Autoformalisation failure
olympiadbench-197,3,Autoformalisation failure
olympiadbench-197,4,Autoformalisation failure
olympiadbench-197,5,Autoformalisation failure
olympiadbench-197,6,False
olympiadbench-198,0,True
olympiadbench-198,1,False
olympiadbench-198,2,False
olympiadbench-198,3,False
olympiadbench-199,0,True
olympiadbench-199,1,True
olympiadbench-199,2,Autoformalisation failure
olympiadbench-199,3,True
olympiadbench-199,4,True
olympiadbench-199,5,True
olympiadbench-199,6,False
olympiadbench-199,7,True
olympiadbench-199,8,Autoformalisation failure
olympiadbench-199,9,True
olympiadbench-199,10,True
olympiadbench-199,11,True
olympiadbench-199,12,True
olympiadbench-200,0,Autoformalisation failure
olympiadbench-200,1,True
olympiadbench-200,2,Autoformalisation failure
olympiadbench-200,3,Autoformalisation failure
olympiadbench-200,4,True
olympiadbench-200,5,Autoformalisation failure
olympiadbench-201,0,Autoformalisation failure
olympiadbench-201,1,Autoformalisation failure
olympiadbench-201,2,Autoformalisation failure
olympiadbench-201,3,True
olympiadbench-201,4,True
olympiadbench-201,5,Autoformalisation failure
olympiadbench-201,6,True
olympiadbench-201,7,False
olympiadbench-202,0,Autoformalisation failure
olympiadbench-202,1,Autoformalisation failure
olympiadbench-202,2,Autoformalisation failure
olympiadbench-202,3,Autoformalisation failure
olympiadbench-202,4,Autoformalisation failure
olympiadbench-202,5,True
olympiadbench-202,6,True
olympiadbench-203,0,Autoformalisation failure
olympiadbench-203,1,Autoformalisation failure
olympiadbench-203,2,Autoformalisation failure
olympiadbench-203,3,Autoformalisation failure
olympiadbench-203,4,Autoformalisation failure
olympiadbench-203,5,Autoformalisation failure
olympiadbench-203,6,Autoformalisation failure
olympiadbench-203,7,Autoformalisation failure
olympiadbench-204,0,Autoformalisation failure
olympiadbench-204,1,True
olympiadbench-204,2,True
olympiadbench-204,3,True
olympiadbench-204,4,Autoformalisation failure
olympiadbench-204,5,False
olympiadbench-204,6,Autoformalisation failure
olympiadbench-205,0,Autoformalisation failure
olympiadbench-205,1,Autoformalisation failure
olympiadbench-205,2,Autoformalisation failure
olympiadbench-205,3,Autoformalisation failure
olympiadbench-205,4,Autoformalisation failure
olympiadbench-205,5,Autoformalisation failure
olympiadbench-205,6,Autoformalisation failure
olympiadbench-205,7,Autoformalisation failure
olympiadbench-205,8,Autoformalisation failure
olympiadbench-205,9,Autoformalisation failure
olympiadbench-205,10,Autoformalisation failure
olympiadbench-206,0,True
olympiadbench-206,1,Autoformalisation failure
olympiadbench-206,2,Autoformalisation failure
olympiadbench-206,3,Autoformalisation failure
olympiadbench-206,4,Autoformalisation failure
olympiadbench-206,5,Autoformalisation failure
olympiadbench-206,6,True
olympiadbench-206,7,Autoformalisation failure
olympiadbench-206,8,True
olympiadbench-206,9,Autoformalisation failure
olympiadbench-206,10,Autoformalisation failure
olympiadbench-206,11,Autoformalisation failure
olympiadbench-207,0,Autoformalisation failure
olympiadbench-207,1,Autoformalisation failure
olympiadbench-207,2,Autoformalisation failure
olympiadbench-207,3,Autoformalisation failure
olympiadbench-207,4,Autoformalisation failure
olympiadbench-207,5,Autoformalisation failure
olympiadbench-207,6,Autoformalisation failure
olympiadbench-207,7,Autoformalisation failure
olympiadbench-207,8,Autoformalisation failure
olympiadbench-207,9,Autoformalisation failure
olympiadbench-208,0,Autoformalisation failure
olympiadbench-208,1,Autoformalisation failure
olympiadbench-208,2,Autoformalisation failure
olympiadbench-208,3,Autoformalisation failure
olympiadbench-209,0,Autoformalisation failure
olympiadbench-209,1,Autoformalisation failure
olympiadbench-209,2,Autoformalisation failure
olympiadbench-209,3,Autoformalisation failure
olympiadbench-209,4,Autoformalisation failure
olympiadbench-209,5,Autoformalisation failure
olympiadbench-209,6,Autoformalisation failure
olympiadbench-209,7,Autoformalisation failure
olympiadbench-209,8,Autoformalisation failure
olympiadbench-209,9,Autoformalisation failure
olympiadbench-209,10,Autoformalisation failure
olympiadbench-209,11,Autoformalisation failure
olympiadbench-209,12,Autoformalisation failure
olympiadbench-209,13,Autoformalisation failure
olympiadbench-209,14,Autoformalisation failure
olympiadbench-209,15,Autoformalisation failure
olympiadbench-209,16,Autoformalisation failure
olympiadbench-209,17,Autoformalisation failure
olympiadbench-209,18,Autoformalisation failure
olympiadbench-209,19,Autoformalisation failure
olympiadbench-209,20,Autoformalisation failure
olympiadbench-209,21,Autoformalisation failure
olympiadbench-209,22,Autoformalisation failure
olympiadbench-210,0,Autoformalisation failure
olympiadbench-210,1,Autoformalisation failure
olympiadbench-210,2,Autoformalisation failure
olympiadbench-210,3,Autoformalisation failure
olympiadbench-210,4,Autoformalisation failure
olympiadbench-210,5,Autoformalisation failure
olympiadbench-210,6,Autoformalisation failure
olympiadbench-211,0,Autoformalisation failure
olympiadbench-211,1,Autoformalisation failure
olympiadbench-211,2,Autoformalisation failure
olympiadbench-211,3,Autoformalisation failure
olympiadbench-211,4,Autoformalisation failure
olympiadbench-211,5,Autoformalisation failure
olympiadbench-211,6,True
olympiadbench-211,7,True
olympiadbench-211,8,Autoformalisation failure
olympiadbench-211,9,Autoformalisation failure
olympiadbench-211,10,Autoformalisation failure
olympiadbench-211,11,Autoformalisation failure
olympiadbench-211,12,True
olympiadbench-211,13,True
olympiadbench-211,14,Autoformalisation failure
olympiadbench-211,15,False
olympiadbench-211,16,False
olympiadbench-212,0,Autoformalisation failure
olympiadbench-212,1,True
olympiadbench-212,2,Autoformalisation failure
olympiadbench-212,3,Autoformalisation failure
olympiadbench-212,4,Autoformalisation failure
olympiadbench-213,0,True
olympiadbench-213,1,True
olympiadbench-213,2,Autoformalisation failure
olympiadbench-213,3,True
olympiadbench-213,4,False
olympiadbench-213,5,False
olympiadbench-214,0,Autoformalisation failure
olympiadbench-214,1,Autoformalisation failure
olympiadbench-214,2,Autoformalisation failure
olympiadbench-214,3,Autoformalisation failure
olympiadbench-214,4,Autoformalisation failure
olympiadbench-214,5,Autoformalisation failure
olympiadbench-214,6,True
olympiadbench-214,7,Autoformalisation failure
olympiadbench-214,8,True
olympiadbench-214,9,False
olympiadbench-214,10,True
olympiadbench-214,11,False
olympiadbench-214,12,True
olympiadbench-214,13,False
olympiadbench-214,14,Autoformalisation failure
olympiadbench-214,15,Autoformalisation failure
olympiadbench-215,0,Autoformalisation failure
olympiadbench-215,1,Autoformalisation failure
olympiadbench-215,2,Autoformalisation failure
olympiadbench-215,3,Autoformalisation failure
olympiadbench-215,4,Autoformalisation failure
olympiadbench-216,0,Autoformalisation failure
olympiadbench-216,1,Autoformalisation failure
olympiadbench-216,2,Autoformalisation failure
olympiadbench-216,3,Autoformalisation failure
olympiadbench-216,4,True
olympiadbench-216,5,Autoformalisation failure
olympiadbench-216,6,False
olympiadbench-216,7,Autoformalisation failure
olympiadbench-216,8,Autoformalisation failure
olympiadbench-216,9,Autoformalisation failure
olympiadbench-216,10,Autoformalisation failure
olympiadbench-216,11,Autoformalisation failure
olympiadbench-216,12,True
olympiadbench-216,13,True
olympiadbench-216,14,True
olympiadbench-216,15,Autoformalisation failure
olympiadbench-217,0,Autoformalisation failure
olympiadbench-217,1,Autoformalisation failure
olympiadbench-217,2,Autoformalisation failure
olympiadbench-217,3,Autoformalisation failure
olympiadbench-217,4,Autoformalisation failure
olympiadbench-217,5,Autoformalisation failure
olympiadbench-217,6,Autoformalisation failure
olympiadbench-217,7,Autoformalisation failure
olympiadbench-218,0,Autoformalisation failure
olympiadbench-218,1,Autoformalisation failure
olympiadbench-218,2,Autoformalisation failure
olympiadbench-218,3,Autoformalisation failure
olympiadbench-218,4,Autoformalisation failure
olympiadbench-218,5,Autoformalisation failure
olympiadbench-219,0,Autoformalisation failure
olympiadbench-219,1,Autoformalisation failure
olympiadbench-219,2,Autoformalisation failure
olympiadbench-219,3,Autoformalisation failure
olympiadbench-219,4,Autoformalisation failure
olympiadbench-219,5,True
olympiadbench-219,6,True
olympiadbench-219,7,Autoformalisation failure
olympiadbench-219,8,Autoformalisation failure
olympiadbench-219,9,Autoformalisation failure
olympiadbench-220,0,Autoformalisation failure
olympiadbench-220,1,Autoformalisation failure
olympiadbench-220,2,Autoformalisation failure
olympiadbench-220,3,Autoformalisation failure
olympiadbench-220,4,Autoformalisation failure
olympiadbench-220,5,Autoformalisation failure
olympiadbench-220,6,Prover failure
olympiadbench-220,7,True
olympiadbench-220,8,Autoformalisation failure
olympiadbench-221,0,Autoformalisation failure
olympiadbench-221,1,Autoformalisation failure
olympiadbench-221,2,Autoformalisation failure
olympiadbench-221,3,Autoformalisation failure
olympiadbench-221,4,Autoformalisation failure
olympiadbench-221,5,Autoformalisation failure
olympiadbench-221,6,Autoformalisation failure
olympiadbench-221,7,Autoformalisation failure
olympiadbench-221,8,Autoformalisation failure
olympiadbench-221,9,Autoformalisation failure
olympiadbench-221,10,Autoformalisation failure
olympiadbench-221,11,Autoformalisation failure
olympiadbench-221,12,True
olympiadbench-221,13,Autoformalisation failure
olympiadbench-221,14,Autoformalisation failure
olympiadbench-221,15,Autoformalisation failure
olympiadbench-221,16,Autoformalisation failure
olympiadbench-221,17,Autoformalisation failure
olympiadbench-222,0,Autoformalisation failure
olympiadbench-222,1,Autoformalisation failure
olympiadbench-222,2,Autoformalisation failure
olympiadbench-222,3,Autoformalisation failure
olympiadbench-222,4,True
olympiadbench-222,5,Autoformalisation failure
olympiadbench-222,6,Autoformalisation failure
olympiadbench-223,0,Autoformalisation failure
olympiadbench-223,1,Autoformalisation failure
olympiadbench-223,2,Autoformalisation failure
olympiadbench-223,3,Autoformalisation failure
olympiadbench-223,4,Autoformalisation failure
olympiadbench-224,0,Prover failure
olympiadbench-224,1,Autoformalisation failure
olympiadbench-224,2,Autoformalisation failure
olympiadbench-224,3,Autoformalisation failure
olympiadbench-224,4,Autoformalisation failure
olympiadbench-224,5,True
olympiadbench-224,6,Autoformalisation failure
olympiadbench-225,0,Autoformalisation failure
olympiadbench-225,1,Autoformalisation failure
olympiadbench-225,2,Prover failure
olympiadbench-225,3,Autoformalisation failure
olympiadbench-225,4,Prover failure
olympiadbench-225,5,Autoformalisation failure
olympiadbench-225,6,Autoformalisation failure
olympiadbench-226,0,Autoformalisation failure
olympiadbench-226,1,Autoformalisation failure
olympiadbench-226,2,Autoformalisation failure
olympiadbench-226,3,Autoformalisation failure
olympiadbench-226,4,Autoformalisation failure
olympiadbench-226,5,Autoformalisation failure
olympiadbench-226,6,Autoformalisation failure
olympiadbench-226,7,Autoformalisation failure
olympiadbench-227,0,Autoformalisation failure
olympiadbench-227,1,Autoformalisation failure
olympiadbench-227,2,Autoformalisation failure
olympiadbench-227,3,Autoformalisation failure
olympiadbench-227,4,Autoformalisation failure
olympiadbench-227,5,Autoformalisation failure
olympiadbench-227,6,Autoformalisation failure
olympiadbench-228,0,Autoformalisation failure
olympiadbench-228,1,Autoformalisation failure
olympiadbench-228,2,Autoformalisation failure
olympiadbench-228,3,True
olympiadbench-228,4,Autoformalisation failure
olympiadbench-228,5,Prover failure
olympiadbench-228,6,Autoformalisation failure
olympiadbench-228,7,Autoformalisation failure
olympiadbench-228,8,Autoformalisation failure
olympiadbench-229,0,Autoformalisation failure
olympiadbench-229,1,Autoformalisation failure
olympiadbench-229,2,Autoformalisation failure
olympiadbench-229,3,Autoformalisation failure
olympiadbench-229,4,Autoformalisation failure
olympiadbench-229,5,Autoformalisation failure
olympiadbench-229,6,Autoformalisation failure
olympiadbench-229,7,Autoformalisation failure
olympiadbench-229,8,True
olympiadbench-229,9,Autoformalisation failure
olympiadbench-229,10,True
olympiadbench-229,11,Autoformalisation failure
olympiadbench-229,12,Autoformalisation failure
olympiadbench-230,0,Autoformalisation failure
olympiadbench-230,1,Autoformalisation failure
olympiadbench-230,2,Autoformalisation failure
olympiadbench-230,3,Autoformalisation failure
olympiadbench-230,4,Autoformalisation failure
olympiadbench-230,5,Autoformalisation failure
olympiadbench-230,6,Autoformalisation failure
olympiadbench-230,7,Autoformalisation failure
olympiadbench-230,8,Autoformalisation failure
olympiadbench-230,9,Autoformalisation failure
olympiadbench-230,10,Autoformalisation failure
olympiadbench-230,11,True
olympiadbench-230,12,True
olympiadbench-230,13,Autoformalisation failure
olympiadbench-231,0,Autoformalisation failure
olympiadbench-231,1,Autoformalisation failure
olympiadbench-231,2,True
olympiadbench-231,3,Autoformalisation failure
olympiadbench-231,4,Autoformalisation failure
olympiadbench-231,5,True
olympiadbench-232,0,True
olympiadbench-232,1,True
olympiadbench-232,2,True
olympiadbench-232,3,True
olympiadbench-232,4,False
olympiadbench-233,0,Autoformalisation failure
olympiadbench-233,1,Autoformalisation failure
olympiadbench-233,2,True
olympiadbench-233,3,True
olympiadbench-233,4,Autoformalisation failure
olympiadbench-233,5,True
olympiadbench-233,6,True
olympiadbench-233,7,True
olympiadbench-233,8,True
olympiadbench-233,9,Autoformalisation failure
olympiadbench-233,10,Autoformalisation failure
olympiadbench-233,11,False
olympiadbench-233,12,Autoformalisation failure
olympiadbench-234,0,Autoformalisation failure
olympiadbench-234,1,Autoformalisation failure
olympiadbench-234,2,Autoformalisation failure
olympiadbench-234,3,Autoformalisation failure
olympiadbench-234,4,Autoformalisation failure
olympiadbench-234,5,Autoformalisation failure
olympiadbench-235,0,Autoformalisation failure
olympiadbench-235,1,Autoformalisation failure
olympiadbench-235,2,Autoformalisation failure
olympiadbench-235,3,Autoformalisation failure
olympiadbench-235,4,Autoformalisation failure
olympiadbench-235,5,Autoformalisation failure
olympiadbench-235,6,Autoformalisation failure
olympiadbench-236,0,Autoformalisation failure
olympiadbench-236,1,Autoformalisation failure
olympiadbench-236,2,Autoformalisation failure
olympiadbench-236,3,Autoformalisation failure
olympiadbench-236,4,Autoformalisation failure
olympiadbench-236,5,True
olympiadbench-236,6,False
olympiadbench-236,7,False
olympiadbench-237,0,True
olympiadbench-237,1,Autoformalisation failure
olympiadbench-237,2,Autoformalisation failure
olympiadbench-237,3,True
olympiadbench-238,0,Autoformalisation failure
olympiadbench-238,1,Autoformalisation failure
olympiadbench-238,2,Autoformalisation failure
olympiadbench-238,3,Autoformalisation failure
olympiadbench-238,4,True
olympiadbench-238,5,True
olympiadbench-238,6,False
olympiadbench-239,0,Autoformalisation failure
olympiadbench-239,1,True
olympiadbench-239,2,True
olympiadbench-239,3,True
olympiadbench-239,4,True
olympiadbench-239,5,Prover failure
olympiadbench-239,6,False
olympiadbench-239,7,Prover failure
olympiadbench-239,8,Autoformalisation failure
olympiadbench-239,9,Autoformalisation failure
olympiadbench-239,10,Autoformalisation failure
olympiadbench-239,11,Autoformalisation failure
olympiadbench-239,12,Autoformalisation failure
olympiadbench-239,13,Autoformalisation failure
olympiadbench-239,14,Prover failure
olympiadbench-239,15,Prover failure
olympiadbench-239,16,Autoformalisation failure
olympiadbench-240,0,Autoformalisation failure
olympiadbench-240,1,True
olympiadbench-240,2,True
olympiadbench-240,3,True
olympiadbench-241,0,Autoformalisation failure
olympiadbench-241,1,Autoformalisation failure
olympiadbench-241,2,Autoformalisation failure
olympiadbench-241,3,True
olympiadbench-241,4,Autoformalisation failure
olympiadbench-241,5,True
olympiadbench-241,6,Autoformalisation failure
olympiadbench-241,7,True
olympiadbench-241,8,Autoformalisation failure
olympiadbench-241,9,Autoformalisation failure
olympiadbench-242,0,True
olympiadbench-242,1,Autoformalisation failure
olympiadbench-242,2,False
olympiadbench-242,3,True
olympiadbench-242,4,True
olympiadbench-243,0,Autoformalisation failure
olympiadbench-243,1,Autoformalisation failure
olympiadbench-243,2,Autoformalisation failure
olympiadbench-243,3,Autoformalisation failure
olympiadbench-243,4,Autoformalisation failure
olympiadbench-243,5,Autoformalisation failure
olympiadbench-243,6,Autoformalisation failure
olympiadbench-243,7,Autoformalisation failure
olympiadbench-243,8,True
olympiadbench-243,9,True
olympiadbench-244,0,Autoformalisation failure
olympiadbench-244,1,Autoformalisation failure
olympiadbench-244,2,Autoformalisation failure
olympiadbench-244,3,Autoformalisation failure
olympiadbench-244,4,Autoformalisation failure
olympiadbench-244,5,Autoformalisation failure
olympiadbench-244,6,Autoformalisation failure
olympiadbench-244,7,Autoformalisation failure
olympiadbench-244,8,Autoformalisation failure
olympiadbench-244,9,Autoformalisation failure
olympiadbench-244,10,Autoformalisation failure
olympiadbench-244,11,Autoformalisation failure
olympiadbench-244,12,Autoformalisation failure
olympiadbench-244,13,True
olympiadbench-244,14,True
olympiadbench-244,15,Prover failure
olympiadbench-244,16,Prover failure
olympiadbench-244,17,Autoformalisation failure
olympiadbench-244,18,Autoformalisation failure
olympiadbench-244,19,Autoformalisation failure
olympiadbench-245,0,True
olympiadbench-245,1,Autoformalisation failure
olympiadbench-245,2,Autoformalisation failure
olympiadbench-245,3,Autoformalisation failure
olympiadbench-245,4,True
olympiadbench-245,5,True
olympiadbench-246,0,True
olympiadbench-246,1,True
olympiadbench-246,2,True
olympiadbench-246,3,True
olympiadbench-246,4,True
olympiadbench-246,5,True
olympiadbench-246,6,Prover failure
olympiadbench-247,0,Prover failure
olympiadbench-247,1,True
olympiadbench-247,2,False
olympiadbench-247,3,False
olympiadbench-248,0,Autoformalisation failure
olympiadbench-248,1,Autoformalisation failure
olympiadbench-248,2,Autoformalisation failure
olympiadbench-248,3,Autoformalisation failure
olympiadbench-248,4,Autoformalisation failure
olympiadbench-249,0,True
olympiadbench-249,1,True
olympiadbench-249,2,Autoformalisation failure
olympiadbench-249,3,Autoformalisation failure
olympiadbench-249,4,Autoformalisation failure
olympiadbench-249,5,Autoformalisation failure
olympiadbench-249,6,Autoformalisation failure
olympiadbench-249,7,Autoformalisation failure
olympiadbench-249,8,Autoformalisation failure
olympiadbench-249,9,Autoformalisation failure
olympiadbench-249,10,Autoformalisation failure
olympiadbench-249,11,Autoformalisation failure
olympiadbench-249,12,Autoformalisation failure
olympiadbench-249,13,True
olympiadbench-250,0,Autoformalisation failure
olympiadbench-250,1,Autoformalisation failure
olympiadbench-250,2,Autoformalisation failure
olympiadbench-250,3,True
olympiadbench-250,4,Autoformalisation failure
olympiadbench-250,5,True
olympiadbench-250,6,True
olympiadbench-250,7,Autoformalisation failure
olympiadbench-250,8,True
olympiadbench-250,9,True
olympiadbench-250,10,False
olympiadbench-250,11,False
olympiadbench-250,12,True
olympiadbench-250,13,True
olympiadbench-250,14,Autoformalisation failure
olympiadbench-250,15,Prover failure
olympiadbench-250,16,Prover failure
olympiadbench-250,17,Autoformalisation failure
olympiadbench-250,18,Prover failure
olympiadbench-250,19,Prover failure
olympiadbench-251,0,Autoformalisation failure
olympiadbench-251,1,Autoformalisation failure
olympiadbench-251,2,Autoformalisation failure
olympiadbench-251,3,Autoformalisation failure
olympiadbench-251,4,Autoformalisation failure
olympiadbench-251,5,True
olympiadbench-252,0,True
olympiadbench-252,1,True
olympiadbench-252,2,True
olympiadbench-252,3,True
olympiadbench-252,4,True
olympiadbench-252,5,Autoformalisation failure
olympiadbench-253,0,Autoformalisation failure
olympiadbench-253,1,Autoformalisation failure
olympiadbench-253,2,Autoformalisation failure
olympiadbench-253,3,Autoformalisation failure
olympiadbench-253,4,Autoformalisation failure
olympiadbench-253,5,Autoformalisation failure
olympiadbench-253,6,Autoformalisation failure
olympiadbench-253,7,Autoformalisation failure
olympiadbench-253,8,True
olympiadbench-253,9,True
olympiadbench-253,10,Autoformalisation failure
olympiadbench-253,11,False
olympiadbench-254,0,Autoformalisation failure
olympiadbench-254,1,True
olympiadbench-254,2,Autoformalisation failure
olympiadbench-254,3,Autoformalisation failure
olympiadbench-254,4,Autoformalisation failure
olympiadbench-254,5,False
olympiadbench-254,6,False
olympiadbench-254,7,False
olympiadbench-254,8,Autoformalisation failure
olympiadbench-255,0,Autoformalisation failure
olympiadbench-255,1,Autoformalisation failure
olympiadbench-255,2,Autoformalisation failure
olympiadbench-255,3,Autoformalisation failure
olympiadbench-255,4,Autoformalisation failure
olympiadbench-255,5,Autoformalisation failure
olympiadbench-256,0,Autoformalisation failure
olympiadbench-256,1,Autoformalisation failure
olympiadbench-256,2,Autoformalisation failure
olympiadbench-256,3,Autoformalisation failure
olympiadbench-256,4,Autoformalisation failure
olympiadbench-256,5,Autoformalisation failure
olympiadbench-256,6,Autoformalisation failure
olympiadbench-256,7,Autoformalisation failure
olympiadbench-256,8,Autoformalisation failure
olympiadbench-256,9,Autoformalisation failure
olympiadbench-256,10,Autoformalisation failure
olympiadbench-256,11,Autoformalisation failure
olympiadbench-256,12,Autoformalisation failure
olympiadbench-256,13,Autoformalisation failure
olympiadbench-257,0,Autoformalisation failure
olympiadbench-257,1,Autoformalisation failure
olympiadbench-257,2,Autoformalisation failure
olympiadbench-257,3,Autoformalisation failure
olympiadbench-257,4,Autoformalisation failure
olympiadbench-257,5,Autoformalisation failure
olympiadbench-257,6,Autoformalisation failure
olympiadbench-257,7,Autoformalisation failure
olympiadbench-257,8,Autoformalisation failure
olympiadbench-257,9,True
olympiadbench-257,10,False
olympiadbench-257,11,False
olympiadbench-257,12,True
olympiadbench-257,13,True
olympiadbench-257,14,Autoformalisation failure
olympiadbench-257,15,True
olympiadbench-257,16,Autoformalisation failure
olympiadbench-257,17,True
olympiadbench-257,18,True
olympiadbench-257,19,True
olympiadbench-257,20,Autoformalisation failure
olympiadbench-258,0,Autoformalisation failure
olympiadbench-258,1,Autoformalisation failure
olympiadbench-258,2,Autoformalisation failure
olympiadbench-258,3,Autoformalisation failure
olympiadbench-258,4,Autoformalisation failure
olympiadbench-259,0,Autoformalisation failure
olympiadbench-259,1,True
olympiadbench-259,2,Autoformalisation failure
olympiadbench-259,3,True
olympiadbench-259,4,Autoformalisation failure
olympiadbench-260,0,Autoformalisation failure
olympiadbench-260,1,Autoformalisation failure
olympiadbench-260,2,Autoformalisation failure
olympiadbench-260,3,Autoformalisation failure
olympiadbench-260,4,Autoformalisation failure
olympiadbench-260,5,Autoformalisation failure
olympiadbench-260,6,Autoformalisation failure
olympiadbench-260,7,Autoformalisation failure
olympiadbench-261,0,Autoformalisation failure
olympiadbench-261,1,Autoformalisation failure
olympiadbench-261,2,Autoformalisation failure
olympiadbench-261,3,Autoformalisation failure
olympiadbench-261,4,Autoformalisation failure
olympiadbench-261,5,True
olympiadbench-261,6,Autoformalisation failure
olympiadbench-261,7,Autoformalisation failure
olympiadbench-262,0,Autoformalisation failure
olympiadbench-262,1,Autoformalisation failure
olympiadbench-262,2,Autoformalisation failure
olympiadbench-262,3,Autoformalisation failure
olympiadbench-262,4,Autoformalisation failure
olympiadbench-263,0,Autoformalisation failure
olympiadbench-263,1,Autoformalisation failure
olympiadbench-263,2,Autoformalisation failure
olympiadbench-263,3,Autoformalisation failure
olympiadbench-263,4,Autoformalisation failure
olympiadbench-264,0,True
olympiadbench-264,1,False
olympiadbench-264,2,True
olympiadbench-264,3,True
olympiadbench-264,4,Autoformalisation failure
olympiadbench-264,5,Autoformalisation failure
olympiadbench-265,0,Autoformalisation failure
olympiadbench-265,1,True
olympiadbench-265,2,Autoformalisation failure
olympiadbench-265,3,Autoformalisation failure
olympiadbench-265,4,Autoformalisation failure
olympiadbench-265,5,Autoformalisation failure
olympiadbench-265,6,Prover failure
olympiadbench-265,7,Autoformalisation failure
olympiadbench-265,8,Prover failure
olympiadbench-265,9,True
olympiadbench-265,10,Prover failure
olympiadbench-265,11,True
olympiadbench-265,12,Autoformalisation failure
olympiadbench-265,13,True
olympiadbench-265,14,Autoformalisation failure
olympiadbench-265,15,Autoformalisation failure
olympiadbench-265,16,Autoformalisation failure
olympiadbench-265,17,Autoformalisation failure
olympiadbench-266,0,Prover failure
olympiadbench-266,1,True
olympiadbench-266,2,Autoformalisation failure
olympiadbench-266,3,True
olympiadbench-266,4,True
olympiadbench-266,5,True
olympiadbench-266,6,Autoformalisation failure
olympiadbench-266,7,Autoformalisation failure
olympiadbench-266,8,Autoformalisation failure
olympiadbench-266,9,True
olympiadbench-266,10,Autoformalisation failure
olympiadbench-266,11,True
olympiadbench-266,12,True
olympiadbench-266,13,Autoformalisation failure
olympiadbench-266,14,True
olympiadbench-266,15,Autoformalisation failure
olympiadbench-266,16,Autoformalisation failure
olympiadbench-266,17,Autoformalisation failure
olympiadbench-266,18,Autoformalisation failure
olympiadbench-266,19,Autoformalisation failure
olympiadbench-267,0,Autoformalisation failure
olympiadbench-267,1,Autoformalisation failure
olympiadbench-267,2,Autoformalisation failure
olympiadbench-267,3,Autoformalisation failure
olympiadbench-267,4,True
olympiadbench-267,5,True
olympiadbench-267,6,Autoformalisation failure
olympiadbench-267,7,True
olympiadbench-267,8,True
olympiadbench-268,0,True
olympiadbench-268,1,Prover failure
olympiadbench-268,2,False
olympiadbench-268,3,False
olympiadbench-268,4,False
olympiadbench-268,5,False
olympiadbench-269,0,Autoformalisation failure
olympiadbench-269,1,Autoformalisation failure
olympiadbench-269,2,Autoformalisation failure
olympiadbench-269,3,Autoformalisation failure
olympiadbench-269,4,Autoformalisation failure
olympiadbench-269,5,Autoformalisation failure
olympiadbench-269,6,Autoformalisation failure
olympiadbench-269,7,Autoformalisation failure
olympiadbench-269,8,Autoformalisation failure
olympiadbench-269,9,Autoformalisation failure
olympiadbench-269,10,Autoformalisation failure
olympiadbench-270,0,Autoformalisation failure
olympiadbench-270,1,Autoformalisation failure
olympiadbench-270,2,Autoformalisation failure
olympiadbench-270,3,Autoformalisation failure
olympiadbench-270,4,Autoformalisation failure
olympiadbench-270,5,Autoformalisation failure
olympiadbench-270,6,Autoformalisation failure
olympiadbench-270,7,Autoformalisation failure
olympiadbench-270,8,True
olympiadbench-270,9,Autoformalisation failure
olympiadbench-271,0,Autoformalisation failure
olympiadbench-271,1,Autoformalisation failure
olympiadbench-271,2,Autoformalisation failure
olympiadbench-271,3,Autoformalisation failure
olympiadbench-271,4,Autoformalisation failure
olympiadbench-271,5,Autoformalisation failure
olympiadbench-271,6,Autoformalisation failure
olympiadbench-271,7,Autoformalisation failure
olympiadbench-271,8,Autoformalisation failure
olympiadbench-271,9,Autoformalisation failure
olympiadbench-272,0,True
olympiadbench-272,1,Autoformalisation failure
olympiadbench-272,2,Autoformalisation failure
olympiadbench-272,3,True
olympiadbench-272,4,Autoformalisation failure
olympiadbench-272,5,Autoformalisation failure
olympiadbench-272,6,Autoformalisation failure
olympiadbench-272,7,False
olympiadbench-273,0,Autoformalisation failure
olympiadbench-273,1,Autoformalisation failure
olympiadbench-273,2,Autoformalisation failure
olympiadbench-273,3,Autoformalisation failure
olympiadbench-273,4,Autoformalisation failure
olympiadbench-273,5,Autoformalisation failure
olympiadbench-273,6,Autoformalisation failure
olympiadbench-273,7,Autoformalisation failure
olympiadbench-273,8,Autoformalisation failure
olympiadbench-273,9,Autoformalisation failure
olympiadbench-274,0,Autoformalisation failure
olympiadbench-274,1,Autoformalisation failure
olympiadbench-274,2,Autoformalisation failure
olympiadbench-274,3,Autoformalisation failure
olympiadbench-274,4,Autoformalisation failure
olympiadbench-274,5,Autoformalisation failure
olympiadbench-274,6,Autoformalisation failure
olympiadbench-274,7,Autoformalisation failure
olympiadbench-274,8,Autoformalisation failure
olympiadbench-274,9,Autoformalisation failure
olympiadbench-275,0,Autoformalisation failure
olympiadbench-275,1,Autoformalisation failure
olympiadbench-275,2,Autoformalisation failure
olympiadbench-275,3,False
olympiadbench-275,4,Autoformalisation failure
olympiadbench-275,5,Autoformalisation failure
olympiadbench-275,6,Autoformalisation failure
olympiadbench-275,7,Autoformalisation failure
olympiadbench-275,8,Autoformalisation failure
olympiadbench-276,0,Autoformalisation failure
olympiadbench-276,1,True
olympiadbench-276,2,Autoformalisation failure
olympiadbench-276,3,Autoformalisation failure
olympiadbench-276,4,Autoformalisation failure
olympiadbench-276,5,Autoformalisation failure
olympiadbench-276,6,Autoformalisation failure
olympiadbench-276,7,Autoformalisation failure
olympiadbench-276,8,True
olympiadbench-277,0,Autoformalisation failure
olympiadbench-277,1,Autoformalisation failure
olympiadbench-277,2,Autoformalisation failure
olympiadbench-277,3,Autoformalisation failure
olympiadbench-277,4,Autoformalisation failure
olympiadbench-277,5,Autoformalisation failure
olympiadbench-277,6,Autoformalisation failure
olympiadbench-277,7,False
olympiadbench-278,0,Autoformalisation failure
olympiadbench-278,1,Autoformalisation failure
olympiadbench-278,2,Autoformalisation failure
olympiadbench-278,3,Autoformalisation failure
olympiadbench-278,4,Autoformalisation failure
olympiadbench-278,5,Autoformalisation failure
olympiadbench-278,6,Autoformalisation failure
olympiadbench-278,7,Autoformalisation failure
olympiadbench-278,8,Autoformalisation failure
olympiadbench-279,0,Autoformalisation failure
olympiadbench-279,1,Autoformalisation failure
olympiadbench-279,2,Autoformalisation failure
olympiadbench-279,3,True
olympiadbench-279,4,Autoformalisation failure
olympiadbench-279,5,Autoformalisation failure
olympiadbench-279,6,Autoformalisation failure
olympiadbench-279,7,Autoformalisation failure
olympiadbench-280,0,Autoformalisation failure
olympiadbench-280,1,True
olympiadbench-280,2,Autoformalisation failure
olympiadbench-280,3,Autoformalisation failure
olympiadbench-280,4,Autoformalisation failure
olympiadbench-280,5,Autoformalisation failure
olympiadbench-280,6,Autoformalisation failure
olympiadbench-280,7,False
olympiadbench-281,0,Autoformalisation failure
olympiadbench-281,1,Autoformalisation failure
olympiadbench-281,2,Autoformalisation failure
olympiadbench-281,3,Autoformalisation failure
olympiadbench-281,4,Autoformalisation failure
olympiadbench-281,5,Autoformalisation failure
olympiadbench-281,6,Autoformalisation failure
olympiadbench-281,7,Autoformalisation failure
olympiadbench-281,8,Autoformalisation failure
olympiadbench-282,0,Autoformalisation failure
olympiadbench-282,1,Autoformalisation failure
olympiadbench-282,2,Autoformalisation failure
olympiadbench-282,3,Autoformalisation failure
olympiadbench-282,4,Autoformalisation failure
olympiadbench-282,5,Autoformalisation failure
olympiadbench-282,6,False
olympiadbench-282,7,False
olympiadbench-282,8,Autoformalisation failure
olympiadbench-282,9,Autoformalisation failure
olympiadbench-282,10,False
olympiadbench-282,11,Autoformalisation failure
olympiadbench-282,12,Autoformalisation failure
olympiadbench-282,13,Autoformalisation failure
olympiadbench-282,14,Autoformalisation failure
olympiadbench-282,15,Autoformalisation failure
olympiadbench-282,16,Autoformalisation failure
olympiadbench-282,17,Autoformalisation failure
olympiadbench-282,18,Autoformalisation failure
olympiadbench-282,19,Autoformalisation failure
olympiadbench-282,20,Autoformalisation failure
olympiadbench-283,0,Autoformalisation failure
olympiadbench-283,1,False
olympiadbench-283,2,Prover failure
olympiadbench-283,3,True
olympiadbench-283,4,True
olympiadbench-283,5,True
olympiadbench-284,0,Autoformalisation failure
olympiadbench-284,1,Autoformalisation failure
olympiadbench-284,2,Autoformalisation failure
olympiadbench-284,3,Autoformalisation failure
olympiadbench-284,4,Autoformalisation failure
olympiadbench-284,5,Autoformalisation failure
olympiadbench-285,0,Autoformalisation failure
olympiadbench-285,1,Autoformalisation failure
olympiadbench-285,2,Autoformalisation failure
olympiadbench-285,3,Autoformalisation failure
olympiadbench-285,4,Autoformalisation failure
olympiadbench-286,0,True
olympiadbench-286,1,Autoformalisation failure
olympiadbench-286,2,Autoformalisation failure
olympiadbench-286,3,True
olympiadbench-287,0,True
olympiadbench-287,1,True
olympiadbench-287,2,Autoformalisation failure
olympiadbench-287,3,Autoformalisation failure
olympiadbench-287,4,Autoformalisation failure
olympiadbench-287,5,Autoformalisation failure
olympiadbench-287,6,True
olympiadbench-287,7,Autoformalisation failure
olympiadbench-287,8,True
olympiadbench-287,9,Autoformalisation failure
olympiadbench-287,10,Autoformalisation failure
olympiadbench-287,11,True
olympiadbench-287,12,Autoformalisation failure
olympiadbench-287,13,Autoformalisation failure
olympiadbench-288,0,Autoformalisation failure
olympiadbench-288,1,Autoformalisation failure
olympiadbench-288,2,Autoformalisation failure
olympiadbench-288,3,Autoformalisation failure
olympiadbench-288,4,Autoformalisation failure
olympiadbench-288,5,Autoformalisation failure
olympiadbench-288,6,Autoformalisation failure
olympiadbench-288,7,Autoformalisation failure
olympiadbench-288,8,Autoformalisation failure
olympiadbench-288,9,Autoformalisation failure
olympiadbench-288,10,Autoformalisation failure
olympiadbench-288,11,Autoformalisation failure
olympiadbench-288,12,Autoformalisation failure
olympiadbench-289,0,Autoformalisation failure
olympiadbench-289,1,Autoformalisation failure
olympiadbench-289,2,Autoformalisation failure
olympiadbench-289,3,Autoformalisation failure
olympiadbench-289,4,Autoformalisation failure
olympiadbench-289,5,Autoformalisation failure
olympiadbench-289,6,Autoformalisation failure
olympiadbench-289,7,Autoformalisation failure
olympiadbench-290,0,True
olympiadbench-290,1,False
olympiadbench-290,2,Autoformalisation failure
olympiadbench-290,3,Autoformalisation failure
olympiadbench-290,4,Autoformalisation failure
olympiadbench-291,0,Autoformalisation failure
olympiadbench-291,1,Autoformalisation failure
olympiadbench-291,2,Autoformalisation failure
olympiadbench-291,3,Autoformalisation failure
olympiadbench-291,4,Autoformalisation failure
olympiadbench-291,5,Autoformalisation failure
olympiadbench-291,6,Autoformalisation failure
olympiadbench-291,7,Autoformalisation failure
olympiadbench-291,8,Autoformalisation failure
olympiadbench-292,0,True
olympiadbench-292,1,True
olympiadbench-292,2,True
olympiadbench-292,3,True
olympiadbench-292,4,True
olympiadbench-292,5,True
olympiadbench-292,6,True
olympiadbench-292,7,True
olympiadbench-292,8,True
olympiadbench-292,9,True
olympiadbench-292,10,True
olympiadbench-292,11,True
olympiadbench-292,12,True
olympiadbench-292,13,True
olympiadbench-292,14,True
olympiadbench-292,15,True
olympiadbench-292,16,True
olympiadbench-292,17,True
olympiadbench-292,18,True
olympiadbench-292,19,True
olympiadbench-292,20,True
olympiadbench-292,21,True
olympiadbench-292,22,True
olympiadbench-292,23,True
olympiadbench-292,24,True
olympiadbench-292,25,Autoformalisation failure
olympiadbench-292,26,Autoformalisation failure
olympiadbench-293,0,Autoformalisation failure
olympiadbench-293,1,Autoformalisation failure
olympiadbench-293,2,Prover failure
olympiadbench-293,3,Autoformalisation failure
olympiadbench-293,4,Autoformalisation failure
olympiadbench-294,0,Autoformalisation failure
olympiadbench-294,1,Autoformalisation failure
olympiadbench-294,2,Autoformalisation failure
olympiadbench-294,3,Autoformalisation failure
olympiadbench-294,4,Autoformalisation failure
olympiadbench-294,5,Autoformalisation failure
olympiadbench-294,6,Autoformalisation failure
olympiadbench-294,7,Autoformalisation failure
olympiadbench-295,0,Autoformalisation failure
olympiadbench-295,1,Prover failure
olympiadbench-295,2,Autoformalisation failure
olympiadbench-295,3,True
olympiadbench-295,4,Autoformalisation failure
olympiadbench-296,0,Autoformalisation failure
olympiadbench-296,1,Autoformalisation failure
olympiadbench-296,2,Autoformalisation failure
olympiadbench-296,3,Autoformalisation failure
olympiadbench-296,4,Autoformalisation failure
olympiadbench-296,5,Autoformalisation failure
olympiadbench-297,0,Autoformalisation failure
olympiadbench-297,1,Autoformalisation failure
olympiadbench-297,2,Autoformalisation failure
olympiadbench-297,3,Autoformalisation failure
olympiadbench-297,4,Autoformalisation failure
olympiadbench-297,5,False
olympiadbench-297,6,Autoformalisation failure
olympiadbench-297,7,Autoformalisation failure
olympiadbench-297,8,False
olympiadbench-297,9,Autoformalisation failure
olympiadbench-298,0,Autoformalisation failure
olympiadbench-298,1,Autoformalisation failure
olympiadbench-298,2,Autoformalisation failure
olympiadbench-298,3,Autoformalisation failure
olympiadbench-298,4,Autoformalisation failure
olympiadbench-298,5,Autoformalisation failure
olympiadbench-299,0,Autoformalisation failure
olympiadbench-299,1,Autoformalisation failure
olympiadbench-299,2,True
olympiadbench-299,3,Autoformalisation failure
olympiadbench-299,4,True
olympiadbench-299,5,True
olympiadbench-299,6,True
olympiadbench-299,7,True
olympiadbench-299,8,True
olympiadbench-299,9,True
olympiadbench-299,10,True
olympiadbench-299,11,Autoformalisation failure
olympiadbench-299,12,Autoformalisation failure
olympiadbench-300,0,Autoformalisation failure
olympiadbench-300,1,Autoformalisation failure
olympiadbench-300,2,True
olympiadbench-300,3,True
olympiadbench-300,4,False
olympiadbench-301,0,Autoformalisation failure
olympiadbench-301,1,True
olympiadbench-301,2,Autoformalisation failure
olympiadbench-301,3,True
olympiadbench-301,4,True
olympiadbench-301,5,False
olympiadbench-301,6,True
olympiadbench-301,7,True
olympiadbench-301,8,Prover failure
olympiadbench-302,0,Autoformalisation failure
olympiadbench-302,1,Autoformalisation failure
olympiadbench-302,2,Autoformalisation failure
olympiadbench-302,3,Autoformalisation failure
olympiadbench-302,4,Autoformalisation failure
olympiadbench-302,5,Autoformalisation failure
olympiadbench-302,6,Autoformalisation failure
olympiadbench-302,7,Autoformalisation failure
olympiadbench-302,8,Autoformalisation failure
olympiadbench-302,9,Autoformalisation failure
olympiadbench-302,10,Autoformalisation failure
olympiadbench-302,11,Autoformalisation failure
olympiadbench-302,12,Autoformalisation failure
olympiadbench-302,13,Autoformalisation failure
olympiadbench-302,14,Autoformalisation failure
olympiadbench-302,15,Autoformalisation failure
olympiadbench-302,16,Autoformalisation failure
olympiadbench-302,17,Autoformalisation failure
olympiadbench-302,18,Autoformalisation failure
olympiadbench-302,19,Autoformalisation failure
olympiadbench-302,20,Autoformalisation failure
olympiadbench-302,21,Autoformalisation failure
olympiadbench-302,22,Autoformalisation failure
olympiadbench-302,23,Autoformalisation failure
olympiadbench-302,24,Autoformalisation failure
olympiadbench-302,25,Autoformalisation failure
olympiadbench-302,26,Autoformalisation failure
olympiadbench-302,27,Autoformalisation failure
olympiadbench-302,28,Autoformalisation failure
olympiadbench-303,0,Autoformalisation failure
olympiadbench-303,1,Autoformalisation failure
olympiadbench-303,2,Autoformalisation failure
olympiadbench-303,3,True
olympiadbench-303,4,Autoformalisation failure
olympiadbench-303,5,Autoformalisation failure
olympiadbench-303,6,True
olympiadbench-303,7,Autoformalisation failure
olympiadbench-304,0,Autoformalisation failure
olympiadbench-304,1,Autoformalisation failure
olympiadbench-304,2,Autoformalisation failure
olympiadbench-304,3,True
olympiadbench-304,4,False
olympiadbench-304,5,True
olympiadbench-304,6,True
olympiadbench-304,7,Autoformalisation failure
olympiadbench-304,8,Autoformalisation failure
olympiadbench-304,9,Autoformalisation failure
olympiadbench-305,0,True
olympiadbench-305,1,True
olympiadbench-305,2,Autoformalisation failure
olympiadbench-305,3,True
olympiadbench-305,4,Autoformalisation failure
olympiadbench-305,5,Autoformalisation failure
olympiadbench-306,0,Autoformalisation failure
olympiadbench-306,1,Autoformalisation failure
olympiadbench-306,2,Autoformalisation failure
olympiadbench-306,3,Autoformalisation failure
olympiadbench-306,4,Autoformalisation failure
olympiadbench-306,5,Autoformalisation failure
olympiadbench-306,6,Autoformalisation failure
olympiadbench-306,7,Autoformalisation failure
olympiadbench-307,0,Autoformalisation failure
olympiadbench-307,1,Autoformalisation failure
olympiadbench-307,2,Autoformalisation failure
olympiadbench-307,3,Autoformalisation failure
olympiadbench-308,0,Autoformalisation failure
olympiadbench-308,1,True
olympiadbench-308,2,True
olympiadbench-308,3,False
olympiadbench-308,4,True
olympiadbench-308,5,Autoformalisation failure
olympiadbench-308,6,Autoformalisation failure
olympiadbench-308,7,Autoformalisation failure
olympiadbench-308,8,True
olympiadbench-308,9,False
olympiadbench-308,10,Autoformalisation failure
olympiadbench-308,11,Autoformalisation failure
olympiadbench-309,0,Autoformalisation failure
olympiadbench-309,1,Autoformalisation failure
olympiadbench-309,2,True
olympiadbench-309,3,False
olympiadbench-309,4,Prover failure
olympiadbench-309,5,True
olympiadbench-309,6,True
olympiadbench-310,0,Autoformalisation failure
olympiadbench-310,1,Autoformalisation failure
olympiadbench-310,2,Autoformalisation failure
olympiadbench-310,3,Autoformalisation failure
olympiadbench-310,4,Autoformalisation failure
olympiadbench-310,5,Autoformalisation failure
olympiadbench-310,6,Autoformalisation failure
olympiadbench-310,7,Autoformalisation failure
olympiadbench-311,0,Autoformalisation failure
olympiadbench-311,1,Autoformalisation failure
olympiadbench-311,2,Autoformalisation failure
olympiadbench-311,3,Autoformalisation failure
olympiadbench-311,4,Autoformalisation failure
olympiadbench-312,0,Autoformalisation failure
olympiadbench-312,1,Autoformalisation failure
olympiadbench-312,2,Autoformalisation failure
olympiadbench-312,3,Autoformalisation failure
olympiadbench-312,4,True
olympiadbench-312,5,Autoformalisation failure
olympiadbench-312,6,False
olympiadbench-312,7,False
olympiadbench-312,8,True
olympiadbench-312,9,Autoformalisation failure
olympiadbench-313,0,True
olympiadbench-313,1,True
olympiadbench-313,2,Autoformalisation failure
olympiadbench-313,3,True
olympiadbench-313,4,Autoformalisation failure
olympiadbench-314,0,Autoformalisation failure
olympiadbench-314,1,Autoformalisation failure
olympiadbench-314,2,Autoformalisation failure
olympiadbench-314,3,Autoformalisation failure
olympiadbench-314,4,Autoformalisation failure
olympiadbench-314,5,Autoformalisation failure
olympiadbench-314,6,True
olympiadbench-314,7,True
olympiadbench-315,0,Autoformalisation failure
olympiadbench-315,1,True
olympiadbench-315,2,Autoformalisation failure
olympiadbench-315,3,True
olympiadbench-315,4,True
olympiadbench-315,5,Autoformalisation failure
olympiadbench-316,0,Autoformalisation failure
olympiadbench-316,1,Autoformalisation failure
olympiadbench-316,2,Autoformalisation failure
olympiadbench-316,3,Autoformalisation failure
olympiadbench-316,4,Autoformalisation failure
olympiadbench-316,5,Autoformalisation failure
olympiadbench-317,0,Autoformalisation failure
olympiadbench-317,1,Autoformalisation failure
olympiadbench-317,2,True
olympiadbench-317,3,Autoformalisation failure
olympiadbench-317,4,Autoformalisation failure
olympiadbench-317,5,Autoformalisation failure
olympiadbench-317,6,Autoformalisation failure
olympiadbench-317,7,Autoformalisation failure
olympiadbench-317,8,Autoformalisation failure
olympiadbench-317,9,Autoformalisation failure
olympiadbench-318,0,Autoformalisation failure
olympiadbench-318,1,Autoformalisation failure
olympiadbench-318,2,Autoformalisation failure
olympiadbench-318,3,Autoformalisation failure
olympiadbench-318,4,Autoformalisation failure
olympiadbench-318,5,Autoformalisation failure
olympiadbench-318,6,Autoformalisation failure
olympiadbench-318,7,Autoformalisation failure
olympiadbench-318,8,Autoformalisation failure
olympiadbench-318,9,Autoformalisation failure
olympiadbench-318,10,Autoformalisation failure
olympiadbench-318,11,Autoformalisation failure
olympiadbench-319,0,Autoformalisation failure
olympiadbench-319,1,Autoformalisation failure
olympiadbench-319,2,Autoformalisation failure
olympiadbench-319,3,Autoformalisation failure
olympiadbench-319,4,Autoformalisation failure
olympiadbench-319,5,Autoformalisation failure
olympiadbench-319,6,Prover failure
olympiadbench-319,7,Autoformalisation failure
olympiadbench-319,8,Autoformalisation failure
olympiadbench-320,0,Autoformalisation failure
olympiadbench-320,1,Autoformalisation failure
olympiadbench-320,2,True
olympiadbench-320,3,True
olympiadbench-320,4,True
olympiadbench-320,5,True
olympiadbench-321,0,Autoformalisation failure
olympiadbench-321,1,Autoformalisation failure
olympiadbench-321,2,Autoformalisation failure
olympiadbench-321,3,Autoformalisation failure
olympiadbench-321,4,Autoformalisation failure
olympiadbench-321,5,Autoformalisation failure
olympiadbench-321,6,Autoformalisation failure
olympiadbench-321,7,Autoformalisation failure
olympiadbench-321,8,Autoformalisation failure
olympiadbench-321,9,Autoformalisation failure
olympiadbench-321,10,Autoformalisation failure
olympiadbench-321,11,Autoformalisation failure
olympiadbench-321,12,True
olympiadbench-321,13,Autoformalisation failure
olympiadbench-321,14,Autoformalisation failure
olympiadbench-321,15,Autoformalisation failure
olympiadbench-321,16,Autoformalisation failure
olympiadbench-321,17,Autoformalisation failure
olympiadbench-321,18,Autoformalisation failure
olympiadbench-321,19,Autoformalisation failure
olympiadbench-322,0,Autoformalisation failure
olympiadbench-322,1,Autoformalisation failure
olympiadbench-322,2,Autoformalisation failure
olympiadbench-322,3,Autoformalisation failure
olympiadbench-322,4,Autoformalisation failure
olympiadbench-322,5,True
olympiadbench-322,6,True
olympiadbench-322,7,Autoformalisation failure
olympiadbench-322,8,Autoformalisation failure
olympiadbench-323,0,Autoformalisation failure
olympiadbench-323,1,Autoformalisation failure
olympiadbench-323,2,Autoformalisation failure
olympiadbench-323,3,Autoformalisation failure
olympiadbench-323,4,Autoformalisation failure
olympiadbench-323,5,Autoformalisation failure
olympiadbench-324,0,True
olympiadbench-324,1,False
olympiadbench-324,2,True
olympiadbench-324,3,True
olympiadbench-325,0,Autoformalisation failure
olympiadbench-325,1,Autoformalisation failure
olympiadbench-325,2,Autoformalisation failure
olympiadbench-325,3,Autoformalisation failure
olympiadbench-325,4,Autoformalisation failure
olympiadbench-326,0,Autoformalisation failure
olympiadbench-326,1,True
olympiadbench-326,2,True
olympiadbench-326,3,True
olympiadbench-326,4,True
olympiadbench-326,5,True
olympiadbench-326,6,True
olympiadbench-326,7,True
olympiadbench-326,8,Autoformalisation failure
olympiadbench-327,0,Autoformalisation failure
olympiadbench-327,1,Autoformalisation failure
olympiadbench-327,2,Autoformalisation failure
olympiadbench-327,3,Autoformalisation failure
olympiadbench-327,4,Autoformalisation failure
olympiadbench-327,5,Autoformalisation failure
olympiadbench-327,6,Autoformalisation failure
olympiadbench-327,7,Autoformalisation failure
olympiadbench-328,0,True
olympiadbench-328,1,True
olympiadbench-328,2,Autoformalisation failure
olympiadbench-328,3,True
olympiadbench-328,4,Autoformalisation failure
olympiadbench-328,5,True
olympiadbench-328,6,Autoformalisation failure
olympiadbench-328,7,Autoformalisation failure
olympiadbench-328,8,Autoformalisation failure
olympiadbench-328,9,Autoformalisation failure
olympiadbench-328,10,Autoformalisation failure
olympiadbench-328,11,Autoformalisation failure
olympiadbench-329,0,Autoformalisation failure
olympiadbench-329,1,Autoformalisation failure
olympiadbench-329,2,Autoformalisation failure
olympiadbench-329,3,Autoformalisation failure
olympiadbench-329,4,Autoformalisation failure
olympiadbench-330,0,Autoformalisation failure
olympiadbench-330,1,False
olympiadbench-330,2,True
olympiadbench-330,3,False
olympiadbench-330,4,Autoformalisation failure
olympiadbench-330,5,False
olympiadbench-331,0,Autoformalisation failure
olympiadbench-331,1,Autoformalisation failure
olympiadbench-331,2,Autoformalisation failure
olympiadbench-331,3,Autoformalisation failure
olympiadbench-331,4,Autoformalisation failure
olympiadbench-331,5,Autoformalisation failure
olympiadbench-331,6,True
olympiadbench-331,7,Autoformalisation failure
olympiadbench-332,0,Autoformalisation failure
olympiadbench-332,1,Autoformalisation failure
olympiadbench-332,2,Autoformalisation failure
olympiadbench-332,3,Autoformalisation failure
olympiadbench-333,0,Autoformalisation failure
olympiadbench-333,1,True
olympiadbench-333,2,Autoformalisation failure
olympiadbench-333,3,Prover failure
olympiadbench-333,4,False
olympiadbench-333,5,Prover failure
olympiadbench-333,6,False
olympiadbench-334,0,True
olympiadbench-334,1,True
olympiadbench-334,2,True
olympiadbench-334,3,True
olympiadbench-335,0,Autoformalisation failure
olympiadbench-335,1,Autoformalisation failure
olympiadbench-335,2,Autoformalisation failure
olympiadbench-335,3,Autoformalisation failure
olympiadbench-335,4,Autoformalisation failure
olympiadbench-335,5,Autoformalisation failure
olympiadbench-336,0,Autoformalisation failure
olympiadbench-336,1,True
olympiadbench-336,2,Autoformalisation failure
olympiadbench-337,0,True
olympiadbench-337,1,Autoformalisation failure
olympiadbench-337,2,Autoformalisation failure
olympiadbench-337,3,Autoformalisation failure
olympiadbench-337,4,Autoformalisation failure
olympiadbench-337,5,Autoformalisation failure
olympiadbench-337,6,Autoformalisation failure
olympiadbench-337,7,Autoformalisation failure
olympiadbench-337,8,True
olympiadbench-337,9,Autoformalisation failure
olympiadbench-337,10,Autoformalisation failure
olympiadbench-337,11,True
olympiadbench-337,12,Autoformalisation failure
olympiadbench-337,13,True
olympiadbench-337,14,True
olympiadbench-338,0,Autoformalisation failure
olympiadbench-338,1,Autoformalisation failure
olympiadbench-338,2,Autoformalisation failure
olympiadbench-338,3,Autoformalisation failure
olympiadbench-338,4,Autoformalisation failure
olympiadbench-338,5,Autoformalisation failure
olympiadbench-338,6,Autoformalisation failure
olympiadbench-338,7,Autoformalisation failure
olympiadbench-338,8,Autoformalisation failure
olympiadbench-338,9,Autoformalisation failure
olympiadbench-338,10,Autoformalisation failure
olympiadbench-338,11,Autoformalisation failure
olympiadbench-338,12,Autoformalisation failure
olympiadbench-338,13,Autoformalisation failure
olympiadbench-338,14,Autoformalisation failure
olympiadbench-338,15,Autoformalisation failure
olympiadbench-338,16,False
olympiadbench-338,17,False
olympiadbench-338,18,True
olympiadbench-338,19,Prover failure
olympiadbench-338,20,Prover failure
olympiadbench-338,21,False
olympiadbench-338,22,Prover failure
olympiadbench-338,23,Prover failure
olympiadbench-338,24,False
olympiadbench-338,25,Autoformalisation failure
olympiadbench-338,26,Autoformalisation failure
olympiadbench-339,0,Autoformalisation failure
olympiadbench-339,1,True
olympiadbench-339,2,Autoformalisation failure
olympiadbench-339,3,True
olympiadbench-339,4,True
olympiadbench-339,5,True
olympiadbench-339,6,False
olympiadbench-339,7,Autoformalisation failure
olympiadbench-339,8,False
olympiadbench-340,0,False
olympiadbench-340,1,Autoformalisation failure
olympiadbench-340,2,Autoformalisation failure
olympiadbench-340,3,Autoformalisation failure
olympiadbench-340,4,Autoformalisation failure
olympiadbench-340,5,True
olympiadbench-340,6,Autoformalisation failure
olympiadbench-340,7,Prover failure
olympiadbench-340,8,Autoformalisation failure
olympiadbench-341,0,Autoformalisation failure
olympiadbench-341,1,True
olympiadbench-341,2,True
olympiadbench-341,3,Autoformalisation failure
olympiadbench-341,4,Autoformalisation failure
olympiadbench-342,0,Autoformalisation failure
olympiadbench-342,1,Autoformalisation failure
olympiadbench-342,2,Autoformalisation failure
olympiadbench-342,3,Autoformalisation failure
olympiadbench-342,4,Autoformalisation failure
olympiadbench-342,5,Autoformalisation failure
olympiadbench-343,0,Autoformalisation failure
olympiadbench-343,1,Autoformalisation failure
olympiadbench-343,2,Autoformalisation failure
olympiadbench-343,3,Autoformalisation failure
olympiadbench-343,4,Autoformalisation failure
olympiadbench-343,5,True
olympiadbench-343,6,True
olympiadbench-343,7,Autoformalisation failure
olympiadbench-343,8,Autoformalisation failure
olympiadbench-344,0,Autoformalisation failure
olympiadbench-344,1,Autoformalisation failure
olympiadbench-344,2,Autoformalisation failure
olympiadbench-344,3,Autoformalisation failure
olympiadbench-344,4,Autoformalisation failure
olympiadbench-345,0,Autoformalisation failure
olympiadbench-345,1,Autoformalisation failure
olympiadbench-345,2,Autoformalisation failure
olympiadbench-345,3,Autoformalisation failure
olympiadbench-345,4,Autoformalisation failure
olympiadbench-345,5,Autoformalisation failure
olympiadbench-345,6,Autoformalisation failure
olympiadbench-345,7,Autoformalisation failure
olympiadbench-345,8,Autoformalisation failure
olympiadbench-346,0,Autoformalisation failure
olympiadbench-346,1,True
olympiadbench-346,2,Autoformalisation failure
olympiadbench-346,3,Autoformalisation failure
olympiadbench-346,4,True
olympiadbench-346,5,True
olympiadbench-346,6,Autoformalisation failure
olympiadbench-347,0,Autoformalisation failure
olympiadbench-347,1,True
olympiadbench-347,2,Autoformalisation failure
olympiadbench-347,3,False
olympiadbench-347,4,Autoformalisation failure
olympiadbench-347,5,False
olympiadbench-347,6,True
olympiadbench-347,7,True
olympiadbench-347,8,True
olympiadbench-347,9,True
olympiadbench-348,0,Autoformalisation failure
olympiadbench-348,1,Autoformalisation failure
olympiadbench-348,2,False
olympiadbench-348,3,Autoformalisation failure
olympiadbench-348,4,Autoformalisation failure
olympiadbench-348,5,Autoformalisation failure
olympiadbench-349,0,Autoformalisation failure
olympiadbench-349,1,True
olympiadbench-349,2,True
olympiadbench-349,3,Autoformalisation failure
olympiadbench-349,4,Autoformalisation failure
olympiadbench-349,5,False
olympiadbench-349,6,Autoformalisation failure
olympiadbench-350,0,Autoformalisation failure
olympiadbench-350,1,Autoformalisation failure
olympiadbench-350,2,True
olympiadbench-350,3,True
olympiadbench-350,4,True
olympiadbench-351,0,True
olympiadbench-351,1,Autoformalisation failure
olympiadbench-351,2,False
olympiadbench-351,3,Autoformalisation failure
olympiadbench-351,4,True
olympiadbench-351,5,True
olympiadbench-352,0,Autoformalisation failure
olympiadbench-352,1,Autoformalisation failure
olympiadbench-352,2,Autoformalisation failure
olympiadbench-352,3,False
olympiadbench-352,4,Autoformalisation failure
olympiadbench-352,5,Autoformalisation failure
olympiadbench-353,0,True
olympiadbench-353,1,True
olympiadbench-353,2,Autoformalisation failure
olympiadbench-353,3,Prover failure
olympiadbench-354,0,Autoformalisation failure
olympiadbench-354,1,Autoformalisation failure
olympiadbench-354,2,Autoformalisation failure
olympiadbench-354,3,Autoformalisation failure
olympiadbench-354,4,Autoformalisation failure
olympiadbench-354,5,True
olympiadbench-354,6,Autoformalisation failure
olympiadbench-354,7,Autoformalisation failure
olympiadbench-354,8,Autoformalisation failure
olympiadbench-354,9,Autoformalisation failure
olympiadbench-354,10,Autoformalisation failure
olympiadbench-354,11,Autoformalisation failure
olympiadbench-354,12,Autoformalisation failure
olympiadbench-354,13,Autoformalisation failure
olympiadbench-355,0,Autoformalisation failure
olympiadbench-355,1,Autoformalisation failure
olympiadbench-355,2,Autoformalisation failure
olympiadbench-355,3,Autoformalisation failure
olympiadbench-355,4,Autoformalisation failure
olympiadbench-355,5,Autoformalisation failure
olympiadbench-356,0,True
olympiadbench-356,1,True
olympiadbench-356,2,True
olympiadbench-356,3,Autoformalisation failure
olympiadbench-356,4,True
olympiadbench-356,5,Autoformalisation failure
olympiadbench-356,6,True
olympiadbench-356,7,True
olympiadbench-356,8,True
olympiadbench-356,9,True
olympiadbench-356,10,False
olympiadbench-357,0,Autoformalisation failure
olympiadbench-357,1,False
olympiadbench-357,2,True
olympiadbench-357,3,Autoformalisation failure
olympiadbench-357,4,Autoformalisation failure
olympiadbench-357,5,True
olympiadbench-357,6,False
olympiadbench-357,7,Autoformalisation failure
olympiadbench-357,8,Autoformalisation failure
olympiadbench-358,0,True
olympiadbench-358,1,True
olympiadbench-358,2,True
olympiadbench-358,3,True
olympiadbench-358,4,True
olympiadbench-358,5,True
olympiadbench-358,6,True
olympiadbench-358,7,False
olympiadbench-358,8,False
olympiadbench-359,0,Autoformalisation failure
olympiadbench-359,1,Autoformalisation failure
olympiadbench-359,2,Autoformalisation failure
olympiadbench-359,3,Autoformalisation failure
olympiadbench-359,4,Autoformalisation failure
olympiadbench-359,5,Autoformalisation failure
olympiadbench-360,0,Autoformalisation failure
olympiadbench-360,1,Autoformalisation failure
olympiadbench-361,0,True
olympiadbench-361,1,Prover failure
olympiadbench-361,2,True
olympiadbench-361,3,False
olympiadbench-361,4,False
olympiadbench-362,0,Autoformalisation failure
olympiadbench-362,1,Autoformalisation failure
olympiadbench-362,2,Autoformalisation failure
olympiadbench-362,3,Autoformalisation failure
olympiadbench-362,4,True
olympiadbench-362,5,Autoformalisation failure
olympiadbench-362,6,True
olympiadbench-362,7,True
olympiadbench-363,0,Autoformalisation failure
olympiadbench-363,1,Autoformalisation failure
olympiadbench-363,2,Autoformalisation failure
olympiadbench-363,3,Autoformalisation failure
olympiadbench-363,4,Autoformalisation failure
olympiadbench-363,5,Autoformalisation failure
olympiadbench-363,6,Autoformalisation failure
olympiadbench-363,7,Autoformalisation failure
olympiadbench-363,8,Autoformalisation failure
olympiadbench-363,9,False
olympiadbench-363,10,False
olympiadbench-363,11,Autoformalisation failure
olympiadbench-364,0,Autoformalisation failure
olympiadbench-364,1,Autoformalisation failure
olympiadbench-364,2,Autoformalisation failure
olympiadbench-364,3,Autoformalisation failure
olympiadbench-364,4,Autoformalisation failure
olympiadbench-364,5,Autoformalisation failure
olympiadbench-365,0,Autoformalisation failure
olympiadbench-365,1,Autoformalisation failure
olympiadbench-365,2,Autoformalisation failure
olympiadbench-365,3,Autoformalisation failure
olympiadbench-365,4,Autoformalisation failure
olympiadbench-365,5,True
olympiadbench-365,6,Autoformalisation failure
olympiadbench-365,7,Autoformalisation failure
olympiadbench-365,8,Autoformalisation failure
olympiadbench-365,9,Autoformalisation failure
olympiadbench-365,10,True
olympiadbench-365,11,True
olympiadbench-365,12,True
olympiadbench-365,13,Autoformalisation failure
olympiadbench-366,0,Autoformalisation failure
olympiadbench-366,1,Autoformalisation failure
olympiadbench-366,2,Autoformalisation failure
olympiadbench-366,3,Autoformalisation failure
olympiadbench-366,4,Autoformalisation failure
olympiadbench-366,5,Autoformalisation failure
olympiadbench-366,6,Autoformalisation failure
olympiadbench-366,7,True
olympiadbench-366,8,Autoformalisation failure
olympiadbench-366,9,Autoformalisation failure
olympiadbench-366,10,Autoformalisation failure
olympiadbench-366,11,Prover failure
olympiadbench-366,12,Autoformalisation failure
olympiadbench-367,0,True
olympiadbench-367,1,True
olympiadbench-367,2,Prover failure
olympiadbench-367,3,True
olympiadbench-367,4,True
olympiadbench-367,5,True
olympiadbench-367,6,Autoformalisation failure
olympiadbench-367,7,True
olympiadbench-367,8,True
olympiadbench-367,9,Autoformalisation failure
olympiadbench-368,0,Autoformalisation failure
olympiadbench-368,1,True
olympiadbench-368,2,Autoformalisation failure
olympiadbench-368,3,Autoformalisation failure
olympiadbench-368,4,True
olympiadbench-369,0,Autoformalisation failure
olympiadbench-369,1,Autoformalisation failure
olympiadbench-369,2,Autoformalisation failure
olympiadbench-369,3,Autoformalisation failure
olympiadbench-369,4,Autoformalisation failure
olympiadbench-369,5,Autoformalisation failure
olympiadbench-370,0,Autoformalisation failure
olympiadbench-370,1,Autoformalisation failure
olympiadbench-370,2,Autoformalisation failure
olympiadbench-370,3,Autoformalisation failure
olympiadbench-370,4,Autoformalisation failure
olympiadbench-370,5,Autoformalisation failure
olympiadbench-370,6,Autoformalisation failure
olympiadbench-370,7,Autoformalisation failure
olympiadbench-370,8,True
olympiadbench-370,9,True
olympiadbench-371,0,Autoformalisation failure
olympiadbench-371,1,Autoformalisation failure
olympiadbench-371,2,Autoformalisation failure
olympiadbench-371,3,Autoformalisation failure
olympiadbench-371,4,Autoformalisation failure
olympiadbench-371,5,Prover failure
olympiadbench-371,6,Prover failure
olympiadbench-371,7,Prover failure
olympiadbench-371,8,Prover failure
olympiadbench-371,9,Autoformalisation failure
olympiadbench-371,10,Autoformalisation failure
olympiadbench-371,11,Autoformalisation failure
olympiadbench-371,12,False
olympiadbench-371,13,True
olympiadbench-371,14,True
olympiadbench-372,0,Prover failure
olympiadbench-372,1,Autoformalisation failure
olympiadbench-372,2,Autoformalisation failure
olympiadbench-372,3,Prover failure
olympiadbench-372,4,Autoformalisation failure
olympiadbench-372,5,Autoformalisation failure
olympiadbench-372,6,Autoformalisation failure
olympiadbench-372,7,Prover failure
olympiadbench-372,8,Autoformalisation failure
olympiadbench-373,0,Autoformalisation failure
olympiadbench-373,1,Autoformalisation failure
olympiadbench-373,2,Autoformalisation failure
olympiadbench-373,3,Autoformalisation failure
olympiadbench-373,4,Autoformalisation failure
olympiadbench-374,0,Autoformalisation failure
olympiadbench-374,1,Autoformalisation failure
olympiadbench-374,2,Autoformalisation failure
olympiadbench-374,3,Autoformalisation failure
olympiadbench-374,4,Autoformalisation failure
olympiadbench-374,5,Autoformalisation failure
olympiadbench-374,6,Autoformalisation failure
olympiadbench-374,7,Autoformalisation failure
olympiadbench-374,8,Autoformalisation failure
olympiadbench-374,9,Autoformalisation failure
olympiadbench-374,10,Autoformalisation failure
olympiadbench-374,11,Autoformalisation failure
olympiadbench-374,12,Autoformalisation failure
olympiadbench-374,13,Autoformalisation failure
olympiadbench-374,14,Autoformalisation failure
olympiadbench-375,0,Autoformalisation failure
olympiadbench-375,1,Autoformalisation failure
olympiadbench-375,2,True
olympiadbench-375,3,Autoformalisation failure
olympiadbench-375,4,Autoformalisation failure
olympiadbench-375,5,Autoformalisation failure
olympiadbench-376,0,True
olympiadbench-376,1,Autoformalisation failure
olympiadbench-376,2,True
olympiadbench-376,3,True
olympiadbench-376,4,True
olympiadbench-376,5,Autoformalisation failure
olympiadbench-376,6,Autoformalisation failure
olympiadbench-377,0,Autoformalisation failure
olympiadbench-377,1,True
olympiadbench-377,2,True
olympiadbench-377,3,True
olympiadbench-377,4,True
olympiadbench-377,5,True
olympiadbench-377,6,True
olympiadbench-377,7,False
olympiadbench-377,8,False
olympiadbench-377,9,False
olympiadbench-377,10,Autoformalisation failure
olympiadbench-378,0,True
olympiadbench-378,1,Prover failure
olympiadbench-378,2,True
olympiadbench-378,3,True
olympiadbench-378,4,False
olympiadbench-378,5,True
olympiadbench-378,6,True
olympiadbench-378,7,True
olympiadbench-378,8,Prover failure
olympiadbench-379,0,Autoformalisation failure
olympiadbench-379,1,True
olympiadbench-379,2,True
olympiadbench-379,3,True
olympiadbench-379,4,True
olympiadbench-379,5,False
olympiadbench-380,0,Autoformalisation failure
olympiadbench-380,1,Autoformalisation failure
olympiadbench-380,2,Autoformalisation failure
olympiadbench-380,3,Autoformalisation failure
olympiadbench-380,4,Autoformalisation failure
olympiadbench-380,5,Autoformalisation failure
olympiadbench-381,0,Autoformalisation failure
olympiadbench-381,1,Autoformalisation failure
olympiadbench-381,2,True
olympiadbench-381,3,Autoformalisation failure
olympiadbench-381,4,True
olympiadbench-381,5,True
olympiadbench-381,6,True
olympiadbench-382,0,Autoformalisation failure
olympiadbench-382,1,Autoformalisation failure
olympiadbench-382,2,Autoformalisation failure
olympiadbench-382,3,Autoformalisation failure
olympiadbench-383,0,True
olympiadbench-383,1,True
olympiadbench-383,2,True
olympiadbench-383,3,True
olympiadbench-383,4,False
olympiadbench-383,5,False
olympiadbench-384,0,Autoformalisation failure
olympiadbench-384,1,True
olympiadbench-384,2,True
olympiadbench-384,3,Autoformalisation failure
olympiadbench-384,4,True
olympiadbench-384,5,Autoformalisation failure
olympiadbench-384,6,True
olympiadbench-384,7,True
olympiadbench-385,0,Autoformalisation failure
olympiadbench-385,1,True
olympiadbench-385,2,Autoformalisation failure
olympiadbench-385,3,Autoformalisation failure
olympiadbench-385,4,Autoformalisation failure
olympiadbench-385,5,Autoformalisation failure
olympiadbench-385,6,Autoformalisation failure
olympiadbench-385,7,Autoformalisation failure
olympiadbench-385,8,Autoformalisation failure
olympiadbench-385,9,Autoformalisation failure
olympiadbench-385,10,Autoformalisation failure
olympiadbench-385,11,True
olympiadbench-385,12,Autoformalisation failure
olympiadbench-385,13,Autoformalisation failure
olympiadbench-385,14,True
olympiadbench-385,15,Autoformalisation failure
olympiadbench-386,0,True
olympiadbench-386,1,Autoformalisation failure
olympiadbench-386,2,False
olympiadbench-387,0,True
olympiadbench-387,1,True
olympiadbench-387,2,True
olympiadbench-387,3,False
olympiadbench-387,4,True
olympiadbench-387,5,False
olympiadbench-387,6,False
olympiadbench-388,0,Autoformalisation failure
olympiadbench-388,1,Autoformalisation failure
olympiadbench-388,2,Autoformalisation failure
olympiadbench-388,3,Autoformalisation failure
olympiadbench-388,4,True
olympiadbench-388,5,True
olympiadbench-388,6,Autoformalisation failure
olympiadbench-388,7,Prover failure
olympiadbench-388,8,Prover failure
olympiadbench-388,9,Prover failure
olympiadbench-388,10,Autoformalisation failure
olympiadbench-389,0,Autoformalisation failure
olympiadbench-389,1,Autoformalisation failure
olympiadbench-389,2,Autoformalisation failure
olympiadbench-389,3,Autoformalisation failure
olympiadbench-389,4,Autoformalisation failure
olympiadbench-389,5,Autoformalisation failure
olympiadbench-389,6,Autoformalisation failure
olympiadbench-389,7,Autoformalisation failure
olympiadbench-389,8,Autoformalisation failure
olympiadbench-389,9,Autoformalisation failure
olympiadbench-390,0,Autoformalisation failure
olympiadbench-390,1,Autoformalisation failure
olympiadbench-390,2,Autoformalisation failure
olympiadbench-390,3,Autoformalisation failure
olympiadbench-390,4,Autoformalisation failure
olympiadbench-390,5,Autoformalisation failure
olympiadbench-390,6,Autoformalisation failure
olympiadbench-390,7,Autoformalisation failure
olympiadbench-390,8,Autoformalisation failure
olympiadbench-390,9,Autoformalisation failure
olympiadbench-390,10,Autoformalisation failure
olympiadbench-390,11,Autoformalisation failure
olympiadbench-390,12,Autoformalisation failure
olympiadbench-390,13,Autoformalisation failure
olympiadbench-391,0,Autoformalisation failure
olympiadbench-391,1,Autoformalisation failure
olympiadbench-391,2,Autoformalisation failure
olympiadbench-391,3,Autoformalisation failure
olympiadbench-391,4,Autoformalisation failure
olympiadbench-391,5,Autoformalisation failure
olympiadbench-391,6,Autoformalisation failure
olympiadbench-391,7,False
olympiadbench-391,8,Autoformalisation failure
olympiadbench-391,9,Autoformalisation failure
olympiadbench-391,10,Autoformalisation failure
olympiadbench-392,0,True
olympiadbench-392,1,False
olympiadbench-392,2,False
olympiadbench-392,3,False
olympiadbench-392,4,True
olympiadbench-393,0,Autoformalisation failure
olympiadbench-393,1,Autoformalisation failure
olympiadbench-393,2,Autoformalisation failure
olympiadbench-393,3,Autoformalisation failure
olympiadbench-393,4,Autoformalisation failure
olympiadbench-393,5,Autoformalisation failure
olympiadbench-393,6,Autoformalisation failure
olympiadbench-393,7,Autoformalisation failure
olympiadbench-393,8,Autoformalisation failure
olympiadbench-393,9,Autoformalisation failure
olympiadbench-394,0,Autoformalisation failure
olympiadbench-394,1,True
olympiadbench-394,2,True
olympiadbench-394,3,True
olympiadbench-395,0,Autoformalisation failure
olympiadbench-395,1,Autoformalisation failure
olympiadbench-395,2,Autoformalisation failure
olympiadbench-395,3,Autoformalisation failure
olympiadbench-395,4,Autoformalisation failure
olympiadbench-395,5,Autoformalisation failure
olympiadbench-395,6,Autoformalisation failure
olympiadbench-395,7,Autoformalisation failure
olympiadbench-395,8,True
olympiadbench-395,9,Autoformalisation failure
olympiadbench-395,10,Autoformalisation failure
olympiadbench-395,11,Autoformalisation failure
olympiadbench-395,12,True
olympiadbench-395,13,Autoformalisation failure
olympiadbench-395,14,Autoformalisation failure
olympiadbench-395,15,True
olympiadbench-395,16,Prover failure
olympiadbench-395,17,Autoformalisation failure
olympiadbench-395,18,Autoformalisation failure
olympiadbench-396,0,Autoformalisation failure
olympiadbench-396,1,Autoformalisation failure
olympiadbench-396,2,Autoformalisation failure
olympiadbench-396,3,Autoformalisation failure
olympiadbench-396,4,Autoformalisation failure
olympiadbench-396,5,Autoformalisation failure
olympiadbench-397,0,True
olympiadbench-397,1,Autoformalisation failure
olympiadbench-397,2,True
olympiadbench-397,3,Autoformalisation failure
olympiadbench-397,4,False
olympiadbench-397,5,Autoformalisation failure
olympiadbench-397,6,Autoformalisation failure
olympiadbench-397,7,Autoformalisation failure
olympiadbench-398,0,Autoformalisation failure
olympiadbench-398,1,True
olympiadbench-398,2,True
olympiadbench-398,3,True
olympiadbench-398,4,True
olympiadbench-399,0,True
olympiadbench-399,1,Autoformalisation failure
olympiadbench-399,2,True
olympiadbench-399,3,True
olympiadbench-399,4,True
olympiadbench-399,5,Autoformalisation failure
olympiadbench-399,6,False
olympiadbench-399,7,Autoformalisation failure
olympiadbench-399,8,Autoformalisation failure
olympiadbench-399,9,False
olympiadbench-400,0,Autoformalisation failure
olympiadbench-400,1,Prover failure
olympiadbench-400,2,Autoformalisation failure
olympiadbench-400,3,Autoformalisation failure
olympiadbench-400,4,Autoformalisation failure
olympiadbench-400,5,True
olympiadbench-400,6,True
olympiadbench-400,7,Autoformalisation failure
olympiadbench-400,8,Autoformalisation failure
olympiadbench-400,9,Autoformalisation failure
olympiadbench-400,10,Autoformalisation failure
olympiadbench-400,11,True
olympiadbench-400,12,Autoformalisation failure
olympiadbench-400,13,Prover failure
olympiadbench-400,14,Autoformalisation failure
olympiadbench-401,0,Autoformalisation failure
olympiadbench-401,1,Autoformalisation failure
olympiadbench-401,2,Autoformalisation failure
olympiadbench-401,3,Autoformalisation failure
olympiadbench-401,4,Autoformalisation failure
olympiadbench-401,5,Autoformalisation failure
olympiadbench-401,6,Autoformalisation failure
olympiadbench-401,7,Autoformalisation failure
olympiadbench-401,8,Autoformalisation failure
olympiadbench-402,0,Autoformalisation failure
olympiadbench-402,1,Autoformalisation failure
olympiadbench-402,2,Autoformalisation failure
olympiadbench-402,3,Autoformalisation failure
olympiadbench-402,4,Autoformalisation failure
olympiadbench-402,5,Autoformalisation failure
olympiadbench-403,0,Autoformalisation failure
olympiadbench-403,1,Autoformalisation failure
olympiadbench-403,2,Autoformalisation failure
olympiadbench-403,3,Autoformalisation failure
olympiadbench-404,0,Autoformalisation failure
olympiadbench-404,1,Autoformalisation failure
olympiadbench-404,2,Autoformalisation failure
olympiadbench-404,3,Prover failure
olympiadbench-404,4,Autoformalisation failure
olympiadbench-405,0,Autoformalisation failure
olympiadbench-405,1,Autoformalisation failure
olympiadbench-405,2,Autoformalisation failure
olympiadbench-405,3,False
olympiadbench-405,4,False
olympiadbench-405,5,False
olympiadbench-405,6,False
olympiadbench-405,7,False
olympiadbench-405,8,Autoformalisation failure
olympiadbench-406,0,Autoformalisation failure
olympiadbench-406,1,Autoformalisation failure
olympiadbench-406,2,Autoformalisation failure
olympiadbench-406,3,Autoformalisation failure
olympiadbench-406,4,Autoformalisation failure
olympiadbench-407,0,Autoformalisation failure
olympiadbench-407,1,False
olympiadbench-407,2,Autoformalisation failure
olympiadbench-407,3,Autoformalisation failure
olympiadbench-407,4,Autoformalisation failure
olympiadbench-407,5,False
olympiadbench-408,0,Autoformalisation failure
olympiadbench-408,1,Autoformalisation failure
olympiadbench-408,2,Autoformalisation failure
olympiadbench-408,3,False
olympiadbench-408,4,Autoformalisation failure
olympiadbench-408,5,Autoformalisation failure
olympiadbench-408,6,Autoformalisation failure
olympiadbench-408,7,Autoformalisation failure
olympiadbench-408,8,Autoformalisation failure
olympiadbench-409,0,True
olympiadbench-409,1,True
olympiadbench-409,2,True
olympiadbench-409,3,True
olympiadbench-409,4,Autoformalisation failure
olympiadbench-409,5,True
olympiadbench-409,6,True
olympiadbench-409,7,False
olympiadbench-410,0,Autoformalisation failure
olympiadbench-410,1,Autoformalisation failure
olympiadbench-410,2,Autoformalisation failure
olympiadbench-410,3,Autoformalisation failure
olympiadbench-410,4,Autoformalisation failure
olympiadbench-410,5,Autoformalisation failure
olympiadbench-410,6,Autoformalisation failure
olympiadbench-410,7,Autoformalisation failure
olympiadbench-410,8,Autoformalisation failure
olympiadbench-410,9,Autoformalisation failure
olympiadbench-411,0,Autoformalisation failure
olympiadbench-411,1,Autoformalisation failure
olympiadbench-411,2,Autoformalisation failure
olympiadbench-411,3,Autoformalisation failure
olympiadbench-411,4,Autoformalisation failure
olympiadbench-411,5,Autoformalisation failure
olympiadbench-411,6,Autoformalisation failure
olympiadbench-412,0,Autoformalisation failure
olympiadbench-412,1,Autoformalisation failure
olympiadbench-412,2,Autoformalisation failure
olympiadbench-412,3,Autoformalisation failure
olympiadbench-412,4,Autoformalisation failure
olympiadbench-412,5,Autoformalisation failure
olympiadbench-412,6,Autoformalisation failure
olympiadbench-413,0,True
olympiadbench-413,1,False
olympiadbench-413,2,True
olympiadbench-413,3,True
olympiadbench-413,4,Autoformalisation failure
olympiadbench-413,5,Autoformalisation failure
olympiadbench-413,6,Autoformalisation failure
olympiadbench-414,0,Autoformalisation failure
olympiadbench-414,1,True
olympiadbench-414,2,Autoformalisation failure
olympiadbench-414,3,Autoformalisation failure
olympiadbench-414,4,False
olympiadbench-414,5,Autoformalisation failure
olympiadbench-415,0,Autoformalisation failure
olympiadbench-415,1,Autoformalisation failure
olympiadbench-415,2,Prover failure
olympiadbench-415,3,Autoformalisation failure
olympiadbench-416,0,Autoformalisation failure
olympiadbench-416,1,Autoformalisation failure
olympiadbench-416,2,Autoformalisation failure
olympiadbench-416,3,Autoformalisation failure
olympiadbench-416,4,Autoformalisation failure
olympiadbench-416,5,Autoformalisation failure
olympiadbench-416,6,Autoformalisation failure
olympiadbench-417,0,False
olympiadbench-417,1,Autoformalisation failure
olympiadbench-417,2,Autoformalisation failure
olympiadbench-417,3,Autoformalisation failure
olympiadbench-417,4,Autoformalisation failure
olympiadbench-417,5,False
olympiadbench-417,6,Autoformalisation failure
olympiadbench-418,0,Autoformalisation failure
olympiadbench-418,1,Autoformalisation failure
olympiadbench-418,2,Autoformalisation failure
olympiadbench-418,3,Autoformalisation failure
olympiadbench-418,4,Autoformalisation failure
olympiadbench-418,5,Autoformalisation failure
olympiadbench-418,6,Autoformalisation failure
olympiadbench-419,0,True
olympiadbench-419,1,Autoformalisation failure
olympiadbench-419,2,True
olympiadbench-419,3,Prover failure
olympiadbench-419,4,True
olympiadbench-419,5,True
olympiadbench-419,6,Autoformalisation failure
olympiadbench-419,7,True
olympiadbench-419,8,False
olympiadbench-420,0,True
olympiadbench-420,1,True
olympiadbench-420,2,True
olympiadbench-420,3,True
olympiadbench-420,4,True
olympiadbench-420,5,True
olympiadbench-420,6,True
olympiadbench-421,0,Autoformalisation failure
olympiadbench-421,1,Autoformalisation failure
olympiadbench-421,2,Autoformalisation failure
olympiadbench-421,3,Autoformalisation failure
olympiadbench-421,4,Autoformalisation failure
olympiadbench-422,0,Autoformalisation failure
olympiadbench-422,1,Autoformalisation failure
olympiadbench-422,2,Autoformalisation failure
olympiadbench-422,3,Autoformalisation failure
olympiadbench-422,4,Autoformalisation failure
olympiadbench-422,5,Autoformalisation failure
olympiadbench-422,6,Autoformalisation failure
olympiadbench-422,7,Autoformalisation failure
olympiadbench-422,8,Autoformalisation failure
olympiadbench-422,9,Autoformalisation failure
olympiadbench-423,0,Autoformalisation failure
olympiadbench-423,1,Autoformalisation failure
olympiadbench-423,2,Autoformalisation failure
olympiadbench-423,3,False
olympiadbench-424,0,Autoformalisation failure
olympiadbench-424,1,Autoformalisation failure
olympiadbench-424,2,Autoformalisation failure
olympiadbench-424,3,True
olympiadbench-424,4,True
olympiadbench-424,5,True
olympiadbench-424,6,True
olympiadbench-424,7,True
olympiadbench-424,8,True
olympiadbench-424,9,Prover failure
olympiadbench-424,10,Autoformalisation failure
olympiadbench-424,11,Autoformalisation failure
olympiadbench-424,12,Prover failure
olympiadbench-425,0,True
olympiadbench-425,1,Autoformalisation failure
olympiadbench-425,2,Autoformalisation failure
olympiadbench-425,3,Autoformalisation failure
olympiadbench-425,4,Autoformalisation failure
olympiadbench-425,5,Autoformalisation failure
olympiadbench-425,6,Autoformalisation failure
olympiadbench-425,7,Autoformalisation failure
olympiadbench-425,8,True
olympiadbench-425,9,False
olympiadbench-425,10,Autoformalisation failure
olympiadbench-425,11,False
olympiadbench-425,12,False
olympiadbench-426,0,True
olympiadbench-426,1,True
olympiadbench-426,2,False
olympiadbench-426,3,Autoformalisation failure
olympiadbench-426,4,False
olympiadbench-426,5,False
olympiadbench-426,6,True
olympiadbench-426,7,False
olympiadbench-426,8,True
olympiadbench-426,9,Prover failure
olympiadbench-426,10,Prover failure
olympiadbench-427,0,Autoformalisation failure
olympiadbench-427,1,Autoformalisation failure
olympiadbench-427,2,Autoformalisation failure
olympiadbench-427,3,True
olympiadbench-427,4,Autoformalisation failure
olympiadbench-427,5,False
olympiadbench-427,6,False
olympiadbench-427,7,Autoformalisation failure
olympiadbench-427,8,Autoformalisation failure
olympiadbench-427,9,Autoformalisation failure
olympiadbench-427,10,Autoformalisation failure
olympiadbench-427,11,True
olympiadbench-428,0,Autoformalisation failure
olympiadbench-428,1,Autoformalisation failure
olympiadbench-428,2,Autoformalisation failure
olympiadbench-428,3,Autoformalisation failure
olympiadbench-429,0,Autoformalisation failure
olympiadbench-429,1,Autoformalisation failure
olympiadbench-429,2,Autoformalisation failure
olympiadbench-429,3,Autoformalisation failure
olympiadbench-429,4,Autoformalisation failure
olympiadbench-429,5,Autoformalisation failure
olympiadbench-429,6,Autoformalisation failure
olympiadbench-429,7,Autoformalisation failure
olympiadbench-430,0,Autoformalisation failure
olympiadbench-430,1,True
olympiadbench-430,2,True
olympiadbench-430,3,True
olympiadbench-430,4,False
olympiadbench-430,5,Autoformalisation failure
olympiadbench-431,0,True
olympiadbench-431,1,Autoformalisation failure
olympiadbench-431,2,Autoformalisation failure
olympiadbench-431,3,Autoformalisation failure
olympiadbench-431,4,True
olympiadbench-431,5,False
olympiadbench-431,6,Autoformalisation failure
olympiadbench-431,7,Autoformalisation failure
olympiadbench-431,8,True
olympiadbench-431,9,True
olympiadbench-431,10,True
olympiadbench-431,11,Prover failure
olympiadbench-431,12,False
olympiadbench-431,13,True
olympiadbench-432,0,Autoformalisation failure
olympiadbench-432,1,Autoformalisation failure
olympiadbench-432,2,Autoformalisation failure
olympiadbench-432,3,Autoformalisation failure
olympiadbench-432,4,Autoformalisation failure
olympiadbench-432,5,Autoformalisation failure
olympiadbench-433,0,Autoformalisation failure
olympiadbench-433,1,Autoformalisation failure
olympiadbench-433,2,Autoformalisation failure
olympiadbench-433,3,Autoformalisation failure
olympiadbench-433,4,False
olympiadbench-433,5,False
olympiadbench-433,6,Prover failure
olympiadbench-433,7,Prover failure
olympiadbench-433,8,Autoformalisation failure
olympiadbench-434,0,Autoformalisation failure
olympiadbench-434,1,True
olympiadbench-434,2,False
olympiadbench-434,3,True
olympiadbench-434,4,True
olympiadbench-434,5,True
olympiadbench-434,6,True
olympiadbench-434,7,True
olympiadbench-434,8,True
olympiadbench-435,0,Autoformalisation failure
olympiadbench-435,1,Autoformalisation failure
olympiadbench-435,2,Autoformalisation failure
olympiadbench-435,3,Autoformalisation failure
olympiadbench-435,4,Autoformalisation failure
olympiadbench-435,5,True
olympiadbench-435,6,Autoformalisation failure
olympiadbench-436,0,Autoformalisation failure
olympiadbench-436,1,Autoformalisation failure
olympiadbench-436,2,Autoformalisation failure
olympiadbench-436,3,Autoformalisation failure
olympiadbench-436,4,Autoformalisation failure
olympiadbench-436,5,Autoformalisation failure
olympiadbench-437,0,Autoformalisation failure
olympiadbench-437,1,Autoformalisation failure
olympiadbench-437,2,Autoformalisation failure
olympiadbench-437,3,Autoformalisation failure
olympiadbench-438,0,Autoformalisation failure
olympiadbench-438,1,Autoformalisation failure
olympiadbench-438,2,Autoformalisation failure
olympiadbench-438,3,Autoformalisation failure
olympiadbench-438,4,Autoformalisation failure
olympiadbench-438,5,Autoformalisation failure
olympiadbench-439,0,Autoformalisation failure
olympiadbench-439,1,Autoformalisation failure
olympiadbench-439,2,Prover failure
olympiadbench-439,3,True
olympiadbench-439,4,True
olympiadbench-439,5,Autoformalisation failure
olympiadbench-440,0,Autoformalisation failure
olympiadbench-440,1,Autoformalisation failure
olympiadbench-440,2,Autoformalisation failure
olympiadbench-440,3,Autoformalisation failure
olympiadbench-440,4,Autoformalisation failure
olympiadbench-440,5,Autoformalisation failure
olympiadbench-440,6,True
olympiadbench-440,7,True
olympiadbench-440,8,False
olympiadbench-440,9,False
olympiadbench-440,10,True
olympiadbench-441,0,Autoformalisation failure
olympiadbench-441,1,Autoformalisation failure
olympiadbench-441,2,Autoformalisation failure
olympiadbench-441,3,Autoformalisation failure
olympiadbench-441,4,Autoformalisation failure
olympiadbench-441,5,True
olympiadbench-441,6,Autoformalisation failure
olympiadbench-441,7,Autoformalisation failure
olympiadbench-441,8,False
olympiadbench-441,9,False
olympiadbench-441,10,False
olympiadbench-441,11,False
olympiadbench-441,12,False
olympiadbench-441,13,Autoformalisation failure
olympiadbench-441,14,Autoformalisation failure
olympiadbench-441,15,Autoformalisation failure
olympiadbench-441,16,Autoformalisation failure
olympiadbench-441,17,Autoformalisation failure
olympiadbench-441,18,False
olympiadbench-441,19,False
olympiadbench-441,20,False
olympiadbench-441,21,True
olympiadbench-441,22,Autoformalisation failure
olympiadbench-441,23,False
olympiadbench-441,24,True
olympiadbench-441,25,Autoformalisation failure
olympiadbench-441,26,True
olympiadbench-441,27,Autoformalisation failure
olympiadbench-441,28,Autoformalisation failure
olympiadbench-441,29,Autoformalisation failure
olympiadbench-441,30,Autoformalisation failure
olympiadbench-441,31,Autoformalisation failure
olympiadbench-441,32,Autoformalisation failure
olympiadbench-441,33,False
olympiadbench-441,34,Autoformalisation failure
olympiadbench-441,35,False
olympiadbench-441,36,False
olympiadbench-441,37,False
olympiadbench-441,38,False
olympiadbench-441,39,False
olympiadbench-441,40,Autoformalisation failure
olympiadbench-441,41,True
olympiadbench-441,42,Autoformalisation failure
olympiadbench-441,43,True
olympiadbench-441,44,Autoformalisation failure
olympiadbench-441,45,Autoformalisation failure
olympiadbench-441,46,Autoformalisation failure
olympiadbench-442,0,True
olympiadbench-442,1,True
olympiadbench-442,2,True
olympiadbench-442,3,True
olympiadbench-442,4,True
olympiadbench-442,5,True
olympiadbench-442,6,True
olympiadbench-442,7,True
olympiadbench-443,0,Autoformalisation failure
olympiadbench-443,1,Autoformalisation failure
olympiadbench-443,2,Prover failure
olympiadbench-443,3,Autoformalisation failure
olympiadbench-443,4,Autoformalisation failure
olympiadbench-443,5,Autoformalisation failure
olympiadbench-443,6,Autoformalisation failure
olympiadbench-443,7,Autoformalisation failure
olympiadbench-443,8,Autoformalisation failure
olympiadbench-443,9,Autoformalisation failure
olympiadbench-443,10,Autoformalisation failure
olympiadbench-444,0,Autoformalisation failure
olympiadbench-444,1,Autoformalisation failure
olympiadbench-444,2,Autoformalisation failure
olympiadbench-444,3,Autoformalisation failure
olympiadbench-444,4,Autoformalisation failure
olympiadbench-444,5,Autoformalisation failure
olympiadbench-444,6,Autoformalisation failure
olympiadbench-444,7,Autoformalisation failure
olympiadbench-444,8,Autoformalisation failure
olympiadbench-445,0,Autoformalisation failure
olympiadbench-445,1,Autoformalisation failure
olympiadbench-445,2,Autoformalisation failure
olympiadbench-445,3,Autoformalisation failure
olympiadbench-445,4,Autoformalisation failure
olympiadbench-445,5,Autoformalisation failure
olympiadbench-445,6,Autoformalisation failure
olympiadbench-445,7,Autoformalisation failure
olympiadbench-445,8,Autoformalisation failure
olympiadbench-445,9,Autoformalisation failure
olympiadbench-445,10,Autoformalisation failure
olympiadbench-445,11,Autoformalisation failure
olympiadbench-446,0,True
olympiadbench-446,1,Prover failure
olympiadbench-446,2,True
olympiadbench-446,3,True
olympiadbench-446,4,False
olympiadbench-446,5,Autoformalisation failure
olympiadbench-447,0,Autoformalisation failure
olympiadbench-447,1,True
olympiadbench-447,2,Autoformalisation failure
olympiadbench-447,3,Autoformalisation failure
olympiadbench-447,4,Autoformalisation failure
olympiadbench-447,5,Autoformalisation failure
olympiadbench-447,6,Autoformalisation failure
olympiadbench-447,7,Autoformalisation failure
olympiadbench-447,8,Autoformalisation failure
olympiadbench-448,0,Autoformalisation failure
olympiadbench-448,1,Autoformalisation failure
olympiadbench-448,2,Autoformalisation failure
olympiadbench-448,3,Prover failure
olympiadbench-448,4,Prover failure
olympiadbench-448,5,True
olympiadbench-448,6,True
olympiadbench-448,7,False
olympiadbench-448,8,True
olympiadbench-449,0,Autoformalisation failure
olympiadbench-449,1,Autoformalisation failure
olympiadbench-449,2,Autoformalisation failure
olympiadbench-449,3,Autoformalisation failure
olympiadbench-449,4,Autoformalisation failure
olympiadbench-449,5,Autoformalisation failure
olympiadbench-449,6,Autoformalisation failure
olympiadbench-450,0,True
olympiadbench-450,1,True
olympiadbench-450,2,Autoformalisation failure
olympiadbench-450,3,True
olympiadbench-450,4,True
olympiadbench-451,0,Autoformalisation failure
olympiadbench-451,1,Autoformalisation failure
olympiadbench-451,2,Autoformalisation failure
olympiadbench-451,3,Autoformalisation failure
olympiadbench-451,4,Autoformalisation failure
olympiadbench-452,0,Autoformalisation failure
olympiadbench-452,1,Autoformalisation failure
olympiadbench-452,2,Autoformalisation failure
olympiadbench-452,3,Autoformalisation failure
olympiadbench-452,4,Autoformalisation failure
olympiadbench-452,5,Autoformalisation failure
olympiadbench-452,6,Autoformalisation failure
olympiadbench-452,7,Autoformalisation failure
olympiadbench-453,0,True
olympiadbench-453,1,True
olympiadbench-453,2,True
olympiadbench-453,3,Autoformalisation failure
olympiadbench-453,4,Autoformalisation failure
olympiadbench-454,0,Autoformalisation failure
olympiadbench-454,1,Autoformalisation failure
olympiadbench-454,2,Autoformalisation failure
olympiadbench-454,3,Autoformalisation failure
olympiadbench-454,4,Autoformalisation failure
olympiadbench-454,5,Autoformalisation failure
olympiadbench-454,6,Autoformalisation failure
olympiadbench-455,0,Autoformalisation failure
olympiadbench-455,1,Autoformalisation failure
olympiadbench-455,2,Autoformalisation failure
olympiadbench-455,3,Autoformalisation failure
olympiadbench-455,4,Autoformalisation failure
olympiadbench-455,5,Autoformalisation failure
olympiadbench-455,6,Autoformalisation failure
olympiadbench-456,0,Autoformalisation failure
olympiadbench-456,1,Autoformalisation failure
olympiadbench-456,2,False
olympiadbench-456,3,False
olympiadbench-456,4,True
olympiadbench-456,5,True
olympiadbench-456,6,True
olympiadbench-456,7,True
olympiadbench-456,8,Autoformalisation failure
olympiadbench-456,9,Autoformalisation failure
olympiadbench-456,10,True
olympiadbench-456,11,True
olympiadbench-456,12,Autoformalisation failure
olympiadbench-456,13,Autoformalisation failure
olympiadbench-456,14,Autoformalisation failure
olympiadbench-456,15,Autoformalisation failure
olympiadbench-456,16,True
olympiadbench-456,17,True
olympiadbench-456,18,True
olympiadbench-456,19,True
olympiadbench-456,20,True
olympiadbench-456,21,Autoformalisation failure
olympiadbench-456,22,True
olympiadbench-457,0,Autoformalisation failure
olympiadbench-457,1,Autoformalisation failure
olympiadbench-457,2,Autoformalisation failure
olympiadbench-457,3,True
olympiadbench-457,4,Autoformalisation failure
olympiadbench-457,5,Prover failure
olympiadbench-457,6,Prover failure
olympiadbench-457,7,Prover failure
olympiadbench-458,0,Autoformalisation failure
olympiadbench-458,1,Autoformalisation failure
olympiadbench-458,2,Autoformalisation failure
olympiadbench-458,3,Autoformalisation failure
olympiadbench-458,4,Autoformalisation failure
olympiadbench-458,5,Autoformalisation failure
olympiadbench-458,6,Prover failure
olympiadbench-458,7,Prover failure
olympiadbench-458,8,Prover failure
olympiadbench-458,9,Autoformalisation failure
olympiadbench-458,10,Autoformalisation failure
olympiadbench-458,11,Autoformalisation failure
olympiadbench-458,12,Autoformalisation failure
olympiadbench-459,0,Autoformalisation failure
olympiadbench-459,1,Autoformalisation failure
olympiadbench-459,2,Autoformalisation failure
olympiadbench-459,3,Autoformalisation failure
olympiadbench-459,4,Autoformalisation failure
olympiadbench-459,5,Autoformalisation failure
olympiadbench-459,6,Autoformalisation failure
olympiadbench-459,7,Autoformalisation failure
olympiadbench-459,8,Autoformalisation failure
olympiadbench-459,9,Autoformalisation failure
olympiadbench-459,10,Autoformalisation failure
olympiadbench-460,0,Autoformalisation failure
olympiadbench-460,1,Autoformalisation failure
olympiadbench-460,2,Autoformalisation failure
olympiadbench-460,3,Autoformalisation failure
olympiadbench-460,4,Autoformalisation failure
olympiadbench-460,5,Autoformalisation failure
olympiadbench-460,6,Autoformalisation failure
olympiadbench-460,7,Autoformalisation failure
olympiadbench-460,8,True
olympiadbench-460,9,Autoformalisation failure
olympiadbench-460,10,Autoformalisation failure
olympiadbench-461,0,Autoformalisation failure
olympiadbench-461,1,Autoformalisation failure
olympiadbench-461,2,Autoformalisation failure
olympiadbench-461,3,Autoformalisation failure
olympiadbench-461,4,False
olympiadbench-461,5,True
olympiadbench-461,6,True
olympiadbench-461,7,Autoformalisation failure
olympiadbench-462,0,Autoformalisation failure
olympiadbench-462,1,Autoformalisation failure
olympiadbench-462,2,Autoformalisation failure
olympiadbench-462,3,True
olympiadbench-463,0,Autoformalisation failure
olympiadbench-463,1,Autoformalisation failure
olympiadbench-463,2,Autoformalisation failure
olympiadbench-463,3,Autoformalisation failure
olympiadbench-463,4,Autoformalisation failure
olympiadbench-463,5,Autoformalisation failure
olympiadbench-463,6,Autoformalisation failure
olympiadbench-463,7,Autoformalisation failure
olympiadbench-463,8,Autoformalisation failure
olympiadbench-463,9,Autoformalisation failure
olympiadbench-463,10,Autoformalisation failure
olympiadbench-463,11,Autoformalisation failure
olympiadbench-463,12,Autoformalisation failure
olympiadbench-464,0,Autoformalisation failure
olympiadbench-464,1,Autoformalisation failure
olympiadbench-464,2,Autoformalisation failure
olympiadbench-464,3,Autoformalisation failure
olympiadbench-464,4,Autoformalisation failure
olympiadbench-464,5,Autoformalisation failure
olympiadbench-464,6,Autoformalisation failure
olympiadbench-464,7,Autoformalisation failure
olympiadbench-464,8,Autoformalisation failure
olympiadbench-464,9,Autoformalisation failure
olympiadbench-464,10,True
olympiadbench-464,11,Autoformalisation failure
olympiadbench-464,12,Autoformalisation failure
olympiadbench-464,13,Autoformalisation failure
olympiadbench-464,14,Autoformalisation failure
olympiadbench-464,15,Autoformalisation failure
olympiadbench-464,16,Autoformalisation failure
olympiadbench-464,17,Autoformalisation failure
olympiadbench-464,18,Autoformalisation failure
olympiadbench-464,19,Autoformalisation failure
olympiadbench-465,0,Autoformalisation failure
olympiadbench-465,1,True
olympiadbench-465,2,True
olympiadbench-465,3,True
olympiadbench-465,4,Prover failure
olympiadbench-465,5,True
olympiadbench-466,0,True
olympiadbench-466,1,True
olympiadbench-466,2,True
olympiadbench-466,3,Autoformalisation failure
olympiadbench-466,4,True
olympiadbench-466,5,True
olympiadbench-466,6,Prover failure
olympiadbench-466,7,Autoformalisation failure
olympiadbench-466,8,Autoformalisation failure
olympiadbench-466,9,Autoformalisation failure
olympiadbench-466,10,False
olympiadbench-466,11,True
olympiadbench-466,12,True
olympiadbench-466,13,Prover failure
olympiadbench-466,14,Autoformalisation failure
olympiadbench-467,0,True
olympiadbench-467,1,Autoformalisation failure
olympiadbench-467,2,Autoformalisation failure
olympiadbench-467,3,True
olympiadbench-467,4,True
olympiadbench-468,0,True
olympiadbench-468,1,Autoformalisation failure
olympiadbench-468,2,True
olympiadbench-468,3,True
olympiadbench-468,4,Autoformalisation failure
olympiadbench-468,5,True
olympiadbench-468,6,True
olympiadbench-468,7,Autoformalisation failure
olympiadbench-468,8,True
olympiadbench-468,9,Autoformalisation failure
olympiadbench-468,10,Autoformalisation failure
olympiadbench-468,11,Autoformalisation failure
olympiadbench-468,12,True
olympiadbench-469,0,Autoformalisation failure
olympiadbench-469,1,Autoformalisation failure
olympiadbench-469,2,Autoformalisation failure
olympiadbench-469,3,Autoformalisation failure
olympiadbench-469,4,Autoformalisation failure
olympiadbench-469,5,Autoformalisation failure
olympiadbench-470,0,Autoformalisation failure
olympiadbench-470,1,Autoformalisation failure
olympiadbench-470,2,Autoformalisation failure
olympiadbench-470,3,Autoformalisation failure
olympiadbench-470,4,Autoformalisation failure
olympiadbench-470,5,Autoformalisation failure
olympiadbench-470,6,Autoformalisation failure
olympiadbench-471,0,Autoformalisation failure
olympiadbench-471,1,Autoformalisation failure
olympiadbench-471,2,Autoformalisation failure
olympiadbench-471,3,Autoformalisation failure
olympiadbench-471,4,Autoformalisation failure
olympiadbench-472,0,True
olympiadbench-472,1,True
olympiadbench-472,2,Autoformalisation failure
olympiadbench-472,3,Autoformalisation failure
olympiadbench-473,0,Autoformalisation failure
olympiadbench-473,1,True
olympiadbench-473,2,True
olympiadbench-473,3,True
olympiadbench-473,4,True
olympiadbench-473,5,True
olympiadbench-473,6,Autoformalisation failure
olympiadbench-473,7,True
olympiadbench-473,8,True
olympiadbench-473,9,True
olympiadbench-474,0,Autoformalisation failure
olympiadbench-474,1,Autoformalisation failure
olympiadbench-474,2,Autoformalisation failure
olympiadbench-474,3,Autoformalisation failure
olympiadbench-474,4,Autoformalisation failure
olympiadbench-474,5,Autoformalisation failure
olympiadbench-475,0,Autoformalisation failure
olympiadbench-475,1,Autoformalisation failure
olympiadbench-475,2,Autoformalisation failure
olympiadbench-475,3,Autoformalisation failure
olympiadbench-475,4,Autoformalisation failure
olympiadbench-475,5,Autoformalisation failure
olympiadbench-475,6,Autoformalisation failure
olympiadbench-475,7,Autoformalisation failure
olympiadbench-475,8,Autoformalisation failure
olympiadbench-475,9,Autoformalisation failure
olympiadbench-475,10,Autoformalisation failure
olympiadbench-475,11,Autoformalisation failure
olympiadbench-475,12,Autoformalisation failure
olympiadbench-475,13,Autoformalisation failure
olympiadbench-475,14,Autoformalisation failure
olympiadbench-476,0,Autoformalisation failure
olympiadbench-476,1,Autoformalisation failure
olympiadbench-476,2,Autoformalisation failure
olympiadbench-476,3,Autoformalisation failure
olympiadbench-476,4,Autoformalisation failure
olympiadbench-476,5,Autoformalisation failure
olympiadbench-476,6,False
olympiadbench-477,0,True
olympiadbench-477,1,Autoformalisation failure
olympiadbench-477,2,True
olympiadbench-477,3,Autoformalisation failure
olympiadbench-477,4,True
olympiadbench-477,5,True
olympiadbench-477,6,True
olympiadbench-477,7,Autoformalisation failure
olympiadbench-477,8,Autoformalisation failure
olympiadbench-478,0,Autoformalisation failure
olympiadbench-478,1,Autoformalisation failure
olympiadbench-478,2,Autoformalisation failure
olympiadbench-478,3,Autoformalisation failure
olympiadbench-478,4,Autoformalisation failure
olympiadbench-478,5,Autoformalisation failure
olympiadbench-478,6,Autoformalisation failure
olympiadbench-478,7,Autoformalisation failure
olympiadbench-478,8,Autoformalisation failure
olympiadbench-479,0,Autoformalisation failure
olympiadbench-479,1,True
olympiadbench-479,2,Autoformalisation failure
olympiadbench-479,3,Autoformalisation failure
olympiadbench-479,4,Autoformalisation failure
olympiadbench-479,5,Autoformalisation failure
olympiadbench-479,6,Autoformalisation failure
olympiadbench-480,0,Autoformalisation failure
olympiadbench-480,1,Autoformalisation failure
olympiadbench-480,2,Autoformalisation failure
olympiadbench-480,3,Autoformalisation failure
olympiadbench-480,4,Autoformalisation failure
olympiadbench-480,5,Autoformalisation failure
olympiadbench-480,6,Autoformalisation failure
olympiadbench-480,7,Autoformalisation failure
olympiadbench-480,8,Autoformalisation failure
olympiadbench-481,0,Autoformalisation failure
olympiadbench-481,1,True
olympiadbench-481,2,Autoformalisation failure
olympiadbench-481,3,True
olympiadbench-481,4,True
olympiadbench-481,5,True
olympiadbench-481,6,Prover failure
olympiadbench-481,7,Prover failure
olympiadbench-481,8,Prover failure
olympiadbench-481,9,Prover failure
olympiadbench-482,0,Autoformalisation failure
olympiadbench-482,1,True
olympiadbench-482,2,True
olympiadbench-482,3,Autoformalisation failure
olympiadbench-482,4,Autoformalisation failure
olympiadbench-482,5,True
olympiadbench-482,6,True
olympiadbench-483,0,Autoformalisation failure
olympiadbench-483,1,Autoformalisation failure
olympiadbench-483,2,Autoformalisation failure
olympiadbench-483,3,Prover failure
olympiadbench-483,4,Autoformalisation failure
olympiadbench-483,5,Autoformalisation failure
olympiadbench-483,6,Prover failure
olympiadbench-484,0,Autoformalisation failure
olympiadbench-484,1,False
olympiadbench-484,2,Autoformalisation failure
olympiadbench-484,3,Autoformalisation failure
olympiadbench-484,4,False
olympiadbench-485,0,Autoformalisation failure
olympiadbench-485,1,Autoformalisation failure
olympiadbench-485,2,Autoformalisation failure
olympiadbench-485,3,Autoformalisation failure
olympiadbench-485,4,Autoformalisation failure
olympiadbench-485,5,Autoformalisation failure
olympiadbench-485,6,True
olympiadbench-485,7,True
olympiadbench-485,8,True
olympiadbench-485,9,True
olympiadbench-485,10,False
olympiadbench-485,11,False
olympiadbench-486,0,Autoformalisation failure
olympiadbench-486,1,Autoformalisation failure
olympiadbench-486,2,Autoformalisation failure
olympiadbench-486,3,Autoformalisation failure
olympiadbench-486,4,Autoformalisation failure
olympiadbench-486,5,Autoformalisation failure
olympiadbench-487,0,Autoformalisation failure
olympiadbench-487,1,Autoformalisation failure
olympiadbench-487,2,Autoformalisation failure
olympiadbench-487,3,Autoformalisation failure
olympiadbench-487,4,Autoformalisation failure
olympiadbench-487,5,Autoformalisation failure
olympiadbench-487,6,Autoformalisation failure
olympiadbench-487,7,Autoformalisation failure
olympiadbench-487,8,Autoformalisation failure
olympiadbench-487,9,Autoformalisation failure
olympiadbench-488,0,Autoformalisation failure
olympiadbench-488,1,Autoformalisation failure
olympiadbench-488,2,Autoformalisation failure
olympiadbench-488,3,True
olympiadbench-488,4,Autoformalisation failure
olympiadbench-488,5,Autoformalisation failure
olympiadbench-488,6,True
olympiadbench-488,7,Autoformalisation failure
olympiadbench-488,8,True
olympiadbench-488,9,True
olympiadbench-488,10,True
olympiadbench-488,11,Autoformalisation failure
olympiadbench-489,0,Autoformalisation failure
olympiadbench-489,1,Autoformalisation failure
olympiadbench-489,2,Autoformalisation failure
olympiadbench-489,3,Autoformalisation failure
olympiadbench-489,4,Autoformalisation failure
olympiadbench-489,5,Autoformalisation failure
olympiadbench-489,6,Autoformalisation failure
olympiadbench-489,7,Autoformalisation failure
olympiadbench-489,8,Autoformalisation failure
olympiadbench-489,9,Autoformalisation failure
olympiadbench-489,10,Autoformalisation failure
olympiadbench-490,0,Autoformalisation failure
olympiadbench-490,1,True
olympiadbench-490,2,Autoformalisation failure
olympiadbench-490,3,True
olympiadbench-490,4,False
olympiadbench-491,0,Autoformalisation failure
olympiadbench-491,1,Autoformalisation failure
olympiadbench-491,2,Autoformalisation failure
olympiadbench-491,3,Autoformalisation failure
olympiadbench-491,4,Autoformalisation failure
olympiadbench-491,5,Autoformalisation failure
olympiadbench-491,6,Autoformalisation failure
olympiadbench-491,7,Autoformalisation failure
olympiadbench-491,8,Autoformalisation failure
olympiadbench-491,9,Autoformalisation failure
olympiadbench-491,10,Autoformalisation failure
olympiadbench-491,11,Autoformalisation failure
olympiadbench-491,12,Autoformalisation failure
olympiadbench-491,13,Autoformalisation failure
olympiadbench-491,14,Autoformalisation failure
olympiadbench-491,15,Autoformalisation failure
olympiadbench-491,16,Autoformalisation failure
olympiadbench-491,17,Autoformalisation failure
olympiadbench-492,0,True
olympiadbench-492,1,True
olympiadbench-492,2,True
olympiadbench-492,3,True
olympiadbench-492,4,True
olympiadbench-492,5,True
olympiadbench-492,6,False
olympiadbench-492,7,True
olympiadbench-492,8,Autoformalisation failure
olympiadbench-493,0,True
olympiadbench-493,1,True
olympiadbench-493,2,True
olympiadbench-493,3,True
olympiadbench-493,4,True
olympiadbench-493,5,True
olympiadbench-493,6,True
olympiadbench-493,7,Autoformalisation failure
olympiadbench-493,8,True
olympiadbench-493,9,True
olympiadbench-493,10,True
olympiadbench-494,0,True
olympiadbench-494,1,Autoformalisation failure
olympiadbench-494,2,True
olympiadbench-494,3,True
olympiadbench-494,4,Autoformalisation failure
olympiadbench-494,5,True
olympiadbench-494,6,True
olympiadbench-494,7,True
olympiadbench-494,8,True
olympiadbench-494,9,Prover failure
olympiadbench-494,10,Autoformalisation failure
olympiadbench-495,0,Autoformalisation failure
olympiadbench-495,1,Autoformalisation failure
olympiadbench-495,2,Autoformalisation failure
olympiadbench-495,3,Autoformalisation failure
olympiadbench-495,4,Autoformalisation failure
olympiadbench-495,5,Autoformalisation failure
olympiadbench-495,6,True
olympiadbench-495,7,Autoformalisation failure
olympiadbench-495,8,Autoformalisation failure
olympiadbench-496,0,Autoformalisation failure
olympiadbench-496,1,Autoformalisation failure
olympiadbench-496,2,Autoformalisation failure
olympiadbench-496,3,Autoformalisation failure
olympiadbench-496,4,True
olympiadbench-496,5,Autoformalisation failure
olympiadbench-496,6,True
olympiadbench-496,7,Autoformalisation failure
olympiadbench-496,8,True
olympiadbench-496,9,True
olympiadbench-497,0,Prover failure
olympiadbench-497,1,True
olympiadbench-497,2,True
olympiadbench-497,3,Autoformalisation failure
olympiadbench-497,4,True
olympiadbench-497,5,True
olympiadbench-497,6,False
olympiadbench-497,7,True
olympiadbench-497,8,True
olympiadbench-497,9,True
olympiadbench-498,0,Autoformalisation failure
olympiadbench-498,1,Autoformalisation failure
olympiadbench-498,2,Autoformalisation failure
olympiadbench-498,3,Autoformalisation failure
olympiadbench-498,4,Autoformalisation failure
olympiadbench-498,5,Autoformalisation failure
olympiadbench-498,6,Autoformalisation failure
olympiadbench-498,7,Autoformalisation failure
olympiadbench-499,0,False
olympiadbench-499,1,Autoformalisation failure
olympiadbench-499,2,Autoformalisation failure
olympiadbench-499,3,True
olympiadbench-499,4,False
olympiadbench-499,5,False
olympiadbench-500,0,True
olympiadbench-500,1,Autoformalisation failure
olympiadbench-500,2,False
olympiadbench-500,3,True
olympiadbench-500,4,True
olympiadbench-500,5,True
olympiadbench-501,0,Autoformalisation failure
olympiadbench-501,1,Autoformalisation failure
olympiadbench-501,2,Autoformalisation failure
olympiadbench-501,3,True
olympiadbench-502,0,Autoformalisation failure
olympiadbench-502,1,True
olympiadbench-502,2,True
olympiadbench-502,3,Autoformalisation failure
olympiadbench-502,4,True
olympiadbench-502,5,True
olympiadbench-503,0,Autoformalisation failure
olympiadbench-503,1,Autoformalisation failure
olympiadbench-503,2,Autoformalisation failure
olympiadbench-503,3,Autoformalisation failure
olympiadbench-503,4,Autoformalisation failure
olympiadbench-503,5,Autoformalisation failure
olympiadbench-503,6,Autoformalisation failure
olympiadbench-503,7,Autoformalisation failure
olympiadbench-503,8,Autoformalisation failure
olympiadbench-503,9,Autoformalisation failure
olympiadbench-503,10,Autoformalisation failure
olympiadbench-503,11,Autoformalisation failure
olympiadbench-503,12,Autoformalisation failure
olympiadbench-503,13,Autoformalisation failure
olympiadbench-503,14,Autoformalisation failure
olympiadbench-503,15,Autoformalisation failure
olympiadbench-503,16,Autoformalisation failure
olympiadbench-503,17,Autoformalisation failure
olympiadbench-503,18,Autoformalisation failure
olympiadbench-503,19,Autoformalisation failure
olympiadbench-503,20,Autoformalisation failure
olympiadbench-503,21,Autoformalisation failure
olympiadbench-503,22,Autoformalisation failure
olympiadbench-504,0,Autoformalisation failure
olympiadbench-504,1,Autoformalisation failure
olympiadbench-504,2,Autoformalisation failure
olympiadbench-504,3,Prover failure
olympiadbench-504,4,True
olympiadbench-504,5,True
olympiadbench-504,6,True
olympiadbench-504,7,True
olympiadbench-504,8,True
olympiadbench-505,0,Autoformalisation failure
olympiadbench-505,1,True
olympiadbench-505,2,True
olympiadbench-505,3,True
olympiadbench-505,4,True
olympiadbench-505,5,True
olympiadbench-506,0,Autoformalisation failure
olympiadbench-506,1,Autoformalisation failure
olympiadbench-506,2,Autoformalisation failure
olympiadbench-506,3,Autoformalisation failure
olympiadbench-506,4,Autoformalisation failure
olympiadbench-506,5,Autoformalisation failure
olympiadbench-507,0,Autoformalisation failure
olympiadbench-507,1,Autoformalisation failure
olympiadbench-507,2,Autoformalisation failure
olympiadbench-507,3,Autoformalisation failure
olympiadbench-507,4,Autoformalisation failure
olympiadbench-507,5,Autoformalisation failure
olympiadbench-508,0,True
olympiadbench-508,1,True
olympiadbench-508,2,True
olympiadbench-508,3,Autoformalisation failure
olympiadbench-508,4,True
olympiadbench-508,5,True
olympiadbench-508,6,True
olympiadbench-509,0,Autoformalisation failure
olympiadbench-509,1,Autoformalisation failure
olympiadbench-509,2,Autoformalisation failure
olympiadbench-509,3,Autoformalisation failure
olympiadbench-509,4,Autoformalisation failure
olympiadbench-509,5,True
olympiadbench-509,6,Autoformalisation failure
olympiadbench-509,7,Autoformalisation failure
olympiadbench-509,8,Autoformalisation failure
olympiadbench-509,9,True
olympiadbench-509,10,Autoformalisation failure
olympiadbench-509,11,True
olympiadbench-509,12,True
olympiadbench-509,13,Autoformalisation failure
olympiadbench-509,14,True
olympiadbench-509,15,Autoformalisation failure
olympiadbench-509,16,Autoformalisation failure
olympiadbench-509,17,Autoformalisation failure
olympiadbench-510,0,Autoformalisation failure
olympiadbench-510,1,Autoformalisation failure
olympiadbench-510,2,Autoformalisation failure
olympiadbench-510,3,Autoformalisation failure
olympiadbench-510,4,Autoformalisation failure
olympiadbench-510,5,Autoformalisation failure
olympiadbench-510,6,True
olympiadbench-510,7,True
olympiadbench-510,8,True
olympiadbench-510,9,True
olympiadbench-511,0,Autoformalisation failure
olympiadbench-511,1,Autoformalisation failure
olympiadbench-511,2,Autoformalisation failure
olympiadbench-511,3,Autoformalisation failure
olympiadbench-511,4,Autoformalisation failure
olympiadbench-511,5,Autoformalisation failure
olympiadbench-512,0,True
olympiadbench-512,1,Autoformalisation failure
olympiadbench-512,2,Autoformalisation failure
olympiadbench-512,3,True
olympiadbench-512,4,True
olympiadbench-512,5,True
olympiadbench-512,6,True
olympiadbench-513,0,Autoformalisation failure
olympiadbench-513,1,Autoformalisation failure
olympiadbench-513,2,Autoformalisation failure
olympiadbench-513,3,Autoformalisation failure
olympiadbench-513,4,True
olympiadbench-514,0,True
olympiadbench-514,1,True
olympiadbench-514,2,True
olympiadbench-514,3,True
olympiadbench-514,4,True
olympiadbench-514,5,True
olympiadbench-514,6,True
olympiadbench-514,7,Autoformalisation failure
olympiadbench-514,8,Autoformalisation failure
olympiadbench-515,0,Autoformalisation failure
olympiadbench-515,1,Autoformalisation failure
olympiadbench-515,2,Autoformalisation failure
olympiadbench-515,3,Autoformalisation failure
olympiadbench-515,4,Autoformalisation failure
olympiadbench-515,5,Autoformalisation failure
olympiadbench-515,6,True
olympiadbench-515,7,Prover failure
olympiadbench-515,8,True
olympiadbench-515,9,Prover failure
olympiadbench-515,10,False
olympiadbench-515,11,True
olympiadbench-515,12,True
olympiadbench-515,13,Autoformalisation failure
olympiadbench-515,14,True
olympiadbench-515,15,False
olympiadbench-515,16,False
olympiadbench-515,17,False
olympiadbench-515,18,True
olympiadbench-515,19,Autoformalisation failure
olympiadbench-515,20,Autoformalisation failure
olympiadbench-515,21,True
olympiadbench-515,22,True
olympiadbench-515,23,True
olympiadbench-516,0,Autoformalisation failure
olympiadbench-516,1,Autoformalisation failure
olympiadbench-516,2,Autoformalisation failure
olympiadbench-516,3,Autoformalisation failure
olympiadbench-516,4,Autoformalisation failure
olympiadbench-516,5,Autoformalisation failure
olympiadbench-516,6,Autoformalisation failure
olympiadbench-516,7,Autoformalisation failure
olympiadbench-516,8,Autoformalisation failure
olympiadbench-517,0,Autoformalisation failure
olympiadbench-517,1,Autoformalisation failure
olympiadbench-517,2,True
olympiadbench-517,3,Autoformalisation failure
olympiadbench-517,4,True
olympiadbench-517,5,Autoformalisation failure
olympiadbench-518,0,Autoformalisation failure
olympiadbench-518,1,Autoformalisation failure
olympiadbench-518,2,Autoformalisation failure
olympiadbench-518,3,Autoformalisation failure
olympiadbench-518,4,Autoformalisation failure
olympiadbench-518,5,Autoformalisation failure
olympiadbench-518,6,Autoformalisation failure
olympiadbench-518,7,Autoformalisation failure
olympiadbench-519,0,True
olympiadbench-519,1,True
olympiadbench-519,2,True
olympiadbench-519,3,Autoformalisation failure
olympiadbench-519,4,True
olympiadbench-519,5,Prover failure
olympiadbench-519,6,Prover failure
olympiadbench-519,7,Prover failure
olympiadbench-519,8,True
olympiadbench-519,9,Autoformalisation failure
olympiadbench-519,10,Autoformalisation failure
olympiadbench-520,0,Autoformalisation failure
olympiadbench-520,1,Autoformalisation failure
olympiadbench-520,2,Autoformalisation failure
olympiadbench-520,3,Autoformalisation failure
olympiadbench-520,4,Autoformalisation failure
olympiadbench-520,5,Autoformalisation failure
olympiadbench-520,6,Autoformalisation failure
olympiadbench-520,7,True
olympiadbench-520,8,True
olympiadbench-520,9,Autoformalisation failure
olympiadbench-520,10,True
olympiadbench-520,11,Autoformalisation failure
olympiadbench-520,12,Autoformalisation failure
olympiadbench-520,13,Autoformalisation failure
olympiadbench-521,0,True
olympiadbench-521,1,Autoformalisation failure
olympiadbench-521,2,Autoformalisation failure
olympiadbench-521,3,Prover failure
olympiadbench-521,4,Prover failure
olympiadbench-521,5,Autoformalisation failure
olympiadbench-521,6,Autoformalisation failure
olympiadbench-522,0,Autoformalisation failure
olympiadbench-522,1,Autoformalisation failure
olympiadbench-522,2,Autoformalisation failure
olympiadbench-522,3,Autoformalisation failure
olympiadbench-522,4,Autoformalisation failure
olympiadbench-522,5,Autoformalisation failure
olympiadbench-522,6,True
olympiadbench-522,7,Autoformalisation failure
olympiadbench-522,8,True
olympiadbench-523,0,True
olympiadbench-523,1,True
olympiadbench-523,2,True
olympiadbench-523,3,True
olympiadbench-523,4,Autoformalisation failure
olympiadbench-524,0,Autoformalisation failure
olympiadbench-524,1,Autoformalisation failure
olympiadbench-524,2,Autoformalisation failure
olympiadbench-524,3,Autoformalisation failure
olympiadbench-524,4,Autoformalisation failure
olympiadbench-524,5,Autoformalisation failure
olympiadbench-524,6,Autoformalisation failure
olympiadbench-524,7,True
olympiadbench-524,8,Autoformalisation failure
olympiadbench-525,0,Autoformalisation failure
olympiadbench-525,1,Autoformalisation failure
olympiadbench-525,2,Autoformalisation failure
olympiadbench-525,3,Autoformalisation failure
olympiadbench-525,4,Autoformalisation failure
olympiadbench-525,5,Autoformalisation failure
olympiadbench-525,6,Autoformalisation failure
olympiadbench-526,0,Autoformalisation failure
olympiadbench-526,1,Autoformalisation failure
olympiadbench-526,2,Autoformalisation failure
olympiadbench-526,3,Autoformalisation failure
olympiadbench-526,4,Autoformalisation failure
olympiadbench-526,5,Autoformalisation failure
olympiadbench-526,6,Autoformalisation failure
olympiadbench-526,7,Autoformalisation failure
olympiadbench-526,8,Autoformalisation failure
olympiadbench-526,9,Autoformalisation failure
olympiadbench-526,10,Autoformalisation failure
olympiadbench-527,0,True
olympiadbench-527,1,True
olympiadbench-527,2,Autoformalisation failure
olympiadbench-527,3,Autoformalisation failure
olympiadbench-527,4,Autoformalisation failure
olympiadbench-527,5,Autoformalisation failure
olympiadbench-527,6,Autoformalisation failure
olympiadbench-527,7,True
olympiadbench-527,8,False
olympiadbench-527,9,True
olympiadbench-527,10,Autoformalisation failure
olympiadbench-527,11,True
olympiadbench-528,0,Autoformalisation failure
olympiadbench-528,1,Autoformalisation failure
olympiadbench-528,2,True
olympiadbench-528,3,Autoformalisation failure
olympiadbench-528,4,True
olympiadbench-528,5,False
olympiadbench-528,6,Prover failure
olympiadbench-528,7,False
olympiadbench-528,8,True
olympiadbench-528,9,False
olympiadbench-528,10,Autoformalisation failure
olympiadbench-529,0,Autoformalisation failure
olympiadbench-529,1,Autoformalisation failure
olympiadbench-529,2,True
olympiadbench-530,0,Autoformalisation failure
olympiadbench-530,1,Autoformalisation failure
olympiadbench-530,2,Autoformalisation failure
olympiadbench-530,3,Autoformalisation failure
olympiadbench-530,4,Autoformalisation failure
olympiadbench-530,5,Autoformalisation failure
olympiadbench-530,6,Autoformalisation failure
olympiadbench-530,7,Autoformalisation failure
olympiadbench-530,8,Autoformalisation failure
olympiadbench-530,9,Autoformalisation failure
olympiadbench-531,0,Autoformalisation failure
olympiadbench-531,1,Autoformalisation failure
olympiadbench-531,2,True
olympiadbench-531,3,True
olympiadbench-531,4,Prover failure
olympiadbench-531,5,False
olympiadbench-531,6,True
olympiadbench-531,7,Autoformalisation failure
olympiadbench-532,0,Autoformalisation failure
olympiadbench-532,1,Autoformalisation failure
olympiadbench-532,2,Autoformalisation failure
olympiadbench-532,3,Autoformalisation failure
olympiadbench-532,4,Prover failure
olympiadbench-532,5,Autoformalisation failure
olympiadbench-533,0,Autoformalisation failure
olympiadbench-533,1,True
olympiadbench-533,2,Autoformalisation failure
olympiadbench-533,3,Autoformalisation failure
olympiadbench-533,4,True
olympiadbench-533,5,Autoformalisation failure
olympiadbench-533,6,Autoformalisation failure
olympiadbench-534,0,Autoformalisation failure
olympiadbench-534,1,Autoformalisation failure
olympiadbench-534,2,Autoformalisation failure
olympiadbench-534,3,Autoformalisation failure
olympiadbench-534,4,Autoformalisation failure
olympiadbench-534,5,Autoformalisation failure
olympiadbench-534,6,Autoformalisation failure
olympiadbench-534,7,Autoformalisation failure
olympiadbench-534,8,Autoformalisation failure
olympiadbench-535,0,Autoformalisation failure
olympiadbench-535,1,Autoformalisation failure
olympiadbench-535,2,Autoformalisation failure
olympiadbench-535,3,True
olympiadbench-535,4,Autoformalisation failure
olympiadbench-535,5,Autoformalisation failure
olympiadbench-535,6,Autoformalisation failure
olympiadbench-535,7,True
olympiadbench-535,8,Autoformalisation failure
olympiadbench-535,9,Autoformalisation failure
olympiadbench-535,10,Autoformalisation failure
olympiadbench-536,0,Autoformalisation failure
olympiadbench-536,1,Autoformalisation failure
olympiadbench-536,2,Autoformalisation failure
olympiadbench-536,3,True
olympiadbench-536,4,Autoformalisation failure
olympiadbench-536,5,True
olympiadbench-536,6,Autoformalisation failure
olympiadbench-536,7,Autoformalisation failure
olympiadbench-537,0,True
olympiadbench-537,1,Autoformalisation failure
olympiadbench-537,2,Autoformalisation failure
olympiadbench-537,3,Autoformalisation failure
olympiadbench-537,4,True
olympiadbench-537,5,True
olympiadbench-537,6,True
olympiadbench-537,7,True
olympiadbench-537,8,True
olympiadbench-537,9,True
olympiadbench-538,0,Autoformalisation failure
olympiadbench-538,1,True
olympiadbench-538,2,True
olympiadbench-538,3,True
olympiadbench-538,4,True
olympiadbench-538,5,True
olympiadbench-538,6,False
olympiadbench-539,0,Autoformalisation failure
olympiadbench-539,1,Autoformalisation failure
olympiadbench-539,2,Autoformalisation failure
olympiadbench-539,3,Autoformalisation failure
olympiadbench-539,4,Autoformalisation failure
olympiadbench-539,5,Autoformalisation failure
olympiadbench-539,6,Autoformalisation failure
olympiadbench-539,7,Autoformalisation failure
olympiadbench-539,8,Autoformalisation failure
olympiadbench-540,0,True
olympiadbench-540,1,Autoformalisation failure
olympiadbench-540,2,Prover failure
olympiadbench-540,3,Prover failure
olympiadbench-540,4,Prover failure
olympiadbench-540,5,Prover failure
olympiadbench-540,6,Autoformalisation failure
olympiadbench-540,7,Autoformalisation failure
olympiadbench-540,8,Prover failure
olympiadbench-540,9,Prover failure
olympiadbench-540,10,Prover failure
olympiadbench-540,11,Prover failure
olympiadbench-540,12,Autoformalisation failure
olympiadbench-540,13,Prover failure
olympiadbench-540,14,Prover failure
olympiadbench-540,15,Prover failure
olympiadbench-540,16,Prover failure
olympiadbench-540,17,Prover failure
olympiadbench-540,18,Prover failure
olympiadbench-540,19,Autoformalisation failure
olympiadbench-540,20,True
olympiadbench-540,21,Prover failure
olympiadbench-541,0,Autoformalisation failure
olympiadbench-541,1,Autoformalisation failure
olympiadbench-541,2,Autoformalisation failure
olympiadbench-541,3,Autoformalisation failure
olympiadbench-541,4,Autoformalisation failure
olympiadbench-541,5,Autoformalisation failure
olympiadbench-541,6,Autoformalisation failure
olympiadbench-541,7,Autoformalisation failure
olympiadbench-541,8,Autoformalisation failure
olympiadbench-542,0,Autoformalisation failure
olympiadbench-542,1,Autoformalisation failure
olympiadbench-542,2,Autoformalisation failure
olympiadbench-542,3,Autoformalisation failure
olympiadbench-542,4,Autoformalisation failure
olympiadbench-542,5,Autoformalisation failure
olympiadbench-542,6,Autoformalisation failure
olympiadbench-542,7,Autoformalisation failure
olympiadbench-543,0,Autoformalisation failure
olympiadbench-543,1,Autoformalisation failure
olympiadbench-543,2,True
olympiadbench-543,3,Prover failure
olympiadbench-543,4,True
olympiadbench-544,0,Autoformalisation failure
olympiadbench-544,1,Autoformalisation failure
olympiadbench-544,2,Autoformalisation failure
olympiadbench-544,3,Autoformalisation failure
olympiadbench-544,4,Autoformalisation failure
olympiadbench-544,5,Autoformalisation failure
olympiadbench-544,6,Autoformalisation failure
olympiadbench-544,7,Autoformalisation failure
olympiadbench-544,8,Autoformalisation failure
olympiadbench-544,9,Autoformalisation failure
olympiadbench-545,0,Autoformalisation failure
olympiadbench-545,1,Autoformalisation failure
olympiadbench-545,2,Prover failure
olympiadbench-545,3,True
olympiadbench-546,0,True
olympiadbench-546,1,False
olympiadbench-546,2,False
olympiadbench-546,3,True
olympiadbench-546,4,True
olympiadbench-546,5,Prover failure
olympiadbench-546,6,True
olympiadbench-546,7,True
olympiadbench-546,8,True
olympiadbench-546,9,True
olympiadbench-546,10,False
olympiadbench-547,0,Autoformalisation failure
olympiadbench-547,1,Autoformalisation failure
olympiadbench-547,2,Autoformalisation failure
olympiadbench-547,3,Autoformalisation failure
olympiadbench-547,4,Autoformalisation failure
olympiadbench-548,0,Autoformalisation failure
olympiadbench-548,1,True
olympiadbench-548,2,Autoformalisation failure
olympiadbench-548,3,True
olympiadbench-548,4,False
olympiadbench-548,5,Prover failure
olympiadbench-548,6,True
olympiadbench-548,7,True
olympiadbench-549,0,Autoformalisation failure
olympiadbench-549,1,True
olympiadbench-549,2,Prover failure
olympiadbench-549,3,True
olympiadbench-549,4,Autoformalisation failure
olympiadbench-549,5,Autoformalisation failure
olympiadbench-550,0,True
olympiadbench-550,1,Prover failure
olympiadbench-550,2,Autoformalisation failure
olympiadbench-550,3,Prover failure
olympiadbench-550,4,True
olympiadbench-550,5,Prover failure
olympiadbench-550,6,Autoformalisation failure
olympiadbench-550,7,Autoformalisation failure
olympiadbench-551,0,Autoformalisation failure
olympiadbench-551,1,Autoformalisation failure
olympiadbench-551,2,Autoformalisation failure
olympiadbench-551,3,Autoformalisation failure
olympiadbench-551,4,Autoformalisation failure
olympiadbench-551,5,Autoformalisation failure
olympiadbench-552,0,Autoformalisation failure
olympiadbench-552,1,True
olympiadbench-552,2,True
olympiadbench-552,3,True
olympiadbench-552,4,True
olympiadbench-552,5,True
olympiadbench-552,6,Autoformalisation failure
olympiadbench-552,7,True
olympiadbench-552,8,True
olympiadbench-552,9,True
olympiadbench-552,10,True
olympiadbench-553,0,Autoformalisation failure
olympiadbench-553,1,Autoformalisation failure
olympiadbench-553,2,True
olympiadbench-553,3,True
olympiadbench-553,4,True
olympiadbench-553,5,Autoformalisation failure
olympiadbench-554,0,Autoformalisation failure
olympiadbench-554,1,Autoformalisation failure
olympiadbench-554,2,Autoformalisation failure
olympiadbench-554,3,True
olympiadbench-554,4,Autoformalisation failure
olympiadbench-554,5,Autoformalisation failure
olympiadbench-554,6,True
olympiadbench-554,7,True
olympiadbench-555,0,True
olympiadbench-555,1,True
olympiadbench-555,2,True
olympiadbench-555,3,True
olympiadbench-555,4,False
olympiadbench-555,5,False
olympiadbench-555,6,True
olympiadbench-555,7,True
olympiadbench-555,8,True
olympiadbench-556,0,True
olympiadbench-556,1,Autoformalisation failure
olympiadbench-556,2,Autoformalisation failure
olympiadbench-556,3,True
olympiadbench-556,4,Autoformalisation failure
olympiadbench-556,5,True
olympiadbench-556,6,True
olympiadbench-556,7,True
olympiadbench-557,0,Autoformalisation failure
olympiadbench-557,1,True
olympiadbench-557,2,True
olympiadbench-557,3,Autoformalisation failure
olympiadbench-558,0,Autoformalisation failure
olympiadbench-558,1,Autoformalisation failure
olympiadbench-558,2,Autoformalisation failure
olympiadbench-558,3,Autoformalisation failure
olympiadbench-558,4,Autoformalisation failure
olympiadbench-559,0,Autoformalisation failure
olympiadbench-559,1,Autoformalisation failure
olympiadbench-559,2,Autoformalisation failure
olympiadbench-559,3,Autoformalisation failure
olympiadbench-559,4,True
olympiadbench-559,5,Autoformalisation failure
olympiadbench-559,6,Autoformalisation failure
olympiadbench-559,7,Autoformalisation failure
olympiadbench-559,8,Autoformalisation failure
olympiadbench-559,9,Autoformalisation failure
olympiadbench-559,10,Autoformalisation failure
olympiadbench-559,11,Autoformalisation failure
olympiadbench-559,12,Autoformalisation failure
olympiadbench-559,13,Autoformalisation failure
olympiadbench-559,14,Autoformalisation failure
olympiadbench-560,0,Autoformalisation failure
olympiadbench-560,1,Autoformalisation failure
olympiadbench-560,2,Autoformalisation failure
olympiadbench-560,3,Autoformalisation failure
olympiadbench-560,4,Autoformalisation failure
olympiadbench-560,5,Autoformalisation failure
olympiadbench-560,6,Autoformalisation failure
olympiadbench-560,7,Autoformalisation failure
olympiadbench-560,8,Autoformalisation failure
olympiadbench-561,0,Autoformalisation failure
olympiadbench-561,1,Autoformalisation failure
olympiadbench-561,2,Autoformalisation failure
olympiadbench-561,3,Autoformalisation failure
olympiadbench-561,4,Autoformalisation failure
olympiadbench-561,5,False
olympiadbench-562,0,Autoformalisation failure
olympiadbench-562,1,Autoformalisation failure
olympiadbench-562,2,Autoformalisation failure
olympiadbench-562,3,Autoformalisation failure
olympiadbench-562,4,Autoformalisation failure
olympiadbench-562,5,Autoformalisation failure
olympiadbench-562,6,Autoformalisation failure
olympiadbench-562,7,Autoformalisation failure
olympiadbench-563,0,Autoformalisation failure
olympiadbench-563,1,Autoformalisation failure
olympiadbench-563,2,Autoformalisation failure
olympiadbench-563,3,Autoformalisation failure
olympiadbench-564,0,Autoformalisation failure
olympiadbench-564,1,Autoformalisation failure
olympiadbench-564,2,Autoformalisation failure
olympiadbench-564,3,Autoformalisation failure
olympiadbench-565,0,True
olympiadbench-565,1,True
olympiadbench-565,2,False
olympiadbench-565,3,Autoformalisation failure
olympiadbench-565,4,Autoformalisation failure
olympiadbench-565,5,Autoformalisation failure
olympiadbench-565,6,True
olympiadbench-565,7,True
olympiadbench-565,8,False
olympiadbench-565,9,True
olympiadbench-565,10,True
olympiadbench-565,11,Prover failure
olympiadbench-566,0,True
olympiadbench-566,1,True
olympiadbench-566,2,True
olympiadbench-566,3,True
olympiadbench-566,4,True
olympiadbench-566,5,True
olympiadbench-566,6,True
olympiadbench-566,7,True
olympiadbench-566,8,True
olympiadbench-566,9,True
olympiadbench-566,10,True
olympiadbench-567,0,Autoformalisation failure
olympiadbench-567,1,Autoformalisation failure
olympiadbench-567,2,Autoformalisation failure
olympiadbench-567,3,Autoformalisation failure
olympiadbench-567,4,Autoformalisation failure
olympiadbench-567,5,Autoformalisation failure
olympiadbench-567,6,Autoformalisation failure
olympiadbench-567,7,Autoformalisation failure
olympiadbench-567,8,Autoformalisation failure
olympiadbench-567,9,Autoformalisation failure
olympiadbench-567,10,Autoformalisation failure
olympiadbench-567,11,Autoformalisation failure
olympiadbench-567,12,Autoformalisation failure
olympiadbench-567,13,Autoformalisation failure
olympiadbench-568,0,Autoformalisation failure
olympiadbench-568,1,True
olympiadbench-568,2,True
olympiadbench-568,3,True
olympiadbench-568,4,Autoformalisation failure
olympiadbench-568,5,True
olympiadbench-568,6,Autoformalisation failure
olympiadbench-568,7,True
olympiadbench-568,8,Autoformalisation failure
olympiadbench-568,9,True
olympiadbench-569,0,True
olympiadbench-569,1,Autoformalisation failure
olympiadbench-569,2,Autoformalisation failure
olympiadbench-569,3,Autoformalisation failure
olympiadbench-569,4,Autoformalisation failure
olympiadbench-569,5,Autoformalisation failure
olympiadbench-569,6,Autoformalisation failure
olympiadbench-569,7,Autoformalisation failure
olympiadbench-570,0,True
olympiadbench-570,1,True
olympiadbench-570,2,Autoformalisation failure
olympiadbench-570,3,Autoformalisation failure
olympiadbench-570,4,Autoformalisation failure
olympiadbench-570,5,Autoformalisation failure
olympiadbench-570,6,Autoformalisation failure
olympiadbench-571,0,Autoformalisation failure
olympiadbench-571,1,Autoformalisation failure
olympiadbench-571,2,Autoformalisation failure
olympiadbench-571,3,Autoformalisation failure
olympiadbench-571,4,Autoformalisation failure
olympiadbench-571,5,Autoformalisation failure
olympiadbench-572,0,Autoformalisation failure
olympiadbench-572,1,True
olympiadbench-572,2,True
olympiadbench-572,3,Autoformalisation failure
olympiadbench-572,4,Autoformalisation failure
olympiadbench-573,0,True
olympiadbench-573,1,False
olympiadbench-573,2,Autoformalisation failure
olympiadbench-573,3,True
olympiadbench-573,4,True
olympiadbench-573,5,True
olympiadbench-573,6,Prover failure
olympiadbench-573,7,Prover failure
olympiadbench-573,8,True
olympiadbench-573,9,True
olympiadbench-574,0,Autoformalisation failure
olympiadbench-574,1,Autoformalisation failure
olympiadbench-574,2,Autoformalisation failure
olympiadbench-574,3,Autoformalisation failure
olympiadbench-574,4,Autoformalisation failure
olympiadbench-574,5,True
olympiadbench-574,6,Autoformalisation failure
olympiadbench-575,0,Autoformalisation failure
olympiadbench-575,1,True
olympiadbench-575,2,Autoformalisation failure
olympiadbench-575,3,True
olympiadbench-575,4,True
olympiadbench-575,5,Prover failure
olympiadbench-576,0,Autoformalisation failure
olympiadbench-576,1,Autoformalisation failure
olympiadbench-576,2,Autoformalisation failure
olympiadbench-576,3,Autoformalisation failure
olympiadbench-576,4,Autoformalisation failure
olympiadbench-576,5,Autoformalisation failure
olympiadbench-576,6,Autoformalisation failure
olympiadbench-577,0,Autoformalisation failure
olympiadbench-577,1,Autoformalisation failure
olympiadbench-577,2,True
olympiadbench-577,3,Autoformalisation failure
olympiadbench-577,4,True
olympiadbench-577,5,Autoformalisation failure
olympiadbench-578,0,Autoformalisation failure
olympiadbench-578,1,True
olympiadbench-578,2,True
olympiadbench-578,3,True
olympiadbench-578,4,Autoformalisation failure
olympiadbench-578,5,True
olympiadbench-579,0,Autoformalisation failure
olympiadbench-579,1,Autoformalisation failure
olympiadbench-579,2,Autoformalisation failure
olympiadbench-579,3,True
olympiadbench-579,4,Autoformalisation failure
olympiadbench-579,5,Autoformalisation failure
olympiadbench-580,0,Autoformalisation failure
olympiadbench-580,1,Autoformalisation failure
olympiadbench-580,2,Autoformalisation failure
olympiadbench-580,3,Autoformalisation failure
olympiadbench-580,4,Autoformalisation failure
olympiadbench-580,5,Autoformalisation failure
olympiadbench-580,6,Autoformalisation failure
olympiadbench-580,7,Autoformalisation failure
olympiadbench-581,0,Autoformalisation failure
olympiadbench-581,1,Autoformalisation failure
olympiadbench-581,2,Autoformalisation failure
olympiadbench-581,3,Autoformalisation failure
olympiadbench-581,4,Autoformalisation failure
olympiadbench-581,5,Autoformalisation failure
olympiadbench-581,6,Autoformalisation failure
olympiadbench-581,7,Prover failure
olympiadbench-581,8,Autoformalisation failure
olympiadbench-582,0,True
olympiadbench-582,1,True
olympiadbench-582,2,Prover failure
olympiadbench-582,3,Prover failure
olympiadbench-582,4,Prover failure
olympiadbench-583,0,Autoformalisation failure
olympiadbench-583,1,Autoformalisation failure
olympiadbench-583,2,Autoformalisation failure
olympiadbench-583,3,Autoformalisation failure
olympiadbench-583,4,True
olympiadbench-583,5,Prover failure
olympiadbench-583,6,True
olympiadbench-583,7,Autoformalisation failure
olympiadbench-583,8,Autoformalisation failure
olympiadbench-583,9,Autoformalisation failure
olympiadbench-583,10,False
olympiadbench-583,11,Autoformalisation failure
olympiadbench-584,0,Autoformalisation failure
olympiadbench-584,1,Autoformalisation failure
olympiadbench-584,2,Autoformalisation failure
olympiadbench-584,3,Autoformalisation failure
olympiadbench-584,4,Autoformalisation failure
olympiadbench-584,5,Autoformalisation failure
olympiadbench-584,6,Autoformalisation failure
olympiadbench-585,0,Autoformalisation failure
olympiadbench-585,1,Autoformalisation failure
olympiadbench-585,2,Autoformalisation failure
olympiadbench-585,3,Autoformalisation failure
olympiadbench-585,4,Autoformalisation failure
olympiadbench-585,5,Autoformalisation failure
olympiadbench-585,6,False
olympiadbench-585,7,Autoformalisation failure
olympiadbench-586,0,Autoformalisation failure
olympiadbench-586,1,Autoformalisation failure
olympiadbench-586,2,Autoformalisation failure
olympiadbench-586,3,Autoformalisation failure
olympiadbench-586,4,Autoformalisation failure
olympiadbench-586,5,Autoformalisation failure
olympiadbench-586,6,Autoformalisation failure
olympiadbench-586,7,Autoformalisation failure
olympiadbench-586,8,Autoformalisation failure
olympiadbench-586,9,Autoformalisation failure
olympiadbench-586,10,Autoformalisation failure
olympiadbench-586,11,True
olympiadbench-586,12,Autoformalisation failure
olympiadbench-586,13,Autoformalisation failure
olympiadbench-586,14,Autoformalisation failure
olympiadbench-587,0,Autoformalisation failure
olympiadbench-587,1,Autoformalisation failure
olympiadbench-587,2,Autoformalisation failure
olympiadbench-587,3,Autoformalisation failure
olympiadbench-587,4,Autoformalisation failure
olympiadbench-587,5,Autoformalisation failure
olympiadbench-587,6,True
olympiadbench-587,7,True
olympiadbench-588,0,True
olympiadbench-588,1,Autoformalisation failure
olympiadbench-588,2,Autoformalisation failure
olympiadbench-588,3,Autoformalisation failure
olympiadbench-588,4,True
olympiadbench-588,5,True
olympiadbench-589,0,True
olympiadbench-589,1,True
olympiadbench-589,2,True
olympiadbench-589,3,True
olympiadbench-589,4,Autoformalisation failure
olympiadbench-589,5,Autoformalisation failure
olympiadbench-590,0,Autoformalisation failure
olympiadbench-590,1,Autoformalisation failure
olympiadbench-590,2,True
olympiadbench-590,3,True
olympiadbench-590,4,True
olympiadbench-590,5,Prover failure
olympiadbench-590,6,Prover failure
olympiadbench-590,7,Prover failure
olympiadbench-591,0,True
olympiadbench-591,1,Prover failure
olympiadbench-591,2,True
olympiadbench-591,3,True
olympiadbench-591,4,Autoformalisation failure
olympiadbench-592,0,Autoformalisation failure
olympiadbench-592,1,Autoformalisation failure
olympiadbench-592,2,Autoformalisation failure
olympiadbench-592,3,Autoformalisation failure
olympiadbench-592,4,True
olympiadbench-592,5,True
olympiadbench-592,6,True
olympiadbench-592,7,Autoformalisation failure
olympiadbench-592,8,Autoformalisation failure
olympiadbench-593,0,Autoformalisation failure
olympiadbench-593,1,Autoformalisation failure
olympiadbench-593,2,True
olympiadbench-593,3,Prover failure
olympiadbench-593,4,Prover failure
olympiadbench-593,5,Prover failure
olympiadbench-594,0,Autoformalisation failure
olympiadbench-594,1,Autoformalisation failure
olympiadbench-594,2,Autoformalisation failure
olympiadbench-594,3,Autoformalisation failure
olympiadbench-594,4,Autoformalisation failure
olympiadbench-594,5,Autoformalisation failure
olympiadbench-594,6,Autoformalisation failure
olympiadbench-594,7,Autoformalisation failure
olympiadbench-594,8,Autoformalisation failure
olympiadbench-594,9,Autoformalisation failure
olympiadbench-594,10,Autoformalisation failure
olympiadbench-594,11,Autoformalisation failure
olympiadbench-594,12,Autoformalisation failure
olympiadbench-594,13,Autoformalisation failure
olympiadbench-594,14,Autoformalisation failure
olympiadbench-594,15,Autoformalisation failure
olympiadbench-594,16,Autoformalisation failure
olympiadbench-595,0,Autoformalisation failure
olympiadbench-595,1,Autoformalisation failure
olympiadbench-595,2,Autoformalisation failure
olympiadbench-595,3,Autoformalisation failure
olympiadbench-595,4,Autoformalisation failure
olympiadbench-595,5,Autoformalisation failure
olympiadbench-595,6,Autoformalisation failure
olympiadbench-595,7,Autoformalisation failure
olympiadbench-595,8,Autoformalisation failure
olympiadbench-595,9,Autoformalisation failure
olympiadbench-595,10,Autoformalisation failure
olympiadbench-595,11,Autoformalisation failure
olympiadbench-595,12,Autoformalisation failure
olympiadbench-595,13,Autoformalisation failure
olympiadbench-596,0,Autoformalisation failure
olympiadbench-596,1,Autoformalisation failure
olympiadbench-596,2,Autoformalisation failure
olympiadbench-596,3,Autoformalisation failure
olympiadbench-596,4,Autoformalisation failure
olympiadbench-596,5,Autoformalisation failure
olympiadbench-596,6,Autoformalisation failure
olympiadbench-596,7,Autoformalisation failure
olympiadbench-596,8,Autoformalisation failure
olympiadbench-596,9,Autoformalisation failure
olympiadbench-596,10,Autoformalisation failure
olympiadbench-596,11,Autoformalisation failure
olympiadbench-596,12,Autoformalisation failure
olympiadbench-596,13,Autoformalisation failure
olympiadbench-596,14,True
olympiadbench-596,15,Autoformalisation failure
olympiadbench-597,0,Autoformalisation failure
olympiadbench-597,1,Autoformalisation failure
olympiadbench-597,2,Autoformalisation failure
olympiadbench-597,3,Autoformalisation failure
olympiadbench-598,0,Autoformalisation failure
olympiadbench-598,1,Autoformalisation failure
olympiadbench-598,2,Autoformalisation failure
olympiadbench-598,3,True
olympiadbench-598,4,Autoformalisation failure
olympiadbench-598,5,Autoformalisation failure
olympiadbench-599,0,Prover failure
olympiadbench-599,1,True
olympiadbench-599,2,True
olympiadbench-599,3,True
olympiadbench-599,4,Autoformalisation failure
olympiadbench-600,0,True
olympiadbench-600,1,Autoformalisation failure
olympiadbench-600,2,Autoformalisation failure
olympiadbench-600,3,Autoformalisation failure
olympiadbench-600,4,Autoformalisation failure
olympiadbench-600,5,Autoformalisation failure
olympiadbench-600,6,Autoformalisation failure
olympiadbench-600,7,Autoformalisation failure
olympiadbench-601,0,Autoformalisation failure
olympiadbench-601,1,Autoformalisation failure
olympiadbench-601,2,Autoformalisation failure
olympiadbench-601,3,Autoformalisation failure
olympiadbench-601,4,Autoformalisation failure
olympiadbench-601,5,Autoformalisation failure
olympiadbench-601,6,Autoformalisation failure
olympiadbench-601,7,Autoformalisation failure
olympiadbench-601,8,Autoformalisation failure
olympiadbench-601,9,Autoformalisation failure
olympiadbench-601,10,Autoformalisation failure
olympiadbench-602,0,Autoformalisation failure
olympiadbench-602,1,Autoformalisation failure
olympiadbench-602,2,Autoformalisation failure
olympiadbench-602,3,Autoformalisation failure
olympiadbench-602,4,Autoformalisation failure
olympiadbench-602,5,Autoformalisation failure
olympiadbench-602,6,Autoformalisation failure
olympiadbench-602,7,Autoformalisation failure
olympiadbench-602,8,Autoformalisation failure
olympiadbench-603,0,Autoformalisation failure
olympiadbench-603,1,Autoformalisation failure
olympiadbench-603,2,True
olympiadbench-603,3,Autoformalisation failure
olympiadbench-603,4,Autoformalisation failure
olympiadbench-603,5,Autoformalisation failure
olympiadbench-603,6,Autoformalisation failure
olympiadbench-603,7,Autoformalisation failure
olympiadbench-603,8,Autoformalisation failure
olympiadbench-603,9,Autoformalisation failure
olympiadbench-604,0,Autoformalisation failure
olympiadbench-604,1,Autoformalisation failure
olympiadbench-604,2,True
olympiadbench-604,3,True
olympiadbench-604,4,Prover failure
olympiadbench-604,5,True
olympiadbench-604,6,Autoformalisation failure
olympiadbench-604,7,True
olympiadbench-604,8,Autoformalisation failure
olympiadbench-604,9,False
olympiadbench-604,10,Autoformalisation failure
olympiadbench-605,0,Autoformalisation failure
olympiadbench-605,1,True
olympiadbench-605,2,True
olympiadbench-605,3,True
olympiadbench-605,4,True
olympiadbench-605,5,True
olympiadbench-605,6,True
olympiadbench-606,0,Autoformalisation failure
olympiadbench-606,1,True
olympiadbench-606,2,True
olympiadbench-606,3,True
olympiadbench-606,4,Prover failure
olympiadbench-606,5,Autoformalisation failure
olympiadbench-607,0,False
olympiadbench-607,1,True
olympiadbench-607,2,True
olympiadbench-607,3,True
olympiadbench-607,4,True
olympiadbench-607,5,True
olympiadbench-607,6,Autoformalisation failure
olympiadbench-607,7,True
olympiadbench-607,8,True
olympiadbench-607,9,True
olympiadbench-607,10,True
olympiadbench-608,0,Autoformalisation failure
olympiadbench-608,1,Autoformalisation failure
olympiadbench-608,2,Autoformalisation failure
olympiadbench-608,3,Autoformalisation failure
olympiadbench-608,4,Autoformalisation failure
olympiadbench-608,5,True
olympiadbench-608,6,True
olympiadbench-608,7,True
olympiadbench-609,0,Autoformalisation failure
olympiadbench-609,1,Autoformalisation failure
olympiadbench-609,2,Autoformalisation failure
olympiadbench-609,3,Autoformalisation failure
olympiadbench-609,4,Autoformalisation failure
olympiadbench-609,5,Autoformalisation failure
olympiadbench-609,6,Autoformalisation failure
olympiadbench-609,7,Autoformalisation failure
olympiadbench-610,0,Autoformalisation failure
olympiadbench-610,1,True
olympiadbench-610,2,True
olympiadbench-610,3,True
olympiadbench-611,0,True
olympiadbench-611,1,True
olympiadbench-611,2,Prover failure
olympiadbench-611,3,True
olympiadbench-611,4,True
olympiadbench-611,5,True
olympiadbench-611,6,True
olympiadbench-611,7,True
olympiadbench-611,8,True
olympiadbench-611,9,True
olympiadbench-612,0,Autoformalisation failure
olympiadbench-612,1,Autoformalisation failure
olympiadbench-612,2,Autoformalisation failure
olympiadbench-612,3,Autoformalisation failure
olympiadbench-612,4,True
olympiadbench-612,5,Autoformalisation failure
olympiadbench-612,6,Autoformalisation failure
olympiadbench-612,7,Autoformalisation failure
olympiadbench-612,8,False
olympiadbench-612,9,Autoformalisation failure
olympiadbench-613,0,True
olympiadbench-613,1,True
olympiadbench-613,2,True
olympiadbench-613,3,True
olympiadbench-613,4,Autoformalisation failure
olympiadbench-613,5,Autoformalisation failure
olympiadbench-614,0,Autoformalisation failure
olympiadbench-614,1,Autoformalisation failure
olympiadbench-614,2,False
olympiadbench-614,3,True
olympiadbench-615,0,Autoformalisation failure
olympiadbench-615,1,Autoformalisation failure
olympiadbench-615,2,Autoformalisation failure
olympiadbench-615,3,Autoformalisation failure
olympiadbench-615,4,Autoformalisation failure
olympiadbench-615,5,Autoformalisation failure
olympiadbench-615,6,Autoformalisation failure
olympiadbench-615,7,Autoformalisation failure
olympiadbench-615,8,Autoformalisation failure
olympiadbench-615,9,Autoformalisation failure
olympiadbench-615,10,Autoformalisation failure
olympiadbench-615,11,Autoformalisation failure
olympiadbench-615,12,Autoformalisation failure
olympiadbench-615,13,Autoformalisation failure
olympiadbench-615,14,True
olympiadbench-615,15,True
olympiadbench-615,16,True
olympiadbench-615,17,True
olympiadbench-615,18,Prover failure
olympiadbench-616,0,True
olympiadbench-616,1,True
olympiadbench-616,2,True
olympiadbench-616,3,True
olympiadbench-616,4,True
olympiadbench-617,0,Autoformalisation failure
olympiadbench-617,1,Autoformalisation failure
olympiadbench-617,2,True
olympiadbench-617,3,Autoformalisation failure
olympiadbench-617,4,Prover failure
olympiadbench-617,5,Autoformalisation failure
olympiadbench-617,6,Autoformalisation failure
olympiadbench-617,7,Prover failure
olympiadbench-618,0,Autoformalisation failure
olympiadbench-618,1,Autoformalisation failure
olympiadbench-618,2,True
olympiadbench-618,3,True
olympiadbench-618,4,True
olympiadbench-618,5,True
olympiadbench-618,6,True
olympiadbench-618,7,True
olympiadbench-619,0,Autoformalisation failure
olympiadbench-619,1,Autoformalisation failure
olympiadbench-619,2,Autoformalisation failure
olympiadbench-619,3,Autoformalisation failure
olympiadbench-619,4,Autoformalisation failure
olympiadbench-619,5,Autoformalisation failure
olympiadbench-619,6,Autoformalisation failure
olympiadbench-619,7,Autoformalisation failure
olympiadbench-619,8,Autoformalisation failure
olympiadbench-619,9,Autoformalisation failure
olympiadbench-619,10,Autoformalisation failure
olympiadbench-619,11,Autoformalisation failure
olympiadbench-619,12,Autoformalisation failure
olympiadbench-619,13,Autoformalisation failure
olympiadbench-619,14,Autoformalisation failure
olympiadbench-619,15,Autoformalisation failure
olympiadbench-619,16,Autoformalisation failure
olympiadbench-619,17,Autoformalisation failure
olympiadbench-619,18,Autoformalisation failure
olympiadbench-619,19,Autoformalisation failure
olympiadbench-620,0,Autoformalisation failure
olympiadbench-620,1,Autoformalisation failure
olympiadbench-620,2,Autoformalisation failure
olympiadbench-620,3,Autoformalisation failure
olympiadbench-620,4,Autoformalisation failure
olympiadbench-620,5,Autoformalisation failure
olympiadbench-620,6,Autoformalisation failure
olympiadbench-620,7,Autoformalisation failure
olympiadbench-621,0,Autoformalisation failure
olympiadbench-621,1,Autoformalisation failure
olympiadbench-621,2,Autoformalisation failure
olympiadbench-621,3,Autoformalisation failure
olympiadbench-621,4,Autoformalisation failure
olympiadbench-621,5,Autoformalisation failure
olympiadbench-621,6,Autoformalisation failure
olympiadbench-621,7,Autoformalisation failure
olympiadbench-622,0,Autoformalisation failure
olympiadbench-622,1,Autoformalisation failure
olympiadbench-622,2,True
olympiadbench-622,3,Autoformalisation failure
olympiadbench-622,4,Autoformalisation failure
olympiadbench-622,5,Autoformalisation failure
olympiadbench-622,6,Autoformalisation failure
olympiadbench-622,7,Autoformalisation failure
olympiadbench-622,8,Autoformalisation failure
olympiadbench-623,0,Autoformalisation failure
olympiadbench-623,1,Autoformalisation failure
olympiadbench-623,2,Autoformalisation failure
olympiadbench-623,3,Autoformalisation failure
olympiadbench-623,4,Autoformalisation failure
olympiadbench-623,5,Autoformalisation failure
olympiadbench-623,6,Autoformalisation failure
olympiadbench-624,0,Autoformalisation failure
olympiadbench-624,1,Autoformalisation failure
olympiadbench-624,2,Autoformalisation failure
olympiadbench-624,3,Autoformalisation failure
olympiadbench-624,4,Autoformalisation failure
olympiadbench-624,5,Autoformalisation failure
olympiadbench-624,6,Autoformalisation failure
olympiadbench-624,7,Autoformalisation failure
olympiadbench-625,0,Prover failure
olympiadbench-625,1,True
olympiadbench-625,2,True
olympiadbench-625,3,True
olympiadbench-625,4,Prover failure
olympiadbench-626,0,Autoformalisation failure
olympiadbench-626,1,Autoformalisation failure
olympiadbench-626,2,False
olympiadbench-626,3,Autoformalisation failure
olympiadbench-626,4,True
olympiadbench-626,5,Autoformalisation failure
olympiadbench-626,6,True
olympiadbench-626,7,True
olympiadbench-626,8,Autoformalisation failure
olympiadbench-627,0,True
olympiadbench-627,1,Autoformalisation failure
olympiadbench-627,2,True
olympiadbench-627,3,True
olympiadbench-627,4,True
olympiadbench-627,5,True
olympiadbench-628,0,Autoformalisation failure
olympiadbench-628,1,True
olympiadbench-628,2,Autoformalisation failure
olympiadbench-628,3,Autoformalisation failure
olympiadbench-628,4,Autoformalisation failure
olympiadbench-628,5,Autoformalisation failure
olympiadbench-628,6,Autoformalisation failure
olympiadbench-628,7,True
olympiadbench-628,8,Autoformalisation failure
olympiadbench-628,9,Autoformalisation failure
olympiadbench-629,0,Autoformalisation failure
olympiadbench-629,1,Autoformalisation failure
olympiadbench-629,2,Autoformalisation failure
olympiadbench-629,3,True
olympiadbench-629,4,True
olympiadbench-629,5,True
olympiadbench-629,6,True
olympiadbench-629,7,Autoformalisation failure
olympiadbench-629,8,True
olympiadbench-629,9,True
olympiadbench-629,10,True
olympiadbench-629,11,True
olympiadbench-629,12,True
olympiadbench-629,13,Autoformalisation failure
olympiadbench-630,0,Autoformalisation failure
olympiadbench-630,1,Autoformalisation failure
olympiadbench-630,2,Autoformalisation failure
olympiadbench-630,3,True
olympiadbench-630,4,Prover failure
olympiadbench-630,5,Autoformalisation failure
olympiadbench-630,6,Autoformalisation failure
olympiadbench-630,7,Autoformalisation failure
olympiadbench-630,8,True
olympiadbench-630,9,True
olympiadbench-630,10,True
olympiadbench-630,11,True
olympiadbench-630,12,True
olympiadbench-630,13,Autoformalisation failure
olympiadbench-630,14,True
olympiadbench-630,15,True
olympiadbench-630,16,True
olympiadbench-630,17,True
olympiadbench-630,18,Autoformalisation failure
olympiadbench-631,0,Autoformalisation failure
olympiadbench-631,1,Autoformalisation failure
olympiadbench-631,2,Autoformalisation failure
olympiadbench-631,3,Autoformalisation failure
olympiadbench-631,4,Autoformalisation failure
olympiadbench-631,5,Autoformalisation failure
olympiadbench-631,6,Autoformalisation failure
olympiadbench-631,7,Autoformalisation failure
olympiadbench-631,8,True
olympiadbench-631,9,Autoformalisation failure
olympiadbench-632,0,True
olympiadbench-632,1,False
olympiadbench-632,2,Autoformalisation failure
olympiadbench-632,3,True
olympiadbench-632,4,True
olympiadbench-632,5,True
olympiadbench-633,0,Autoformalisation failure
olympiadbench-633,1,Autoformalisation failure
olympiadbench-633,2,Autoformalisation failure
olympiadbench-633,3,True
olympiadbench-633,4,Autoformalisation failure
olympiadbench-633,5,True
olympiadbench-633,6,Autoformalisation failure
olympiadbench-633,7,True
olympiadbench-633,8,True
olympiadbench-634,0,Autoformalisation failure
olympiadbench-634,1,Autoformalisation failure
olympiadbench-634,2,True
olympiadbench-634,3,False
olympiadbench-634,4,Autoformalisation failure
olympiadbench-634,5,True
olympiadbench-634,6,Autoformalisation failure
olympiadbench-635,0,Autoformalisation failure
olympiadbench-635,1,Autoformalisation failure
olympiadbench-635,2,Autoformalisation failure
olympiadbench-635,3,Autoformalisation failure
olympiadbench-635,4,Autoformalisation failure
olympiadbench-635,5,Autoformalisation failure
olympiadbench-636,0,Autoformalisation failure
olympiadbench-636,1,Autoformalisation failure
olympiadbench-636,2,True
olympiadbench-636,3,Autoformalisation failure
olympiadbench-636,4,Autoformalisation failure
olympiadbench-636,5,True
olympiadbench-636,6,Autoformalisation failure
olympiadbench-637,0,True
olympiadbench-637,1,True
olympiadbench-637,2,True
olympiadbench-637,3,True
olympiadbench-637,4,True
olympiadbench-637,5,True
olympiadbench-637,6,True
olympiadbench-637,7,True
olympiadbench-638,0,True
olympiadbench-638,1,Autoformalisation failure
olympiadbench-638,2,True
olympiadbench-638,3,Autoformalisation failure
olympiadbench-638,4,Autoformalisation failure
olympiadbench-638,5,Autoformalisation failure
olympiadbench-638,6,Autoformalisation failure
olympiadbench-638,7,Autoformalisation failure
olympiadbench-638,8,Autoformalisation failure
olympiadbench-639,0,Autoformalisation failure
olympiadbench-639,1,Autoformalisation failure
olympiadbench-639,2,True
olympiadbench-639,3,False
olympiadbench-639,4,Autoformalisation failure
olympiadbench-639,5,True
olympiadbench-639,6,True
olympiadbench-639,7,True
olympiadbench-640,0,Autoformalisation failure
olympiadbench-640,1,True
olympiadbench-640,2,True
olympiadbench-640,3,Autoformalisation failure
olympiadbench-641,0,True
olympiadbench-641,1,True
olympiadbench-641,2,True
olympiadbench-641,3,True
olympiadbench-641,4,True
olympiadbench-641,5,True
olympiadbench-641,6,True
olympiadbench-641,7,True
olympiadbench-642,0,Autoformalisation failure
olympiadbench-642,1,Autoformalisation failure
olympiadbench-642,2,Autoformalisation failure
olympiadbench-642,3,Prover failure
olympiadbench-642,4,Autoformalisation failure
olympiadbench-643,0,True
olympiadbench-643,1,Autoformalisation failure
olympiadbench-643,2,True
olympiadbench-643,3,Autoformalisation failure
olympiadbench-643,4,True
olympiadbench-643,5,Autoformalisation failure
olympiadbench-643,6,True
olympiadbench-643,7,False
olympiadbench-643,8,Autoformalisation failure
olympiadbench-643,9,Autoformalisation failure
olympiadbench-644,0,Autoformalisation failure
olympiadbench-644,1,Autoformalisation failure
olympiadbench-644,2,True
olympiadbench-644,3,True
olympiadbench-644,4,True
olympiadbench-644,5,True
olympiadbench-644,6,True
olympiadbench-645,0,Autoformalisation failure
olympiadbench-645,1,Autoformalisation failure
olympiadbench-645,2,True
olympiadbench-645,3,Autoformalisation failure
olympiadbench-645,4,True
olympiadbench-645,5,True
olympiadbench-645,6,True
olympiadbench-645,7,Autoformalisation failure
olympiadbench-645,8,Autoformalisation failure
olympiadbench-645,9,Autoformalisation failure
olympiadbench-645,10,Autoformalisation failure
olympiadbench-645,11,Autoformalisation failure
olympiadbench-645,12,Autoformalisation failure
olympiadbench-646,0,Autoformalisation failure
olympiadbench-646,1,Autoformalisation failure
olympiadbench-646,2,Autoformalisation failure
olympiadbench-646,3,Autoformalisation failure
olympiadbench-646,4,Autoformalisation failure
olympiadbench-646,5,Autoformalisation failure
olympiadbench-646,6,Autoformalisation failure
olympiadbench-646,7,Autoformalisation failure
olympiadbench-647,0,Prover failure
olympiadbench-647,1,Autoformalisation failure
olympiadbench-647,2,Autoformalisation failure
olympiadbench-647,3,Autoformalisation failure
olympiadbench-647,4,False
olympiadbench-647,5,Autoformalisation failure
olympiadbench-648,0,Autoformalisation failure
olympiadbench-648,1,Autoformalisation failure
olympiadbench-648,2,Autoformalisation failure
olympiadbench-649,0,True
olympiadbench-649,1,True
olympiadbench-649,2,True
olympiadbench-649,3,True
olympiadbench-649,4,True
olympiadbench-649,5,True
olympiadbench-649,6,Autoformalisation failure
olympiadbench-649,7,Autoformalisation failure
olympiadbench-650,0,Autoformalisation failure
olympiadbench-650,1,Autoformalisation failure
olympiadbench-650,2,Autoformalisation failure
olympiadbench-650,3,Autoformalisation failure
olympiadbench-650,4,Autoformalisation failure
olympiadbench-650,5,Autoformalisation failure
olympiadbench-650,6,Autoformalisation failure
olympiadbench-650,7,Autoformalisation failure
olympiadbench-650,8,Autoformalisation failure
olympiadbench-650,9,Autoformalisation failure
olympiadbench-651,0,Autoformalisation failure
olympiadbench-651,1,Autoformalisation failure
olympiadbench-651,2,Autoformalisation failure
olympiadbench-651,3,Autoformalisation failure
olympiadbench-651,4,Autoformalisation failure
olympiadbench-651,5,Autoformalisation failure
olympiadbench-652,0,Prover failure
olympiadbench-652,1,False
olympiadbench-652,2,Autoformalisation failure
olympiadbench-652,3,Autoformalisation failure
olympiadbench-652,4,True
olympiadbench-652,5,Prover failure
olympiadbench-653,0,Autoformalisation failure
olympiadbench-653,1,Autoformalisation failure
olympiadbench-653,2,Autoformalisation failure
olympiadbench-653,3,Autoformalisation failure
olympiadbench-653,4,Autoformalisation failure
olympiadbench-653,5,Autoformalisation failure
olympiadbench-653,6,Autoformalisation failure
olympiadbench-653,7,Autoformalisation failure
olympiadbench-653,8,Autoformalisation failure
olympiadbench-653,9,Autoformalisation failure
olympiadbench-653,10,True
olympiadbench-653,11,Autoformalisation failure
olympiadbench-653,12,Autoformalisation failure
olympiadbench-653,13,Autoformalisation failure
olympiadbench-653,14,Autoformalisation failure
olympiadbench-653,15,Autoformalisation failure
olympiadbench-653,16,Autoformalisation failure
olympiadbench-653,17,Autoformalisation failure
olympiadbench-653,18,Autoformalisation failure
olympiadbench-653,19,Autoformalisation failure
olympiadbench-653,20,Autoformalisation failure
olympiadbench-654,0,Autoformalisation failure
olympiadbench-654,1,Autoformalisation failure
olympiadbench-654,2,Autoformalisation failure
olympiadbench-654,3,Autoformalisation failure
olympiadbench-655,0,Autoformalisation failure
olympiadbench-655,1,Autoformalisation failure
olympiadbench-655,2,Autoformalisation failure
olympiadbench-655,3,Autoformalisation failure
olympiadbench-655,4,Autoformalisation failure
olympiadbench-655,5,Autoformalisation failure
olympiadbench-655,6,Autoformalisation failure
olympiadbench-655,7,Autoformalisation failure
olympiadbench-655,8,Autoformalisation failure
olympiadbench-655,9,Autoformalisation failure
olympiadbench-655,10,Autoformalisation failure
olympiadbench-656,0,Prover failure
olympiadbench-656,1,Prover failure
olympiadbench-656,2,Prover failure
olympiadbench-656,3,True
olympiadbench-656,4,True
olympiadbench-656,5,True
olympiadbench-656,6,Prover failure
olympiadbench-657,0,Autoformalisation failure
olympiadbench-657,1,Autoformalisation failure
olympiadbench-657,2,Autoformalisation failure
olympiadbench-657,3,False
olympiadbench-657,4,Autoformalisation failure
olympiadbench-658,0,Autoformalisation failure
olympiadbench-658,1,Autoformalisation failure
olympiadbench-658,2,Autoformalisation failure
olympiadbench-658,3,Autoformalisation failure
olympiadbench-658,4,Autoformalisation failure
olympiadbench-658,5,Autoformalisation failure
olympiadbench-658,6,Autoformalisation failure
olympiadbench-659,0,Autoformalisation failure
olympiadbench-659,1,False
olympiadbench-659,2,True
olympiadbench-659,3,Autoformalisation failure
olympiadbench-659,4,Autoformalisation failure
olympiadbench-659,5,Autoformalisation failure
olympiadbench-659,6,True
olympiadbench-659,7,True
olympiadbench-659,8,True
olympiadbench-659,9,Autoformalisation failure
olympiadbench-660,0,Autoformalisation failure
olympiadbench-660,1,Autoformalisation failure
olympiadbench-660,2,Autoformalisation failure
olympiadbench-660,3,True
olympiadbench-660,4,Autoformalisation failure
olympiadbench-660,5,Autoformalisation failure
olympiadbench-660,6,Autoformalisation failure
olympiadbench-660,7,Autoformalisation failure
olympiadbench-660,8,Autoformalisation failure
olympiadbench-660,9,Autoformalisation failure
olympiadbench-660,10,Autoformalisation failure
olympiadbench-660,11,Autoformalisation failure
olympiadbench-660,12,Autoformalisation failure
olympiadbench-660,13,Autoformalisation failure
olympiadbench-661,0,Autoformalisation failure
olympiadbench-661,1,Autoformalisation failure
olympiadbench-661,2,Autoformalisation failure
olympiadbench-661,3,Autoformalisation failure
olympiadbench-661,4,Autoformalisation failure
olympiadbench-661,5,Autoformalisation failure
olympiadbench-661,6,Autoformalisation failure
olympiadbench-661,7,Autoformalisation failure
olympiadbench-662,0,True
olympiadbench-662,1,Prover failure
olympiadbench-662,2,Prover failure
olympiadbench-662,3,True
olympiadbench-662,4,True
olympiadbench-662,5,True
olympiadbench-662,6,True
olympiadbench-662,7,True
olympiadbench-663,0,Autoformalisation failure
olympiadbench-663,1,Autoformalisation failure
olympiadbench-663,2,Autoformalisation failure
olympiadbench-663,3,True
olympiadbench-663,4,Autoformalisation failure
olympiadbench-663,5,Autoformalisation failure
olympiadbench-664,0,Autoformalisation failure
olympiadbench-664,1,Autoformalisation failure
olympiadbench-664,2,Autoformalisation failure
olympiadbench-664,3,Autoformalisation failure
olympiadbench-664,4,Autoformalisation failure
olympiadbench-665,0,Autoformalisation failure
olympiadbench-665,1,Prover failure
olympiadbench-665,2,Autoformalisation failure
olympiadbench-665,3,Autoformalisation failure
olympiadbench-665,4,Autoformalisation failure
olympiadbench-665,5,Autoformalisation failure
olympiadbench-665,6,True
olympiadbench-665,7,Autoformalisation failure
olympiadbench-665,8,Autoformalisation failure
olympiadbench-666,0,Autoformalisation failure
olympiadbench-666,1,Autoformalisation failure
olympiadbench-666,2,Autoformalisation failure
olympiadbench-666,3,Autoformalisation failure
olympiadbench-666,4,Autoformalisation failure
olympiadbench-666,5,Autoformalisation failure
olympiadbench-666,6,Autoformalisation failure
olympiadbench-666,7,Autoformalisation failure
olympiadbench-666,8,Autoformalisation failure
olympiadbench-666,9,Autoformalisation failure
olympiadbench-666,10,Autoformalisation failure
olympiadbench-666,11,Autoformalisation failure
olympiadbench-666,12,True
olympiadbench-666,13,False
olympiadbench-666,14,True
olympiadbench-666,15,True
olympiadbench-666,16,True
olympiadbench-666,17,True
olympiadbench-666,18,Autoformalisation failure
olympiadbench-666,19,Autoformalisation failure
olympiadbench-666,20,Autoformalisation failure
olympiadbench-667,0,Autoformalisation failure
olympiadbench-667,1,Prover failure
olympiadbench-667,2,True
olympiadbench-667,3,Autoformalisation failure
olympiadbench-667,4,Prover failure
olympiadbench-668,0,Autoformalisation failure
olympiadbench-668,1,Autoformalisation failure
olympiadbench-668,2,Autoformalisation failure
olympiadbench-668,3,Autoformalisation failure
olympiadbench-668,4,Prover failure
olympiadbench-668,5,Autoformalisation failure
olympiadbench-668,6,True
olympiadbench-668,7,True
olympiadbench-669,0,Autoformalisation failure
olympiadbench-669,1,Autoformalisation failure
olympiadbench-669,2,Autoformalisation failure
olympiadbench-669,3,Autoformalisation failure
olympiadbench-669,4,Autoformalisation failure
olympiadbench-669,5,Autoformalisation failure
olympiadbench-669,6,True
olympiadbench-669,7,True
olympiadbench-669,8,Autoformalisation failure
olympiadbench-670,0,Autoformalisation failure
olympiadbench-670,1,True
olympiadbench-670,2,True
olympiadbench-670,3,Autoformalisation failure
olympiadbench-670,4,Autoformalisation failure
olympiadbench-670,5,True
olympiadbench-671,0,Autoformalisation failure
olympiadbench-671,1,Autoformalisation failure
olympiadbench-671,2,Autoformalisation failure
olympiadbench-671,3,Autoformalisation failure
olympiadbench-671,4,True
olympiadbench-671,5,True
olympiadbench-671,6,True
olympiadbench-672,0,Autoformalisation failure
olympiadbench-672,1,Autoformalisation failure
olympiadbench-673,0,Autoformalisation failure
olympiadbench-673,1,Autoformalisation failure
olympiadbench-673,2,Autoformalisation failure
olympiadbench-673,3,True
olympiadbench-673,4,True
olympiadbench-673,5,True
olympiadbench-673,6,True
olympiadbench-673,7,True
olympiadbench-673,8,True
olympiadbench-673,9,True
olympiadbench-673,10,True
olympiadbench-674,0,Autoformalisation failure
olympiadbench-674,1,True
olympiadbench-674,2,Autoformalisation failure
olympiadbench-674,3,Autoformalisation failure
olympiadbench-674,4,True
olympiadbench-674,5,Prover failure
olympiadbench-674,6,Autoformalisation failure
olympiadbench-674,7,True
olympiadbench-674,8,Autoformalisation failure
olympiadbench-674,9,False
olympiadbench-674,10,True
olympiadbench-675,0,True
olympiadbench-675,1,True
olympiadbench-675,2,True
olympiadbench-675,3,True
olympiadbench-675,4,True
olympiadbench-675,5,Autoformalisation failure
olympiadbench-675,6,True
olympiadbench-676,0,Autoformalisation failure
olympiadbench-676,1,Autoformalisation failure
olympiadbench-676,2,Autoformalisation failure
olympiadbench-676,3,Autoformalisation failure
olympiadbench-676,4,Autoformalisation failure
olympiadbench-676,5,Autoformalisation failure
olympiadbench-676,6,Autoformalisation failure
olympiadbench-676,7,Autoformalisation failure
olympiadbench-677,0,Autoformalisation failure
olympiadbench-677,1,Autoformalisation failure
olympiadbench-677,2,Autoformalisation failure
olympiadbench-677,3,Autoformalisation failure
olympiadbench-677,4,Autoformalisation failure
olympiadbench-678,0,Autoformalisation failure
olympiadbench-678,1,Autoformalisation failure
olympiadbench-678,2,Autoformalisation failure
olympiadbench-678,3,Autoformalisation failure
olympiadbench-678,4,Autoformalisation failure
olympiadbench-678,5,Autoformalisation failure
olympiadbench-678,6,Autoformalisation failure
olympiadbench-678,7,Autoformalisation failure
olympiadbench-678,8,Autoformalisation failure
olympiadbench-679,0,Autoformalisation failure
olympiadbench-679,1,Autoformalisation failure
olympiadbench-679,2,Autoformalisation failure
olympiadbench-679,3,Autoformalisation failure
olympiadbench-679,4,Prover failure
olympiadbench-679,5,Autoformalisation failure
olympiadbench-679,6,Autoformalisation failure
olympiadbench-679,7,Autoformalisation failure
olympiadbench-679,8,Autoformalisation failure
olympiadbench-679,9,Autoformalisation failure
olympiadbench-679,10,Autoformalisation failure
olympiadbench-679,11,Autoformalisation failure
olympiadbench-680,0,Autoformalisation failure
olympiadbench-680,1,Autoformalisation failure
olympiadbench-680,2,True
olympiadbench-680,3,True
olympiadbench-680,4,Autoformalisation failure
olympiadbench-680,5,Autoformalisation failure
olympiadbench-680,6,Autoformalisation failure
olympiadbench-680,7,Autoformalisation failure
olympiadbench-680,8,True
olympiadbench-681,0,True
olympiadbench-681,1,Autoformalisation failure
olympiadbench-681,2,Autoformalisation failure
olympiadbench-681,3,Autoformalisation failure
olympiadbench-681,4,Autoformalisation failure
olympiadbench-681,5,Autoformalisation failure
olympiadbench-681,6,Autoformalisation failure
olympiadbench-681,7,Autoformalisation failure
olympiadbench-681,8,Autoformalisation failure
olympiadbench-682,0,Autoformalisation failure
olympiadbench-682,1,Autoformalisation failure
olympiadbench-682,2,True
olympiadbench-682,3,True
olympiadbench-682,4,True
olympiadbench-682,5,Autoformalisation failure
olympiadbench-683,0,Autoformalisation failure
olympiadbench-683,1,Autoformalisation failure
olympiadbench-683,2,Autoformalisation failure
olympiadbench-683,3,Autoformalisation failure
olympiadbench-683,4,Autoformalisation failure
olympiadbench-683,5,Autoformalisation failure
olympiadbench-683,6,Autoformalisation failure
olympiadbench-683,7,Autoformalisation failure
olympiadbench-683,8,Autoformalisation failure
olympiadbench-683,9,Autoformalisation failure
olympiadbench-683,10,Autoformalisation failure
olympiadbench-683,11,Autoformalisation failure
olympiadbench-684,0,False
olympiadbench-684,1,True
olympiadbench-684,2,True
olympiadbench-684,3,True
olympiadbench-684,4,True
olympiadbench-685,0,Autoformalisation failure
olympiadbench-685,1,Autoformalisation failure
olympiadbench-685,2,Autoformalisation failure
olympiadbench-685,3,Autoformalisation failure
olympiadbench-685,4,Autoformalisation failure
olympiadbench-685,5,True
olympiadbench-685,6,Autoformalisation failure
olympiadbench-685,7,True
olympiadbench-685,8,Autoformalisation failure
olympiadbench-685,9,Autoformalisation failure
olympiadbench-686,0,Autoformalisation failure
olympiadbench-686,1,Autoformalisation failure
olympiadbench-686,2,Autoformalisation failure
olympiadbench-686,3,Autoformalisation failure
olympiadbench-686,4,Autoformalisation failure
olympiadbench-686,5,Autoformalisation failure
olympiadbench-686,6,Autoformalisation failure
olympiadbench-686,7,True
olympiadbench-686,8,True
olympiadbench-686,9,True
olympiadbench-686,10,True
olympiadbench-686,11,True
olympiadbench-686,12,True
olympiadbench-686,13,True
olympiadbench-686,14,True
olympiadbench-686,15,Autoformalisation failure
olympiadbench-687,0,Autoformalisation failure
olympiadbench-687,1,Autoformalisation failure
olympiadbench-687,2,Autoformalisation failure
olympiadbench-687,3,Autoformalisation failure
olympiadbench-687,4,Autoformalisation failure
olympiadbench-687,5,Autoformalisation failure
olympiadbench-687,6,Autoformalisation failure
olympiadbench-687,7,Autoformalisation failure
olympiadbench-687,8,Autoformalisation failure
olympiadbench-687,9,Autoformalisation failure
olympiadbench-687,10,Autoformalisation failure
olympiadbench-687,11,Autoformalisation failure
olympiadbench-687,12,Autoformalisation failure
olympiadbench-688,0,Autoformalisation failure
olympiadbench-688,1,Autoformalisation failure
olympiadbench-688,2,Autoformalisation failure
olympiadbench-688,3,Autoformalisation failure
olympiadbench-688,4,Autoformalisation failure
olympiadbench-689,0,Autoformalisation failure
olympiadbench-689,1,Autoformalisation failure
olympiadbench-689,2,Autoformalisation failure
olympiadbench-689,3,Autoformalisation failure
olympiadbench-689,4,Autoformalisation failure
olympiadbench-689,5,Autoformalisation failure
olympiadbench-689,6,Autoformalisation failure
olympiadbench-689,7,True
olympiadbench-689,8,Autoformalisation failure
olympiadbench-690,0,True
olympiadbench-690,1,Autoformalisation failure
olympiadbench-690,2,Autoformalisation failure
olympiadbench-690,3,Autoformalisation failure
olympiadbench-690,4,True
olympiadbench-690,5,Autoformalisation failure
olympiadbench-690,6,True
olympiadbench-690,7,True
olympiadbench-690,8,Prover failure
olympiadbench-690,9,True
olympiadbench-690,10,True
olympiadbench-690,11,True
olympiadbench-691,0,Autoformalisation failure
olympiadbench-691,1,Autoformalisation failure
olympiadbench-691,2,Autoformalisation failure
olympiadbench-691,3,Autoformalisation failure
olympiadbench-691,4,Autoformalisation failure
olympiadbench-691,5,Autoformalisation failure
olympiadbench-691,6,Prover failure
olympiadbench-691,7,Autoformalisation failure
olympiadbench-691,8,True
olympiadbench-692,0,Autoformalisation failure
olympiadbench-692,1,Autoformalisation failure
olympiadbench-692,2,True
olympiadbench-692,3,Autoformalisation failure
olympiadbench-692,4,True
olympiadbench-692,5,True
olympiadbench-692,6,True
olympiadbench-692,7,True
olympiadbench-692,8,True
olympiadbench-693,0,Autoformalisation failure
olympiadbench-693,1,Autoformalisation failure
olympiadbench-693,2,Autoformalisation failure
olympiadbench-693,3,Autoformalisation failure
olympiadbench-693,4,Autoformalisation failure
olympiadbench-693,5,Autoformalisation failure
olympiadbench-693,6,Autoformalisation failure
olympiadbench-693,7,Autoformalisation failure
olympiadbench-693,8,Autoformalisation failure
olympiadbench-693,9,Autoformalisation failure
olympiadbench-693,10,Autoformalisation failure
olympiadbench-693,11,Autoformalisation failure
olympiadbench-693,12,Autoformalisation failure
olympiadbench-693,13,Autoformalisation failure
olympiadbench-693,14,Autoformalisation failure
olympiadbench-693,15,Autoformalisation failure
olympiadbench-693,16,Autoformalisation failure
olympiadbench-693,17,Autoformalisation failure
olympiadbench-693,18,Autoformalisation failure
olympiadbench-693,19,Autoformalisation failure
olympiadbench-694,0,True
olympiadbench-694,1,True
olympiadbench-694,2,True
olympiadbench-694,3,False
olympiadbench-694,4,True
olympiadbench-694,5,True
olympiadbench-694,6,True
olympiadbench-694,7,False
olympiadbench-694,8,True
olympiadbench-694,9,False
olympiadbench-694,10,False
olympiadbench-694,11,True
olympiadbench-695,0,Autoformalisation failure
olympiadbench-695,1,Autoformalisation failure
olympiadbench-695,2,Autoformalisation failure
olympiadbench-695,3,Autoformalisation failure
olympiadbench-695,4,Autoformalisation failure
olympiadbench-695,5,Autoformalisation failure
olympiadbench-696,0,Autoformalisation failure
olympiadbench-696,1,Autoformalisation failure
olympiadbench-696,2,Autoformalisation failure
olympiadbench-696,3,True
olympiadbench-696,4,Autoformalisation failure
olympiadbench-696,5,Autoformalisation failure
olympiadbench-696,6,Autoformalisation failure
olympiadbench-697,0,Autoformalisation failure
olympiadbench-697,1,Autoformalisation failure
olympiadbench-697,2,Autoformalisation failure
olympiadbench-697,3,Autoformalisation failure
olympiadbench-697,4,Autoformalisation failure
olympiadbench-697,5,Autoformalisation failure
olympiadbench-698,0,Autoformalisation failure
olympiadbench-698,1,Autoformalisation failure
olympiadbench-698,2,Autoformalisation failure
olympiadbench-698,3,Autoformalisation failure
olympiadbench-698,4,Autoformalisation failure
olympiadbench-698,5,Autoformalisation failure
olympiadbench-699,0,Autoformalisation failure
olympiadbench-699,1,Autoformalisation failure
olympiadbench-699,2,Autoformalisation failure
olympiadbench-699,3,Autoformalisation failure
olympiadbench-700,0,Autoformalisation failure
olympiadbench-700,1,Autoformalisation failure
olympiadbench-700,2,Autoformalisation failure
olympiadbench-700,3,Autoformalisation failure
olympiadbench-700,4,Autoformalisation failure
olympiadbench-700,5,Autoformalisation failure
olympiadbench-700,6,Autoformalisation failure
olympiadbench-700,7,Autoformalisation failure
olympiadbench-700,8,Autoformalisation failure
olympiadbench-701,0,Autoformalisation failure
olympiadbench-701,1,Autoformalisation failure
olympiadbench-701,2,Autoformalisation failure
olympiadbench-701,3,Autoformalisation failure
olympiadbench-701,4,Autoformalisation failure
olympiadbench-701,5,Autoformalisation failure
olympiadbench-702,0,True
olympiadbench-702,1,Autoformalisation failure
olympiadbench-702,2,True
olympiadbench-702,3,True
olympiadbench-702,4,Autoformalisation failure
olympiadbench-702,5,False
olympiadbench-702,6,True
olympiadbench-702,7,False
olympiadbench-702,8,True
olympiadbench-702,9,True
olympiadbench-702,10,True
olympiadbench-702,11,True
olympiadbench-703,0,Autoformalisation failure
olympiadbench-703,1,True
olympiadbench-703,2,Autoformalisation failure
olympiadbench-703,3,Autoformalisation failure
olympiadbench-703,4,True
olympiadbench-703,5,Autoformalisation failure
olympiadbench-703,6,Autoformalisation failure
olympiadbench-703,7,Autoformalisation failure
olympiadbench-703,8,True
olympiadbench-703,9,True
olympiadbench-703,10,Autoformalisation failure
olympiadbench-703,11,Autoformalisation failure
olympiadbench-703,12,Autoformalisation failure
olympiadbench-703,13,True
olympiadbench-703,14,True
olympiadbench-703,15,True
olympiadbench-703,16,Autoformalisation failure
olympiadbench-703,17,True
olympiadbench-703,18,True
olympiadbench-703,19,True
olympiadbench-703,20,Autoformalisation failure
olympiadbench-703,21,True
olympiadbench-703,22,True
olympiadbench-703,23,Autoformalisation failure
olympiadbench-703,24,Autoformalisation failure
olympiadbench-703,25,Autoformalisation failure
olympiadbench-703,26,Autoformalisation failure
olympiadbench-703,27,Autoformalisation failure
olympiadbench-704,0,Autoformalisation failure
olympiadbench-704,1,Autoformalisation failure
olympiadbench-704,2,Autoformalisation failure
olympiadbench-704,3,Autoformalisation failure
olympiadbench-704,4,Autoformalisation failure
olympiadbench-704,5,True
olympiadbench-704,6,Autoformalisation failure
olympiadbench-704,7,True
olympiadbench-704,8,True
olympiadbench-705,0,Autoformalisation failure
olympiadbench-705,1,True
olympiadbench-705,2,True
olympiadbench-706,0,Autoformalisation failure
olympiadbench-706,1,Autoformalisation failure
olympiadbench-706,2,Autoformalisation failure
olympiadbench-706,3,Autoformalisation failure
olympiadbench-706,4,Autoformalisation failure
olympiadbench-706,5,Autoformalisation failure
olympiadbench-706,6,True
olympiadbench-706,7,Autoformalisation failure
olympiadbench-706,8,True
olympiadbench-706,9,Autoformalisation failure
olympiadbench-707,0,Autoformalisation failure
olympiadbench-707,1,Autoformalisation failure
olympiadbench-707,2,Autoformalisation failure
olympiadbench-707,3,Autoformalisation failure
olympiadbench-707,4,Autoformalisation failure
olympiadbench-708,0,Autoformalisation failure
olympiadbench-708,1,Autoformalisation failure
olympiadbench-708,2,Autoformalisation failure
olympiadbench-708,3,True
olympiadbench-708,4,Prover failure
olympiadbench-708,5,True
olympiadbench-708,6,True
olympiadbench-708,7,Autoformalisation failure
olympiadbench-708,8,Autoformalisation failure
olympiadbench-709,0,Autoformalisation failure
olympiadbench-709,1,Autoformalisation failure
olympiadbench-709,2,Autoformalisation failure
olympiadbench-709,3,Autoformalisation failure
olympiadbench-709,4,Autoformalisation failure
olympiadbench-710,0,Autoformalisation failure
olympiadbench-710,1,Autoformalisation failure
olympiadbench-710,2,Autoformalisation failure
olympiadbench-710,3,Autoformalisation failure
olympiadbench-710,4,Autoformalisation failure
olympiadbench-711,0,Autoformalisation failure
olympiadbench-711,1,False
olympiadbench-711,2,True
olympiadbench-711,3,True
olympiadbench-711,4,True
olympiadbench-711,5,True
olympiadbench-712,0,True
olympiadbench-712,1,Prover failure
olympiadbench-712,2,True
olympiadbench-712,3,True
olympiadbench-713,0,Autoformalisation failure
olympiadbench-713,1,Autoformalisation failure
olympiadbench-713,2,Autoformalisation failure
olympiadbench-713,3,Autoformalisation failure
olympiadbench-713,4,Autoformalisation failure
olympiadbench-713,5,Autoformalisation failure
olympiadbench-713,6,True
olympiadbench-713,7,True
olympiadbench-713,8,Autoformalisation failure
olympiadbench-714,0,True
olympiadbench-714,1,True
olympiadbench-714,2,Autoformalisation failure
olympiadbench-714,3,True
olympiadbench-714,4,Autoformalisation failure
olympiadbench-714,5,True
olympiadbench-714,6,True
olympiadbench-714,7,Autoformalisation failure
olympiadbench-714,8,Autoformalisation failure
olympiadbench-714,9,Autoformalisation failure
olympiadbench-714,10,Autoformalisation failure
olympiadbench-714,11,Autoformalisation failure
olympiadbench-714,12,True
olympiadbench-714,13,True
olympiadbench-714,14,Autoformalisation failure
olympiadbench-715,0,Autoformalisation failure
olympiadbench-715,1,Autoformalisation failure
olympiadbench-715,2,Autoformalisation failure
olympiadbench-715,3,Autoformalisation failure
olympiadbench-715,4,Prover failure
olympiadbench-715,5,True
olympiadbench-715,6,True
olympiadbench-716,0,True
olympiadbench-716,1,Autoformalisation failure
olympiadbench-716,2,Autoformalisation failure
olympiadbench-716,3,True
olympiadbench-716,4,True
olympiadbench-716,5,Autoformalisation failure
olympiadbench-716,6,Autoformalisation failure
olympiadbench-716,7,Autoformalisation failure
olympiadbench-716,8,Autoformalisation failure
olympiadbench-716,9,True
olympiadbench-716,10,Prover failure
olympiadbench-716,11,Autoformalisation failure
olympiadbench-716,12,True
olympiadbench-716,13,Autoformalisation failure
olympiadbench-716,14,Prover failure
olympiadbench-717,0,True
olympiadbench-717,1,Autoformalisation failure
olympiadbench-717,2,Autoformalisation failure
olympiadbench-717,3,Autoformalisation failure
olympiadbench-717,4,True
olympiadbench-717,5,True
olympiadbench-717,6,True
olympiadbench-717,7,True
olympiadbench-718,0,Autoformalisation failure
olympiadbench-718,1,Autoformalisation failure
olympiadbench-718,2,Autoformalisation failure
olympiadbench-718,3,Autoformalisation failure
olympiadbench-718,4,Autoformalisation failure
olympiadbench-718,5,Autoformalisation failure
olympiadbench-718,6,Autoformalisation failure
olympiadbench-718,7,Autoformalisation failure
olympiadbench-718,8,Autoformalisation failure
olympiadbench-719,0,True
olympiadbench-719,1,True
olympiadbench-719,2,True
olympiadbench-719,3,Prover failure
olympiadbench-720,0,Autoformalisation failure
olympiadbench-720,1,Autoformalisation failure
olympiadbench-720,2,True
olympiadbench-720,3,True
olympiadbench-720,4,True
olympiadbench-720,5,Autoformalisation failure
olympiadbench-720,6,True
olympiadbench-720,7,Autoformalisation failure
olympiadbench-720,8,True
olympiadbench-720,9,True
olympiadbench-720,10,True
olympiadbench-720,11,True
olympiadbench-720,12,True
olympiadbench-721,0,Autoformalisation failure
olympiadbench-721,1,Autoformalisation failure
olympiadbench-721,2,Autoformalisation failure
olympiadbench-721,3,Autoformalisation failure
olympiadbench-721,4,Autoformalisation failure
olympiadbench-722,0,Autoformalisation failure
olympiadbench-722,1,Autoformalisation failure
olympiadbench-722,2,Autoformalisation failure
olympiadbench-722,3,Autoformalisation failure
olympiadbench-722,4,Autoformalisation failure
olympiadbench-722,5,Autoformalisation failure
olympiadbench-722,6,Autoformalisation failure
olympiadbench-722,7,Autoformalisation failure
olympiadbench-722,8,Autoformalisation failure
olympiadbench-722,9,Autoformalisation failure
olympiadbench-723,0,Autoformalisation failure
olympiadbench-723,1,Autoformalisation failure
olympiadbench-723,2,Autoformalisation failure
olympiadbench-723,3,Autoformalisation failure
olympiadbench-723,4,Autoformalisation failure
olympiadbench-723,5,True
olympiadbench-723,6,Autoformalisation failure
olympiadbench-723,7,Autoformalisation failure
olympiadbench-724,0,Autoformalisation failure
olympiadbench-724,1,Autoformalisation failure
olympiadbench-725,0,Autoformalisation failure
olympiadbench-725,1,Autoformalisation failure
olympiadbench-725,2,Autoformalisation failure
olympiadbench-725,3,Autoformalisation failure
olympiadbench-725,4,Autoformalisation failure
olympiadbench-725,5,Autoformalisation failure
olympiadbench-725,6,Autoformalisation failure
olympiadbench-725,7,Autoformalisation failure
olympiadbench-726,0,Autoformalisation failure
olympiadbench-726,1,Autoformalisation failure
olympiadbench-726,2,Autoformalisation failure
olympiadbench-726,3,Autoformalisation failure
olympiadbench-726,4,Autoformalisation failure
olympiadbench-726,5,True
olympiadbench-726,6,Autoformalisation failure
olympiadbench-727,0,Prover failure
olympiadbench-727,1,True
olympiadbench-727,2,True
olympiadbench-727,3,Autoformalisation failure
olympiadbench-727,4,True
olympiadbench-727,5,True
olympiadbench-727,6,True
olympiadbench-728,0,Autoformalisation failure
olympiadbench-728,1,Autoformalisation failure
olympiadbench-728,2,Autoformalisation failure
olympiadbench-728,3,Autoformalisation failure
olympiadbench-728,4,Autoformalisation failure
olympiadbench-728,5,Autoformalisation failure
olympiadbench-729,0,True
olympiadbench-729,1,True
olympiadbench-729,2,True
olympiadbench-729,3,True
olympiadbench-729,4,Prover failure
olympiadbench-730,0,Autoformalisation failure
olympiadbench-730,1,Autoformalisation failure
olympiadbench-730,2,Autoformalisation failure
olympiadbench-730,3,Autoformalisation failure
olympiadbench-731,0,True
olympiadbench-731,1,Autoformalisation failure
olympiadbench-731,2,Autoformalisation failure
olympiadbench-731,3,True
olympiadbench-731,4,Autoformalisation failure
olympiadbench-731,5,True
olympiadbench-731,6,True
olympiadbench-732,0,Prover failure
olympiadbench-732,1,True
olympiadbench-732,2,Prover failure
olympiadbench-732,3,Prover failure
olympiadbench-732,4,True
olympiadbench-732,5,True
olympiadbench-732,6,True
olympiadbench-732,7,True
olympiadbench-733,0,Autoformalisation failure
olympiadbench-733,1,Autoformalisation failure
olympiadbench-733,2,Autoformalisation failure
olympiadbench-733,3,Autoformalisation failure
olympiadbench-734,0,True
olympiadbench-734,1,Autoformalisation failure
olympiadbench-734,2,Autoformalisation failure
olympiadbench-734,3,Autoformalisation failure
olympiadbench-734,4,Autoformalisation failure
olympiadbench-734,5,Autoformalisation failure
olympiadbench-734,6,Autoformalisation failure
olympiadbench-734,7,Autoformalisation failure
olympiadbench-734,8,True
olympiadbench-735,0,Autoformalisation failure
olympiadbench-735,1,Autoformalisation failure
olympiadbench-735,2,Autoformalisation failure
olympiadbench-735,3,Autoformalisation failure
olympiadbench-735,4,Autoformalisation failure
olympiadbench-735,5,Autoformalisation failure
olympiadbench-735,6,Autoformalisation failure
olympiadbench-736,0,Autoformalisation failure
olympiadbench-736,1,Autoformalisation failure
olympiadbench-736,2,Autoformalisation failure
olympiadbench-736,3,Autoformalisation failure
olympiadbench-736,4,Autoformalisation failure
olympiadbench-736,5,Autoformalisation failure
olympiadbench-736,6,Autoformalisation failure
olympiadbench-736,7,Autoformalisation failure
olympiadbench-737,0,Autoformalisation failure
olympiadbench-737,1,Autoformalisation failure
olympiadbench-737,2,True
olympiadbench-737,3,Autoformalisation failure
olympiadbench-737,4,True
olympiadbench-737,5,True
olympiadbench-737,6,False
olympiadbench-737,7,Autoformalisation failure
olympiadbench-737,8,Autoformalisation failure
olympiadbench-738,0,True
olympiadbench-738,1,True
olympiadbench-738,2,True
olympiadbench-738,3,True
olympiadbench-738,4,True
olympiadbench-738,5,True
olympiadbench-739,0,Autoformalisation failure
olympiadbench-739,1,Autoformalisation failure
olympiadbench-739,2,Autoformalisation failure
olympiadbench-739,3,Autoformalisation failure
olympiadbench-739,4,Autoformalisation failure
olympiadbench-739,5,Autoformalisation failure
olympiadbench-739,6,Autoformalisation failure
olympiadbench-740,0,Autoformalisation failure
olympiadbench-740,1,Autoformalisation failure
olympiadbench-740,2,Autoformalisation failure
olympiadbench-740,3,Autoformalisation failure
olympiadbench-740,4,Autoformalisation failure
olympiadbench-740,5,Autoformalisation failure
olympiadbench-740,6,True
olympiadbench-740,7,False
olympiadbench-740,8,True
olympiadbench-740,9,True
olympiadbench-740,10,Autoformalisation failure
olympiadbench-741,0,True
olympiadbench-741,1,True
olympiadbench-741,2,Autoformalisation failure
olympiadbench-741,3,True
olympiadbench-741,4,True
olympiadbench-741,5,True
olympiadbench-741,6,True
olympiadbench-741,7,True
olympiadbench-741,8,True
olympiadbench-741,9,True
olympiadbench-741,10,True
olympiadbench-741,11,True
olympiadbench-741,12,True
olympiadbench-741,13,Autoformalisation failure
olympiadbench-741,14,True
olympiadbench-741,15,True
olympiadbench-741,16,True
olympiadbench-741,17,True
olympiadbench-741,18,True
olympiadbench-741,19,Prover failure
olympiadbench-741,20,True
olympiadbench-742,0,Autoformalisation failure
olympiadbench-742,1,Autoformalisation failure
olympiadbench-742,2,Autoformalisation failure
olympiadbench-742,3,Autoformalisation failure
olympiadbench-742,4,Autoformalisation failure
olympiadbench-742,5,Autoformalisation failure
olympiadbench-742,6,True
olympiadbench-742,7,True
olympiadbench-742,8,Autoformalisation failure
olympiadbench-743,0,True
olympiadbench-743,1,True
olympiadbench-743,2,Prover failure
olympiadbench-743,3,Prover failure
olympiadbench-743,4,Prover failure
olympiadbench-743,5,False
olympiadbench-744,0,Autoformalisation failure
olympiadbench-744,1,Autoformalisation failure
olympiadbench-744,2,Autoformalisation failure
olympiadbench-744,3,Autoformalisation failure
olympiadbench-744,4,Autoformalisation failure
olympiadbench-744,5,Autoformalisation failure
olympiadbench-744,6,Autoformalisation failure
olympiadbench-744,7,Autoformalisation failure
olympiadbench-745,0,Autoformalisation failure
olympiadbench-745,1,Autoformalisation failure
olympiadbench-745,2,Autoformalisation failure
olympiadbench-745,3,Autoformalisation failure
olympiadbench-745,4,Autoformalisation failure
olympiadbench-745,5,Autoformalisation failure
olympiadbench-745,6,Autoformalisation failure
olympiadbench-745,7,Autoformalisation failure
olympiadbench-745,8,Autoformalisation failure
olympiadbench-745,9,Autoformalisation failure
olympiadbench-745,10,Autoformalisation failure
olympiadbench-745,11,Autoformalisation failure
olympiadbench-745,12,Autoformalisation failure
olympiadbench-745,13,Autoformalisation failure
olympiadbench-745,14,Autoformalisation failure
olympiadbench-745,15,Autoformalisation failure
olympiadbench-745,16,Autoformalisation failure
olympiadbench-746,0,Prover failure
olympiadbench-746,1,Prover failure
olympiadbench-746,2,True
olympiadbench-746,3,Autoformalisation failure
olympiadbench-746,4,True
olympiadbench-746,5,Autoformalisation failure
olympiadbench-747,0,Autoformalisation failure
olympiadbench-747,1,Autoformalisation failure
olympiadbench-747,2,Autoformalisation failure
olympiadbench-747,3,Autoformalisation failure
olympiadbench-747,4,Autoformalisation failure
olympiadbench-748,0,Autoformalisation failure
olympiadbench-748,1,Autoformalisation failure
olympiadbench-748,2,Autoformalisation failure
olympiadbench-748,3,Autoformalisation failure
olympiadbench-748,4,True
olympiadbench-748,5,Autoformalisation failure
olympiadbench-748,6,Autoformalisation failure
olympiadbench-748,7,Autoformalisation failure
olympiadbench-748,8,Autoformalisation failure
olympiadbench-749,0,Autoformalisation failure
olympiadbench-749,1,Autoformalisation failure
olympiadbench-749,2,Autoformalisation failure
olympiadbench-749,3,Autoformalisation failure
olympiadbench-749,4,Autoformalisation failure
olympiadbench-749,5,Autoformalisation failure
olympiadbench-749,6,Autoformalisation failure
olympiadbench-749,7,Autoformalisation failure
olympiadbench-749,8,Autoformalisation failure
olympiadbench-749,9,Autoformalisation failure
olympiadbench-749,10,Autoformalisation failure
olympiadbench-749,11,Autoformalisation failure
olympiadbench-749,12,Autoformalisation failure
olympiadbench-749,13,Autoformalisation failure
olympiadbench-749,14,Autoformalisation failure
olympiadbench-749,15,Autoformalisation failure
olympiadbench-750,0,True
olympiadbench-750,1,True
olympiadbench-750,2,Autoformalisation failure
olympiadbench-750,3,True
olympiadbench-750,4,True
olympiadbench-750,5,True
olympiadbench-750,6,Autoformalisation failure
olympiadbench-750,7,Autoformalisation failure
olympiadbench-751,0,Autoformalisation failure
olympiadbench-751,1,True
olympiadbench-751,2,Autoformalisation failure
olympiadbench-751,3,Autoformalisation failure
olympiadbench-751,4,Autoformalisation failure
olympiadbench-751,5,Autoformalisation failure
olympiadbench-751,6,Autoformalisation failure
olympiadbench-751,7,Autoformalisation failure
olympiadbench-751,8,True
olympiadbench-751,9,True
olympiadbench-751,10,True
olympiadbench-751,11,True
olympiadbench-751,12,True
olympiadbench-751,13,True
olympiadbench-751,14,True
olympiadbench-751,15,True
olympiadbench-751,16,True
olympiadbench-751,17,Prover failure
olympiadbench-751,18,True
olympiadbench-751,19,Prover failure
olympiadbench-752,0,Autoformalisation failure
olympiadbench-752,1,True
olympiadbench-752,2,Autoformalisation failure
olympiadbench-752,3,True
olympiadbench-752,4,Autoformalisation failure
olympiadbench-752,5,True
olympiadbench-752,6,True
olympiadbench-752,7,True
olympiadbench-752,8,False
olympiadbench-752,9,True
olympiadbench-752,10,True
olympiadbench-752,11,True
olympiadbench-752,12,True
olympiadbench-752,13,False
olympiadbench-752,14,True
olympiadbench-752,15,True
olympiadbench-752,16,True
olympiadbench-752,17,True
olympiadbench-752,18,True
olympiadbench-752,19,True
olympiadbench-752,20,True
olympiadbench-752,21,Autoformalisation failure
olympiadbench-753,0,True
olympiadbench-753,1,True
olympiadbench-753,2,Prover failure
olympiadbench-753,3,Autoformalisation failure
olympiadbench-753,4,Prover failure
olympiadbench-753,5,Prover failure
olympiadbench-753,6,Prover failure
olympiadbench-753,7,Prover failure
olympiadbench-753,8,Prover failure
olympiadbench-753,9,Prover failure
olympiadbench-753,10,Prover failure
olympiadbench-753,11,Prover failure
olympiadbench-753,12,Prover failure
olympiadbench-753,13,Prover failure
olympiadbench-753,14,Prover failure
olympiadbench-753,15,Prover failure
olympiadbench-753,16,Prover failure
olympiadbench-753,17,Prover failure
olympiadbench-753,18,Prover failure
olympiadbench-753,19,Prover failure
olympiadbench-753,20,Prover failure
olympiadbench-753,21,Prover failure
olympiadbench-753,22,Prover failure
olympiadbench-753,23,Prover failure
olympiadbench-753,24,Prover failure
olympiadbench-753,25,Prover failure
olympiadbench-753,26,False
olympiadbench-753,27,Prover failure
olympiadbench-753,28,Prover failure
olympiadbench-753,29,Prover failure
olympiadbench-753,30,Prover failure
olympiadbench-753,31,Prover failure
olympiadbench-753,32,Prover failure
olympiadbench-753,33,Autoformalisation failure
olympiadbench-753,34,Autoformalisation failure
olympiadbench-754,0,Autoformalisation failure
olympiadbench-754,1,Autoformalisation failure
olympiadbench-754,2,Autoformalisation failure
olympiadbench-754,3,Autoformalisation failure
olympiadbench-755,0,Autoformalisation failure
olympiadbench-755,1,Autoformalisation failure
olympiadbench-755,2,Autoformalisation failure
olympiadbench-755,3,Autoformalisation failure
olympiadbench-755,4,Autoformalisation failure
olympiadbench-755,5,Autoformalisation failure
olympiadbench-755,6,Autoformalisation failure
olympiadbench-755,7,Autoformalisation failure
olympiadbench-755,8,Autoformalisation failure
olympiadbench-755,9,Autoformalisation failure
olympiadbench-755,10,Autoformalisation failure
olympiadbench-755,11,Autoformalisation failure
olympiadbench-756,0,Autoformalisation failure
olympiadbench-756,1,True
olympiadbench-756,2,True
olympiadbench-756,3,True
olympiadbench-756,4,True
olympiadbench-756,5,True
olympiadbench-756,6,True
olympiadbench-756,7,True
olympiadbench-757,0,Autoformalisation failure
olympiadbench-757,1,Autoformalisation failure
olympiadbench-757,2,Autoformalisation failure
olympiadbench-757,3,Autoformalisation failure
olympiadbench-757,4,Autoformalisation failure
olympiadbench-757,5,Autoformalisation failure
olympiadbench-757,6,Autoformalisation failure
olympiadbench-758,0,Autoformalisation failure
olympiadbench-758,1,Autoformalisation failure
olympiadbench-758,2,Autoformalisation failure
olympiadbench-758,3,Autoformalisation failure
olympiadbench-758,4,Autoformalisation failure
olympiadbench-758,5,Autoformalisation failure
olympiadbench-759,0,Autoformalisation failure
olympiadbench-759,1,True
olympiadbench-759,2,Autoformalisation failure
olympiadbench-759,3,True
olympiadbench-759,4,Autoformalisation failure
olympiadbench-759,5,True
olympiadbench-759,6,Autoformalisation failure
olympiadbench-759,7,Autoformalisation failure
olympiadbench-760,0,Autoformalisation failure
olympiadbench-760,1,True
olympiadbench-760,2,True
olympiadbench-760,3,True
olympiadbench-760,4,Autoformalisation failure
olympiadbench-761,0,Autoformalisation failure
olympiadbench-761,1,Autoformalisation failure
olympiadbench-761,2,Autoformalisation failure
olympiadbench-761,3,True
olympiadbench-761,4,True
olympiadbench-761,5,Autoformalisation failure
olympiadbench-761,6,Prover failure
olympiadbench-761,7,Prover failure
olympiadbench-762,0,True
olympiadbench-762,1,False
olympiadbench-762,2,True
olympiadbench-762,3,True
olympiadbench-762,4,True
olympiadbench-763,0,Autoformalisation failure
olympiadbench-763,1,Autoformalisation failure
olympiadbench-763,2,Autoformalisation failure
olympiadbench-763,3,Autoformalisation failure
olympiadbench-763,4,Autoformalisation failure
olympiadbench-763,5,Autoformalisation failure
olympiadbench-763,6,Autoformalisation failure
olympiadbench-763,7,Autoformalisation failure
olympiadbench-763,8,Autoformalisation failure
olympiadbench-763,9,Autoformalisation failure
olympiadbench-763,10,Autoformalisation failure
olympiadbench-763,11,Autoformalisation failure
olympiadbench-764,0,Autoformalisation failure
olympiadbench-764,1,Autoformalisation failure
olympiadbench-764,2,True
olympiadbench-764,3,Autoformalisation failure
olympiadbench-764,4,True
olympiadbench-764,5,True
olympiadbench-765,0,Autoformalisation failure
olympiadbench-765,1,Autoformalisation failure
olympiadbench-765,2,Autoformalisation failure
olympiadbench-765,3,Autoformalisation failure
olympiadbench-765,4,Autoformalisation failure
olympiadbench-765,5,Autoformalisation failure
olympiadbench-765,6,False
olympiadbench-766,0,Autoformalisation failure
olympiadbench-766,1,Autoformalisation failure
olympiadbench-766,2,Autoformalisation failure
olympiadbench-766,3,Autoformalisation failure
olympiadbench-766,4,Autoformalisation failure
olympiadbench-766,5,Autoformalisation failure
olympiadbench-767,0,Autoformalisation failure
olympiadbench-767,1,Autoformalisation failure
olympiadbench-767,2,Autoformalisation failure
olympiadbench-767,3,Autoformalisation failure
olympiadbench-768,0,Autoformalisation failure
olympiadbench-768,1,Autoformalisation failure
olympiadbench-768,2,Autoformalisation failure
olympiadbench-768,3,Autoformalisation failure
olympiadbench-768,4,Autoformalisation failure
olympiadbench-768,5,Autoformalisation failure
olympiadbench-768,6,True
olympiadbench-768,7,Autoformalisation failure
olympiadbench-768,8,Autoformalisation failure
olympiadbench-768,9,True
olympiadbench-768,10,Autoformalisation failure
olympiadbench-769,0,Autoformalisation failure
olympiadbench-769,1,Autoformalisation failure
olympiadbench-769,2,Autoformalisation failure
olympiadbench-769,3,Autoformalisation failure
olympiadbench-769,4,Autoformalisation failure
olympiadbench-769,5,Autoformalisation failure
olympiadbench-769,6,Autoformalisation failure
olympiadbench-769,7,Autoformalisation failure
olympiadbench-769,8,Autoformalisation failure
olympiadbench-769,9,Autoformalisation failure
olympiadbench-769,10,Autoformalisation failure
olympiadbench-769,11,Autoformalisation failure
olympiadbench-769,12,Autoformalisation failure
olympiadbench-769,13,Autoformalisation failure
olympiadbench-769,14,Autoformalisation failure
olympiadbench-770,0,True
olympiadbench-770,1,True
olympiadbench-770,2,True
olympiadbench-770,3,True
olympiadbench-770,4,True
olympiadbench-770,5,True
olympiadbench-770,6,True
olympiadbench-771,0,Autoformalisation failure
olympiadbench-771,1,Autoformalisation failure
olympiadbench-771,2,True
olympiadbench-771,3,Autoformalisation failure
olympiadbench-771,4,True
olympiadbench-771,5,True
olympiadbench-771,6,Autoformalisation failure
olympiadbench-772,0,Autoformalisation failure
olympiadbench-772,1,Autoformalisation failure
olympiadbench-772,2,Autoformalisation failure
olympiadbench-772,3,True
olympiadbench-772,4,Autoformalisation failure
olympiadbench-772,5,Autoformalisation failure
olympiadbench-772,6,True
olympiadbench-773,0,Autoformalisation failure
olympiadbench-773,1,Autoformalisation failure
olympiadbench-773,2,Autoformalisation failure
olympiadbench-773,3,Autoformalisation failure
olympiadbench-774,0,Autoformalisation failure
olympiadbench-774,1,True
olympiadbench-774,2,Autoformalisation failure
olympiadbench-774,3,True
olympiadbench-774,4,True
olympiadbench-774,5,True
olympiadbench-775,0,Autoformalisation failure
olympiadbench-775,1,Autoformalisation failure
olympiadbench-775,2,Autoformalisation failure
olympiadbench-775,3,True
olympiadbench-775,4,True
olympiadbench-775,5,True
olympiadbench-775,6,Autoformalisation failure
olympiadbench-775,7,Autoformalisation failure
olympiadbench-776,0,True
olympiadbench-776,1,True
olympiadbench-776,2,True
olympiadbench-776,3,True
olympiadbench-776,4,True
olympiadbench-777,0,Autoformalisation failure
olympiadbench-777,1,Autoformalisation failure
olympiadbench-777,2,Autoformalisation failure
olympiadbench-777,3,Autoformalisation failure
olympiadbench-777,4,True
olympiadbench-777,5,True
olympiadbench-777,6,True
olympiadbench-777,7,True
olympiadbench-777,8,Prover failure
olympiadbench-777,9,Autoformalisation failure
olympiadbench-777,10,Autoformalisation failure
olympiadbench-777,11,Autoformalisation failure
olympiadbench-777,12,True
olympiadbench-777,13,True
olympiadbench-777,14,True
olympiadbench-777,15,True
olympiadbench-777,16,Autoformalisation failure
olympiadbench-777,17,Autoformalisation failure
olympiadbench-778,0,True
olympiadbench-778,1,True
olympiadbench-778,2,True
olympiadbench-778,3,True
olympiadbench-778,4,Autoformalisation failure
olympiadbench-778,5,True
olympiadbench-779,0,Autoformalisation failure
olympiadbench-779,1,Autoformalisation failure
olympiadbench-779,2,Autoformalisation failure
olympiadbench-779,3,True
olympiadbench-779,4,Autoformalisation failure
olympiadbench-779,5,True
olympiadbench-779,6,True
olympiadbench-779,7,True
olympiadbench-779,8,True
olympiadbench-780,0,Autoformalisation failure
olympiadbench-780,1,Autoformalisation failure
olympiadbench-780,2,Autoformalisation failure
olympiadbench-780,3,Autoformalisation failure
olympiadbench-780,4,Autoformalisation failure
olympiadbench-780,5,Autoformalisation failure
olympiadbench-780,6,Autoformalisation failure
olympiadbench-780,7,Autoformalisation failure
olympiadbench-780,8,Autoformalisation failure
olympiadbench-780,9,Autoformalisation failure
olympiadbench-780,10,Autoformalisation failure
olympiadbench-780,11,Autoformalisation failure
olympiadbench-781,0,True
olympiadbench-781,1,True
olympiadbench-781,2,True
olympiadbench-781,3,True
olympiadbench-781,4,True
olympiadbench-782,0,Autoformalisation failure
olympiadbench-782,1,Autoformalisation failure
olympiadbench-782,2,Autoformalisation failure
olympiadbench-782,3,Autoformalisation failure
olympiadbench-782,4,Autoformalisation failure
olympiadbench-782,5,Autoformalisation failure
olympiadbench-782,6,Autoformalisation failure
olympiadbench-782,7,Autoformalisation failure
olympiadbench-783,0,Autoformalisation failure
olympiadbench-783,1,Autoformalisation failure
olympiadbench-783,2,Autoformalisation failure
olympiadbench-783,3,Autoformalisation failure
olympiadbench-783,4,True
olympiadbench-783,5,Autoformalisation failure
olympiadbench-783,6,True
olympiadbench-783,7,Autoformalisation failure
olympiadbench-783,8,True
olympiadbench-784,0,Autoformalisation failure
olympiadbench-784,1,Autoformalisation failure
olympiadbench-784,2,Autoformalisation failure
olympiadbench-784,3,Autoformalisation failure
olympiadbench-784,4,Autoformalisation failure
olympiadbench-784,5,Autoformalisation failure
olympiadbench-784,6,Autoformalisation failure
olympiadbench-784,7,Autoformalisation failure
olympiadbench-784,8,Autoformalisation failure
olympiadbench-785,0,Autoformalisation failure
olympiadbench-785,1,Autoformalisation failure
olympiadbench-785,2,Autoformalisation failure
olympiadbench-785,3,Autoformalisation failure
olympiadbench-785,4,Autoformalisation failure
olympiadbench-786,0,Autoformalisation failure
olympiadbench-786,1,Autoformalisation failure
olympiadbench-786,2,Autoformalisation failure
olympiadbench-786,3,True
olympiadbench-786,4,True
olympiadbench-786,5,True
olympiadbench-786,6,Autoformalisation failure
olympiadbench-787,0,True
olympiadbench-787,1,True
olympiadbench-787,2,True
olympiadbench-787,3,Prover failure
olympiadbench-787,4,True
olympiadbench-787,5,True
olympiadbench-787,6,False
olympiadbench-787,7,True
olympiadbench-787,8,True
olympiadbench-787,9,Autoformalisation failure
olympiadbench-787,10,True
olympiadbench-787,11,True
olympiadbench-787,12,True
olympiadbench-787,13,True
olympiadbench-787,14,True
olympiadbench-787,15,True
olympiadbench-787,16,True
olympiadbench-787,17,True
olympiadbench-787,18,True
olympiadbench-787,19,True
olympiadbench-787,20,True
olympiadbench-787,21,Autoformalisation failure
olympiadbench-787,22,Prover failure
olympiadbench-787,23,True
olympiadbench-787,24,True
olympiadbench-787,25,True
olympiadbench-788,0,Autoformalisation failure
olympiadbench-788,1,True
olympiadbench-788,2,True
olympiadbench-788,3,True
olympiadbench-788,4,Prover failure
olympiadbench-788,5,Prover failure
olympiadbench-789,0,Autoformalisation failure
olympiadbench-789,1,Autoformalisation failure
olympiadbench-789,2,Autoformalisation failure
olympiadbench-789,3,Autoformalisation failure
olympiadbench-789,4,Autoformalisation failure
olympiadbench-789,5,Autoformalisation failure
olympiadbench-789,6,Autoformalisation failure
olympiadbench-789,7,Autoformalisation failure
olympiadbench-789,8,Autoformalisation failure
olympiadbench-789,9,Autoformalisation failure
olympiadbench-789,10,Autoformalisation failure
olympiadbench-789,11,Autoformalisation failure
olympiadbench-790,0,Autoformalisation failure
olympiadbench-790,1,True
olympiadbench-790,2,True
olympiadbench-790,3,True
olympiadbench-790,4,True
olympiadbench-791,0,True
olympiadbench-791,1,Autoformalisation failure
olympiadbench-791,2,Autoformalisation failure
olympiadbench-791,3,Autoformalisation failure
olympiadbench-791,4,Autoformalisation failure
olympiadbench-791,5,Autoformalisation failure
olympiadbench-791,6,Autoformalisation failure
olympiadbench-792,0,Autoformalisation failure
olympiadbench-792,1,True
olympiadbench-792,2,True
olympiadbench-792,3,False
olympiadbench-792,4,Prover failure
olympiadbench-792,5,Prover failure
olympiadbench-792,6,Prover failure
olympiadbench-792,7,Autoformalisation failure
olympiadbench-792,8,Autoformalisation failure
olympiadbench-793,0,True
olympiadbench-793,1,True
olympiadbench-793,2,True
olympiadbench-793,3,True
olympiadbench-793,4,True
olympiadbench-793,5,True
olympiadbench-793,6,True
olympiadbench-793,7,True
olympiadbench-793,8,True
olympiadbench-793,9,True
olympiadbench-793,10,True
olympiadbench-793,11,True
olympiadbench-793,12,True
olympiadbench-793,13,True
olympiadbench-793,14,True
olympiadbench-794,0,True
olympiadbench-794,1,True
olympiadbench-794,2,True
olympiadbench-794,3,True
olympiadbench-794,4,Prover failure
olympiadbench-794,5,Prover failure
olympiadbench-795,0,Autoformalisation failure
olympiadbench-795,1,Autoformalisation failure
olympiadbench-795,2,Autoformalisation failure
olympiadbench-795,3,True
olympiadbench-795,4,True
olympiadbench-795,5,True
olympiadbench-795,6,True
olympiadbench-796,0,Autoformalisation failure
olympiadbench-796,1,Autoformalisation failure
olympiadbench-796,2,Autoformalisation failure
olympiadbench-796,3,Autoformalisation failure
olympiadbench-796,4,Autoformalisation failure
olympiadbench-796,5,Autoformalisation failure
olympiadbench-796,6,Autoformalisation failure
olympiadbench-797,0,True
olympiadbench-797,1,True
olympiadbench-797,2,True
olympiadbench-797,3,Autoformalisation failure
olympiadbench-797,4,Autoformalisation failure
olympiadbench-797,5,Autoformalisation failure
olympiadbench-797,6,Autoformalisation failure
olympiadbench-797,7,Prover failure
olympiadbench-798,0,Autoformalisation failure
olympiadbench-798,1,Autoformalisation failure
olympiadbench-798,2,Autoformalisation failure
olympiadbench-798,3,Autoformalisation failure
olympiadbench-798,4,True
olympiadbench-799,0,Autoformalisation failure
olympiadbench-799,1,Autoformalisation failure
olympiadbench-799,2,Autoformalisation failure
olympiadbench-799,3,Autoformalisation failure
olympiadbench-799,4,Autoformalisation failure
olympiadbench-799,5,Autoformalisation failure
olympiadbench-799,6,Autoformalisation failure
olympiadbench-799,7,Autoformalisation failure
olympiadbench-800,0,Autoformalisation failure
olympiadbench-800,1,True
olympiadbench-800,2,True
olympiadbench-800,3,True
olympiadbench-800,4,True
olympiadbench-800,5,True
olympiadbench-800,6,False
olympiadbench-800,7,True
olympiadbench-800,8,False
olympiadbench-800,9,Autoformalisation failure
olympiadbench-801,0,Autoformalisation failure
olympiadbench-801,1,Autoformalisation failure
olympiadbench-801,2,Autoformalisation failure
olympiadbench-801,3,Autoformalisation failure
olympiadbench-801,4,Autoformalisation failure
olympiadbench-801,5,Autoformalisation failure
olympiadbench-801,6,Autoformalisation failure
olympiadbench-801,7,Autoformalisation failure
olympiadbench-801,8,Autoformalisation failure
olympiadbench-801,9,Autoformalisation failure
olympiadbench-801,10,True
olympiadbench-801,11,Autoformalisation failure
olympiadbench-802,0,Autoformalisation failure
olympiadbench-802,1,Autoformalisation failure
olympiadbench-802,2,True
olympiadbench-802,3,False
olympiadbench-802,4,False
olympiadbench-802,5,False
olympiadbench-802,6,True
olympiadbench-802,7,False
olympiadbench-802,8,False
olympiadbench-802,9,False
olympiadbench-802,10,False
olympiadbench-802,11,Prover failure
olympiadbench-802,12,True
olympiadbench-802,13,Autoformalisation failure
olympiadbench-803,0,False
olympiadbench-803,1,True
olympiadbench-803,2,Autoformalisation failure
olympiadbench-803,3,Autoformalisation failure
olympiadbench-803,4,True
olympiadbench-803,5,True
olympiadbench-803,6,True
olympiadbench-804,0,Autoformalisation failure
olympiadbench-804,1,Autoformalisation failure
olympiadbench-804,2,Autoformalisation failure
olympiadbench-804,3,Autoformalisation failure
olympiadbench-804,4,Autoformalisation failure
olympiadbench-804,5,Autoformalisation failure
olympiadbench-804,6,Autoformalisation failure
olympiadbench-804,7,Autoformalisation failure
olympiadbench-804,8,Autoformalisation failure
olympiadbench-804,9,Autoformalisation failure
olympiadbench-804,10,Autoformalisation failure
olympiadbench-804,11,Autoformalisation failure
olympiadbench-804,12,Autoformalisation failure
olympiadbench-804,13,Autoformalisation failure
olympiadbench-804,14,Autoformalisation failure
olympiadbench-805,0,Autoformalisation failure
olympiadbench-805,1,Autoformalisation failure
olympiadbench-805,2,Autoformalisation failure
olympiadbench-805,3,Autoformalisation failure
olympiadbench-805,4,Autoformalisation failure
olympiadbench-805,5,Autoformalisation failure
olympiadbench-805,6,Autoformalisation failure
olympiadbench-805,7,Autoformalisation failure
olympiadbench-805,8,True
olympiadbench-805,9,Autoformalisation failure
olympiadbench-805,10,True
olympiadbench-805,11,Autoformalisation failure
olympiadbench-805,12,Autoformalisation failure
olympiadbench-806,0,Autoformalisation failure
olympiadbench-806,1,Autoformalisation failure
olympiadbench-806,2,Autoformalisation failure
olympiadbench-806,3,Autoformalisation failure
olympiadbench-806,4,Autoformalisation failure
olympiadbench-806,5,Autoformalisation failure
olympiadbench-806,6,Autoformalisation failure
olympiadbench-806,7,Autoformalisation failure
olympiadbench-806,8,Autoformalisation failure
olympiadbench-806,9,Autoformalisation failure
olympiadbench-806,10,Autoformalisation failure
olympiadbench-806,11,Autoformalisation failure
olympiadbench-806,12,Autoformalisation failure
olympiadbench-807,0,Autoformalisation failure
olympiadbench-807,1,Autoformalisation failure
olympiadbench-807,2,Autoformalisation failure
olympiadbench-807,3,Autoformalisation failure
olympiadbench-807,4,Autoformalisation failure
olympiadbench-808,0,Autoformalisation failure
olympiadbench-808,1,True
olympiadbench-808,2,Autoformalisation failure
olympiadbench-808,3,Autoformalisation failure
olympiadbench-808,4,Autoformalisation failure
olympiadbench-809,0,Autoformalisation failure
olympiadbench-809,1,True
olympiadbench-809,2,True
olympiadbench-809,3,False
olympiadbench-810,0,Autoformalisation failure
olympiadbench-810,1,Autoformalisation failure
olympiadbench-810,2,Autoformalisation failure
olympiadbench-810,3,True
olympiadbench-810,4,Autoformalisation failure
olympiadbench-811,0,Autoformalisation failure
olympiadbench-811,1,Autoformalisation failure
olympiadbench-811,2,Autoformalisation failure
olympiadbench-811,3,Autoformalisation failure
olympiadbench-811,4,Autoformalisation failure
olympiadbench-811,5,Autoformalisation failure
olympiadbench-812,0,Autoformalisation failure
olympiadbench-812,1,Autoformalisation failure
olympiadbench-812,2,Autoformalisation failure
olympiadbench-812,3,True
olympiadbench-812,4,True
olympiadbench-812,5,True
olympiadbench-812,6,True
olympiadbench-812,7,True
olympiadbench-813,0,Autoformalisation failure
olympiadbench-813,1,Autoformalisation failure
olympiadbench-813,2,True
olympiadbench-813,3,True
olympiadbench-813,4,True
olympiadbench-813,5,True
olympiadbench-814,0,Autoformalisation failure
olympiadbench-814,1,Autoformalisation failure
olympiadbench-814,2,Autoformalisation failure
olympiadbench-814,3,Autoformalisation failure
olympiadbench-814,4,True
olympiadbench-814,5,Autoformalisation failure
olympiadbench-814,6,Autoformalisation failure
olympiadbench-815,0,True
olympiadbench-815,1,True
olympiadbench-815,2,True
olympiadbench-815,3,True
olympiadbench-815,4,True
olympiadbench-815,5,True
olympiadbench-815,6,True
olympiadbench-816,0,True
olympiadbench-816,1,True
olympiadbench-816,2,Autoformalisation failure
olympiadbench-816,3,True
olympiadbench-816,4,Prover failure
olympiadbench-816,5,True
olympiadbench-817,0,Autoformalisation failure
olympiadbench-817,1,Autoformalisation failure
olympiadbench-817,2,Autoformalisation failure
olympiadbench-817,3,Autoformalisation failure
olympiadbench-817,4,Autoformalisation failure
olympiadbench-817,5,Autoformalisation failure
olympiadbench-817,6,Autoformalisation failure
olympiadbench-817,7,Autoformalisation failure
olympiadbench-817,8,Autoformalisation failure
olympiadbench-817,9,Autoformalisation failure
olympiadbench-818,0,Autoformalisation failure
olympiadbench-818,1,Autoformalisation failure
olympiadbench-818,2,Autoformalisation failure
olympiadbench-818,3,Autoformalisation failure
olympiadbench-818,4,Autoformalisation failure
olympiadbench-818,5,Autoformalisation failure
olympiadbench-818,6,True
olympiadbench-818,7,Autoformalisation failure
olympiadbench-818,8,Autoformalisation failure
olympiadbench-818,9,True
olympiadbench-818,10,Autoformalisation failure
olympiadbench-818,11,Autoformalisation failure
olympiadbench-819,0,True
olympiadbench-819,1,True
olympiadbench-819,2,True
olympiadbench-819,3,True
olympiadbench-819,4,True
olympiadbench-819,5,True
olympiadbench-819,6,True
olympiadbench-819,7,True
olympiadbench-819,8,True
olympiadbench-819,9,True
olympiadbench-819,10,True
olympiadbench-819,11,True
olympiadbench-820,0,Autoformalisation failure
olympiadbench-820,1,True
olympiadbench-820,2,True
olympiadbench-820,3,Autoformalisation failure
olympiadbench-820,4,Autoformalisation failure
olympiadbench-820,5,Autoformalisation failure
olympiadbench-820,6,Autoformalisation failure
olympiadbench-820,7,Autoformalisation failure
olympiadbench-821,0,Autoformalisation failure
olympiadbench-821,1,Autoformalisation failure
olympiadbench-821,2,Autoformalisation failure
olympiadbench-821,3,Autoformalisation failure
olympiadbench-821,4,Autoformalisation failure
olympiadbench-821,5,Autoformalisation failure
olympiadbench-821,6,Autoformalisation failure
olympiadbench-822,0,True
olympiadbench-822,1,True
olympiadbench-822,2,True
olympiadbench-822,3,True
olympiadbench-823,0,Autoformalisation failure
olympiadbench-823,1,Autoformalisation failure
olympiadbench-823,2,True
olympiadbench-823,3,Autoformalisation failure
olympiadbench-823,4,Autoformalisation failure
olympiadbench-823,5,Autoformalisation failure
olympiadbench-823,6,Autoformalisation failure
olympiadbench-823,7,Autoformalisation failure
olympiadbench-823,8,Autoformalisation failure
olympiadbench-823,9,Autoformalisation failure
olympiadbench-823,10,Autoformalisation failure
olympiadbench-824,0,True
olympiadbench-824,1,True
olympiadbench-824,2,True
olympiadbench-824,3,True
olympiadbench-824,4,True
olympiadbench-824,5,True
olympiadbench-824,6,True
olympiadbench-824,7,True
olympiadbench-824,8,True
olympiadbench-825,0,Prover failure
olympiadbench-825,1,True
olympiadbench-825,2,True
olympiadbench-825,3,Autoformalisation failure
olympiadbench-825,4,Autoformalisation failure
olympiadbench-825,5,Autoformalisation failure
olympiadbench-825,6,Autoformalisation failure
olympiadbench-825,7,True
olympiadbench-825,8,True
olympiadbench-825,9,Autoformalisation failure
olympiadbench-826,0,Autoformalisation failure
olympiadbench-826,1,True
olympiadbench-826,2,True
olympiadbench-826,3,True
olympiadbench-826,4,Autoformalisation failure
olympiadbench-826,5,Autoformalisation failure
olympiadbench-826,6,Autoformalisation failure
olympiadbench-826,7,False
olympiadbench-826,8,Prover failure
olympiadbench-826,9,False
olympiadbench-827,0,Autoformalisation failure
olympiadbench-827,1,Autoformalisation failure
olympiadbench-827,2,Autoformalisation failure
olympiadbench-827,3,Autoformalisation failure
olympiadbench-827,4,Autoformalisation failure
olympiadbench-827,5,Autoformalisation failure
olympiadbench-827,6,Autoformalisation failure
olympiadbench-828,0,Autoformalisation failure
olympiadbench-828,1,Autoformalisation failure
olympiadbench-828,2,True
olympiadbench-828,3,True
olympiadbench-828,4,True
olympiadbench-829,0,Autoformalisation failure
olympiadbench-829,1,Autoformalisation failure
olympiadbench-829,2,Autoformalisation failure
olympiadbench-829,3,True
olympiadbench-829,4,Autoformalisation failure
olympiadbench-830,0,Autoformalisation failure
olympiadbench-830,1,Autoformalisation failure
olympiadbench-830,2,Autoformalisation failure
olympiadbench-830,3,Autoformalisation failure
olympiadbench-830,4,Autoformalisation failure
olympiadbench-830,5,Autoformalisation failure
olympiadbench-830,6,False
olympiadbench-830,7,True
olympiadbench-830,8,True
olympiadbench-831,0,Autoformalisation failure
olympiadbench-831,1,Autoformalisation failure
olympiadbench-831,2,True
olympiadbench-831,3,True
olympiadbench-831,4,True
olympiadbench-831,5,False
olympiadbench-831,6,Autoformalisation failure
olympiadbench-831,7,Autoformalisation failure
olympiadbench-831,8,Autoformalisation failure
olympiadbench-832,0,Autoformalisation failure
olympiadbench-832,1,True
olympiadbench-832,2,Autoformalisation failure
olympiadbench-832,3,Autoformalisation failure
olympiadbench-833,0,Autoformalisation failure
olympiadbench-833,1,Autoformalisation failure
olympiadbench-833,2,Autoformalisation failure
olympiadbench-833,3,Autoformalisation failure
olympiadbench-833,4,True
olympiadbench-833,5,Prover failure
olympiadbench-833,6,True
olympiadbench-833,7,True
olympiadbench-833,8,Autoformalisation failure
olympiadbench-833,9,True
olympiadbench-833,10,True
olympiadbench-833,11,True
olympiadbench-833,12,True
olympiadbench-833,13,Autoformalisation failure
olympiadbench-833,14,Autoformalisation failure
olympiadbench-833,15,True
olympiadbench-833,16,True
olympiadbench-833,17,True
olympiadbench-833,18,Autoformalisation failure
olympiadbench-833,19,Autoformalisation failure
olympiadbench-833,20,True
olympiadbench-833,21,True
olympiadbench-833,22,Autoformalisation failure
olympiadbench-834,0,Autoformalisation failure
olympiadbench-834,1,Autoformalisation failure
olympiadbench-834,2,True
olympiadbench-834,3,Autoformalisation failure
olympiadbench-834,4,Autoformalisation failure
olympiadbench-835,0,Prover failure
olympiadbench-835,1,True
olympiadbench-835,2,Autoformalisation failure
olympiadbench-835,3,Autoformalisation failure
olympiadbench-835,4,True
olympiadbench-835,5,True
olympiadbench-835,6,Autoformalisation failure
olympiadbench-835,7,Prover failure
olympiadbench-835,8,Prover failure
olympiadbench-835,9,True
olympiadbench-835,10,True
olympiadbench-835,11,Autoformalisation failure
olympiadbench-835,12,Autoformalisation failure
olympiadbench-835,13,False
olympiadbench-835,14,False
olympiadbench-835,15,False
olympiadbench-835,16,False
olympiadbench-835,17,Prover failure
olympiadbench-835,18,Prover failure
olympiadbench-836,0,Autoformalisation failure
olympiadbench-836,1,Autoformalisation failure
olympiadbench-836,2,Autoformalisation failure
olympiadbench-836,3,Autoformalisation failure
olympiadbench-836,4,True
olympiadbench-836,5,Autoformalisation failure
olympiadbench-836,6,Autoformalisation failure
olympiadbench-837,0,Autoformalisation failure
olympiadbench-837,1,Autoformalisation failure
olympiadbench-837,2,Autoformalisation failure
olympiadbench-837,3,Prover failure
olympiadbench-837,4,True
olympiadbench-838,0,Autoformalisation failure
olympiadbench-838,1,Autoformalisation failure
olympiadbench-838,2,Autoformalisation failure
olympiadbench-838,3,Autoformalisation failure
olympiadbench-838,4,Autoformalisation failure
olympiadbench-838,5,Autoformalisation failure
olympiadbench-838,6,Autoformalisation failure
olympiadbench-838,7,Autoformalisation failure
olympiadbench-838,8,Autoformalisation failure
olympiadbench-839,0,Prover failure
olympiadbench-839,1,True
olympiadbench-839,2,True
olympiadbench-839,3,True
olympiadbench-839,4,True
olympiadbench-839,5,True
olympiadbench-840,0,True
olympiadbench-840,1,Prover failure
olympiadbench-840,2,True
olympiadbench-840,3,True
olympiadbench-841,0,Autoformalisation failure
olympiadbench-841,1,Autoformalisation failure
olympiadbench-841,2,Autoformalisation failure
olympiadbench-841,3,Autoformalisation failure
olympiadbench-841,4,Prover failure
olympiadbench-841,5,True
olympiadbench-841,6,True
olympiadbench-842,0,Autoformalisation failure
olympiadbench-842,1,Autoformalisation failure
olympiadbench-842,2,Autoformalisation failure
olympiadbench-842,3,Autoformalisation failure
olympiadbench-842,4,Autoformalisation failure
olympiadbench-842,5,Autoformalisation failure
olympiadbench-842,6,Autoformalisation failure
olympiadbench-842,7,Autoformalisation failure
olympiadbench-842,8,Autoformalisation failure
olympiadbench-842,9,Autoformalisation failure
olympiadbench-842,10,Autoformalisation failure
olympiadbench-842,11,Autoformalisation failure
olympiadbench-843,0,Prover failure
olympiadbench-843,1,True
olympiadbench-843,2,True
olympiadbench-843,3,True
olympiadbench-843,4,True
olympiadbench-843,5,True
olympiadbench-843,6,True
olympiadbench-843,7,True
olympiadbench-843,8,True
olympiadbench-843,9,True
olympiadbench-843,10,True
olympiadbench-843,11,True
olympiadbench-843,12,True
olympiadbench-844,0,Prover failure
olympiadbench-844,1,True
olympiadbench-844,2,True
olympiadbench-844,3,True
olympiadbench-844,4,Prover failure
olympiadbench-844,5,Prover failure
olympiadbench-845,0,Autoformalisation failure
olympiadbench-845,1,Autoformalisation failure
olympiadbench-845,2,Autoformalisation failure
olympiadbench-845,3,Autoformalisation failure
olympiadbench-845,4,Autoformalisation failure
olympiadbench-845,5,Autoformalisation failure
olympiadbench-845,6,Autoformalisation failure
olympiadbench-845,7,Autoformalisation failure
olympiadbench-845,8,Autoformalisation failure
olympiadbench-845,9,Autoformalisation failure
olympiadbench-845,10,Autoformalisation failure
olympiadbench-845,11,Autoformalisation failure
olympiadbench-845,12,Autoformalisation failure
olympiadbench-845,13,Autoformalisation failure
olympiadbench-845,14,Autoformalisation failure
olympiadbench-845,15,Autoformalisation failure
olympiadbench-845,16,Autoformalisation failure
olympiadbench-845,17,Autoformalisation failure
olympiadbench-845,18,Autoformalisation failure
olympiadbench-845,19,Autoformalisation failure
olympiadbench-845,20,Autoformalisation failure
olympiadbench-845,21,Autoformalisation failure
olympiadbench-845,22,Autoformalisation failure
olympiadbench-845,23,Autoformalisation failure
olympiadbench-845,24,Autoformalisation failure
olympiadbench-846,0,Autoformalisation failure
olympiadbench-846,1,True
olympiadbench-846,2,True
olympiadbench-846,3,True
olympiadbench-846,4,Prover failure
olympiadbench-847,0,True
olympiadbench-847,1,Prover failure
olympiadbench-847,2,Prover failure
olympiadbench-847,3,Prover failure
olympiadbench-847,4,Prover failure
olympiadbench-847,5,Prover failure
olympiadbench-847,6,Prover failure
olympiadbench-847,7,Prover failure
olympiadbench-847,8,Prover failure
olympiadbench-847,9,Prover failure
olympiadbench-847,10,Prover failure
olympiadbench-847,11,Prover failure
olympiadbench-848,0,Autoformalisation failure
olympiadbench-848,1,Autoformalisation failure
olympiadbench-848,2,Autoformalisation failure
olympiadbench-848,3,True
olympiadbench-848,4,True
olympiadbench-848,5,True
olympiadbench-849,0,True
olympiadbench-849,1,True
olympiadbench-849,2,True
olympiadbench-849,3,True
olympiadbench-849,4,True
olympiadbench-849,5,True
olympiadbench-849,6,True
olympiadbench-849,7,True
olympiadbench-849,8,True
olympiadbench-850,0,Autoformalisation failure
olympiadbench-850,1,Autoformalisation failure
olympiadbench-850,2,False
olympiadbench-850,3,Autoformalisation failure
olympiadbench-850,4,Autoformalisation failure
olympiadbench-850,5,Autoformalisation failure
olympiadbench-850,6,Autoformalisation failure
olympiadbench-850,7,Autoformalisation failure
olympiadbench-850,8,Prover failure
olympiadbench-850,9,Prover failure
olympiadbench-850,10,Prover failure
olympiadbench-850,11,Prover failure
olympiadbench-850,12,Prover failure
olympiadbench-851,0,Autoformalisation failure
olympiadbench-851,1,Autoformalisation failure
olympiadbench-851,2,Autoformalisation failure
olympiadbench-851,3,Autoformalisation failure
olympiadbench-851,4,Autoformalisation failure
olympiadbench-851,5,Autoformalisation failure
olympiadbench-851,6,Autoformalisation failure
olympiadbench-851,7,Autoformalisation failure
olympiadbench-851,8,Autoformalisation failure
olympiadbench-852,0,Autoformalisation failure
olympiadbench-852,1,Autoformalisation failure
olympiadbench-852,2,Autoformalisation failure
olympiadbench-852,3,Autoformalisation failure
olympiadbench-852,4,Autoformalisation failure
olympiadbench-852,5,Autoformalisation failure
olympiadbench-852,6,True
olympiadbench-852,7,Autoformalisation failure
olympiadbench-852,8,Autoformalisation failure
olympiadbench-852,9,Autoformalisation failure
olympiadbench-852,10,True
olympiadbench-852,11,Autoformalisation failure
olympiadbench-852,12,True
olympiadbench-852,13,Autoformalisation failure
olympiadbench-852,14,Autoformalisation failure
olympiadbench-852,15,Autoformalisation failure
olympiadbench-852,16,Autoformalisation failure
olympiadbench-853,0,True
olympiadbench-853,1,True
olympiadbench-853,2,True
olympiadbench-853,3,True
olympiadbench-854,0,Autoformalisation failure
olympiadbench-854,1,Autoformalisation failure
olympiadbench-854,2,Autoformalisation failure
olympiadbench-854,3,True
olympiadbench-854,4,Autoformalisation failure
olympiadbench-854,5,Autoformalisation failure
olympiadbench-855,0,Autoformalisation failure
olympiadbench-855,1,True
olympiadbench-855,2,True
olympiadbench-855,3,Autoformalisation failure
olympiadbench-855,4,Autoformalisation failure
olympiadbench-855,5,True
olympiadbench-855,6,Autoformalisation failure
olympiadbench-855,7,True
olympiadbench-856,0,Autoformalisation failure
olympiadbench-856,1,Autoformalisation failure
olympiadbench-856,2,Autoformalisation failure
olympiadbench-856,3,Autoformalisation failure
olympiadbench-856,4,Autoformalisation failure
olympiadbench-856,5,Autoformalisation failure
olympiadbench-856,6,Autoformalisation failure
olympiadbench-856,7,Autoformalisation failure
olympiadbench-857,0,Autoformalisation failure
olympiadbench-857,1,Autoformalisation failure
olympiadbench-857,2,Autoformalisation failure
olympiadbench-857,3,Autoformalisation failure
olympiadbench-857,4,Autoformalisation failure
olympiadbench-857,5,Autoformalisation failure
olympiadbench-857,6,Autoformalisation failure
olympiadbench-857,7,Autoformalisation failure
olympiadbench-857,8,True
olympiadbench-857,9,Autoformalisation failure
olympiadbench-857,10,Autoformalisation failure
olympiadbench-857,11,Autoformalisation failure
olympiadbench-857,12,Autoformalisation failure
olympiadbench-857,13,Autoformalisation failure
olympiadbench-858,0,Autoformalisation failure
olympiadbench-858,1,Autoformalisation failure
olympiadbench-858,2,Autoformalisation failure
olympiadbench-858,3,True
olympiadbench-858,4,Autoformalisation failure
olympiadbench-858,5,Autoformalisation failure
olympiadbench-859,0,Autoformalisation failure
olympiadbench-859,1,Autoformalisation failure
olympiadbench-859,2,Autoformalisation failure
olympiadbench-859,3,Autoformalisation failure
olympiadbench-859,4,Autoformalisation failure
olympiadbench-859,5,Autoformalisation failure
olympiadbench-859,6,Autoformalisation failure
olympiadbench-859,7,Autoformalisation failure
olympiadbench-859,8,Autoformalisation failure
olympiadbench-859,9,Autoformalisation failure
olympiadbench-859,10,Autoformalisation failure
olympiadbench-859,11,Autoformalisation failure
olympiadbench-859,12,Autoformalisation failure
olympiadbench-859,13,Autoformalisation failure
olympiadbench-859,14,Autoformalisation failure
olympiadbench-860,0,Autoformalisation failure
olympiadbench-860,1,Autoformalisation failure
olympiadbench-860,2,True
olympiadbench-860,3,Autoformalisation failure
olympiadbench-860,4,True
olympiadbench-860,5,Autoformalisation failure
olympiadbench-860,6,Autoformalisation failure
olympiadbench-861,0,Autoformalisation failure
olympiadbench-861,1,True
olympiadbench-861,2,True
olympiadbench-861,3,Autoformalisation failure
olympiadbench-861,4,True
olympiadbench-861,5,Autoformalisation failure
olympiadbench-861,6,True
olympiadbench-861,7,Autoformalisation failure
olympiadbench-862,0,True
olympiadbench-862,1,True
olympiadbench-862,2,Autoformalisation failure
olympiadbench-862,3,True
olympiadbench-862,4,True
olympiadbench-863,0,True
olympiadbench-863,1,True
olympiadbench-863,2,Autoformalisation failure
olympiadbench-863,3,Autoformalisation failure
olympiadbench-863,4,True
olympiadbench-863,5,True
olympiadbench-864,0,Autoformalisation failure
olympiadbench-864,1,True
olympiadbench-864,2,Autoformalisation failure
olympiadbench-864,3,True
olympiadbench-864,4,True
olympiadbench-864,5,True
olympiadbench-865,0,Autoformalisation failure
olympiadbench-865,1,True
olympiadbench-865,2,True
olympiadbench-865,3,Autoformalisation failure
olympiadbench-865,4,Autoformalisation failure
olympiadbench-865,5,Autoformalisation failure
olympiadbench-865,6,Autoformalisation failure
olympiadbench-865,7,Autoformalisation failure
olympiadbench-865,8,True
olympiadbench-865,9,True
olympiadbench-865,10,Autoformalisation failure
olympiadbench-866,0,Autoformalisation failure
olympiadbench-866,1,Autoformalisation failure
olympiadbench-866,2,Autoformalisation failure
olympiadbench-866,3,True
olympiadbench-866,4,Autoformalisation failure
olympiadbench-866,5,Autoformalisation failure
olympiadbench-866,6,Autoformalisation failure
olympiadbench-866,7,Autoformalisation failure
olympiadbench-866,8,Autoformalisation failure
olympiadbench-866,9,Autoformalisation failure
olympiadbench-866,10,True
olympiadbench-866,11,True
olympiadbench-866,12,Autoformalisation failure
olympiadbench-866,13,True
olympiadbench-866,14,True
olympiadbench-866,15,Prover failure
olympiadbench-867,0,Autoformalisation failure
olympiadbench-867,1,Autoformalisation failure
olympiadbench-867,2,Autoformalisation failure
olympiadbench-867,3,Autoformalisation failure
olympiadbench-867,4,Autoformalisation failure
olympiadbench-867,5,Autoformalisation failure
olympiadbench-867,6,Autoformalisation failure
olympiadbench-867,7,Autoformalisation failure
olympiadbench-867,8,Autoformalisation failure
olympiadbench-868,0,Autoformalisation failure
olympiadbench-868,1,Autoformalisation failure
olympiadbench-868,2,Autoformalisation failure
olympiadbench-868,3,Autoformalisation failure
olympiadbench-868,4,Autoformalisation failure
olympiadbench-868,5,Autoformalisation failure
olympiadbench-868,6,True
olympiadbench-868,7,True
olympiadbench-868,8,True
olympiadbench-868,9,True
olympiadbench-868,10,Autoformalisation failure
olympiadbench-868,11,Autoformalisation failure
olympiadbench-868,12,Autoformalisation failure
olympiadbench-869,0,Autoformalisation failure
olympiadbench-869,1,Autoformalisation failure
olympiadbench-869,2,Autoformalisation failure
olympiadbench-869,3,Autoformalisation failure
olympiadbench-869,4,Autoformalisation failure
olympiadbench-869,5,True
olympiadbench-869,6,True
olympiadbench-870,0,True
olympiadbench-870,1,True
olympiadbench-870,2,True
olympiadbench-870,3,True
olympiadbench-870,4,True
olympiadbench-870,5,True
olympiadbench-870,6,True
olympiadbench-871,0,Autoformalisation failure
olympiadbench-871,1,Autoformalisation failure
olympiadbench-871,2,Autoformalisation failure
olympiadbench-871,3,Autoformalisation failure
olympiadbench-871,4,Autoformalisation failure
olympiadbench-871,5,Autoformalisation failure
olympiadbench-871,6,True
olympiadbench-871,7,True
olympiadbench-872,0,Autoformalisation failure
olympiadbench-872,1,Autoformalisation failure
olympiadbench-872,2,Autoformalisation failure
olympiadbench-872,3,Autoformalisation failure
olympiadbench-872,4,True
olympiadbench-872,5,Autoformalisation failure
olympiadbench-873,0,Autoformalisation failure
olympiadbench-873,1,Autoformalisation failure
olympiadbench-873,2,Autoformalisation failure
olympiadbench-873,3,Autoformalisation failure
olympiadbench-873,4,Autoformalisation failure
olympiadbench-873,5,Autoformalisation failure
olympiadbench-873,6,Autoformalisation failure
olympiadbench-873,7,Autoformalisation failure
olympiadbench-873,8,Autoformalisation failure
olympiadbench-873,9,Autoformalisation failure
olympiadbench-873,10,Autoformalisation failure
olympiadbench-873,11,Autoformalisation failure
olympiadbench-873,12,Autoformalisation failure
olympiadbench-874,0,Autoformalisation failure
olympiadbench-874,1,Autoformalisation failure
olympiadbench-874,2,True
olympiadbench-874,3,True
olympiadbench-874,4,True
olympiadbench-874,5,True
olympiadbench-875,0,True
olympiadbench-875,1,True
olympiadbench-875,2,Autoformalisation failure
olympiadbench-875,3,Autoformalisation failure
olympiadbench-875,4,Autoformalisation failure
olympiadbench-875,5,Autoformalisation failure
olympiadbench-875,6,Autoformalisation failure
olympiadbench-875,7,Autoformalisation failure
olympiadbench-875,8,Autoformalisation failure
olympiadbench-875,9,Autoformalisation failure
olympiadbench-875,10,Prover failure
olympiadbench-875,11,Prover failure
olympiadbench-875,12,Autoformalisation failure
olympiadbench-875,13,Autoformalisation failure
olympiadbench-875,14,Autoformalisation failure
olympiadbench-875,15,Autoformalisation failure
olympiadbench-875,16,Autoformalisation failure
olympiadbench-875,17,Autoformalisation failure
olympiadbench-875,18,Autoformalisation failure
olympiadbench-876,0,Autoformalisation failure
olympiadbench-876,1,Autoformalisation failure
olympiadbench-876,2,Autoformalisation failure
olympiadbench-876,3,Autoformalisation failure
olympiadbench-876,4,Autoformalisation failure
olympiadbench-876,5,Autoformalisation failure
olympiadbench-876,6,Prover failure
olympiadbench-876,7,False
olympiadbench-876,8,Prover failure
olympiadbench-876,9,Prover failure
olympiadbench-876,10,Prover failure
olympiadbench-876,11,Prover failure
olympiadbench-876,12,True
olympiadbench-876,13,True
olympiadbench-876,14,Prover failure
olympiadbench-876,15,True
olympiadbench-876,16,Autoformalisation failure
olympiadbench-877,0,True
olympiadbench-877,1,True
olympiadbench-877,2,True
olympiadbench-877,3,True
olympiadbench-877,4,True
olympiadbench-878,0,True
olympiadbench-878,1,Prover failure
olympiadbench-878,2,Autoformalisation failure
olympiadbench-878,3,Autoformalisation failure
olympiadbench-878,4,Autoformalisation failure
olympiadbench-878,5,Autoformalisation failure
olympiadbench-879,0,Autoformalisation failure
olympiadbench-879,1,Autoformalisation failure
olympiadbench-879,2,Autoformalisation failure
olympiadbench-879,3,Autoformalisation failure
olympiadbench-879,4,Autoformalisation failure
olympiadbench-879,5,Autoformalisation failure
olympiadbench-879,6,Autoformalisation failure
olympiadbench-879,7,Autoformalisation failure
olympiadbench-879,8,Autoformalisation failure
olympiadbench-879,9,Autoformalisation failure
olympiadbench-879,10,Autoformalisation failure
olympiadbench-879,11,Autoformalisation failure
olympiadbench-880,0,True
olympiadbench-880,1,False
olympiadbench-880,2,False
olympiadbench-880,3,True
olympiadbench-880,4,True
olympiadbench-880,5,False
olympiadbench-881,0,Autoformalisation failure
olympiadbench-881,1,Autoformalisation failure
olympiadbench-881,2,Autoformalisation failure
olympiadbench-881,3,Autoformalisation failure
olympiadbench-881,4,Autoformalisation failure
olympiadbench-882,0,Autoformalisation failure
olympiadbench-882,1,Autoformalisation failure
olympiadbench-882,2,Autoformalisation failure
olympiadbench-882,3,Autoformalisation failure
olympiadbench-882,4,True
olympiadbench-882,5,Autoformalisation failure
olympiadbench-882,6,True
olympiadbench-882,7,True
olympiadbench-883,0,Autoformalisation failure
olympiadbench-883,1,Autoformalisation failure
olympiadbench-883,2,Autoformalisation failure
olympiadbench-883,3,Autoformalisation failure
olympiadbench-883,4,Autoformalisation failure
olympiadbench-884,0,True
olympiadbench-884,1,True
olympiadbench-884,2,Autoformalisation failure
olympiadbench-884,3,True
olympiadbench-884,4,Autoformalisation failure
olympiadbench-884,5,Autoformalisation failure
olympiadbench-884,6,Autoformalisation failure
olympiadbench-884,7,Autoformalisation failure
olympiadbench-884,8,Autoformalisation failure
olympiadbench-884,9,Autoformalisation failure
olympiadbench-885,0,Autoformalisation failure
olympiadbench-885,1,True
olympiadbench-885,2,True
olympiadbench-885,3,False
olympiadbench-886,0,Autoformalisation failure
olympiadbench-886,1,Autoformalisation failure
olympiadbench-886,2,True
olympiadbench-886,3,Autoformalisation failure
olympiadbench-886,4,True
olympiadbench-886,5,Autoformalisation failure
olympiadbench-887,0,Autoformalisation failure
olympiadbench-887,1,True
olympiadbench-887,2,True
olympiadbench-887,3,Autoformalisation failure
olympiadbench-887,4,Autoformalisation failure
olympiadbench-887,5,Autoformalisation failure
olympiadbench-888,0,Autoformalisation failure
olympiadbench-888,1,Autoformalisation failure
olympiadbench-888,2,Autoformalisation failure
olympiadbench-888,3,Autoformalisation failure
olympiadbench-888,4,Autoformalisation failure
olympiadbench-888,5,Autoformalisation failure
olympiadbench-888,6,Autoformalisation failure
olympiadbench-889,0,Autoformalisation failure
olympiadbench-889,1,Autoformalisation failure
olympiadbench-889,2,Autoformalisation failure
olympiadbench-889,3,Autoformalisation failure
olympiadbench-889,4,Autoformalisation failure
olympiadbench-890,0,Autoformalisation failure
olympiadbench-890,1,Autoformalisation failure
olympiadbench-890,2,Autoformalisation failure
olympiadbench-890,3,Autoformalisation failure
olympiadbench-890,4,Autoformalisation failure
olympiadbench-890,5,Autoformalisation failure
olympiadbench-890,6,Autoformalisation failure
olympiadbench-890,7,True
olympiadbench-890,8,True
olympiadbench-891,0,Autoformalisation failure
olympiadbench-891,1,True
olympiadbench-891,2,Autoformalisation failure
olympiadbench-891,3,True
olympiadbench-891,4,False
olympiadbench-891,5,Autoformalisation failure
olympiadbench-891,6,Autoformalisation failure
olympiadbench-891,7,False
olympiadbench-891,8,False
olympiadbench-891,9,True
olympiadbench-891,10,Autoformalisation failure
olympiadbench-891,11,False
olympiadbench-891,12,Prover failure
olympiadbench-891,13,Prover failure
olympiadbench-892,0,True
olympiadbench-892,1,Autoformalisation failure
olympiadbench-892,2,Autoformalisation failure
olympiadbench-892,3,True
olympiadbench-892,4,True
olympiadbench-892,5,True
olympiadbench-892,6,True
olympiadbench-892,7,True
olympiadbench-892,8,True
olympiadbench-893,0,True
olympiadbench-893,1,Autoformalisation failure
olympiadbench-893,2,True
olympiadbench-893,3,True
olympiadbench-893,4,True
olympiadbench-893,5,True
olympiadbench-893,6,True
olympiadbench-894,0,Autoformalisation failure
olympiadbench-894,1,Autoformalisation failure
olympiadbench-894,2,Autoformalisation failure
olympiadbench-895,0,Autoformalisation failure
olympiadbench-895,1,Autoformalisation failure
olympiadbench-895,2,Autoformalisation failure
olympiadbench-895,3,Autoformalisation failure
olympiadbench-895,4,Autoformalisation failure
olympiadbench-895,5,Autoformalisation failure
olympiadbench-895,6,Autoformalisation failure
olympiadbench-895,7,Autoformalisation failure
olympiadbench-896,0,True
olympiadbench-896,1,Autoformalisation failure
olympiadbench-896,2,True
olympiadbench-896,3,True
olympiadbench-896,4,Autoformalisation failure
olympiadbench-896,5,Autoformalisation failure
olympiadbench-896,6,Autoformalisation failure
olympiadbench-897,0,Autoformalisation failure
olympiadbench-897,1,Autoformalisation failure
olympiadbench-897,2,Autoformalisation failure
olympiadbench-897,3,False
olympiadbench-897,4,True
olympiadbench-897,5,Autoformalisation failure
olympiadbench-898,0,Autoformalisation failure
olympiadbench-898,1,Autoformalisation failure
olympiadbench-898,2,Autoformalisation failure
olympiadbench-898,3,Autoformalisation failure
olympiadbench-898,4,Autoformalisation failure
olympiadbench-898,5,Autoformalisation failure
olympiadbench-898,6,Autoformalisation failure
olympiadbench-898,7,Autoformalisation failure
olympiadbench-898,8,Autoformalisation failure
olympiadbench-899,0,Autoformalisation failure
olympiadbench-899,1,Autoformalisation failure
olympiadbench-899,2,Autoformalisation failure
olympiadbench-900,0,Autoformalisation failure
olympiadbench-900,1,Autoformalisation failure
olympiadbench-900,2,Autoformalisation failure
olympiadbench-900,3,Autoformalisation failure
olympiadbench-900,4,Autoformalisation failure
olympiadbench-901,0,Autoformalisation failure
olympiadbench-901,1,Autoformalisation failure
olympiadbench-901,2,Autoformalisation failure
olympiadbench-901,3,Autoformalisation failure
olympiadbench-901,4,True
olympiadbench-901,5,Autoformalisation failure
olympiadbench-901,6,Autoformalisation failure
olympiadbench-901,7,Autoformalisation failure
olympiadbench-901,8,Autoformalisation failure
olympiadbench-901,9,True
olympiadbench-901,10,Autoformalisation failure
olympiadbench-901,11,Autoformalisation failure
olympiadbench-901,12,Autoformalisation failure
olympiadbench-901,13,Autoformalisation failure
olympiadbench-902,0,False
olympiadbench-902,1,True
olympiadbench-902,2,Autoformalisation failure
olympiadbench-902,3,Prover failure
olympiadbench-902,4,Autoformalisation failure
olympiadbench-902,5,True
olympiadbench-902,6,True
olympiadbench-902,7,True
olympiadbench-903,0,Autoformalisation failure
olympiadbench-903,1,Autoformalisation failure
olympiadbench-903,2,Autoformalisation failure
olympiadbench-903,3,Autoformalisation failure
olympiadbench-904,0,True
olympiadbench-904,1,True
olympiadbench-904,2,True
olympiadbench-904,3,True
olympiadbench-904,4,Autoformalisation failure
olympiadbench-905,0,True
olympiadbench-905,1,True
olympiadbench-905,2,Autoformalisation failure
olympiadbench-905,3,Autoformalisation failure
olympiadbench-905,4,True
olympiadbench-905,5,True
olympiadbench-905,6,Autoformalisation failure
olympiadbench-905,7,Autoformalisation failure
olympiadbench-906,0,Autoformalisation failure
olympiadbench-906,1,Autoformalisation failure
olympiadbench-906,2,Autoformalisation failure
olympiadbench-906,3,Autoformalisation failure
olympiadbench-906,4,Autoformalisation failure
olympiadbench-906,5,Autoformalisation failure
olympiadbench-906,6,Autoformalisation failure
olympiadbench-906,7,Autoformalisation failure
olympiadbench-906,8,True
olympiadbench-906,9,Autoformalisation failure
olympiadbench-906,10,Autoformalisation failure
olympiadbench-907,0,Autoformalisation failure
olympiadbench-907,1,Autoformalisation failure
olympiadbench-907,2,Autoformalisation failure
olympiadbench-907,3,Autoformalisation failure
olympiadbench-907,4,Autoformalisation failure
olympiadbench-907,5,Autoformalisation failure
olympiadbench-907,6,Autoformalisation failure
olympiadbench-907,7,Autoformalisation failure
olympiadbench-907,8,Autoformalisation failure
olympiadbench-907,9,Autoformalisation failure
olympiadbench-907,10,Autoformalisation failure
olympiadbench-908,0,True
olympiadbench-908,1,Autoformalisation failure
olympiadbench-908,2,Autoformalisation failure
olympiadbench-908,3,True
olympiadbench-908,4,True
olympiadbench-909,0,Autoformalisation failure
olympiadbench-909,1,Autoformalisation failure
olympiadbench-909,2,Autoformalisation failure
olympiadbench-909,3,Autoformalisation failure
olympiadbench-909,4,Autoformalisation failure
olympiadbench-909,5,Autoformalisation failure
olympiadbench-909,6,Autoformalisation failure
olympiadbench-909,7,Autoformalisation failure
olympiadbench-909,8,Autoformalisation failure
olympiadbench-909,9,Autoformalisation failure
olympiadbench-910,0,Autoformalisation failure
olympiadbench-910,1,Autoformalisation failure
olympiadbench-910,2,Autoformalisation failure
olympiadbench-910,3,Autoformalisation failure
olympiadbench-910,4,Autoformalisation failure
olympiadbench-910,5,Autoformalisation failure
olympiadbench-910,6,Autoformalisation failure
olympiadbench-910,7,Autoformalisation failure
olympiadbench-910,8,Autoformalisation failure
olympiadbench-910,9,Autoformalisation failure
olympiadbench-910,10,Autoformalisation failure
olympiadbench-910,11,Autoformalisation failure
olympiadbench-911,0,True
olympiadbench-911,1,Autoformalisation failure
olympiadbench-911,2,Autoformalisation failure
olympiadbench-911,3,Autoformalisation failure
olympiadbench-911,4,True
olympiadbench-911,5,True
olympiadbench-911,6,True
olympiadbench-911,7,True
olympiadbench-911,8,True
olympiadbench-911,9,True
olympiadbench-911,10,True
olympiadbench-911,11,True
olympiadbench-911,12,Autoformalisation failure
olympiadbench-911,13,True
olympiadbench-911,14,True
olympiadbench-911,15,True
olympiadbench-912,0,True
olympiadbench-912,1,True
olympiadbench-912,2,True
olympiadbench-912,3,True
olympiadbench-912,4,True
olympiadbench-912,5,True
olympiadbench-912,6,True
olympiadbench-912,7,Autoformalisation failure
olympiadbench-912,8,True
olympiadbench-912,9,True
olympiadbench-913,0,True
olympiadbench-913,1,True
olympiadbench-913,2,Autoformalisation failure
olympiadbench-913,3,Prover failure
olympiadbench-913,4,True
olympiadbench-913,5,True
olympiadbench-913,6,True
olympiadbench-913,7,False
olympiadbench-914,0,Autoformalisation failure
olympiadbench-914,1,Autoformalisation failure
olympiadbench-914,2,Autoformalisation failure
olympiadbench-914,3,Autoformalisation failure
olympiadbench-914,4,Autoformalisation failure
olympiadbench-914,5,Autoformalisation failure
olympiadbench-914,6,Autoformalisation failure
olympiadbench-914,7,Autoformalisation failure
olympiadbench-914,8,Autoformalisation failure
olympiadbench-915,0,Autoformalisation failure
olympiadbench-915,1,Autoformalisation failure
olympiadbench-915,2,Autoformalisation failure
olympiadbench-915,3,Autoformalisation failure
olympiadbench-915,4,Autoformalisation failure
olympiadbench-915,5,Autoformalisation failure
olympiadbench-915,6,Autoformalisation failure
olympiadbench-915,7,Autoformalisation failure
olympiadbench-915,8,Autoformalisation failure
olympiadbench-915,9,Autoformalisation failure
olympiadbench-916,0,Prover failure
olympiadbench-916,1,True
olympiadbench-916,2,True
olympiadbench-916,3,True
olympiadbench-916,4,Prover failure
olympiadbench-916,5,Prover failure
olympiadbench-917,0,Autoformalisation failure
olympiadbench-917,1,Autoformalisation failure
olympiadbench-917,2,Autoformalisation failure
olympiadbench-917,3,Autoformalisation failure
olympiadbench-917,4,True
olympiadbench-917,5,Prover failure
olympiadbench-917,6,True
olympiadbench-917,7,True
olympiadbench-917,8,True
olympiadbench-917,9,Prover failure
olympiadbench-917,10,True
olympiadbench-917,11,Autoformalisation failure
olympiadbench-917,12,Autoformalisation failure
olympiadbench-918,0,Autoformalisation failure
olympiadbench-918,1,Autoformalisation failure
olympiadbench-918,2,Autoformalisation failure
olympiadbench-918,3,Autoformalisation failure
olympiadbench-918,4,Autoformalisation failure
olympiadbench-918,5,Autoformalisation failure
olympiadbench-918,6,True
olympiadbench-918,7,True
olympiadbench-918,8,Autoformalisation failure
olympiadbench-918,9,Autoformalisation failure
olympiadbench-918,10,True
olympiadbench-918,11,Autoformalisation failure
olympiadbench-918,12,Autoformalisation failure
olympiadbench-918,13,True
olympiadbench-918,14,Autoformalisation failure
olympiadbench-919,0,Autoformalisation failure
olympiadbench-919,1,Autoformalisation failure
olympiadbench-919,2,Autoformalisation failure
olympiadbench-919,3,Autoformalisation failure
olympiadbench-919,4,Autoformalisation failure
olympiadbench-919,5,True
olympiadbench-919,6,True
olympiadbench-919,7,True
olympiadbench-919,8,True
olympiadbench-920,0,Autoformalisation failure
olympiadbench-920,1,Autoformalisation failure
olympiadbench-920,2,True
olympiadbench-920,3,Autoformalisation failure
olympiadbench-920,4,Autoformalisation failure
olympiadbench-920,5,Autoformalisation failure
olympiadbench-920,6,Autoformalisation failure
olympiadbench-920,7,Autoformalisation failure
olympiadbench-921,0,Autoformalisation failure
olympiadbench-921,1,Autoformalisation failure
olympiadbench-921,2,Autoformalisation failure
olympiadbench-921,3,Autoformalisation failure
olympiadbench-921,4,Autoformalisation failure
olympiadbench-921,5,Autoformalisation failure
olympiadbench-921,6,Autoformalisation failure
olympiadbench-921,7,Autoformalisation failure
olympiadbench-921,8,Autoformalisation failure
olympiadbench-922,0,Autoformalisation failure
olympiadbench-922,1,Autoformalisation failure
olympiadbench-922,2,Autoformalisation failure
olympiadbench-922,3,True
olympiadbench-922,4,True
olympiadbench-923,0,True
olympiadbench-923,1,True
olympiadbench-923,2,True
olympiadbench-923,3,True
olympiadbench-923,4,True
olympiadbench-923,5,True
olympiadbench-924,0,True
olympiadbench-924,1,Autoformalisation failure
olympiadbench-924,2,True
olympiadbench-924,3,Autoformalisation failure
olympiadbench-925,0,True
olympiadbench-925,1,True
olympiadbench-925,2,Autoformalisation failure
olympiadbench-925,3,True
olympiadbench-925,4,Autoformalisation failure
olympiadbench-925,5,True
olympiadbench-925,6,Autoformalisation failure
olympiadbench-926,0,Autoformalisation failure
olympiadbench-926,1,Autoformalisation failure
olympiadbench-926,2,Autoformalisation failure
olympiadbench-926,3,Autoformalisation failure
olympiadbench-926,4,Autoformalisation failure
olympiadbench-926,5,Autoformalisation failure
olympiadbench-926,6,True
olympiadbench-926,7,Autoformalisation failure
olympiadbench-926,8,Autoformalisation failure
olympiadbench-927,0,Autoformalisation failure
olympiadbench-927,1,Autoformalisation failure
olympiadbench-927,2,Autoformalisation failure
olympiadbench-927,3,Autoformalisation failure
olympiadbench-927,4,Autoformalisation failure
olympiadbench-927,5,Autoformalisation failure
olympiadbench-927,6,Autoformalisation failure
olympiadbench-927,7,Autoformalisation failure
olympiadbench-927,8,Autoformalisation failure
olympiadbench-927,9,Autoformalisation failure
olympiadbench-927,10,Autoformalisation failure
olympiadbench-927,11,Autoformalisation failure
olympiadbench-927,12,Autoformalisation failure
olympiadbench-927,13,Autoformalisation failure
olympiadbench-927,14,Autoformalisation failure
olympiadbench-927,15,Autoformalisation failure
olympiadbench-927,16,Autoformalisation failure
olympiadbench-927,17,Autoformalisation failure
olympiadbench-928,0,True
olympiadbench-928,1,Autoformalisation failure
olympiadbench-928,2,Autoformalisation failure
olympiadbench-928,3,Autoformalisation failure
olympiadbench-928,4,Autoformalisation failure
olympiadbench-928,5,Autoformalisation failure
olympiadbench-928,6,Autoformalisation failure
olympiadbench-928,7,Autoformalisation failure
olympiadbench-928,8,True
olympiadbench-928,9,Autoformalisation failure
olympiadbench-928,10,True
olympiadbench-928,11,Autoformalisation failure
olympiadbench-929,0,Autoformalisation failure
olympiadbench-929,1,Autoformalisation failure
olympiadbench-929,2,Autoformalisation failure
olympiadbench-929,3,Autoformalisation failure
olympiadbench-929,4,True
olympiadbench-929,5,Autoformalisation failure
olympiadbench-930,0,Autoformalisation failure
olympiadbench-930,1,True
olympiadbench-930,2,Autoformalisation failure
olympiadbench-930,3,Autoformalisation failure
olympiadbench-930,4,Autoformalisation failure
olympiadbench-930,5,Autoformalisation failure
olympiadbench-930,6,Autoformalisation failure
olympiadbench-930,7,True
olympiadbench-930,8,Autoformalisation failure
olympiadbench-930,9,Autoformalisation failure
olympiadbench-930,10,Autoformalisation failure
olympiadbench-931,0,Autoformalisation failure
olympiadbench-931,1,Autoformalisation failure
olympiadbench-931,2,Autoformalisation failure
olympiadbench-931,3,Autoformalisation failure
olympiadbench-931,4,True
olympiadbench-931,5,True
olympiadbench-931,6,True
olympiadbench-931,7,True
olympiadbench-932,0,Autoformalisation failure
olympiadbench-932,1,False
olympiadbench-932,2,Prover failure
olympiadbench-932,3,Autoformalisation failure
olympiadbench-932,4,Autoformalisation failure
olympiadbench-932,5,False
olympiadbench-932,6,True
olympiadbench-932,7,True
olympiadbench-932,8,True
olympiadbench-932,9,True
olympiadbench-933,0,Autoformalisation failure
olympiadbench-933,1,Autoformalisation failure
olympiadbench-933,2,Autoformalisation failure
olympiadbench-933,3,Autoformalisation failure
olympiadbench-933,4,Autoformalisation failure
olympiadbench-933,5,Autoformalisation failure
olympiadbench-933,6,Autoformalisation failure
olympiadbench-934,0,Autoformalisation failure
olympiadbench-934,1,Autoformalisation failure
olympiadbench-934,2,True
olympiadbench-934,3,True
olympiadbench-934,4,True
olympiadbench-934,5,True
olympiadbench-934,6,Autoformalisation failure
olympiadbench-935,0,Autoformalisation failure
olympiadbench-935,1,Autoformalisation failure
olympiadbench-935,2,Autoformalisation failure
olympiadbench-935,3,Autoformalisation failure
olympiadbench-935,4,True
olympiadbench-935,5,True
olympiadbench-935,6,True
olympiadbench-935,7,True
olympiadbench-935,8,True
olympiadbench-935,9,True
olympiadbench-935,10,True
olympiadbench-935,11,Autoformalisation failure
olympiadbench-936,0,Autoformalisation failure
olympiadbench-936,1,Autoformalisation failure
olympiadbench-936,2,Autoformalisation failure
olympiadbench-936,3,Autoformalisation failure
olympiadbench-936,4,Autoformalisation failure
olympiadbench-936,5,Autoformalisation failure
olympiadbench-936,6,Autoformalisation failure
olympiadbench-936,7,Autoformalisation failure
olympiadbench-937,0,Autoformalisation failure
olympiadbench-937,1,Autoformalisation failure
olympiadbench-937,2,True
olympiadbench-937,3,True
olympiadbench-937,4,True
olympiadbench-938,0,Autoformalisation failure
olympiadbench-938,1,Autoformalisation failure
olympiadbench-938,2,Autoformalisation failure
olympiadbench-938,3,Autoformalisation failure
olympiadbench-938,4,Autoformalisation failure
olympiadbench-938,5,False
olympiadbench-938,6,True
olympiadbench-938,7,Autoformalisation failure
olympiadbench-938,8,True
olympiadbench-938,9,True
olympiadbench-938,10,True
olympiadbench-938,11,True
olympiadbench-938,12,Autoformalisation failure
olympiadbench-938,13,False
olympiadbench-938,14,Autoformalisation failure
olympiadbench-939,0,Autoformalisation failure
olympiadbench-939,1,Autoformalisation failure
olympiadbench-939,2,Autoformalisation failure
olympiadbench-939,3,Autoformalisation failure
olympiadbench-939,4,Autoformalisation failure
olympiadbench-939,5,True
olympiadbench-939,6,True
olympiadbench-939,7,True
olympiadbench-940,0,Autoformalisation failure
olympiadbench-940,1,False
olympiadbench-940,2,True
olympiadbench-940,3,True
olympiadbench-940,4,Autoformalisation failure
olympiadbench-940,5,Autoformalisation failure
olympiadbench-940,6,False
olympiadbench-940,7,Autoformalisation failure
olympiadbench-940,8,Autoformalisation failure
olympiadbench-940,9,Autoformalisation failure
olympiadbench-941,0,Autoformalisation failure
olympiadbench-941,1,Autoformalisation failure
olympiadbench-941,2,Autoformalisation failure
olympiadbench-941,3,Autoformalisation failure
olympiadbench-941,4,Autoformalisation failure
olympiadbench-941,5,Autoformalisation failure
olympiadbench-942,0,Autoformalisation failure
olympiadbench-942,1,Autoformalisation failure
olympiadbench-942,2,Autoformalisation failure
olympiadbench-942,3,Autoformalisation failure
olympiadbench-942,4,Autoformalisation failure
olympiadbench-942,5,Autoformalisation failure
olympiadbench-942,6,Autoformalisation failure
olympiadbench-942,7,Prover failure
olympiadbench-942,8,Prover failure
olympiadbench-942,9,Prover failure
olympiadbench-942,10,True
olympiadbench-942,11,True
olympiadbench-943,0,Autoformalisation failure
olympiadbench-943,1,Autoformalisation failure
olympiadbench-943,2,Autoformalisation failure
olympiadbench-943,3,Autoformalisation failure
olympiadbench-943,4,Autoformalisation failure
olympiadbench-943,5,Autoformalisation failure
olympiadbench-943,6,Autoformalisation failure
olympiadbench-943,7,Autoformalisation failure
olympiadbench-943,8,Autoformalisation failure
olympiadbench-943,9,True
olympiadbench-943,10,True
olympiadbench-943,11,True
olympiadbench-943,12,True
olympiadbench-943,13,True
olympiadbench-944,0,True
olympiadbench-944,1,True
olympiadbench-944,2,Autoformalisation failure
olympiadbench-944,3,True
olympiadbench-944,4,Autoformalisation failure
olympiadbench-944,5,Autoformalisation failure
olympiadbench-944,6,True
olympiadbench-944,7,True
olympiadbench-944,8,True
olympiadbench-944,9,Prover failure
olympiadbench-944,10,True
olympiadbench-944,11,Prover failure
olympiadbench-944,12,True
olympiadbench-945,0,Autoformalisation failure
olympiadbench-945,1,Autoformalisation failure
olympiadbench-945,2,Autoformalisation failure
olympiadbench-945,3,Autoformalisation failure
olympiadbench-945,4,Autoformalisation failure
olympiadbench-945,5,Autoformalisation failure
olympiadbench-945,6,Autoformalisation failure
olympiadbench-945,7,Autoformalisation failure
olympiadbench-945,8,Autoformalisation failure
olympiadbench-946,0,Autoformalisation failure
olympiadbench-946,1,Autoformalisation failure
olympiadbench-946,2,Autoformalisation failure
olympiadbench-946,3,Autoformalisation failure
olympiadbench-946,4,True
olympiadbench-946,5,Autoformalisation failure
olympiadbench-946,6,Autoformalisation failure
olympiadbench-946,7,Autoformalisation failure
olympiadbench-947,0,Autoformalisation failure
olympiadbench-947,1,Autoformalisation failure
olympiadbench-947,2,Autoformalisation failure
olympiadbench-947,3,Autoformalisation failure
olympiadbench-947,4,Autoformalisation failure
olympiadbench-947,5,Autoformalisation failure
olympiadbench-947,6,Autoformalisation failure
olympiadbench-947,7,Autoformalisation failure
olympiadbench-947,8,True
olympiadbench-947,9,Autoformalisation failure
olympiadbench-947,10,Autoformalisation failure
olympiadbench-948,0,Autoformalisation failure
olympiadbench-948,1,Autoformalisation failure
olympiadbench-948,2,True
olympiadbench-948,3,True
olympiadbench-949,0,Autoformalisation failure
olympiadbench-949,1,Autoformalisation failure
olympiadbench-949,2,Autoformalisation failure
olympiadbench-949,3,Autoformalisation failure
olympiadbench-949,4,Autoformalisation failure
olympiadbench-949,5,False
olympiadbench-949,6,Autoformalisation failure
olympiadbench-950,0,Autoformalisation failure
olympiadbench-950,1,Autoformalisation failure
olympiadbench-950,2,Autoformalisation failure
olympiadbench-950,3,Autoformalisation failure
olympiadbench-950,4,Autoformalisation failure
olympiadbench-950,5,False
olympiadbench-950,6,True
olympiadbench-950,7,Autoformalisation failure
olympiadbench-951,0,True
olympiadbench-951,1,True
olympiadbench-951,2,True
olympiadbench-951,3,True
olympiadbench-951,4,True
olympiadbench-951,5,Prover failure
olympiadbench-951,6,True
olympiadbench-952,0,True
olympiadbench-952,1,Autoformalisation failure
olympiadbench-952,2,True
olympiadbench-952,3,Autoformalisation failure
olympiadbench-952,4,Autoformalisation failure
olympiadbench-952,5,True
olympiadbench-952,6,Autoformalisation failure
olympiadbench-952,7,True
olympiadbench-952,8,Autoformalisation failure
olympiadbench-953,0,Autoformalisation failure
olympiadbench-953,1,Autoformalisation failure
olympiadbench-953,2,Autoformalisation failure
olympiadbench-953,3,Autoformalisation failure
olympiadbench-954,0,Autoformalisation failure
olympiadbench-954,1,Autoformalisation failure
olympiadbench-954,2,Autoformalisation failure
olympiadbench-954,3,Autoformalisation failure
olympiadbench-954,4,Autoformalisation failure
olympiadbench-954,5,Autoformalisation failure
olympiadbench-954,6,True
olympiadbench-954,7,Autoformalisation failure
olympiadbench-954,8,Autoformalisation failure
olympiadbench-954,9,Autoformalisation failure
olympiadbench-954,10,Autoformalisation failure
olympiadbench-954,11,True
olympiadbench-954,12,True
olympiadbench-954,13,True
olympiadbench-954,14,True
olympiadbench-954,15,Autoformalisation failure
olympiadbench-955,0,True
olympiadbench-955,1,True
olympiadbench-955,2,True
olympiadbench-955,3,True
olympiadbench-955,4,True
olympiadbench-955,5,Prover failure
olympiadbench-955,6,Prover failure
olympiadbench-955,7,True
olympiadbench-956,0,Autoformalisation failure
olympiadbench-956,1,Autoformalisation failure
olympiadbench-956,2,Autoformalisation failure
olympiadbench-956,3,Autoformalisation failure
olympiadbench-956,4,Autoformalisation failure
olympiadbench-956,5,Autoformalisation failure
olympiadbench-956,6,Autoformalisation failure
olympiadbench-956,7,Autoformalisation failure
olympiadbench-956,8,Autoformalisation failure
olympiadbench-956,9,Autoformalisation failure
olympiadbench-956,10,Autoformalisation failure
olympiadbench-957,0,True
olympiadbench-957,1,Autoformalisation failure
olympiadbench-957,2,Autoformalisation failure
olympiadbench-957,3,True
olympiadbench-958,0,Autoformalisation failure
olympiadbench-958,1,Autoformalisation failure
olympiadbench-958,2,Autoformalisation failure
olympiadbench-958,3,Autoformalisation failure
olympiadbench-958,4,Autoformalisation failure
olympiadbench-958,5,Autoformalisation failure
olympiadbench-958,6,Autoformalisation failure
olympiadbench-958,7,Autoformalisation failure
olympiadbench-959,0,Autoformalisation failure
olympiadbench-959,1,Autoformalisation failure
olympiadbench-959,2,Autoformalisation failure
olympiadbench-959,3,Autoformalisation failure
olympiadbench-959,4,Prover failure
olympiadbench-959,5,True
olympiadbench-959,6,True
olympiadbench-959,7,True
olympiadbench-959,8,True
olympiadbench-959,9,True
olympiadbench-959,10,Autoformalisation failure
olympiadbench-959,11,Autoformalisation failure
olympiadbench-960,0,Autoformalisation failure
olympiadbench-960,1,Autoformalisation failure
olympiadbench-960,2,Autoformalisation failure
olympiadbench-960,3,Autoformalisation failure
olympiadbench-960,4,True
olympiadbench-960,5,Autoformalisation failure
olympiadbench-960,6,Autoformalisation failure
olympiadbench-961,0,Autoformalisation failure
olympiadbench-961,1,Autoformalisation failure
olympiadbench-961,2,True
olympiadbench-961,3,False
olympiadbench-961,4,Autoformalisation failure
olympiadbench-962,0,True
olympiadbench-962,1,Autoformalisation failure
olympiadbench-962,2,Autoformalisation failure
olympiadbench-962,3,Autoformalisation failure
olympiadbench-962,4,Autoformalisation failure
olympiadbench-962,5,Autoformalisation failure
olympiadbench-963,0,Autoformalisation failure
olympiadbench-963,1,Autoformalisation failure
olympiadbench-963,2,Prover failure
olympiadbench-963,3,Autoformalisation failure
olympiadbench-963,4,True
olympiadbench-964,0,Autoformalisation failure
olympiadbench-964,1,Autoformalisation failure
olympiadbench-964,2,Autoformalisation failure
olympiadbench-964,3,Autoformalisation failure
olympiadbench-964,4,Autoformalisation failure
olympiadbench-964,5,Autoformalisation failure
olympiadbench-964,6,Autoformalisation failure
olympiadbench-964,7,Autoformalisation failure
olympiadbench-965,0,Autoformalisation failure
olympiadbench-965,1,Autoformalisation failure
olympiadbench-965,2,Autoformalisation failure
olympiadbench-965,3,True
olympiadbench-965,4,True
olympiadbench-965,5,True
olympiadbench-965,6,True
olympiadbench-965,7,True
olympiadbench-966,0,True
olympiadbench-966,1,True
olympiadbench-966,2,True
olympiadbench-966,3,True
olympiadbench-966,4,True
olympiadbench-966,5,True
olympiadbench-967,0,Autoformalisation failure
olympiadbench-967,1,Autoformalisation failure
olympiadbench-967,2,Autoformalisation failure
olympiadbench-967,3,Autoformalisation failure
olympiadbench-967,4,Autoformalisation failure
olympiadbench-967,5,Autoformalisation failure
olympiadbench-967,6,Autoformalisation failure
olympiadbench-967,7,Autoformalisation failure
olympiadbench-967,8,Autoformalisation failure
olympiadbench-967,9,Autoformalisation failure
olympiadbench-967,10,Autoformalisation failure
olympiadbench-968,0,Autoformalisation failure
olympiadbench-968,1,Autoformalisation failure
olympiadbench-968,2,Autoformalisation failure
olympiadbench-968,3,Autoformalisation failure
olympiadbench-968,4,Autoformalisation failure
olympiadbench-968,5,Autoformalisation failure
olympiadbench-968,6,True
olympiadbench-968,7,Autoformalisation failure
olympiadbench-968,8,Autoformalisation failure
olympiadbench-969,0,True
olympiadbench-969,1,True
olympiadbench-969,2,Autoformalisation failure
olympiadbench-969,3,Autoformalisation failure
olympiadbench-969,4,Autoformalisation failure
olympiadbench-969,5,Autoformalisation failure
olympiadbench-969,6,True
olympiadbench-969,7,True
olympiadbench-969,8,True
olympiadbench-969,9,Autoformalisation failure
olympiadbench-969,10,Autoformalisation failure
olympiadbench-969,11,Autoformalisation failure
olympiadbench-969,12,Autoformalisation failure
olympiadbench-969,13,True
olympiadbench-969,14,Autoformalisation failure
olympiadbench-969,15,True
olympiadbench-969,16,True
olympiadbench-969,17,True
olympiadbench-969,18,Autoformalisation failure
olympiadbench-969,19,Autoformalisation failure
olympiadbench-970,0,Autoformalisation failure
olympiadbench-970,1,True
olympiadbench-970,2,Autoformalisation failure
olympiadbench-970,3,Autoformalisation failure
olympiadbench-970,4,Autoformalisation failure
olympiadbench-970,5,False
olympiadbench-970,6,False
olympiadbench-971,0,Autoformalisation failure
olympiadbench-971,1,Autoformalisation failure
olympiadbench-971,2,Autoformalisation failure
olympiadbench-971,3,Autoformalisation failure
olympiadbench-971,4,Prover failure
olympiadbench-971,5,Autoformalisation failure
olympiadbench-971,6,Autoformalisation failure
olympiadbench-971,7,Autoformalisation failure
olympiadbench-971,8,Autoformalisation failure
olympiadbench-971,9,Autoformalisation failure
olympiadbench-971,10,Autoformalisation failure
olympiadbench-971,11,Autoformalisation failure
olympiadbench-971,12,Autoformalisation failure
olympiadbench-972,0,Autoformalisation failure
olympiadbench-972,1,True
olympiadbench-972,2,Autoformalisation failure
olympiadbench-972,3,True
olympiadbench-972,4,True
olympiadbench-972,5,True
olympiadbench-972,6,True
olympiadbench-973,0,True
olympiadbench-973,1,True
olympiadbench-973,2,True
olympiadbench-973,3,True
olympiadbench-973,4,True
olympiadbench-973,5,Autoformalisation failure
olympiadbench-974,0,True
olympiadbench-974,1,True
olympiadbench-974,2,Autoformalisation failure
olympiadbench-974,3,Autoformalisation failure
olympiadbench-974,4,Autoformalisation failure
olympiadbench-974,5,Autoformalisation failure
olympiadbench-974,6,Autoformalisation failure
olympiadbench-974,7,Autoformalisation failure
olympiadbench-974,8,Autoformalisation failure
olympiadbench-975,0,Autoformalisation failure
olympiadbench-975,1,True
olympiadbench-975,2,Autoformalisation failure
olympiadbench-975,3,True
olympiadbench-975,4,True
olympiadbench-975,5,Autoformalisation failure
olympiadbench-975,6,Autoformalisation failure
olympiadbench-975,7,Autoformalisation failure
olympiadbench-976,0,True
olympiadbench-976,1,True
olympiadbench-976,2,True
olympiadbench-976,3,True
olympiadbench-976,4,True
olympiadbench-976,5,True
olympiadbench-976,6,True
olympiadbench-976,7,True
olympiadbench-976,8,True
olympiadbench-976,9,True
olympiadbench-977,0,Autoformalisation failure
olympiadbench-977,1,Autoformalisation failure
olympiadbench-977,2,Autoformalisation failure
olympiadbench-977,3,Autoformalisation failure
olympiadbench-977,4,Autoformalisation failure
olympiadbench-977,5,Autoformalisation failure
olympiadbench-978,0,True
olympiadbench-978,1,Autoformalisation failure
olympiadbench-978,2,Autoformalisation failure
olympiadbench-978,3,True
olympiadbench-978,4,True
olympiadbench-978,5,Autoformalisation failure
olympiadbench-978,6,Autoformalisation failure
olympiadbench-978,7,False
olympiadbench-978,8,Autoformalisation failure
olympiadbench-978,9,Autoformalisation failure
olympiadbench-978,10,Autoformalisation failure
olympiadbench-978,11,Prover failure
olympiadbench-978,12,True
olympiadbench-978,13,True
olympiadbench-978,14,True
olympiadbench-978,15,Autoformalisation failure
olympiadbench-979,0,Autoformalisation failure
olympiadbench-979,1,Autoformalisation failure
olympiadbench-979,2,Autoformalisation failure
olympiadbench-979,3,Autoformalisation failure
olympiadbench-979,4,Autoformalisation failure
olympiadbench-980,0,Autoformalisation failure
olympiadbench-980,1,Autoformalisation failure
olympiadbench-980,2,True
olympiadbench-980,3,True
olympiadbench-980,4,Autoformalisation failure
olympiadbench-980,5,Autoformalisation failure
olympiadbench-980,6,True
olympiadbench-981,0,Autoformalisation failure
olympiadbench-981,1,Autoformalisation failure
olympiadbench-981,2,Prover failure
olympiadbench-981,3,False
olympiadbench-981,4,False
olympiadbench-981,5,True
olympiadbench-982,0,Autoformalisation failure
olympiadbench-982,1,Autoformalisation failure
olympiadbench-982,2,True
olympiadbench-982,3,True
olympiadbench-982,4,Autoformalisation failure
olympiadbench-983,0,Autoformalisation failure
olympiadbench-983,1,Autoformalisation failure
olympiadbench-983,2,Autoformalisation failure
olympiadbench-983,3,Autoformalisation failure
olympiadbench-983,4,Autoformalisation failure
olympiadbench-983,5,Autoformalisation failure
olympiadbench-983,6,Autoformalisation failure
olympiadbench-983,7,Autoformalisation failure
olympiadbench-983,8,Autoformalisation failure
olympiadbench-983,9,Autoformalisation failure
olympiadbench-983,10,Autoformalisation failure
olympiadbench-983,11,Autoformalisation failure
olympiadbench-983,12,Autoformalisation failure
olympiadbench-983,13,Autoformalisation failure
olympiadbench-983,14,Autoformalisation failure
olympiadbench-983,15,Autoformalisation failure
olympiadbench-983,16,Autoformalisation failure
olympiadbench-984,0,Autoformalisation failure
olympiadbench-984,1,Autoformalisation failure
olympiadbench-984,2,Autoformalisation failure
olympiadbench-984,3,Autoformalisation failure
olympiadbench-984,4,Autoformalisation failure
olympiadbench-984,5,Autoformalisation failure
olympiadbench-984,6,Autoformalisation failure
olympiadbench-984,7,Autoformalisation failure
olympiadbench-985,0,Prover failure
olympiadbench-985,1,Autoformalisation failure
olympiadbench-985,2,Autoformalisation failure
olympiadbench-985,3,Autoformalisation failure
olympiadbench-985,4,True
olympiadbench-985,5,True
olympiadbench-985,6,Autoformalisation failure
olympiadbench-986,0,Autoformalisation failure
olympiadbench-986,1,Autoformalisation failure
olympiadbench-986,2,Autoformalisation failure
olympiadbench-986,3,Autoformalisation failure
olympiadbench-986,4,Autoformalisation failure
olympiadbench-986,5,Autoformalisation failure
olympiadbench-986,6,Autoformalisation failure
olympiadbench-986,7,Autoformalisation failure
olympiadbench-986,8,True
olympiadbench-986,9,Autoformalisation failure
olympiadbench-986,10,Autoformalisation failure
olympiadbench-986,11,Autoformalisation failure
olympiadbench-986,12,Autoformalisation failure
olympiadbench-986,13,Autoformalisation failure
olympiadbench-987,0,True
olympiadbench-987,1,True
olympiadbench-987,2,True
olympiadbench-987,3,True
olympiadbench-987,4,True
olympiadbench-987,5,True
olympiadbench-988,0,True
olympiadbench-988,1,True
olympiadbench-988,2,True
olympiadbench-989,0,Autoformalisation failure
olympiadbench-989,1,True
olympiadbench-989,2,True
olympiadbench-989,3,True
olympiadbench-989,4,True
olympiadbench-989,5,Autoformalisation failure
olympiadbench-989,6,True
olympiadbench-989,7,Autoformalisation failure
olympiadbench-989,8,True
olympiadbench-989,9,True
olympiadbench-989,10,True
olympiadbench-989,11,True
olympiadbench-989,12,Autoformalisation failure
olympiadbench-990,0,Prover failure
olympiadbench-990,1,True
olympiadbench-990,2,Autoformalisation failure
olympiadbench-990,3,Autoformalisation failure
olympiadbench-990,4,Prover failure
olympiadbench-990,5,Autoformalisation failure
olympiadbench-991,0,Autoformalisation failure
olympiadbench-991,1,Autoformalisation failure
olympiadbench-991,2,Autoformalisation failure
olympiadbench-991,3,Autoformalisation failure
olympiadbench-991,4,Autoformalisation failure
olympiadbench-991,5,Autoformalisation failure
olympiadbench-991,6,Autoformalisation failure
olympiadbench-991,7,Autoformalisation failure
olympiadbench-991,8,True
olympiadbench-991,9,True
olympiadbench-991,10,True
olympiadbench-991,11,True
olympiadbench-991,12,True
olympiadbench-991,13,Autoformalisation failure
olympiadbench-992,0,False
olympiadbench-992,1,True
olympiadbench-992,2,Autoformalisation failure
olympiadbench-992,3,Autoformalisation failure
olympiadbench-992,4,True
olympiadbench-992,5,True
olympiadbench-993,0,True
olympiadbench-993,1,True
olympiadbench-993,2,Autoformalisation failure
olympiadbench-993,3,True
olympiadbench-993,4,True
olympiadbench-993,5,True
olympiadbench-994,0,Autoformalisation failure
olympiadbench-994,1,Autoformalisation failure
olympiadbench-994,2,Autoformalisation failure
olympiadbench-994,3,Autoformalisation failure
olympiadbench-994,4,Autoformalisation failure
olympiadbench-994,5,Autoformalisation failure
olympiadbench-994,6,Autoformalisation failure
olympiadbench-994,7,False
olympiadbench-994,8,Autoformalisation failure
olympiadbench-994,9,Autoformalisation failure
olympiadbench-995,0,Autoformalisation failure
olympiadbench-995,1,Autoformalisation failure
olympiadbench-995,2,Autoformalisation failure
olympiadbench-995,3,Autoformalisation failure
olympiadbench-995,4,Autoformalisation failure
olympiadbench-995,5,Autoformalisation failure
olympiadbench-995,6,False
olympiadbench-995,7,True
olympiadbench-995,8,True
olympiadbench-995,9,True
olympiadbench-995,10,True
olympiadbench-995,11,True
olympiadbench-995,12,True
olympiadbench-995,13,True
olympiadbench-995,14,True
olympiadbench-995,15,Autoformalisation failure
olympiadbench-995,16,True
olympiadbench-995,17,True
olympiadbench-995,18,True
olympiadbench-995,19,True
olympiadbench-995,20,True
olympiadbench-995,21,True
olympiadbench-995,22,True
olympiadbench-996,0,Autoformalisation failure
olympiadbench-996,1,Autoformalisation failure
olympiadbench-996,2,Autoformalisation failure
olympiadbench-996,3,Autoformalisation failure
olympiadbench-996,4,Autoformalisation failure
olympiadbench-996,5,Autoformalisation failure
olympiadbench-996,6,Autoformalisation failure
olympiadbench-996,7,Autoformalisation failure
olympiadbench-996,8,Autoformalisation failure
olympiadbench-996,9,Autoformalisation failure
olympiadbench-996,10,Autoformalisation failure
olympiadbench-997,0,Autoformalisation failure
olympiadbench-997,1,Autoformalisation failure
olympiadbench-997,2,Autoformalisation failure
olympiadbench-997,3,Autoformalisation failure
olympiadbench-997,4,Autoformalisation failure
olympiadbench-998,0,Autoformalisation failure
olympiadbench-998,1,Autoformalisation failure
olympiadbench-998,2,Autoformalisation failure
olympiadbench-998,3,True
olympiadbench-998,4,True
olympiadbench-998,5,True
olympiadbench-998,6,False
olympiadbench-998,7,False
olympiadbench-999,0,Autoformalisation failure
olympiadbench-999,1,Autoformalisation failure
olympiadbench-999,2,Autoformalisation failure
olympiadbench-999,3,Autoformalisation failure
olympiadbench-999,4,Autoformalisation failure
olympiadbench-999,5,Autoformalisation failure
olympiadbench-999,6,Autoformalisation failure
olympiadbench-999,7,Autoformalisation failure
olympiadbench-999,8,Autoformalisation failure
olympiadbench-999,9,True
olympiadbench-999,10,Autoformalisation failure
omnimath-0,0,Autoformalisation failure
omnimath-0,1,Autoformalisation failure
omnimath-0,2,Autoformalisation failure
omnimath-0,3,False
omnimath-0,4,Autoformalisation failure
omnimath-0,5,Autoformalisation failure
omnimath-1,0,Autoformalisation failure
omnimath-1,1,Autoformalisation failure
omnimath-1,2,Autoformalisation failure
omnimath-1,3,Autoformalisation failure
omnimath-1,4,True
omnimath-1,5,True
omnimath-1,6,True
omnimath-1,7,Autoformalisation failure
omnimath-1,8,Autoformalisation failure
omnimath-1,9,Autoformalisation failure
omnimath-1,10,Prover failure
omnimath-1,11,Autoformalisation failure
omnimath-2,0,Autoformalisation failure
omnimath-2,1,Autoformalisation failure
omnimath-2,2,False
omnimath-2,3,Autoformalisation failure
omnimath-2,4,Autoformalisation failure
omnimath-3,0,Autoformalisation failure
omnimath-3,1,Autoformalisation failure
omnimath-3,2,Autoformalisation failure
omnimath-3,3,Autoformalisation failure
omnimath-3,4,Autoformalisation failure
omnimath-3,5,Autoformalisation failure
omnimath-3,6,Autoformalisation failure
omnimath-3,7,Autoformalisation failure
omnimath-4,0,Autoformalisation failure
omnimath-4,1,Autoformalisation failure
omnimath-4,2,Autoformalisation failure
omnimath-4,3,Autoformalisation failure
omnimath-5,0,Autoformalisation failure
omnimath-5,1,Autoformalisation failure
omnimath-5,2,True
omnimath-5,3,True
omnimath-5,4,Autoformalisation failure
omnimath-5,5,Autoformalisation failure
omnimath-5,6,Autoformalisation failure
omnimath-5,7,Autoformalisation failure
omnimath-5,8,Autoformalisation failure
omnimath-5,9,Autoformalisation failure
omnimath-5,10,Autoformalisation failure
omnimath-5,11,Autoformalisation failure
omnimath-5,12,Autoformalisation failure
omnimath-5,13,Autoformalisation failure
omnimath-5,14,Autoformalisation failure
omnimath-5,15,Autoformalisation failure
omnimath-5,16,Autoformalisation failure
omnimath-6,0,Prover failure
omnimath-6,1,True
omnimath-6,2,True
omnimath-6,3,Autoformalisation failure
omnimath-6,4,Autoformalisation failure
omnimath-7,0,Autoformalisation failure
omnimath-7,1,True
omnimath-7,2,Autoformalisation failure
omnimath-7,3,True
omnimath-7,4,Autoformalisation failure
omnimath-7,5,True
omnimath-7,6,True
omnimath-8,0,False
omnimath-8,1,True
omnimath-8,2,Autoformalisation failure
omnimath-8,3,Autoformalisation failure
omnimath-8,4,False
omnimath-8,5,False
omnimath-9,0,Autoformalisation failure
omnimath-9,1,Autoformalisation failure
omnimath-9,2,Autoformalisation failure
omnimath-9,3,Autoformalisation failure
omnimath-9,4,True
omnimath-9,5,Autoformalisation failure
omnimath-9,6,Autoformalisation failure
omnimath-9,7,True
omnimath-9,8,Autoformalisation failure
omnimath-9,9,True
omnimath-9,10,Autoformalisation failure
omnimath-9,11,False
omnimath-9,12,False
omnimath-10,0,Autoformalisation failure
omnimath-10,1,Autoformalisation failure
omnimath-10,2,Autoformalisation failure
omnimath-10,3,Autoformalisation failure
omnimath-10,4,Autoformalisation failure
omnimath-10,5,Autoformalisation failure
omnimath-10,6,Autoformalisation failure
omnimath-10,7,Autoformalisation failure
omnimath-11,0,Autoformalisation failure
omnimath-11,1,Autoformalisation failure
omnimath-11,2,Autoformalisation failure
omnimath-11,3,Autoformalisation failure
omnimath-11,4,Autoformalisation failure
omnimath-11,5,Autoformalisation failure
omnimath-11,6,Autoformalisation failure
omnimath-11,7,Autoformalisation failure
omnimath-11,8,Autoformalisation failure
omnimath-11,9,Autoformalisation failure
omnimath-11,10,Autoformalisation failure
omnimath-11,11,Autoformalisation failure
omnimath-11,12,Autoformalisation failure
omnimath-12,0,Autoformalisation failure
omnimath-12,1,Autoformalisation failure
omnimath-12,2,Autoformalisation failure
omnimath-12,3,Autoformalisation failure
omnimath-12,4,Autoformalisation failure
omnimath-12,5,Autoformalisation failure
omnimath-13,0,True
omnimath-13,1,True
omnimath-13,2,False
omnimath-13,3,False
omnimath-13,4,True
omnimath-13,5,True
omnimath-13,6,True
omnimath-14,0,Prover failure
omnimath-14,1,Prover failure
omnimath-14,2,Prover failure
omnimath-14,3,Autoformalisation failure
omnimath-14,4,Prover failure
omnimath-14,5,True
omnimath-14,6,Autoformalisation failure
omnimath-14,7,Autoformalisation failure
omnimath-14,8,True
omnimath-14,9,True
omnimath-15,0,Autoformalisation failure
omnimath-15,1,Autoformalisation failure
omnimath-15,2,Autoformalisation failure
omnimath-15,3,Autoformalisation failure
omnimath-15,4,Autoformalisation failure
omnimath-15,5,Autoformalisation failure
omnimath-15,6,Autoformalisation failure
omnimath-15,7,Autoformalisation failure
omnimath-15,8,Autoformalisation failure
omnimath-16,0,Autoformalisation failure
omnimath-16,1,Autoformalisation failure
omnimath-16,2,Autoformalisation failure
omnimath-16,3,Autoformalisation failure
omnimath-16,4,False
omnimath-16,5,Autoformalisation failure
omnimath-16,6,Autoformalisation failure
omnimath-16,7,True
omnimath-16,8,False
omnimath-16,9,Autoformalisation failure
omnimath-16,10,Autoformalisation failure
omnimath-16,11,Autoformalisation failure
omnimath-16,12,False
omnimath-16,13,Autoformalisation failure
omnimath-16,14,Autoformalisation failure
omnimath-16,15,Prover failure
omnimath-16,16,Autoformalisation failure
omnimath-16,17,Autoformalisation failure
omnimath-16,18,True
omnimath-16,19,False
omnimath-16,20,Prover failure
omnimath-16,21,False
omnimath-16,22,Autoformalisation failure
omnimath-17,0,Autoformalisation failure
omnimath-17,1,Autoformalisation failure
omnimath-17,2,Autoformalisation failure
omnimath-17,3,Autoformalisation failure
omnimath-17,4,Autoformalisation failure
omnimath-17,5,Autoformalisation failure
omnimath-17,6,Autoformalisation failure
omnimath-17,7,Autoformalisation failure
omnimath-17,8,Autoformalisation failure
omnimath-18,0,True
omnimath-18,1,False
omnimath-18,2,False
omnimath-18,3,False
omnimath-18,4,Autoformalisation failure
omnimath-18,5,True
omnimath-18,6,False
omnimath-19,0,Autoformalisation failure
omnimath-19,1,True
omnimath-19,2,Autoformalisation failure
omnimath-19,3,Autoformalisation failure
omnimath-19,4,Autoformalisation failure
omnimath-19,5,Autoformalisation failure
omnimath-20,0,Autoformalisation failure
omnimath-20,1,Autoformalisation failure
omnimath-20,2,Autoformalisation failure
omnimath-20,3,Autoformalisation failure
omnimath-20,4,Autoformalisation failure
omnimath-21,0,Autoformalisation failure
omnimath-21,1,Autoformalisation failure
omnimath-21,2,Autoformalisation failure
omnimath-21,3,Autoformalisation failure
omnimath-21,4,Autoformalisation failure
omnimath-21,5,Autoformalisation failure
omnimath-21,6,Autoformalisation failure
omnimath-21,7,Autoformalisation failure
omnimath-21,8,Autoformalisation failure
omnimath-21,9,Autoformalisation failure
omnimath-22,0,Autoformalisation failure
omnimath-22,1,Autoformalisation failure
omnimath-22,2,Autoformalisation failure
omnimath-22,3,Autoformalisation failure
omnimath-22,4,Autoformalisation failure
omnimath-22,5,Autoformalisation failure
omnimath-22,6,Autoformalisation failure
omnimath-22,7,Autoformalisation failure
omnimath-22,8,False
omnimath-22,9,Autoformalisation failure
omnimath-22,10,Autoformalisation failure
omnimath-22,11,Autoformalisation failure
omnimath-23,0,Autoformalisation failure
omnimath-23,1,Autoformalisation failure
omnimath-23,2,Autoformalisation failure
omnimath-23,3,Autoformalisation failure
omnimath-23,4,Autoformalisation failure
omnimath-24,0,True
omnimath-24,1,Autoformalisation failure
omnimath-24,2,Autoformalisation failure
omnimath-24,3,Autoformalisation failure
omnimath-24,4,True
omnimath-24,5,True
omnimath-25,0,Autoformalisation failure
omnimath-25,1,Autoformalisation failure
omnimath-25,2,Autoformalisation failure
omnimath-25,3,True
omnimath-25,4,True
omnimath-25,5,True
omnimath-25,6,True
omnimath-25,7,True
omnimath-25,8,Prover failure
omnimath-25,9,Autoformalisation failure
omnimath-26,0,Autoformalisation failure
omnimath-26,1,Autoformalisation failure
omnimath-26,2,Autoformalisation failure
omnimath-26,3,Autoformalisation failure
omnimath-26,4,Autoformalisation failure
omnimath-26,5,Autoformalisation failure
omnimath-26,6,Autoformalisation failure
omnimath-26,7,Autoformalisation failure
omnimath-26,8,Autoformalisation failure
omnimath-26,9,Autoformalisation failure
omnimath-26,10,Autoformalisation failure
omnimath-27,0,Autoformalisation failure
omnimath-27,1,Autoformalisation failure
omnimath-27,2,Autoformalisation failure
omnimath-27,3,Autoformalisation failure
omnimath-27,4,Autoformalisation failure
omnimath-27,5,Autoformalisation failure
omnimath-27,6,Autoformalisation failure
omnimath-28,0,Autoformalisation failure
omnimath-28,1,Autoformalisation failure
omnimath-28,2,Autoformalisation failure
omnimath-28,3,Autoformalisation failure
omnimath-28,4,Autoformalisation failure
omnimath-28,5,Autoformalisation failure
omnimath-28,6,Autoformalisation failure
omnimath-28,7,Autoformalisation failure
omnimath-28,8,Autoformalisation failure
omnimath-28,9,Autoformalisation failure
omnimath-28,10,Autoformalisation failure
omnimath-28,11,Autoformalisation failure
omnimath-28,12,Autoformalisation failure
omnimath-28,13,Autoformalisation failure
omnimath-28,14,Autoformalisation failure
omnimath-28,15,Autoformalisation failure
omnimath-28,16,Autoformalisation failure
omnimath-28,17,Autoformalisation failure
omnimath-28,18,Autoformalisation failure
omnimath-28,19,Autoformalisation failure
omnimath-28,20,Autoformalisation failure
omnimath-28,21,Autoformalisation failure
omnimath-28,22,Autoformalisation failure
omnimath-28,23,Autoformalisation failure
omnimath-28,24,Autoformalisation failure
omnimath-29,0,Autoformalisation failure
omnimath-29,1,True
omnimath-29,2,Autoformalisation failure
omnimath-29,3,Autoformalisation failure
omnimath-29,4,Autoformalisation failure
omnimath-29,5,Autoformalisation failure
omnimath-29,6,Autoformalisation failure
omnimath-30,0,Autoformalisation failure
omnimath-30,1,True
omnimath-30,2,True
omnimath-30,3,True
omnimath-30,4,True
omnimath-30,5,False
omnimath-30,6,True
omnimath-30,7,Prover failure
omnimath-31,0,Autoformalisation failure
omnimath-31,1,False
omnimath-31,2,Autoformalisation failure
omnimath-31,3,True
omnimath-31,4,True
omnimath-32,0,Autoformalisation failure
omnimath-32,1,Autoformalisation failure
omnimath-32,2,Autoformalisation failure
omnimath-32,3,Autoformalisation failure
omnimath-32,4,Autoformalisation failure
omnimath-32,5,Autoformalisation failure
omnimath-32,6,Autoformalisation failure
omnimath-33,0,Prover failure
omnimath-33,1,Prover failure
omnimath-33,2,Prover failure
omnimath-33,3,True
omnimath-33,4,False
omnimath-33,5,Prover failure
omnimath-34,0,Autoformalisation failure
omnimath-34,1,Autoformalisation failure
omnimath-34,2,Autoformalisation failure
omnimath-34,3,Autoformalisation failure
omnimath-34,4,Autoformalisation failure
omnimath-34,5,Autoformalisation failure
omnimath-34,6,Autoformalisation failure
omnimath-34,7,Autoformalisation failure
omnimath-34,8,Autoformalisation failure
omnimath-35,0,Autoformalisation failure
omnimath-35,1,Autoformalisation failure
omnimath-35,2,Autoformalisation failure
omnimath-35,3,Autoformalisation failure
omnimath-35,4,Autoformalisation failure
omnimath-35,5,Autoformalisation failure
omnimath-35,6,Autoformalisation failure
omnimath-36,0,Autoformalisation failure
omnimath-36,1,Autoformalisation failure
omnimath-36,2,True
omnimath-36,3,True
omnimath-36,4,True
omnimath-36,5,True
omnimath-36,6,Autoformalisation failure
omnimath-36,7,False
omnimath-36,8,False
omnimath-36,9,True
omnimath-36,10,True
omnimath-37,0,True
omnimath-37,1,True
omnimath-37,2,True
omnimath-37,3,Prover failure
omnimath-38,0,Autoformalisation failure
omnimath-38,1,Autoformalisation failure
omnimath-38,2,Autoformalisation failure
omnimath-38,3,False
omnimath-38,4,Autoformalisation failure
omnimath-38,5,Autoformalisation failure
omnimath-39,0,True
omnimath-39,1,False
omnimath-39,2,False
omnimath-39,3,False
omnimath-39,4,True
omnimath-39,5,Prover failure
omnimath-40,0,Autoformalisation failure
omnimath-40,1,Autoformalisation failure
omnimath-40,2,Autoformalisation failure
omnimath-40,3,Autoformalisation failure
omnimath-40,4,Autoformalisation failure
omnimath-40,5,Autoformalisation failure
omnimath-40,6,Autoformalisation failure
omnimath-40,7,Autoformalisation failure
omnimath-40,8,Autoformalisation failure
omnimath-40,9,Autoformalisation failure
omnimath-40,10,Autoformalisation failure
omnimath-41,0,Autoformalisation failure
omnimath-41,1,True
omnimath-41,2,Autoformalisation failure
omnimath-41,3,False
omnimath-41,4,True
omnimath-41,5,Autoformalisation failure
omnimath-41,6,Autoformalisation failure
omnimath-41,7,Autoformalisation failure
omnimath-41,8,Autoformalisation failure
omnimath-41,9,Autoformalisation failure
omnimath-41,10,Autoformalisation failure
omnimath-42,0,Autoformalisation failure
omnimath-42,1,Autoformalisation failure
omnimath-42,2,Autoformalisation failure
omnimath-42,3,Autoformalisation failure
omnimath-42,4,Autoformalisation failure
omnimath-43,0,Autoformalisation failure
omnimath-43,1,Autoformalisation failure
omnimath-43,2,Autoformalisation failure
omnimath-43,3,Autoformalisation failure
omnimath-43,4,Autoformalisation failure
omnimath-43,5,Autoformalisation failure
omnimath-43,6,Autoformalisation failure
omnimath-43,7,Autoformalisation failure
omnimath-44,0,True
omnimath-44,1,False
omnimath-44,2,False
omnimath-44,3,True
omnimath-44,4,False
omnimath-44,5,True
omnimath-45,0,Prover failure
omnimath-45,1,Prover failure
omnimath-45,2,True
omnimath-45,3,Prover failure
omnimath-45,4,Prover failure
omnimath-45,5,Prover failure
omnimath-45,6,Prover failure
omnimath-45,7,Prover failure
omnimath-45,8,Autoformalisation failure
omnimath-46,0,Autoformalisation failure
omnimath-46,1,Autoformalisation failure
omnimath-46,2,Autoformalisation failure
omnimath-46,3,Autoformalisation failure
omnimath-46,4,Autoformalisation failure
omnimath-46,5,Autoformalisation failure
omnimath-46,6,Autoformalisation failure
omnimath-46,7,Autoformalisation failure
omnimath-46,8,Autoformalisation failure
omnimath-46,9,Autoformalisation failure
omnimath-46,10,Autoformalisation failure
omnimath-46,11,Autoformalisation failure
omnimath-47,0,Autoformalisation failure
omnimath-47,1,Autoformalisation failure
omnimath-47,2,Autoformalisation failure
omnimath-47,3,Autoformalisation failure
omnimath-47,4,Autoformalisation failure
omnimath-47,5,Autoformalisation failure
omnimath-47,6,Autoformalisation failure
omnimath-48,0,Autoformalisation failure
omnimath-48,1,Autoformalisation failure
omnimath-48,2,Autoformalisation failure
omnimath-48,3,Autoformalisation failure
omnimath-48,4,Autoformalisation failure
omnimath-48,5,Autoformalisation failure
omnimath-48,6,Autoformalisation failure
omnimath-48,7,Autoformalisation failure
omnimath-48,8,Autoformalisation failure
omnimath-49,0,Autoformalisation failure
omnimath-49,1,Autoformalisation failure
omnimath-49,2,Autoformalisation failure
omnimath-49,3,Autoformalisation failure
omnimath-49,4,Autoformalisation failure
omnimath-49,5,Autoformalisation failure
omnimath-50,0,Autoformalisation failure
omnimath-50,1,Autoformalisation failure
omnimath-50,2,Autoformalisation failure
omnimath-50,3,Autoformalisation failure
omnimath-51,0,Autoformalisation failure
omnimath-51,1,Autoformalisation failure
omnimath-51,2,Autoformalisation failure
omnimath-51,3,Autoformalisation failure
omnimath-51,4,False
omnimath-51,5,False
omnimath-52,0,Autoformalisation failure
omnimath-52,1,Autoformalisation failure
omnimath-52,2,Autoformalisation failure
omnimath-52,3,Autoformalisation failure
omnimath-52,4,Autoformalisation failure
omnimath-52,5,Autoformalisation failure
omnimath-53,0,Autoformalisation failure
omnimath-53,1,Autoformalisation failure
omnimath-53,2,Autoformalisation failure
omnimath-53,3,Autoformalisation failure
omnimath-53,4,Autoformalisation failure
omnimath-53,5,Autoformalisation failure
omnimath-53,6,Autoformalisation failure
omnimath-53,7,Autoformalisation failure
omnimath-53,8,Autoformalisation failure
omnimath-53,9,Autoformalisation failure
omnimath-53,10,True
omnimath-53,11,False
omnimath-53,12,True
omnimath-54,0,Autoformalisation failure
omnimath-54,1,Autoformalisation failure
omnimath-54,2,Autoformalisation failure
omnimath-54,3,Autoformalisation failure
omnimath-54,4,Autoformalisation failure
omnimath-54,5,Autoformalisation failure
omnimath-54,6,Autoformalisation failure
omnimath-54,7,Autoformalisation failure
omnimath-54,8,Prover failure
omnimath-54,9,Autoformalisation failure
omnimath-55,0,Autoformalisation failure
omnimath-55,1,Autoformalisation failure
omnimath-55,2,Autoformalisation failure
omnimath-55,3,Autoformalisation failure
omnimath-55,4,Autoformalisation failure
omnimath-55,5,Autoformalisation failure
omnimath-55,6,Autoformalisation failure
omnimath-55,7,Autoformalisation failure
omnimath-56,0,Autoformalisation failure
omnimath-56,1,Autoformalisation failure
omnimath-56,2,True
omnimath-56,3,Autoformalisation failure
omnimath-56,4,Autoformalisation failure
omnimath-56,5,True
omnimath-56,6,True
omnimath-56,7,Autoformalisation failure
omnimath-57,0,Autoformalisation failure
omnimath-57,1,Autoformalisation failure
omnimath-57,2,Autoformalisation failure
omnimath-57,3,Autoformalisation failure
omnimath-57,4,Autoformalisation failure
omnimath-57,5,Autoformalisation failure
omnimath-58,0,Autoformalisation failure
omnimath-58,1,Autoformalisation failure
omnimath-58,2,Autoformalisation failure
omnimath-58,3,Autoformalisation failure
omnimath-58,4,Autoformalisation failure
omnimath-58,5,Autoformalisation failure
omnimath-58,6,Autoformalisation failure
omnimath-59,0,Autoformalisation failure
omnimath-59,1,Autoformalisation failure
omnimath-59,2,Autoformalisation failure
omnimath-59,3,Autoformalisation failure
omnimath-59,4,Autoformalisation failure
omnimath-59,5,Autoformalisation failure
omnimath-59,6,Autoformalisation failure
omnimath-59,7,Autoformalisation failure
omnimath-59,8,Autoformalisation failure
omnimath-60,0,True
omnimath-60,1,False
omnimath-60,2,False
omnimath-60,3,True
omnimath-60,4,True
omnimath-60,5,True
omnimath-60,6,False
omnimath-60,7,False
omnimath-60,8,False
omnimath-61,0,Autoformalisation failure
omnimath-61,1,Autoformalisation failure
omnimath-61,2,Autoformalisation failure
omnimath-61,3,False
omnimath-61,4,True
omnimath-61,5,False
omnimath-61,6,False
omnimath-62,0,Autoformalisation failure
omnimath-62,1,Autoformalisation failure
omnimath-62,2,Autoformalisation failure
omnimath-62,3,Autoformalisation failure
omnimath-62,4,Autoformalisation failure
omnimath-62,5,Autoformalisation failure
omnimath-63,0,Autoformalisation failure
omnimath-63,1,Autoformalisation failure
omnimath-63,2,Autoformalisation failure
omnimath-63,3,Autoformalisation failure
omnimath-63,4,Autoformalisation failure
omnimath-64,0,Autoformalisation failure
omnimath-64,1,True
omnimath-64,2,False
omnimath-64,3,True
omnimath-64,4,Prover failure
omnimath-64,5,Autoformalisation failure
omnimath-65,0,Autoformalisation failure
omnimath-65,1,True
omnimath-65,2,True
omnimath-65,3,Autoformalisation failure
omnimath-65,4,Autoformalisation failure
omnimath-65,5,Autoformalisation failure
omnimath-65,6,True
omnimath-66,0,True
omnimath-66,1,Autoformalisation failure
omnimath-66,2,Autoformalisation failure
omnimath-66,3,Autoformalisation failure
omnimath-66,4,Autoformalisation failure
omnimath-66,5,True
omnimath-66,6,True
omnimath-66,7,False
omnimath-66,8,Autoformalisation failure
omnimath-67,0,Autoformalisation failure
omnimath-67,1,True
omnimath-67,2,True
omnimath-67,3,False
omnimath-67,4,True
omnimath-67,5,True
omnimath-67,6,False
omnimath-67,7,False
omnimath-67,8,True
omnimath-67,9,Autoformalisation failure
omnimath-67,10,Prover failure
omnimath-67,11,Autoformalisation failure
omnimath-67,12,Autoformalisation failure
omnimath-67,13,Autoformalisation failure
omnimath-67,14,Autoformalisation failure
omnimath-67,15,Autoformalisation failure
omnimath-67,16,False
omnimath-67,17,Autoformalisation failure
omnimath-68,0,Autoformalisation failure
omnimath-68,1,Autoformalisation failure
omnimath-68,2,Autoformalisation failure
omnimath-68,3,Autoformalisation failure
omnimath-68,4,Autoformalisation failure
omnimath-68,5,Autoformalisation failure
omnimath-68,6,Autoformalisation failure
omnimath-69,0,True
omnimath-69,1,True
omnimath-69,2,True
omnimath-69,3,True
omnimath-69,4,True
omnimath-69,5,True
omnimath-69,6,Autoformalisation failure
omnimath-69,7,True
omnimath-69,8,True
omnimath-69,9,Autoformalisation failure
omnimath-70,0,True
omnimath-70,1,Autoformalisation failure
omnimath-70,2,Autoformalisation failure
omnimath-70,3,Autoformalisation failure
omnimath-70,4,Autoformalisation failure
omnimath-70,5,Autoformalisation failure
omnimath-70,6,Autoformalisation failure
omnimath-71,0,Autoformalisation failure
omnimath-71,1,Autoformalisation failure
omnimath-71,2,Autoformalisation failure
omnimath-71,3,Autoformalisation failure
omnimath-71,4,Autoformalisation failure
omnimath-71,5,Autoformalisation failure
omnimath-72,0,Autoformalisation failure
omnimath-72,1,Autoformalisation failure
omnimath-72,2,Autoformalisation failure
omnimath-72,3,Autoformalisation failure
omnimath-72,4,True
omnimath-72,5,Autoformalisation failure
omnimath-72,6,Autoformalisation failure
omnimath-72,7,False
omnimath-72,8,False
omnimath-72,9,Autoformalisation failure
omnimath-72,10,Autoformalisation failure
omnimath-72,11,Autoformalisation failure
omnimath-72,12,Autoformalisation failure
omnimath-73,0,Autoformalisation failure
omnimath-73,1,Autoformalisation failure
omnimath-73,2,Autoformalisation failure
omnimath-73,3,Autoformalisation failure
omnimath-73,4,Autoformalisation failure
omnimath-73,5,Autoformalisation failure
omnimath-73,6,Autoformalisation failure
omnimath-73,7,Autoformalisation failure
omnimath-73,8,Autoformalisation failure
omnimath-73,9,Autoformalisation failure
omnimath-74,0,Autoformalisation failure
omnimath-74,1,Autoformalisation failure
omnimath-74,2,Autoformalisation failure
omnimath-74,3,Autoformalisation failure
omnimath-74,4,Autoformalisation failure
omnimath-74,5,Autoformalisation failure
omnimath-75,0,Autoformalisation failure
omnimath-75,1,Autoformalisation failure
omnimath-75,2,Autoformalisation failure
omnimath-75,3,True
omnimath-75,4,True
omnimath-75,5,True
omnimath-75,6,Autoformalisation failure
omnimath-76,0,Autoformalisation failure
omnimath-76,1,Autoformalisation failure
omnimath-76,2,Autoformalisation failure
omnimath-76,3,False
omnimath-76,4,Autoformalisation failure
omnimath-77,0,Autoformalisation failure
omnimath-77,1,True
omnimath-77,2,True
omnimath-77,3,False
omnimath-77,4,False
omnimath-77,5,Autoformalisation failure
omnimath-78,0,Autoformalisation failure
omnimath-78,1,Autoformalisation failure
omnimath-78,2,Autoformalisation failure
omnimath-78,3,Autoformalisation failure
omnimath-78,4,Autoformalisation failure
omnimath-78,5,Autoformalisation failure
omnimath-78,6,Autoformalisation failure
omnimath-78,7,Autoformalisation failure
omnimath-78,8,Autoformalisation failure
omnimath-78,9,Autoformalisation failure
omnimath-78,10,Autoformalisation failure
omnimath-78,11,Autoformalisation failure
omnimath-79,0,Autoformalisation failure
omnimath-79,1,Autoformalisation failure
omnimath-79,2,True
omnimath-79,3,Autoformalisation failure
omnimath-79,4,Autoformalisation failure
omnimath-79,5,Autoformalisation failure
omnimath-79,6,Autoformalisation failure
omnimath-79,7,True
omnimath-79,8,False
omnimath-79,9,Autoformalisation failure
omnimath-79,10,Autoformalisation failure
omnimath-79,11,False
omnimath-80,0,Autoformalisation failure
omnimath-80,1,Autoformalisation failure
omnimath-80,2,Autoformalisation failure
omnimath-80,3,Autoformalisation failure
omnimath-80,4,Autoformalisation failure
omnimath-80,5,Autoformalisation failure
omnimath-80,6,Autoformalisation failure
omnimath-80,7,Autoformalisation failure
omnimath-81,0,Autoformalisation failure
omnimath-81,1,Autoformalisation failure
omnimath-81,2,Autoformalisation failure
omnimath-81,3,Autoformalisation failure
omnimath-81,4,Autoformalisation failure
omnimath-81,5,Autoformalisation failure
omnimath-81,6,Autoformalisation failure
omnimath-82,0,Autoformalisation failure
omnimath-82,1,Autoformalisation failure
omnimath-82,2,Autoformalisation failure
omnimath-82,3,Autoformalisation failure
omnimath-82,4,Autoformalisation failure
omnimath-82,5,Autoformalisation failure
omnimath-82,6,Autoformalisation failure
omnimath-82,7,Autoformalisation failure
omnimath-83,0,Autoformalisation failure
omnimath-83,1,Autoformalisation failure
omnimath-83,2,Autoformalisation failure
omnimath-83,3,False
omnimath-83,4,False
omnimath-83,5,Prover failure
omnimath-83,6,True
omnimath-83,7,False
omnimath-83,8,False
omnimath-84,0,True
omnimath-84,1,True
omnimath-84,2,False
omnimath-84,3,False
omnimath-84,4,True
omnimath-84,5,False
omnimath-85,0,True
omnimath-85,1,True
omnimath-85,2,Autoformalisation failure
omnimath-85,3,True
omnimath-85,4,Autoformalisation failure
omnimath-86,0,Autoformalisation failure
omnimath-86,1,Autoformalisation failure
omnimath-86,2,Autoformalisation failure
omnimath-86,3,Autoformalisation failure
omnimath-87,0,True
omnimath-87,1,True
omnimath-87,2,True
omnimath-87,3,False
omnimath-87,4,True
omnimath-87,5,True
omnimath-87,6,True
omnimath-87,7,False
omnimath-87,8,False
omnimath-87,9,True
omnimath-88,0,Autoformalisation failure
omnimath-88,1,Autoformalisation failure
omnimath-88,2,Autoformalisation failure
omnimath-88,3,Autoformalisation failure
omnimath-88,4,Autoformalisation failure
omnimath-88,5,Autoformalisation failure
omnimath-88,6,Autoformalisation failure
omnimath-88,7,Autoformalisation failure
omnimath-88,8,Autoformalisation failure
omnimath-88,9,Autoformalisation failure
omnimath-89,0,Autoformalisation failure
omnimath-89,1,Autoformalisation failure
omnimath-89,2,Autoformalisation failure
omnimath-89,3,Autoformalisation failure
omnimath-89,4,Autoformalisation failure
omnimath-89,5,Autoformalisation failure
omnimath-89,6,True
omnimath-90,0,Autoformalisation failure
omnimath-90,1,Autoformalisation failure
omnimath-90,2,Autoformalisation failure
omnimath-90,3,Autoformalisation failure
omnimath-90,4,Autoformalisation failure
omnimath-90,5,Autoformalisation failure
omnimath-90,6,Autoformalisation failure
omnimath-90,7,Autoformalisation failure
omnimath-90,8,Autoformalisation failure
omnimath-90,9,Autoformalisation failure
omnimath-90,10,Autoformalisation failure
omnimath-90,11,True
omnimath-90,12,Autoformalisation failure
omnimath-90,13,Autoformalisation failure
omnimath-90,14,Autoformalisation failure
omnimath-90,15,Autoformalisation failure
omnimath-90,16,Autoformalisation failure
omnimath-90,17,Autoformalisation failure
omnimath-91,0,Autoformalisation failure
omnimath-91,1,Autoformalisation failure
omnimath-91,2,Autoformalisation failure
omnimath-91,3,Autoformalisation failure
omnimath-91,4,Autoformalisation failure
omnimath-91,5,Autoformalisation failure
omnimath-91,6,Autoformalisation failure
omnimath-91,7,Autoformalisation failure
omnimath-91,8,Autoformalisation failure
omnimath-92,0,Autoformalisation failure
omnimath-92,1,Autoformalisation failure
omnimath-92,2,Autoformalisation failure
omnimath-92,3,Autoformalisation failure
omnimath-92,4,Autoformalisation failure
omnimath-92,5,Autoformalisation failure
omnimath-92,6,False
omnimath-93,0,Autoformalisation failure
omnimath-93,1,Autoformalisation failure
omnimath-93,2,Autoformalisation failure
omnimath-93,3,Autoformalisation failure
omnimath-93,4,Autoformalisation failure
omnimath-93,5,True
omnimath-93,6,Autoformalisation failure
omnimath-93,7,True
omnimath-93,8,True
omnimath-93,9,Autoformalisation failure
omnimath-93,10,Autoformalisation failure
omnimath-94,0,Autoformalisation failure
omnimath-94,1,Autoformalisation failure
omnimath-94,2,Autoformalisation failure
omnimath-94,3,Autoformalisation failure
omnimath-94,4,Autoformalisation failure
omnimath-94,5,Autoformalisation failure
omnimath-94,6,Autoformalisation failure
omnimath-94,7,Autoformalisation failure
omnimath-94,8,Autoformalisation failure
omnimath-95,0,Autoformalisation failure
omnimath-95,1,Autoformalisation failure
omnimath-95,2,Autoformalisation failure
omnimath-95,3,Autoformalisation failure
omnimath-95,4,Autoformalisation failure
omnimath-95,5,True
omnimath-95,6,Autoformalisation failure
omnimath-96,0,Autoformalisation failure
omnimath-96,1,Autoformalisation failure
omnimath-96,2,Autoformalisation failure
omnimath-96,3,Autoformalisation failure
omnimath-96,4,Autoformalisation failure
omnimath-96,5,Autoformalisation failure
omnimath-96,6,Autoformalisation failure
omnimath-97,0,Autoformalisation failure
omnimath-97,1,Autoformalisation failure
omnimath-97,2,Autoformalisation failure
omnimath-97,3,Autoformalisation failure
omnimath-97,4,Autoformalisation failure
omnimath-97,5,Autoformalisation failure
omnimath-97,6,Autoformalisation failure
omnimath-97,7,False
omnimath-97,8,Autoformalisation failure
omnimath-98,0,Autoformalisation failure
omnimath-98,1,Autoformalisation failure
omnimath-98,2,Autoformalisation failure
omnimath-98,3,False
omnimath-98,4,False
omnimath-98,5,False
omnimath-98,6,False
omnimath-98,7,False
omnimath-98,8,False
omnimath-98,9,Autoformalisation failure
omnimath-99,0,Autoformalisation failure
omnimath-99,1,Autoformalisation failure
omnimath-99,2,Autoformalisation failure
omnimath-99,3,True
omnimath-99,4,False
omnimath-99,5,Autoformalisation failure
omnimath-99,6,Autoformalisation failure
omnimath-100,0,Autoformalisation failure
omnimath-100,1,Autoformalisation failure
omnimath-100,2,Autoformalisation failure
omnimath-100,3,Autoformalisation failure
omnimath-100,4,Autoformalisation failure
omnimath-100,5,Autoformalisation failure
omnimath-100,6,True
omnimath-100,7,Autoformalisation failure
omnimath-101,0,Autoformalisation failure
omnimath-101,1,Autoformalisation failure
omnimath-101,2,Autoformalisation failure
omnimath-101,3,Autoformalisation failure
omnimath-101,4,Autoformalisation failure
omnimath-101,5,Autoformalisation failure
omnimath-101,6,True
omnimath-101,7,Autoformalisation failure
omnimath-102,0,True
omnimath-102,1,True
omnimath-102,2,False
omnimath-102,3,False
omnimath-103,0,Autoformalisation failure
omnimath-103,1,True
omnimath-103,2,Prover failure
omnimath-103,3,Autoformalisation failure
omnimath-103,4,Autoformalisation failure
omnimath-103,5,Autoformalisation failure
omnimath-103,6,Prover failure
omnimath-103,7,Autoformalisation failure
omnimath-103,8,Autoformalisation failure
omnimath-103,9,Autoformalisation failure
omnimath-103,10,Autoformalisation failure
omnimath-103,11,Autoformalisation failure
omnimath-103,12,Autoformalisation failure
omnimath-103,13,Autoformalisation failure
omnimath-104,0,Autoformalisation failure
omnimath-104,1,Autoformalisation failure
omnimath-104,2,Autoformalisation failure
omnimath-104,3,True
omnimath-104,4,True
omnimath-104,5,Prover failure
omnimath-104,6,True
omnimath-104,7,Prover failure
omnimath-104,8,Autoformalisation failure
omnimath-105,0,Autoformalisation failure
omnimath-105,1,Autoformalisation failure
omnimath-105,2,Autoformalisation failure
omnimath-105,3,Autoformalisation failure
omnimath-105,4,True
omnimath-105,5,Autoformalisation failure
omnimath-105,6,Autoformalisation failure
omnimath-106,0,Autoformalisation failure
omnimath-106,1,Autoformalisation failure
omnimath-106,2,Autoformalisation failure
omnimath-106,3,Autoformalisation failure
omnimath-106,4,Autoformalisation failure
omnimath-106,5,Autoformalisation failure
omnimath-106,6,True
omnimath-107,0,Autoformalisation failure
omnimath-107,1,Autoformalisation failure
omnimath-107,2,Autoformalisation failure
omnimath-107,3,Autoformalisation failure
omnimath-107,4,Autoformalisation failure
omnimath-107,5,Autoformalisation failure
omnimath-107,6,Autoformalisation failure
omnimath-108,0,Autoformalisation failure
omnimath-108,1,Autoformalisation failure
omnimath-108,2,Autoformalisation failure
omnimath-108,3,Autoformalisation failure
omnimath-108,4,True
omnimath-108,5,Autoformalisation failure
omnimath-108,6,False
omnimath-109,0,Autoformalisation failure
omnimath-109,1,Autoformalisation failure
omnimath-109,2,Autoformalisation failure
omnimath-109,3,Autoformalisation failure
omnimath-109,4,Autoformalisation failure
omnimath-109,5,Autoformalisation failure
omnimath-109,6,Autoformalisation failure
omnimath-109,7,Autoformalisation failure
omnimath-109,8,Autoformalisation failure
omnimath-110,0,Autoformalisation failure
omnimath-110,1,Autoformalisation failure
omnimath-110,2,Autoformalisation failure
omnimath-110,3,Autoformalisation failure
omnimath-110,4,Autoformalisation failure
omnimath-110,5,Autoformalisation failure
omnimath-110,6,Autoformalisation failure
omnimath-110,7,Autoformalisation failure
omnimath-110,8,Autoformalisation failure
omnimath-110,9,Autoformalisation failure
omnimath-110,10,Autoformalisation failure
omnimath-110,11,Autoformalisation failure
omnimath-110,12,Autoformalisation failure
omnimath-111,0,Autoformalisation failure
omnimath-111,1,Autoformalisation failure
omnimath-111,2,Autoformalisation failure
omnimath-111,3,Autoformalisation failure
omnimath-111,4,Autoformalisation failure
omnimath-111,5,Autoformalisation failure
omnimath-111,6,Autoformalisation failure
omnimath-111,7,Autoformalisation failure
omnimath-111,8,Autoformalisation failure
omnimath-111,9,Autoformalisation failure
omnimath-111,10,Autoformalisation failure
omnimath-111,11,Autoformalisation failure
omnimath-112,0,Autoformalisation failure
omnimath-112,1,Autoformalisation failure
omnimath-112,2,Autoformalisation failure
omnimath-112,3,Autoformalisation failure
omnimath-112,4,Autoformalisation failure
omnimath-113,0,Autoformalisation failure
omnimath-113,1,Autoformalisation failure
omnimath-113,2,Autoformalisation failure
omnimath-113,3,Autoformalisation failure
omnimath-113,4,Autoformalisation failure
omnimath-113,5,Autoformalisation failure
omnimath-113,6,True
omnimath-113,7,Autoformalisation failure
omnimath-113,8,Autoformalisation failure
omnimath-114,0,Autoformalisation failure
omnimath-114,1,Autoformalisation failure
omnimath-114,2,Autoformalisation failure
omnimath-114,3,Autoformalisation failure
omnimath-114,4,Autoformalisation failure
omnimath-114,5,Autoformalisation failure
omnimath-114,6,Autoformalisation failure
omnimath-114,7,Autoformalisation failure
omnimath-114,8,Autoformalisation failure
omnimath-114,9,Autoformalisation failure
omnimath-114,10,Autoformalisation failure
omnimath-115,0,Autoformalisation failure
omnimath-115,1,Autoformalisation failure
omnimath-115,2,False
omnimath-115,3,Autoformalisation failure
omnimath-115,4,Autoformalisation failure
omnimath-115,5,Autoformalisation failure
omnimath-115,6,Autoformalisation failure
omnimath-116,0,Autoformalisation failure
omnimath-116,1,Autoformalisation failure
omnimath-116,2,Autoformalisation failure
omnimath-116,3,Autoformalisation failure
omnimath-116,4,Autoformalisation failure
omnimath-116,5,Autoformalisation failure
omnimath-117,0,Autoformalisation failure
omnimath-117,1,Autoformalisation failure
omnimath-117,2,Prover failure
omnimath-117,3,Autoformalisation failure
omnimath-117,4,Autoformalisation failure
omnimath-117,5,Autoformalisation failure
omnimath-117,6,Autoformalisation failure
omnimath-117,7,Autoformalisation failure
omnimath-117,8,Autoformalisation failure
omnimath-117,9,Autoformalisation failure
omnimath-117,10,Autoformalisation failure
omnimath-117,11,Prover failure
omnimath-117,12,Prover failure
omnimath-117,13,Autoformalisation failure
omnimath-118,0,Autoformalisation failure
omnimath-118,1,Autoformalisation failure
omnimath-118,2,Autoformalisation failure
omnimath-118,3,Autoformalisation failure
omnimath-119,0,Autoformalisation failure
omnimath-119,1,Autoformalisation failure
omnimath-119,2,Autoformalisation failure
omnimath-119,3,Autoformalisation failure
omnimath-119,4,Autoformalisation failure
omnimath-119,5,Autoformalisation failure
omnimath-119,6,Autoformalisation failure
omnimath-119,7,Autoformalisation failure
omnimath-119,8,Autoformalisation failure
omnimath-119,9,Autoformalisation failure
omnimath-120,0,Autoformalisation failure
omnimath-120,1,Autoformalisation failure
omnimath-120,2,Autoformalisation failure
omnimath-120,3,Autoformalisation failure
omnimath-120,4,Autoformalisation failure
omnimath-120,5,Autoformalisation failure
omnimath-121,0,Autoformalisation failure
omnimath-121,1,False
omnimath-121,2,Autoformalisation failure
omnimath-121,3,True
omnimath-121,4,Autoformalisation failure
omnimath-121,5,Autoformalisation failure
omnimath-121,6,Autoformalisation failure
omnimath-121,7,Autoformalisation failure
omnimath-122,0,Autoformalisation failure
omnimath-122,1,True
omnimath-122,2,True
omnimath-122,3,Autoformalisation failure
omnimath-122,4,True
omnimath-122,5,Autoformalisation failure
omnimath-122,6,False
omnimath-123,0,True
omnimath-123,1,Autoformalisation failure
omnimath-123,2,Autoformalisation failure
omnimath-123,3,True
omnimath-123,4,True
omnimath-123,5,Autoformalisation failure
omnimath-123,6,Autoformalisation failure
omnimath-123,7,Autoformalisation failure
omnimath-123,8,Autoformalisation failure
omnimath-124,0,Autoformalisation failure
omnimath-124,1,True
omnimath-124,2,Autoformalisation failure
omnimath-124,3,Autoformalisation failure
omnimath-124,4,Autoformalisation failure
omnimath-124,5,Autoformalisation failure
omnimath-125,0,Autoformalisation failure
omnimath-125,1,Autoformalisation failure
omnimath-125,2,Autoformalisation failure
omnimath-125,3,Autoformalisation failure
omnimath-125,4,True
omnimath-125,5,False
omnimath-125,6,True
omnimath-125,7,Autoformalisation failure
omnimath-126,0,Autoformalisation failure
omnimath-126,1,Autoformalisation failure
omnimath-126,2,Autoformalisation failure
omnimath-126,3,Autoformalisation failure
omnimath-126,4,Autoformalisation failure
omnimath-126,5,True
omnimath-127,0,Autoformalisation failure
omnimath-127,1,Autoformalisation failure
omnimath-127,2,Autoformalisation failure
omnimath-127,3,Autoformalisation failure
omnimath-127,4,Autoformalisation failure
omnimath-127,5,Autoformalisation failure
omnimath-127,6,Autoformalisation failure
omnimath-127,7,Autoformalisation failure
omnimath-127,8,Autoformalisation failure
omnimath-127,9,Autoformalisation failure
omnimath-127,10,Autoformalisation failure
omnimath-127,11,Autoformalisation failure
omnimath-127,12,Autoformalisation failure
omnimath-128,0,Autoformalisation failure
omnimath-128,1,Autoformalisation failure
omnimath-128,2,Autoformalisation failure
omnimath-128,3,Autoformalisation failure
omnimath-128,4,Autoformalisation failure
omnimath-128,5,True
omnimath-128,6,Autoformalisation failure
omnimath-128,7,Autoformalisation failure
omnimath-128,8,Autoformalisation failure
omnimath-128,9,Autoformalisation failure
omnimath-129,0,Autoformalisation failure
omnimath-129,1,Autoformalisation failure
omnimath-129,2,Autoformalisation failure
omnimath-129,3,Autoformalisation failure
omnimath-129,4,Autoformalisation failure
omnimath-129,5,True
omnimath-129,6,Autoformalisation failure
omnimath-129,7,Autoformalisation failure
omnimath-129,8,Autoformalisation failure
omnimath-129,9,Autoformalisation failure
omnimath-129,10,Autoformalisation failure
omnimath-130,0,Autoformalisation failure
omnimath-130,1,Autoformalisation failure
omnimath-130,2,Autoformalisation failure
omnimath-130,3,True
omnimath-130,4,True
omnimath-130,5,Autoformalisation failure
omnimath-130,6,False
omnimath-130,7,Autoformalisation failure
omnimath-130,8,Autoformalisation failure
omnimath-130,9,True
omnimath-131,0,Autoformalisation failure
omnimath-131,1,Autoformalisation failure
omnimath-131,2,Autoformalisation failure
omnimath-131,3,Autoformalisation failure
omnimath-131,4,Autoformalisation failure
omnimath-132,0,Autoformalisation failure
omnimath-132,1,Autoformalisation failure
omnimath-132,2,Autoformalisation failure
omnimath-132,3,Autoformalisation failure
omnimath-132,4,Autoformalisation failure
omnimath-132,5,Autoformalisation failure
omnimath-132,6,Autoformalisation failure
omnimath-132,7,Autoformalisation failure
omnimath-132,8,False
omnimath-133,0,Autoformalisation failure
omnimath-133,1,Autoformalisation failure
omnimath-133,2,Autoformalisation failure
omnimath-133,3,Autoformalisation failure
omnimath-133,4,Autoformalisation failure
omnimath-133,5,Autoformalisation failure
omnimath-133,6,Autoformalisation failure
omnimath-133,7,Autoformalisation failure
omnimath-133,8,Autoformalisation failure
omnimath-133,9,Autoformalisation failure
omnimath-133,10,True
omnimath-134,0,Autoformalisation failure
omnimath-134,1,Autoformalisation failure
omnimath-134,2,True
omnimath-134,3,True
omnimath-134,4,True
omnimath-134,5,Autoformalisation failure
omnimath-134,6,Autoformalisation failure
omnimath-134,7,Autoformalisation failure
omnimath-134,8,Autoformalisation failure
omnimath-134,9,Autoformalisation failure
omnimath-135,0,Autoformalisation failure
omnimath-135,1,Autoformalisation failure
omnimath-135,2,Autoformalisation failure
omnimath-135,3,Autoformalisation failure
omnimath-135,4,Autoformalisation failure
omnimath-135,5,Autoformalisation failure
omnimath-135,6,Autoformalisation failure
omnimath-135,7,Autoformalisation failure
omnimath-135,8,Autoformalisation failure
omnimath-135,9,Autoformalisation failure
omnimath-135,10,Autoformalisation failure
omnimath-135,11,Autoformalisation failure
omnimath-135,12,Autoformalisation failure
omnimath-135,13,Autoformalisation failure
omnimath-135,14,Autoformalisation failure
omnimath-135,15,Autoformalisation failure
omnimath-135,16,Autoformalisation failure
omnimath-135,17,Autoformalisation failure
omnimath-135,18,Autoformalisation failure
omnimath-135,19,Autoformalisation failure
omnimath-136,0,True
omnimath-136,1,True
omnimath-136,2,Autoformalisation failure
omnimath-136,3,Prover failure
omnimath-136,4,Autoformalisation failure
omnimath-136,5,True
omnimath-136,6,Autoformalisation failure
omnimath-136,7,True
omnimath-136,8,True
omnimath-136,9,Autoformalisation failure
omnimath-136,10,True
omnimath-136,11,True
omnimath-136,12,True
omnimath-136,13,True
omnimath-136,14,True
omnimath-136,15,True
omnimath-137,0,Autoformalisation failure
omnimath-137,1,Autoformalisation failure
omnimath-137,2,Autoformalisation failure
omnimath-137,3,Autoformalisation failure
omnimath-137,4,True
omnimath-137,5,Autoformalisation failure
omnimath-137,6,Autoformalisation failure
omnimath-137,7,Autoformalisation failure
omnimath-138,0,Autoformalisation failure
omnimath-138,1,Autoformalisation failure
omnimath-138,2,Autoformalisation failure
omnimath-138,3,Autoformalisation failure
omnimath-138,4,Autoformalisation failure
omnimath-138,5,Autoformalisation failure
omnimath-139,0,Autoformalisation failure
omnimath-139,1,Autoformalisation failure
omnimath-139,2,True
omnimath-139,3,True
omnimath-139,4,True
omnimath-139,5,True
omnimath-139,6,True
omnimath-139,7,Autoformalisation failure
omnimath-139,8,Autoformalisation failure
omnimath-139,9,Autoformalisation failure
omnimath-139,10,Autoformalisation failure
omnimath-139,11,Autoformalisation failure
omnimath-139,12,Autoformalisation failure
omnimath-139,13,False
omnimath-140,0,Autoformalisation failure
omnimath-140,1,Autoformalisation failure
omnimath-140,2,Autoformalisation failure
omnimath-140,3,Autoformalisation failure
omnimath-140,4,Autoformalisation failure
omnimath-140,5,Autoformalisation failure
omnimath-140,6,Autoformalisation failure
omnimath-140,7,True
omnimath-140,8,Autoformalisation failure
omnimath-140,9,Autoformalisation failure
omnimath-140,10,Autoformalisation failure
omnimath-140,11,Autoformalisation failure
omnimath-140,12,Autoformalisation failure
omnimath-140,13,Autoformalisation failure
omnimath-140,14,Autoformalisation failure
omnimath-140,15,Autoformalisation failure
omnimath-140,16,Autoformalisation failure
omnimath-140,17,Autoformalisation failure
omnimath-140,18,Autoformalisation failure
omnimath-140,19,Autoformalisation failure
omnimath-140,20,Autoformalisation failure
omnimath-140,21,Autoformalisation failure
omnimath-140,22,Autoformalisation failure
omnimath-140,23,Autoformalisation failure
omnimath-140,24,Autoformalisation failure
omnimath-140,25,Autoformalisation failure
omnimath-140,26,Autoformalisation failure
omnimath-140,27,Autoformalisation failure
omnimath-140,28,False
omnimath-140,29,Autoformalisation failure
omnimath-141,0,Autoformalisation failure
omnimath-141,1,Prover failure
omnimath-141,2,Prover failure
omnimath-141,3,True
omnimath-141,4,Autoformalisation failure
omnimath-141,5,Autoformalisation failure
omnimath-141,6,Autoformalisation failure
omnimath-141,7,False
omnimath-141,8,Autoformalisation failure
omnimath-141,9,Autoformalisation failure
omnimath-142,0,Autoformalisation failure
omnimath-142,1,Autoformalisation failure
omnimath-142,2,True
omnimath-142,3,Autoformalisation failure
omnimath-142,4,Autoformalisation failure
omnimath-142,5,Autoformalisation failure
omnimath-142,6,Autoformalisation failure
omnimath-142,7,Autoformalisation failure
omnimath-142,8,Autoformalisation failure
omnimath-142,9,Autoformalisation failure
omnimath-142,10,Autoformalisation failure
omnimath-143,0,Autoformalisation failure
omnimath-143,1,Autoformalisation failure
omnimath-143,2,Autoformalisation failure
omnimath-143,3,Autoformalisation failure
omnimath-143,4,Autoformalisation failure
omnimath-143,5,Autoformalisation failure
omnimath-143,6,Autoformalisation failure
omnimath-143,7,True
omnimath-143,8,Autoformalisation failure
omnimath-143,9,Autoformalisation failure
omnimath-143,10,Autoformalisation failure
omnimath-144,0,Autoformalisation failure
omnimath-144,1,Autoformalisation failure
omnimath-144,2,Autoformalisation failure
omnimath-144,3,True
omnimath-144,4,False
omnimath-144,5,Autoformalisation failure
omnimath-144,6,Autoformalisation failure
omnimath-144,7,True
omnimath-144,8,True
omnimath-144,9,True
omnimath-145,0,Autoformalisation failure
omnimath-145,1,Autoformalisation failure
omnimath-145,2,False
omnimath-145,3,False
omnimath-145,4,True
omnimath-146,0,Autoformalisation failure
omnimath-146,1,Autoformalisation failure
omnimath-146,2,Autoformalisation failure
omnimath-146,3,Autoformalisation failure
omnimath-146,4,Autoformalisation failure
omnimath-146,5,Autoformalisation failure
omnimath-146,6,Autoformalisation failure
omnimath-146,7,Autoformalisation failure
omnimath-146,8,Autoformalisation failure
omnimath-146,9,Autoformalisation failure
omnimath-147,0,Autoformalisation failure
omnimath-147,1,Autoformalisation failure
omnimath-147,2,Autoformalisation failure
omnimath-147,3,Autoformalisation failure
omnimath-147,4,Autoformalisation failure
omnimath-147,5,Autoformalisation failure
omnimath-148,0,True
omnimath-148,1,Autoformalisation failure
omnimath-148,2,Autoformalisation failure
omnimath-148,3,Autoformalisation failure
omnimath-148,4,True
omnimath-148,5,Autoformalisation failure
omnimath-148,6,Autoformalisation failure
omnimath-148,7,True
omnimath-148,8,True
omnimath-148,9,True
omnimath-148,10,Autoformalisation failure
omnimath-149,0,Autoformalisation failure
omnimath-149,1,Autoformalisation failure
omnimath-149,2,Autoformalisation failure
omnimath-149,3,Autoformalisation failure
omnimath-149,4,Autoformalisation failure
omnimath-149,5,Autoformalisation failure
omnimath-149,6,Autoformalisation failure
omnimath-150,0,True
omnimath-150,1,True
omnimath-150,2,Autoformalisation failure
omnimath-150,3,Autoformalisation failure
omnimath-150,4,Autoformalisation failure
omnimath-150,5,Autoformalisation failure
omnimath-150,6,Autoformalisation failure
omnimath-150,7,Autoformalisation failure
omnimath-150,8,False
omnimath-150,9,True
omnimath-150,10,Autoformalisation failure
omnimath-150,11,False
omnimath-150,12,False
omnimath-151,0,Autoformalisation failure
omnimath-151,1,Autoformalisation failure
omnimath-151,2,True
omnimath-151,3,True
omnimath-151,4,True
omnimath-152,0,True
omnimath-152,1,Autoformalisation failure
omnimath-152,2,True
omnimath-152,3,True
omnimath-152,4,Autoformalisation failure
omnimath-153,0,True
omnimath-153,1,Autoformalisation failure
omnimath-153,2,True
omnimath-153,3,True
omnimath-153,4,Autoformalisation failure
omnimath-153,5,True
omnimath-153,6,True
omnimath-153,7,True
omnimath-153,8,True
omnimath-153,9,Autoformalisation failure
omnimath-154,0,Autoformalisation failure
omnimath-154,1,Autoformalisation failure
omnimath-154,2,Autoformalisation failure
omnimath-154,3,Autoformalisation failure
omnimath-154,4,Autoformalisation failure
omnimath-154,5,Autoformalisation failure
omnimath-154,6,Autoformalisation failure
omnimath-154,7,Autoformalisation failure
omnimath-154,8,Autoformalisation failure
omnimath-154,9,Autoformalisation failure
omnimath-155,0,Autoformalisation failure
omnimath-155,1,Autoformalisation failure
omnimath-155,2,Autoformalisation failure
omnimath-155,3,True
omnimath-155,4,True
omnimath-155,5,Autoformalisation failure
omnimath-155,6,True
omnimath-155,7,Autoformalisation failure
omnimath-155,8,Autoformalisation failure
omnimath-156,0,Autoformalisation failure
omnimath-156,1,Autoformalisation failure
omnimath-156,2,Autoformalisation failure
omnimath-156,3,True
omnimath-156,4,True
omnimath-156,5,True
omnimath-156,6,Autoformalisation failure
omnimath-156,7,False
omnimath-156,8,Autoformalisation failure
omnimath-157,0,Autoformalisation failure
omnimath-157,1,Autoformalisation failure
omnimath-157,2,Autoformalisation failure
omnimath-157,3,Autoformalisation failure
omnimath-157,4,Autoformalisation failure
omnimath-157,5,Autoformalisation failure
omnimath-157,6,Autoformalisation failure
omnimath-157,7,Autoformalisation failure
omnimath-157,8,False
omnimath-157,9,Autoformalisation failure
omnimath-157,10,Autoformalisation failure
omnimath-158,0,Autoformalisation failure
omnimath-158,1,Autoformalisation failure
omnimath-158,2,True
omnimath-159,0,True
omnimath-159,1,True
omnimath-159,2,False
omnimath-159,3,Autoformalisation failure
omnimath-159,4,Autoformalisation failure
omnimath-159,5,True
omnimath-159,6,True
omnimath-160,0,Autoformalisation failure
omnimath-160,1,Autoformalisation failure
omnimath-160,2,Autoformalisation failure
omnimath-160,3,Autoformalisation failure
omnimath-160,4,Autoformalisation failure
omnimath-160,5,Autoformalisation failure
omnimath-160,6,Autoformalisation failure
omnimath-160,7,Autoformalisation failure
omnimath-160,8,Autoformalisation failure
omnimath-160,9,Autoformalisation failure
omnimath-160,10,Autoformalisation failure
omnimath-160,11,Autoformalisation failure
omnimath-160,12,Autoformalisation failure
omnimath-161,0,Autoformalisation failure
omnimath-161,1,Autoformalisation failure
omnimath-161,2,Autoformalisation failure
omnimath-161,3,Autoformalisation failure
omnimath-161,4,Prover failure
omnimath-161,5,Prover failure
omnimath-161,6,Prover failure
omnimath-162,0,Autoformalisation failure
omnimath-162,1,Autoformalisation failure
omnimath-162,2,Autoformalisation failure
omnimath-162,3,Autoformalisation failure
omnimath-162,4,Autoformalisation failure
omnimath-162,5,Autoformalisation failure
omnimath-162,6,Autoformalisation failure
omnimath-162,7,False
omnimath-162,8,Autoformalisation failure
omnimath-163,0,True
omnimath-163,1,True
omnimath-163,2,True
omnimath-163,3,Autoformalisation failure
omnimath-163,4,True
omnimath-163,5,Autoformalisation failure
omnimath-163,6,Autoformalisation failure
omnimath-163,7,Autoformalisation failure
omnimath-163,8,Autoformalisation failure
omnimath-164,0,Autoformalisation failure
omnimath-164,1,Autoformalisation failure
omnimath-164,2,Autoformalisation failure
omnimath-164,3,Autoformalisation failure
omnimath-164,4,Autoformalisation failure
omnimath-164,5,Autoformalisation failure
omnimath-164,6,Autoformalisation failure
omnimath-165,0,Autoformalisation failure
omnimath-165,1,True
omnimath-165,2,Autoformalisation failure
omnimath-166,0,Autoformalisation failure
omnimath-166,1,Autoformalisation failure
omnimath-166,2,Autoformalisation failure
omnimath-166,3,Autoformalisation failure
omnimath-166,4,Autoformalisation failure
omnimath-166,5,Autoformalisation failure
omnimath-166,6,Autoformalisation failure
omnimath-166,7,Autoformalisation failure
omnimath-166,8,Autoformalisation failure
omnimath-167,0,True
omnimath-167,1,True
omnimath-167,2,True
omnimath-167,3,True
omnimath-167,4,True
omnimath-167,5,True
omnimath-167,6,True
omnimath-167,7,True
omnimath-167,8,True
omnimath-168,0,Autoformalisation failure
omnimath-168,1,Autoformalisation failure
omnimath-168,2,Autoformalisation failure
omnimath-168,3,Autoformalisation failure
omnimath-168,4,Autoformalisation failure
omnimath-168,5,Autoformalisation failure
omnimath-168,6,Autoformalisation failure
omnimath-168,7,Autoformalisation failure
omnimath-169,0,Autoformalisation failure
omnimath-169,1,Autoformalisation failure
omnimath-169,2,Autoformalisation failure
omnimath-169,3,Autoformalisation failure
omnimath-169,4,Prover failure
omnimath-169,5,Prover failure
omnimath-169,6,Autoformalisation failure
omnimath-169,7,Autoformalisation failure
omnimath-169,8,Autoformalisation failure
omnimath-169,9,Autoformalisation failure
omnimath-169,10,Autoformalisation failure
omnimath-169,11,Autoformalisation failure
omnimath-169,12,Autoformalisation failure
omnimath-169,13,Autoformalisation failure
omnimath-169,14,Autoformalisation failure
omnimath-169,15,Autoformalisation failure
omnimath-170,0,Autoformalisation failure
omnimath-170,1,Autoformalisation failure
omnimath-170,2,Autoformalisation failure
omnimath-170,3,Autoformalisation failure
omnimath-170,4,Autoformalisation failure
omnimath-170,5,Autoformalisation failure
omnimath-170,6,Autoformalisation failure
omnimath-171,0,Autoformalisation failure
omnimath-171,1,Autoformalisation failure
omnimath-171,2,True
omnimath-171,3,Autoformalisation failure
omnimath-171,4,Autoformalisation failure
omnimath-171,5,Autoformalisation failure
omnimath-171,6,Autoformalisation failure
omnimath-171,7,True
omnimath-171,8,Autoformalisation failure
omnimath-171,9,Autoformalisation failure
omnimath-172,0,Autoformalisation failure
omnimath-172,1,Autoformalisation failure
omnimath-172,2,Autoformalisation failure
omnimath-172,3,Autoformalisation failure
omnimath-172,4,Autoformalisation failure
omnimath-172,5,Autoformalisation failure
omnimath-172,6,Autoformalisation failure
omnimath-172,7,Autoformalisation failure
omnimath-172,8,Autoformalisation failure
omnimath-172,9,Autoformalisation failure
omnimath-172,10,True
omnimath-172,11,Prover failure
omnimath-173,0,Autoformalisation failure
omnimath-173,1,True
omnimath-173,2,Autoformalisation failure
omnimath-173,3,Autoformalisation failure
omnimath-173,4,False
omnimath-174,0,Autoformalisation failure
omnimath-174,1,Autoformalisation failure
omnimath-174,2,Autoformalisation failure
omnimath-174,3,True
omnimath-174,4,True
omnimath-174,5,True
omnimath-174,6,True
omnimath-174,7,True
omnimath-174,8,True
omnimath-174,9,True
omnimath-174,10,True
omnimath-174,11,True
omnimath-174,12,True
omnimath-174,13,True
omnimath-174,14,True
omnimath-174,15,True
omnimath-174,16,True
omnimath-174,17,True
omnimath-174,18,True
omnimath-174,19,True
omnimath-174,20,False
omnimath-174,21,False
omnimath-174,22,True
omnimath-174,23,True
omnimath-174,24,True
omnimath-174,25,True
omnimath-174,26,True
omnimath-174,27,True
omnimath-174,28,Prover failure
omnimath-174,29,Autoformalisation failure
omnimath-175,0,Autoformalisation failure
omnimath-175,1,Autoformalisation failure
omnimath-175,2,Autoformalisation failure
omnimath-175,3,Autoformalisation failure
omnimath-176,0,Autoformalisation failure
omnimath-176,1,Autoformalisation failure
omnimath-176,2,Autoformalisation failure
omnimath-176,3,Autoformalisation failure
omnimath-176,4,Autoformalisation failure
omnimath-176,5,Autoformalisation failure
omnimath-176,6,Autoformalisation failure
omnimath-176,7,Autoformalisation failure
omnimath-176,8,Autoformalisation failure
omnimath-176,9,Autoformalisation failure
omnimath-177,0,Autoformalisation failure
omnimath-177,1,Autoformalisation failure
omnimath-177,2,Autoformalisation failure
omnimath-177,3,Autoformalisation failure
omnimath-177,4,True
omnimath-177,5,True
omnimath-177,6,True
omnimath-178,0,Autoformalisation failure
omnimath-178,1,Autoformalisation failure
omnimath-178,2,Autoformalisation failure
omnimath-178,3,Autoformalisation failure
omnimath-178,4,Autoformalisation failure
omnimath-178,5,Autoformalisation failure
omnimath-178,6,Autoformalisation failure
omnimath-178,7,Autoformalisation failure
omnimath-178,8,Autoformalisation failure
omnimath-178,9,Autoformalisation failure
omnimath-179,0,Autoformalisation failure
omnimath-179,1,False
omnimath-179,2,False
omnimath-179,3,True
omnimath-179,4,False
omnimath-179,5,Autoformalisation failure
omnimath-179,6,True
omnimath-180,0,Autoformalisation failure
omnimath-180,1,Autoformalisation failure
omnimath-180,2,Autoformalisation failure
omnimath-180,3,Autoformalisation failure
omnimath-180,4,Autoformalisation failure
omnimath-180,5,Autoformalisation failure
omnimath-180,6,Autoformalisation failure
omnimath-180,7,Autoformalisation failure
omnimath-180,8,Autoformalisation failure
omnimath-180,9,Autoformalisation failure
omnimath-180,10,Autoformalisation failure
omnimath-180,11,Autoformalisation failure
omnimath-180,12,Autoformalisation failure
omnimath-181,0,Autoformalisation failure
omnimath-181,1,Autoformalisation failure
omnimath-181,2,Autoformalisation failure
omnimath-181,3,Autoformalisation failure
omnimath-181,4,Autoformalisation failure
omnimath-181,5,Autoformalisation failure
omnimath-181,6,Autoformalisation failure
omnimath-181,7,Autoformalisation failure
omnimath-181,8,Autoformalisation failure
omnimath-181,9,Autoformalisation failure
omnimath-181,10,Autoformalisation failure
omnimath-181,11,Autoformalisation failure
omnimath-181,12,Autoformalisation failure
omnimath-181,13,Autoformalisation failure
omnimath-181,14,Autoformalisation failure
omnimath-181,15,Autoformalisation failure
omnimath-182,0,Autoformalisation failure
omnimath-182,1,Autoformalisation failure
omnimath-182,2,Autoformalisation failure
omnimath-182,3,Autoformalisation failure
omnimath-182,4,Autoformalisation failure
omnimath-183,0,Autoformalisation failure
omnimath-183,1,Autoformalisation failure
omnimath-183,2,Autoformalisation failure
omnimath-183,3,Autoformalisation failure
omnimath-183,4,Autoformalisation failure
omnimath-183,5,Autoformalisation failure
omnimath-183,6,Autoformalisation failure
omnimath-184,0,Autoformalisation failure
omnimath-184,1,Autoformalisation failure
omnimath-184,2,Autoformalisation failure
omnimath-184,3,Autoformalisation failure
omnimath-184,4,Autoformalisation failure
omnimath-184,5,False
omnimath-185,0,True
omnimath-185,1,Prover failure
omnimath-185,2,Prover failure
omnimath-185,3,Prover failure
omnimath-185,4,True
omnimath-185,5,True
omnimath-185,6,Autoformalisation failure
omnimath-185,7,False
omnimath-185,8,True
omnimath-186,0,True
omnimath-186,1,True
omnimath-186,2,False
omnimath-186,3,True
omnimath-186,4,True
omnimath-186,5,True
omnimath-186,6,True
omnimath-187,0,Autoformalisation failure
omnimath-187,1,True
omnimath-187,2,True
omnimath-187,3,True
omnimath-187,4,True
omnimath-187,5,False
omnimath-187,6,False
omnimath-187,7,True
omnimath-187,8,False
omnimath-187,9,False
omnimath-187,10,False
omnimath-187,11,False
omnimath-187,12,False
omnimath-187,13,False
omnimath-187,14,False
omnimath-187,15,False
omnimath-187,16,False
omnimath-188,0,True
omnimath-188,1,True
omnimath-188,2,Autoformalisation failure
omnimath-188,3,Autoformalisation failure
omnimath-188,4,Autoformalisation failure
omnimath-188,5,Autoformalisation failure
omnimath-188,6,Autoformalisation failure
omnimath-188,7,Autoformalisation failure
omnimath-188,8,False
omnimath-188,9,False
omnimath-188,10,Autoformalisation failure
omnimath-188,11,Autoformalisation failure
omnimath-188,12,False
omnimath-188,13,True
omnimath-188,14,True
omnimath-189,0,Autoformalisation failure
omnimath-189,1,Autoformalisation failure
omnimath-189,2,Autoformalisation failure
omnimath-189,3,Autoformalisation failure
omnimath-190,0,Autoformalisation failure
omnimath-190,1,Autoformalisation failure
omnimath-190,2,Autoformalisation failure
omnimath-190,3,Autoformalisation failure
omnimath-190,4,Autoformalisation failure
omnimath-190,5,Autoformalisation failure
omnimath-191,0,Autoformalisation failure
omnimath-191,1,Autoformalisation failure
omnimath-191,2,Autoformalisation failure
omnimath-191,3,Autoformalisation failure
omnimath-191,4,Autoformalisation failure
omnimath-191,5,Autoformalisation failure
omnimath-191,6,Autoformalisation failure
omnimath-191,7,Autoformalisation failure
omnimath-191,8,Autoformalisation failure
omnimath-191,9,Autoformalisation failure
omnimath-191,10,Autoformalisation failure
omnimath-191,11,Autoformalisation failure
omnimath-191,12,Autoformalisation failure
omnimath-191,13,Autoformalisation failure
omnimath-191,14,Autoformalisation failure
omnimath-191,15,Autoformalisation failure
omnimath-192,0,Autoformalisation failure
omnimath-192,1,True
omnimath-192,2,False
omnimath-192,3,Autoformalisation failure
omnimath-192,4,Autoformalisation failure
omnimath-192,5,Autoformalisation failure
omnimath-192,6,True
omnimath-192,7,True
omnimath-193,0,Autoformalisation failure
omnimath-193,1,Autoformalisation failure
omnimath-193,2,Autoformalisation failure
omnimath-193,3,Autoformalisation failure
omnimath-193,4,Autoformalisation failure
omnimath-194,0,Autoformalisation failure
omnimath-194,1,True
omnimath-194,2,True
omnimath-194,3,True
omnimath-194,4,True
omnimath-195,0,Autoformalisation failure
omnimath-195,1,Autoformalisation failure
omnimath-195,2,Autoformalisation failure
omnimath-195,3,Autoformalisation failure
omnimath-195,4,Autoformalisation failure
omnimath-195,5,Autoformalisation failure
omnimath-195,6,Autoformalisation failure
omnimath-195,7,True
omnimath-196,0,Autoformalisation failure
omnimath-196,1,Autoformalisation failure
omnimath-196,2,Autoformalisation failure
omnimath-196,3,Autoformalisation failure
omnimath-196,4,Autoformalisation failure
omnimath-196,5,Autoformalisation failure
omnimath-197,0,Autoformalisation failure
omnimath-197,1,Autoformalisation failure
omnimath-197,2,Autoformalisation failure
omnimath-197,3,Autoformalisation failure
omnimath-197,4,Autoformalisation failure
omnimath-197,5,Autoformalisation failure
omnimath-197,6,Autoformalisation failure
omnimath-197,7,Autoformalisation failure
omnimath-197,8,True
omnimath-197,9,False
omnimath-198,0,Autoformalisation failure
omnimath-198,1,Autoformalisation failure
omnimath-198,2,Autoformalisation failure
omnimath-198,3,Autoformalisation failure
omnimath-198,4,Autoformalisation failure
omnimath-199,0,Autoformalisation failure
omnimath-199,1,True
omnimath-199,2,Autoformalisation failure
omnimath-199,3,False
omnimath-200,0,Autoformalisation failure
omnimath-200,1,Autoformalisation failure
omnimath-200,2,Autoformalisation failure
omnimath-200,3,Autoformalisation failure
omnimath-200,4,Autoformalisation failure
omnimath-201,0,True
omnimath-201,1,True
omnimath-201,2,True
omnimath-201,3,True
omnimath-201,4,False
omnimath-201,5,True
omnimath-202,0,Autoformalisation failure
omnimath-202,1,True
omnimath-202,2,Autoformalisation failure
omnimath-202,3,Autoformalisation failure
omnimath-202,4,Autoformalisation failure
omnimath-202,5,True
omnimath-202,6,Autoformalisation failure
omnimath-203,0,Autoformalisation failure
omnimath-203,1,Autoformalisation failure
omnimath-203,2,Autoformalisation failure
omnimath-203,3,Autoformalisation failure
omnimath-203,4,Autoformalisation failure
omnimath-203,5,Autoformalisation failure
omnimath-203,6,Autoformalisation failure
omnimath-203,7,Autoformalisation failure
omnimath-203,8,Autoformalisation failure
omnimath-203,9,Autoformalisation failure
omnimath-204,0,Autoformalisation failure
omnimath-204,1,Autoformalisation failure
omnimath-204,2,Autoformalisation failure
omnimath-205,0,Autoformalisation failure
omnimath-205,1,Autoformalisation failure
omnimath-205,2,Autoformalisation failure
omnimath-205,3,Autoformalisation failure
omnimath-205,4,Autoformalisation failure
omnimath-205,5,Autoformalisation failure
omnimath-205,6,Autoformalisation failure
omnimath-206,0,Autoformalisation failure
omnimath-206,1,Autoformalisation failure
omnimath-206,2,Autoformalisation failure
omnimath-206,3,Autoformalisation failure
omnimath-206,4,Autoformalisation failure
omnimath-206,5,True
omnimath-206,6,Autoformalisation failure
omnimath-207,0,Autoformalisation failure
omnimath-207,1,Autoformalisation failure
omnimath-207,2,Autoformalisation failure
omnimath-207,3,Autoformalisation failure
omnimath-207,4,Autoformalisation failure
omnimath-207,5,Autoformalisation failure
omnimath-207,6,Autoformalisation failure
omnimath-207,7,Autoformalisation failure
omnimath-207,8,Autoformalisation failure
omnimath-207,9,Autoformalisation failure
omnimath-207,10,Autoformalisation failure
omnimath-207,11,Autoformalisation failure
omnimath-207,12,Autoformalisation failure
omnimath-207,13,Autoformalisation failure
omnimath-207,14,Autoformalisation failure
omnimath-207,15,Autoformalisation failure
omnimath-207,16,Autoformalisation failure
omnimath-207,17,Autoformalisation failure
omnimath-207,18,Autoformalisation failure
omnimath-207,19,Autoformalisation failure
omnimath-207,20,Autoformalisation failure
omnimath-208,0,Autoformalisation failure
omnimath-208,1,Autoformalisation failure
omnimath-208,2,Autoformalisation failure
omnimath-208,3,True
omnimath-208,4,Autoformalisation failure
omnimath-208,5,True
omnimath-208,6,Prover failure
omnimath-208,7,Autoformalisation failure
omnimath-208,8,Autoformalisation failure
omnimath-209,0,Autoformalisation failure
omnimath-209,1,Autoformalisation failure
omnimath-209,2,Autoformalisation failure
omnimath-209,3,Autoformalisation failure
omnimath-209,4,Autoformalisation failure
omnimath-209,5,Autoformalisation failure
omnimath-209,6,Autoformalisation failure
omnimath-210,0,Autoformalisation failure
omnimath-210,1,True
omnimath-210,2,True
omnimath-210,3,False
omnimath-210,4,True
omnimath-210,5,Autoformalisation failure
omnimath-210,6,Prover failure
omnimath-211,0,Autoformalisation failure
omnimath-211,1,Autoformalisation failure
omnimath-211,2,False
omnimath-211,3,True
omnimath-211,4,True
omnimath-211,5,Autoformalisation failure
omnimath-211,6,Autoformalisation failure
omnimath-211,7,False
omnimath-211,8,Autoformalisation failure
omnimath-212,0,True
omnimath-212,1,True
omnimath-212,2,Autoformalisation failure
omnimath-212,3,Autoformalisation failure
omnimath-212,4,True
omnimath-212,5,Autoformalisation failure
omnimath-212,6,Autoformalisation failure
omnimath-212,7,Autoformalisation failure
omnimath-212,8,Autoformalisation failure
omnimath-212,9,Autoformalisation failure
omnimath-212,10,Autoformalisation failure
omnimath-212,11,Autoformalisation failure
omnimath-212,12,Autoformalisation failure
omnimath-213,0,Autoformalisation failure
omnimath-213,1,True
omnimath-213,2,True
omnimath-213,3,True
omnimath-213,4,False
omnimath-213,5,Autoformalisation failure
omnimath-213,6,True
omnimath-214,0,Autoformalisation failure
omnimath-214,1,Autoformalisation failure
omnimath-214,2,Autoformalisation failure
omnimath-214,3,True
omnimath-214,4,True
omnimath-214,5,True
omnimath-214,6,True
omnimath-215,0,Autoformalisation failure
omnimath-215,1,Autoformalisation failure
omnimath-215,2,Autoformalisation failure
omnimath-215,3,Autoformalisation failure
omnimath-215,4,Autoformalisation failure
omnimath-215,5,Autoformalisation failure
omnimath-216,0,Autoformalisation failure
omnimath-216,1,Autoformalisation failure
omnimath-216,2,Autoformalisation failure
omnimath-216,3,Autoformalisation failure
omnimath-216,4,Autoformalisation failure
omnimath-216,5,Autoformalisation failure
omnimath-217,0,Autoformalisation failure
omnimath-217,1,Autoformalisation failure
omnimath-217,2,Autoformalisation failure
omnimath-217,3,Autoformalisation failure
omnimath-217,4,Autoformalisation failure
omnimath-217,5,Autoformalisation failure
omnimath-217,6,Autoformalisation failure
omnimath-217,7,Autoformalisation failure
omnimath-217,8,True
omnimath-217,9,Autoformalisation failure
omnimath-218,0,True
omnimath-218,1,True
omnimath-218,2,Autoformalisation failure
omnimath-218,3,True
omnimath-218,4,Prover failure
omnimath-218,5,False
omnimath-219,0,True
omnimath-219,1,Autoformalisation failure
omnimath-219,2,Autoformalisation failure
omnimath-219,3,Autoformalisation failure
omnimath-219,4,True
omnimath-219,5,True
omnimath-220,0,Autoformalisation failure
omnimath-220,1,True
omnimath-220,2,Autoformalisation failure
omnimath-220,3,True
omnimath-221,0,Autoformalisation failure
omnimath-221,1,True
omnimath-221,2,True
omnimath-221,3,True
omnimath-221,4,True
omnimath-221,5,True
omnimath-221,6,True
omnimath-221,7,Autoformalisation failure
omnimath-222,0,Autoformalisation failure
omnimath-222,1,Autoformalisation failure
omnimath-222,2,Autoformalisation failure
omnimath-222,3,True
omnimath-222,4,True
omnimath-222,5,True
omnimath-223,0,True
omnimath-223,1,True
omnimath-223,2,Autoformalisation failure
omnimath-223,3,Autoformalisation failure
omnimath-223,4,True
omnimath-223,5,True
omnimath-224,0,Autoformalisation failure
omnimath-224,1,False
omnimath-224,2,Autoformalisation failure
omnimath-224,3,True
omnimath-224,4,Autoformalisation failure
omnimath-224,5,Autoformalisation failure
omnimath-224,6,True
omnimath-224,7,True
omnimath-225,0,Autoformalisation failure
omnimath-225,1,Autoformalisation failure
omnimath-225,2,Autoformalisation failure
omnimath-225,3,Autoformalisation failure
omnimath-225,4,Autoformalisation failure
omnimath-225,5,Autoformalisation failure
omnimath-225,6,Autoformalisation failure
omnimath-225,7,Autoformalisation failure
omnimath-225,8,True
omnimath-225,9,False
omnimath-225,10,False
omnimath-226,0,Autoformalisation failure
omnimath-226,1,Autoformalisation failure
omnimath-226,2,Autoformalisation failure
omnimath-226,3,Autoformalisation failure
omnimath-226,4,Autoformalisation failure
omnimath-227,0,Autoformalisation failure
omnimath-227,1,Autoformalisation failure
omnimath-227,2,Autoformalisation failure
omnimath-227,3,Autoformalisation failure
omnimath-227,4,Autoformalisation failure
omnimath-227,5,Autoformalisation failure
omnimath-227,6,Autoformalisation failure
omnimath-227,7,Autoformalisation failure
omnimath-227,8,Autoformalisation failure
omnimath-228,0,Autoformalisation failure
omnimath-228,1,True
omnimath-228,2,True
omnimath-228,3,True
omnimath-228,4,True
omnimath-228,5,True
omnimath-228,6,True
omnimath-228,7,False
omnimath-228,8,Autoformalisation failure
omnimath-229,0,Autoformalisation failure
omnimath-229,1,Autoformalisation failure
omnimath-229,2,Autoformalisation failure
omnimath-229,3,Autoformalisation failure
omnimath-229,4,Autoformalisation failure
omnimath-229,5,Autoformalisation failure
omnimath-229,6,False
omnimath-229,7,False
omnimath-230,0,False
omnimath-230,1,True
omnimath-230,2,Autoformalisation failure
omnimath-230,3,Autoformalisation failure
omnimath-230,4,Autoformalisation failure
omnimath-230,5,Autoformalisation failure
omnimath-230,6,Autoformalisation failure
omnimath-231,0,Autoformalisation failure
omnimath-231,1,Autoformalisation failure
omnimath-231,2,True
omnimath-231,3,True
omnimath-231,4,True
omnimath-231,5,True
omnimath-232,0,Autoformalisation failure
omnimath-232,1,Autoformalisation failure
omnimath-232,2,Autoformalisation failure
omnimath-232,3,Autoformalisation failure
omnimath-233,0,Autoformalisation failure
omnimath-233,1,Autoformalisation failure
omnimath-233,2,Autoformalisation failure
omnimath-233,3,Autoformalisation failure
omnimath-233,4,Autoformalisation failure
omnimath-233,5,Autoformalisation failure
omnimath-233,6,False
omnimath-233,7,False
omnimath-233,8,False
omnimath-234,0,True
omnimath-234,1,True
omnimath-234,2,True
omnimath-234,3,Autoformalisation failure
omnimath-234,4,False
omnimath-234,5,True
omnimath-234,6,False
omnimath-235,0,Autoformalisation failure
omnimath-235,1,True
omnimath-235,2,Autoformalisation failure
omnimath-235,3,Autoformalisation failure
omnimath-235,4,Autoformalisation failure
omnimath-235,5,Autoformalisation failure
omnimath-235,6,Autoformalisation failure
omnimath-235,7,Autoformalisation failure
omnimath-235,8,Autoformalisation failure
omnimath-235,9,Autoformalisation failure
omnimath-235,10,Autoformalisation failure
omnimath-236,0,False
omnimath-236,1,Autoformalisation failure
omnimath-236,2,Autoformalisation failure
omnimath-236,3,Autoformalisation failure
omnimath-236,4,Autoformalisation failure
omnimath-236,5,Autoformalisation failure
omnimath-237,0,Autoformalisation failure
omnimath-237,1,False
omnimath-237,2,Autoformalisation failure
omnimath-237,3,Autoformalisation failure
omnimath-237,4,Autoformalisation failure
omnimath-237,5,False
omnimath-237,6,False
omnimath-237,7,Autoformalisation failure
omnimath-237,8,Prover failure
omnimath-237,9,True
omnimath-237,10,Autoformalisation failure
omnimath-237,11,True
omnimath-237,12,Autoformalisation failure
omnimath-237,13,True
omnimath-237,14,True
omnimath-238,0,True
omnimath-238,1,True
omnimath-238,2,True
omnimath-238,3,True
omnimath-238,4,True
omnimath-238,5,Autoformalisation failure
omnimath-238,6,True
omnimath-238,7,True
omnimath-238,8,Autoformalisation failure
omnimath-239,0,Autoformalisation failure
omnimath-239,1,Autoformalisation failure
omnimath-239,2,Autoformalisation failure
omnimath-239,3,Autoformalisation failure
omnimath-239,4,Autoformalisation failure
omnimath-239,5,Autoformalisation failure
omnimath-239,6,Autoformalisation failure
omnimath-239,7,Autoformalisation failure
omnimath-240,0,Autoformalisation failure
omnimath-240,1,Autoformalisation failure
omnimath-240,2,Autoformalisation failure
omnimath-240,3,Autoformalisation failure
omnimath-240,4,Autoformalisation failure
omnimath-240,5,Autoformalisation failure
omnimath-240,6,Autoformalisation failure
omnimath-240,7,Autoformalisation failure
omnimath-240,8,Autoformalisation failure
omnimath-240,9,Autoformalisation failure
omnimath-240,10,Autoformalisation failure
omnimath-240,11,Autoformalisation failure
omnimath-240,12,Autoformalisation failure
omnimath-240,13,Autoformalisation failure
omnimath-240,14,Autoformalisation failure
omnimath-240,15,Autoformalisation failure
omnimath-240,16,Autoformalisation failure
omnimath-240,17,Autoformalisation failure
omnimath-240,18,Autoformalisation failure
omnimath-240,19,Autoformalisation failure
omnimath-240,20,Autoformalisation failure
omnimath-241,0,Autoformalisation failure
omnimath-241,1,Autoformalisation failure
omnimath-241,2,Autoformalisation failure
omnimath-241,3,Autoformalisation failure
omnimath-241,4,Autoformalisation failure
omnimath-242,0,Autoformalisation failure
omnimath-242,1,Autoformalisation failure
omnimath-242,2,True
omnimath-242,3,Autoformalisation failure
omnimath-243,0,False
omnimath-243,1,Autoformalisation failure
omnimath-243,2,Autoformalisation failure
omnimath-243,3,False
omnimath-243,4,Autoformalisation failure
omnimath-243,5,Autoformalisation failure
omnimath-243,6,Autoformalisation failure
omnimath-243,7,Autoformalisation failure
omnimath-243,8,Autoformalisation failure
omnimath-244,0,Autoformalisation failure
omnimath-244,1,True
omnimath-244,2,Autoformalisation failure
omnimath-244,3,False
omnimath-245,0,Autoformalisation failure
omnimath-245,1,Autoformalisation failure
omnimath-245,2,Autoformalisation failure
omnimath-245,3,Autoformalisation failure
omnimath-245,4,Autoformalisation failure
omnimath-245,5,Autoformalisation failure
omnimath-245,6,Autoformalisation failure
omnimath-245,7,False
omnimath-245,8,True
omnimath-246,0,Autoformalisation failure
omnimath-246,1,Autoformalisation failure
omnimath-246,2,Autoformalisation failure
omnimath-246,3,False
omnimath-246,4,Prover failure
omnimath-246,5,Prover failure
omnimath-247,0,Autoformalisation failure
omnimath-247,1,Autoformalisation failure
omnimath-247,2,True
omnimath-247,3,True
omnimath-247,4,Autoformalisation failure
omnimath-247,5,Autoformalisation failure
omnimath-247,6,Autoformalisation failure
omnimath-247,7,Autoformalisation failure
omnimath-247,8,Autoformalisation failure
omnimath-247,9,Autoformalisation failure
omnimath-247,10,Autoformalisation failure
omnimath-247,11,Autoformalisation failure
omnimath-247,12,Autoformalisation failure
omnimath-247,13,Autoformalisation failure
omnimath-248,0,Autoformalisation failure
omnimath-248,1,Autoformalisation failure
omnimath-248,2,Autoformalisation failure
omnimath-248,3,False
omnimath-248,4,True
omnimath-248,5,Autoformalisation failure
omnimath-248,6,Autoformalisation failure
omnimath-248,7,Autoformalisation failure
omnimath-248,8,Autoformalisation failure
omnimath-248,9,Autoformalisation failure
omnimath-249,0,Autoformalisation failure
omnimath-249,1,Autoformalisation failure
omnimath-249,2,Autoformalisation failure
omnimath-249,3,True
omnimath-249,4,Autoformalisation failure
omnimath-249,5,Autoformalisation failure
omnimath-249,6,Autoformalisation failure
omnimath-249,7,Autoformalisation failure
omnimath-249,8,Autoformalisation failure
omnimath-249,9,Autoformalisation failure
omnimath-249,10,Autoformalisation failure
omnimath-249,11,Autoformalisation failure
omnimath-250,0,Autoformalisation failure
omnimath-250,1,Autoformalisation failure
omnimath-250,2,Autoformalisation failure
omnimath-250,3,Autoformalisation failure
omnimath-250,4,True
omnimath-251,0,Autoformalisation failure
omnimath-251,1,Autoformalisation failure
omnimath-251,2,Autoformalisation failure
omnimath-251,3,Autoformalisation failure
omnimath-251,4,Autoformalisation failure
omnimath-251,5,Autoformalisation failure
omnimath-251,6,Autoformalisation failure
omnimath-252,0,Autoformalisation failure
omnimath-252,1,Autoformalisation failure
omnimath-252,2,Autoformalisation failure
omnimath-252,3,Autoformalisation failure
omnimath-252,4,Autoformalisation failure
omnimath-252,5,Autoformalisation failure
omnimath-252,6,Autoformalisation failure
omnimath-252,7,Autoformalisation failure
omnimath-253,0,Autoformalisation failure
omnimath-253,1,Autoformalisation failure
omnimath-253,2,Autoformalisation failure
omnimath-253,3,Autoformalisation failure
omnimath-253,4,Autoformalisation failure
omnimath-253,5,True
omnimath-253,6,Autoformalisation failure
omnimath-254,0,Autoformalisation failure
omnimath-254,1,Autoformalisation failure
omnimath-254,2,Autoformalisation failure
omnimath-254,3,Autoformalisation failure
omnimath-254,4,Autoformalisation failure
omnimath-254,5,Autoformalisation failure
omnimath-254,6,Autoformalisation failure
omnimath-254,7,Autoformalisation failure
omnimath-254,8,Autoformalisation failure
omnimath-255,0,Autoformalisation failure
omnimath-255,1,True
omnimath-255,2,False
omnimath-255,3,True
omnimath-255,4,False
omnimath-255,5,Autoformalisation failure
omnimath-255,6,True
omnimath-255,7,Autoformalisation failure
omnimath-255,8,False
omnimath-255,9,False
omnimath-255,10,Autoformalisation failure
omnimath-256,0,Autoformalisation failure
omnimath-256,1,Autoformalisation failure
omnimath-256,2,Autoformalisation failure
omnimath-256,3,Autoformalisation failure
omnimath-256,4,Autoformalisation failure
omnimath-256,5,Autoformalisation failure
omnimath-256,6,Autoformalisation failure
omnimath-256,7,Autoformalisation failure
omnimath-256,8,Autoformalisation failure
omnimath-256,9,Autoformalisation failure
omnimath-256,10,Autoformalisation failure
omnimath-257,0,True
omnimath-257,1,Autoformalisation failure
omnimath-257,2,Autoformalisation failure
omnimath-257,3,Autoformalisation failure
omnimath-257,4,Autoformalisation failure
omnimath-257,5,Autoformalisation failure
omnimath-257,6,Autoformalisation failure
omnimath-257,7,Prover failure
omnimath-257,8,Prover failure
omnimath-258,0,Autoformalisation failure
omnimath-258,1,Autoformalisation failure
omnimath-258,2,Autoformalisation failure
omnimath-258,3,Autoformalisation failure
omnimath-258,4,Autoformalisation failure
omnimath-259,0,Autoformalisation failure
omnimath-259,1,Autoformalisation failure
omnimath-259,2,Autoformalisation failure
omnimath-259,3,Autoformalisation failure
omnimath-259,4,Autoformalisation failure
omnimath-259,5,Autoformalisation failure
omnimath-259,6,Autoformalisation failure
omnimath-259,7,Autoformalisation failure
omnimath-260,0,Autoformalisation failure
omnimath-260,1,Autoformalisation failure
omnimath-260,2,Prover failure
omnimath-260,3,True
omnimath-260,4,False
omnimath-260,5,Autoformalisation failure
omnimath-260,6,True
omnimath-260,7,Autoformalisation failure
omnimath-260,8,False
omnimath-260,9,Autoformalisation failure
omnimath-260,10,Autoformalisation failure
omnimath-260,11,True
omnimath-260,12,False
omnimath-260,13,False
omnimath-260,14,False
omnimath-260,15,True
omnimath-260,16,True
omnimath-261,0,Autoformalisation failure
omnimath-261,1,Autoformalisation failure
omnimath-261,2,Autoformalisation failure
omnimath-261,3,Autoformalisation failure
omnimath-261,4,Autoformalisation failure
omnimath-261,5,Autoformalisation failure
omnimath-261,6,Autoformalisation failure
omnimath-261,7,Autoformalisation failure
omnimath-261,8,Autoformalisation failure
omnimath-261,9,Autoformalisation failure
omnimath-261,10,Autoformalisation failure
omnimath-261,11,Autoformalisation failure
omnimath-261,12,Autoformalisation failure
omnimath-261,13,True
omnimath-261,14,True
omnimath-261,15,False
omnimath-261,16,True
omnimath-261,17,Prover failure
omnimath-261,18,Autoformalisation failure
omnimath-262,0,True
omnimath-262,1,Autoformalisation failure
omnimath-262,2,Prover failure
omnimath-262,3,False
omnimath-262,4,Autoformalisation failure
omnimath-263,0,True
omnimath-263,1,True
omnimath-263,2,True
omnimath-263,3,True
omnimath-263,4,True
omnimath-263,5,True
omnimath-264,0,Autoformalisation failure
omnimath-264,1,True
omnimath-264,2,Autoformalisation failure
omnimath-264,3,True
omnimath-264,4,Autoformalisation failure
omnimath-265,0,True
omnimath-265,1,Autoformalisation failure
omnimath-265,2,Autoformalisation failure
omnimath-265,3,Autoformalisation failure
omnimath-265,4,Autoformalisation failure
omnimath-265,5,Autoformalisation failure
omnimath-265,6,Autoformalisation failure
omnimath-265,7,Autoformalisation failure
omnimath-265,8,Autoformalisation failure
omnimath-265,9,Autoformalisation failure
omnimath-265,10,Autoformalisation failure
omnimath-265,11,Autoformalisation failure
omnimath-265,12,Autoformalisation failure
omnimath-266,0,Autoformalisation failure
omnimath-266,1,Autoformalisation failure
omnimath-266,2,Autoformalisation failure
omnimath-266,3,Autoformalisation failure
omnimath-266,4,Autoformalisation failure
omnimath-266,5,Autoformalisation failure
omnimath-266,6,Autoformalisation failure
omnimath-266,7,Autoformalisation failure
omnimath-266,8,Autoformalisation failure
omnimath-266,9,Autoformalisation failure
omnimath-267,0,Autoformalisation failure
omnimath-267,1,False
omnimath-267,2,False
omnimath-267,3,True
omnimath-267,4,True
omnimath-267,5,True
omnimath-267,6,True
omnimath-268,0,Autoformalisation failure
omnimath-268,1,Autoformalisation failure
omnimath-268,2,Autoformalisation failure
omnimath-268,3,Autoformalisation failure
omnimath-268,4,Autoformalisation failure
omnimath-268,5,Autoformalisation failure
omnimath-268,6,Autoformalisation failure
omnimath-268,7,Autoformalisation failure
omnimath-269,0,True
omnimath-269,1,Autoformalisation failure
omnimath-269,2,Autoformalisation failure
omnimath-269,3,True
omnimath-270,0,Autoformalisation failure
omnimath-270,1,True
omnimath-270,2,False
omnimath-270,3,True
omnimath-270,4,True
omnimath-270,5,True
omnimath-270,6,True
omnimath-271,0,Autoformalisation failure
omnimath-271,1,Autoformalisation failure
omnimath-271,2,Autoformalisation failure
omnimath-271,3,False
omnimath-271,4,False
omnimath-271,5,Autoformalisation failure
omnimath-271,6,Autoformalisation failure
omnimath-271,7,Autoformalisation failure
omnimath-271,8,Autoformalisation failure
omnimath-272,0,Autoformalisation failure
omnimath-272,1,Autoformalisation failure
omnimath-272,2,Autoformalisation failure
omnimath-272,3,Autoformalisation failure
omnimath-272,4,Autoformalisation failure
omnimath-272,5,Autoformalisation failure
omnimath-272,6,Autoformalisation failure
omnimath-272,7,Prover failure
omnimath-273,0,Autoformalisation failure
omnimath-273,1,Autoformalisation failure
omnimath-273,2,Autoformalisation failure
omnimath-273,3,Autoformalisation failure
omnimath-273,4,Autoformalisation failure
omnimath-274,0,Autoformalisation failure
omnimath-274,1,Autoformalisation failure
omnimath-274,2,Autoformalisation failure
omnimath-274,3,Autoformalisation failure
omnimath-274,4,Autoformalisation failure
omnimath-275,0,True
omnimath-275,1,Autoformalisation failure
omnimath-275,2,True
omnimath-275,3,True
omnimath-275,4,Autoformalisation failure
omnimath-275,5,Autoformalisation failure
omnimath-275,6,Autoformalisation failure
omnimath-275,7,True
omnimath-275,8,True
omnimath-275,9,Autoformalisation failure
omnimath-275,10,True
omnimath-275,11,True
omnimath-275,12,True
omnimath-275,13,Autoformalisation failure
omnimath-275,14,Autoformalisation failure
omnimath-275,15,True
omnimath-275,16,False
omnimath-275,17,False
omnimath-275,18,Autoformalisation failure
omnimath-275,19,True
omnimath-275,20,True
omnimath-276,0,Autoformalisation failure
omnimath-276,1,Autoformalisation failure
omnimath-276,2,Autoformalisation failure
omnimath-276,3,Autoformalisation failure
omnimath-276,4,Autoformalisation failure
omnimath-276,5,Autoformalisation failure
omnimath-276,6,True
omnimath-276,7,Autoformalisation failure
omnimath-276,8,Autoformalisation failure
omnimath-276,9,Autoformalisation failure
omnimath-276,10,Autoformalisation failure
omnimath-276,11,Autoformalisation failure
omnimath-276,12,Autoformalisation failure
omnimath-276,13,Autoformalisation failure
omnimath-276,14,Autoformalisation failure
omnimath-277,0,Autoformalisation failure
omnimath-277,1,Autoformalisation failure
omnimath-277,2,Autoformalisation failure
omnimath-277,3,Autoformalisation failure
omnimath-277,4,Autoformalisation failure
omnimath-277,5,Autoformalisation failure
omnimath-277,6,Autoformalisation failure
omnimath-278,0,Autoformalisation failure
omnimath-278,1,Autoformalisation failure
omnimath-278,2,Autoformalisation failure
omnimath-278,3,Autoformalisation failure
omnimath-278,4,True
omnimath-278,5,Autoformalisation failure
omnimath-278,6,Autoformalisation failure
omnimath-278,7,Autoformalisation failure
omnimath-279,0,Autoformalisation failure
omnimath-279,1,Autoformalisation failure
omnimath-279,2,Autoformalisation failure
omnimath-279,3,Autoformalisation failure
omnimath-279,4,Autoformalisation failure
omnimath-279,5,Autoformalisation failure
omnimath-279,6,Autoformalisation failure
omnimath-280,0,Autoformalisation failure
omnimath-280,1,Autoformalisation failure
omnimath-280,2,Autoformalisation failure
omnimath-280,3,True
omnimath-280,4,Autoformalisation failure
omnimath-281,0,Autoformalisation failure
omnimath-281,1,Autoformalisation failure
omnimath-281,2,Autoformalisation failure
omnimath-281,3,Autoformalisation failure
omnimath-281,4,Autoformalisation failure
omnimath-281,5,Autoformalisation failure
omnimath-281,6,Autoformalisation failure
omnimath-281,7,Autoformalisation failure
omnimath-281,8,Autoformalisation failure
omnimath-282,0,Autoformalisation failure
omnimath-282,1,Autoformalisation failure
omnimath-282,2,Autoformalisation failure
omnimath-282,3,Autoformalisation failure
omnimath-282,4,Autoformalisation failure
omnimath-282,5,False
omnimath-282,6,Autoformalisation failure
omnimath-283,0,Autoformalisation failure
omnimath-283,1,Autoformalisation failure
omnimath-283,2,Autoformalisation failure
omnimath-283,3,Autoformalisation failure
omnimath-283,4,Autoformalisation failure
omnimath-283,5,Autoformalisation failure
omnimath-283,6,Autoformalisation failure
omnimath-283,7,Autoformalisation failure
omnimath-283,8,Autoformalisation failure
omnimath-283,9,Autoformalisation failure
omnimath-283,10,Autoformalisation failure
omnimath-284,0,True
omnimath-284,1,True
omnimath-284,2,Autoformalisation failure
omnimath-284,3,True
omnimath-284,4,Autoformalisation failure
omnimath-284,5,False
omnimath-284,6,Autoformalisation failure
omnimath-285,0,True
omnimath-285,1,True
omnimath-285,2,True
omnimath-285,3,True
omnimath-285,4,True
omnimath-285,5,True
omnimath-285,6,True
omnimath-285,7,True
omnimath-286,0,Autoformalisation failure
omnimath-286,1,Autoformalisation failure
omnimath-286,2,Autoformalisation failure
omnimath-286,3,Autoformalisation failure
omnimath-286,4,Autoformalisation failure
omnimath-286,5,Autoformalisation failure
omnimath-286,6,Autoformalisation failure
omnimath-286,7,Autoformalisation failure
omnimath-286,8,Autoformalisation failure
omnimath-286,9,Autoformalisation failure
omnimath-286,10,Autoformalisation failure
omnimath-286,11,Autoformalisation failure
omnimath-287,0,Autoformalisation failure
omnimath-287,1,Autoformalisation failure
omnimath-287,2,Autoformalisation failure
omnimath-287,3,False
omnimath-288,0,Autoformalisation failure
omnimath-288,1,Autoformalisation failure
omnimath-288,2,Autoformalisation failure
omnimath-288,3,Autoformalisation failure
omnimath-288,4,Autoformalisation failure
omnimath-288,5,Autoformalisation failure
omnimath-288,6,Autoformalisation failure
omnimath-288,7,Autoformalisation failure
omnimath-288,8,Autoformalisation failure
omnimath-288,9,True
omnimath-288,10,False
omnimath-288,11,False
omnimath-288,12,False
omnimath-289,0,Autoformalisation failure
omnimath-289,1,True
omnimath-289,2,Autoformalisation failure
omnimath-289,3,Autoformalisation failure
omnimath-289,4,True
omnimath-290,0,Autoformalisation failure
omnimath-290,1,Autoformalisation failure
omnimath-290,2,Autoformalisation failure
omnimath-290,3,Autoformalisation failure
omnimath-290,4,Autoformalisation failure
omnimath-290,5,Autoformalisation failure
omnimath-291,0,Autoformalisation failure
omnimath-291,1,Autoformalisation failure
omnimath-291,2,Autoformalisation failure
omnimath-291,3,Autoformalisation failure
omnimath-291,4,Autoformalisation failure
omnimath-291,5,Autoformalisation failure
omnimath-291,6,Autoformalisation failure
omnimath-291,7,Autoformalisation failure
omnimath-291,8,Autoformalisation failure
omnimath-292,0,Autoformalisation failure
omnimath-292,1,Autoformalisation failure
omnimath-292,2,Autoformalisation failure
omnimath-292,3,Autoformalisation failure
omnimath-292,4,Autoformalisation failure
omnimath-292,5,Autoformalisation failure
omnimath-292,6,True
omnimath-292,7,Autoformalisation failure
omnimath-293,0,Autoformalisation failure
omnimath-293,1,Autoformalisation failure
omnimath-293,2,Autoformalisation failure
omnimath-293,3,Autoformalisation failure
omnimath-293,4,Autoformalisation failure
omnimath-293,5,Autoformalisation failure
omnimath-293,6,Autoformalisation failure
omnimath-293,7,Autoformalisation failure
omnimath-293,8,Autoformalisation failure
omnimath-293,9,Autoformalisation failure
omnimath-293,10,Autoformalisation failure
omnimath-294,0,Autoformalisation failure
omnimath-294,1,Autoformalisation failure
omnimath-294,2,Autoformalisation failure
omnimath-294,3,Autoformalisation failure
omnimath-294,4,Autoformalisation failure
omnimath-294,5,Autoformalisation failure
omnimath-294,6,Autoformalisation failure
omnimath-294,7,Autoformalisation failure
omnimath-295,0,Autoformalisation failure
omnimath-295,1,Autoformalisation failure
omnimath-295,2,Autoformalisation failure
omnimath-295,3,Autoformalisation failure
omnimath-295,4,Autoformalisation failure
omnimath-295,5,Autoformalisation failure
omnimath-295,6,True
omnimath-295,7,True
omnimath-295,8,Autoformalisation failure
omnimath-295,9,False
omnimath-295,10,False
omnimath-296,0,Autoformalisation failure
omnimath-296,1,Autoformalisation failure
omnimath-296,2,Autoformalisation failure
omnimath-296,3,Autoformalisation failure
omnimath-296,4,Autoformalisation failure
omnimath-297,0,False
omnimath-297,1,Autoformalisation failure
omnimath-297,2,Autoformalisation failure
omnimath-297,3,Autoformalisation failure
omnimath-297,4,Autoformalisation failure
omnimath-297,5,True
omnimath-297,6,Autoformalisation failure
omnimath-297,7,True
omnimath-298,0,Autoformalisation failure
omnimath-298,1,Autoformalisation failure
omnimath-298,2,Autoformalisation failure
omnimath-298,3,Autoformalisation failure
omnimath-298,4,Autoformalisation failure
omnimath-298,5,Autoformalisation failure
omnimath-298,6,Autoformalisation failure
omnimath-298,7,Autoformalisation failure
omnimath-298,8,Autoformalisation failure
omnimath-298,9,Autoformalisation failure
omnimath-299,0,Autoformalisation failure
omnimath-299,1,Autoformalisation failure
omnimath-299,2,True
omnimath-299,3,False
omnimath-299,4,False
omnimath-299,5,True
omnimath-300,0,True
omnimath-300,1,True
omnimath-300,2,Autoformalisation failure
omnimath-300,3,Autoformalisation failure
omnimath-300,4,Autoformalisation failure
omnimath-300,5,Autoformalisation failure
omnimath-300,6,False
omnimath-300,7,True
omnimath-300,8,Autoformalisation failure
omnimath-300,9,Autoformalisation failure
omnimath-300,10,Autoformalisation failure
omnimath-300,11,Autoformalisation failure
omnimath-300,12,False
omnimath-300,13,False
omnimath-300,14,Autoformalisation failure
omnimath-300,15,True
omnimath-300,16,Autoformalisation failure
omnimath-300,17,False
omnimath-300,18,False
omnimath-300,19,Autoformalisation failure
omnimath-300,20,Autoformalisation failure
omnimath-300,21,Autoformalisation failure
omnimath-300,22,False
omnimath-301,0,Autoformalisation failure
omnimath-301,1,Autoformalisation failure
omnimath-301,2,Autoformalisation failure
omnimath-301,3,Autoformalisation failure
omnimath-301,4,Autoformalisation failure
omnimath-301,5,Autoformalisation failure
omnimath-301,6,Autoformalisation failure
omnimath-301,7,Autoformalisation failure
omnimath-301,8,Autoformalisation failure
omnimath-301,9,Autoformalisation failure
omnimath-301,10,Autoformalisation failure
omnimath-301,11,Autoformalisation failure
omnimath-301,12,Autoformalisation failure
omnimath-302,0,True
omnimath-302,1,True
omnimath-302,2,Autoformalisation failure
omnimath-302,3,Autoformalisation failure
omnimath-302,4,True
omnimath-302,5,True
omnimath-302,6,True
omnimath-302,7,True
omnimath-302,8,False
omnimath-302,9,True
omnimath-302,10,True
omnimath-302,11,True
omnimath-302,12,True
omnimath-302,13,True
omnimath-302,14,True
omnimath-303,0,Autoformalisation failure
omnimath-303,1,Autoformalisation failure
omnimath-303,2,Autoformalisation failure
omnimath-303,3,Autoformalisation failure
omnimath-304,0,Autoformalisation failure
omnimath-304,1,Autoformalisation failure
omnimath-304,2,Autoformalisation failure
omnimath-304,3,Autoformalisation failure
omnimath-304,4,Autoformalisation failure
omnimath-304,5,Autoformalisation failure
omnimath-304,6,Autoformalisation failure
omnimath-304,7,Autoformalisation failure
omnimath-304,8,Autoformalisation failure
omnimath-304,9,Autoformalisation failure
omnimath-304,10,Autoformalisation failure
omnimath-304,11,Autoformalisation failure
omnimath-304,12,Autoformalisation failure
omnimath-304,13,Autoformalisation failure
omnimath-304,14,Autoformalisation failure
omnimath-304,15,Autoformalisation failure
omnimath-304,16,Autoformalisation failure
omnimath-304,17,Autoformalisation failure
omnimath-304,18,Autoformalisation failure
omnimath-304,19,Autoformalisation failure
omnimath-305,0,Autoformalisation failure
omnimath-305,1,Autoformalisation failure
omnimath-305,2,Autoformalisation failure
omnimath-305,3,Autoformalisation failure
omnimath-305,4,Autoformalisation failure
omnimath-305,5,False
omnimath-305,6,False
omnimath-305,7,False
omnimath-305,8,False
omnimath-305,9,Autoformalisation failure
omnimath-305,10,False
omnimath-305,11,Autoformalisation failure
omnimath-305,12,False
omnimath-305,13,False
omnimath-305,14,False
omnimath-305,15,Autoformalisation failure
omnimath-306,0,Autoformalisation failure
omnimath-306,1,Autoformalisation failure
omnimath-306,2,Autoformalisation failure
omnimath-306,3,Autoformalisation failure
omnimath-306,4,True
omnimath-306,5,Autoformalisation failure
omnimath-306,6,Autoformalisation failure
omnimath-306,7,Autoformalisation failure
omnimath-306,8,Autoformalisation failure
omnimath-306,9,Autoformalisation failure
omnimath-306,10,Autoformalisation failure
omnimath-306,11,Autoformalisation failure
omnimath-306,12,True
omnimath-307,0,Autoformalisation failure
omnimath-307,1,Autoformalisation failure
omnimath-307,2,Autoformalisation failure
omnimath-307,3,Autoformalisation failure
omnimath-307,4,Autoformalisation failure
omnimath-307,5,Autoformalisation failure
omnimath-307,6,Autoformalisation failure
omnimath-307,7,Autoformalisation failure
omnimath-307,8,Autoformalisation failure
omnimath-307,9,Autoformalisation failure
omnimath-307,10,Autoformalisation failure
omnimath-307,11,Autoformalisation failure
omnimath-307,12,Autoformalisation failure
omnimath-308,0,Autoformalisation failure
omnimath-308,1,False
omnimath-308,2,Prover failure
omnimath-309,0,Autoformalisation failure
omnimath-309,1,Autoformalisation failure
omnimath-309,2,Autoformalisation failure
omnimath-309,3,Autoformalisation failure
omnimath-309,4,Autoformalisation failure
omnimath-309,5,Autoformalisation failure
omnimath-309,6,Autoformalisation failure
omnimath-309,7,Autoformalisation failure
omnimath-309,8,Autoformalisation failure
omnimath-309,9,Autoformalisation failure
omnimath-309,10,Autoformalisation failure
omnimath-310,0,Autoformalisation failure
omnimath-310,1,Autoformalisation failure
omnimath-310,2,Autoformalisation failure
omnimath-310,3,Autoformalisation failure
omnimath-310,4,Autoformalisation failure
omnimath-310,5,Autoformalisation failure
omnimath-310,6,Autoformalisation failure
omnimath-310,7,Autoformalisation failure
omnimath-310,8,Autoformalisation failure
omnimath-311,0,Autoformalisation failure
omnimath-311,1,False
omnimath-311,2,Autoformalisation failure
omnimath-311,3,True
omnimath-311,4,True
omnimath-311,5,False
omnimath-311,6,Prover failure
omnimath-311,7,Prover failure
omnimath-312,0,Autoformalisation failure
omnimath-312,1,True
omnimath-312,2,True
omnimath-312,3,False
omnimath-313,0,Autoformalisation failure
omnimath-313,1,Autoformalisation failure
omnimath-313,2,Autoformalisation failure
omnimath-313,3,Autoformalisation failure
omnimath-313,4,Autoformalisation failure
omnimath-313,5,False
omnimath-313,6,True
omnimath-313,7,Autoformalisation failure
omnimath-313,8,Autoformalisation failure
omnimath-313,9,Autoformalisation failure
omnimath-313,10,True
omnimath-313,11,Autoformalisation failure
omnimath-313,12,True
omnimath-313,13,True
omnimath-313,14,True
omnimath-313,15,True
omnimath-313,16,Autoformalisation failure
omnimath-313,17,Autoformalisation failure
omnimath-313,18,Autoformalisation failure
omnimath-313,19,Autoformalisation failure
omnimath-313,20,Autoformalisation failure
omnimath-314,0,Autoformalisation failure
omnimath-314,1,True
omnimath-314,2,True
omnimath-314,3,Autoformalisation failure
omnimath-314,4,Autoformalisation failure
omnimath-314,5,Autoformalisation failure
omnimath-314,6,True
omnimath-314,7,Autoformalisation failure
omnimath-314,8,Autoformalisation failure
omnimath-314,9,True
omnimath-314,10,Autoformalisation failure
omnimath-314,11,True
omnimath-314,12,Autoformalisation failure
omnimath-314,13,Autoformalisation failure
omnimath-315,0,Autoformalisation failure
omnimath-315,1,Autoformalisation failure
omnimath-315,2,Autoformalisation failure
omnimath-315,3,Autoformalisation failure
omnimath-315,4,Autoformalisation failure
omnimath-315,5,Autoformalisation failure
omnimath-315,6,Autoformalisation failure
omnimath-315,7,Autoformalisation failure
omnimath-315,8,Autoformalisation failure
omnimath-315,9,Autoformalisation failure
omnimath-315,10,Autoformalisation failure
omnimath-315,11,Autoformalisation failure
omnimath-315,12,Autoformalisation failure
omnimath-315,13,False
omnimath-315,14,Autoformalisation failure
omnimath-315,15,Autoformalisation failure
omnimath-315,16,Autoformalisation failure
omnimath-315,17,Autoformalisation failure
omnimath-315,18,Autoformalisation failure
omnimath-315,19,Autoformalisation failure
omnimath-315,20,Autoformalisation failure
omnimath-315,21,Autoformalisation failure
omnimath-315,22,Autoformalisation failure
omnimath-315,23,Autoformalisation failure
omnimath-315,24,Autoformalisation failure
omnimath-315,25,False
omnimath-315,26,True
omnimath-315,27,Prover failure
omnimath-315,28,Autoformalisation failure
omnimath-315,29,False
omnimath-315,30,Autoformalisation failure
omnimath-315,31,Autoformalisation failure
omnimath-315,32,Autoformalisation failure
omnimath-315,33,Autoformalisation failure
omnimath-315,34,Autoformalisation failure
omnimath-316,0,Autoformalisation failure
omnimath-316,1,Autoformalisation failure
omnimath-316,2,Autoformalisation failure
omnimath-316,3,Autoformalisation failure
omnimath-316,4,Autoformalisation failure
omnimath-316,5,Autoformalisation failure
omnimath-316,6,Autoformalisation failure
omnimath-317,0,Autoformalisation failure
omnimath-317,1,Autoformalisation failure
omnimath-317,2,Autoformalisation failure
omnimath-317,3,True
omnimath-317,4,False
omnimath-317,5,Autoformalisation failure
omnimath-317,6,True
omnimath-317,7,True
omnimath-318,0,Autoformalisation failure
omnimath-318,1,Autoformalisation failure
omnimath-318,2,Autoformalisation failure
omnimath-318,3,Autoformalisation failure
omnimath-318,4,Autoformalisation failure
omnimath-318,5,Autoformalisation failure
omnimath-318,6,Autoformalisation failure
omnimath-318,7,Autoformalisation failure
omnimath-318,8,Autoformalisation failure
omnimath-318,9,Autoformalisation failure
omnimath-318,10,Autoformalisation failure
omnimath-318,11,Autoformalisation failure
omnimath-318,12,Autoformalisation failure
omnimath-318,13,Autoformalisation failure
omnimath-318,14,Autoformalisation failure
omnimath-318,15,Autoformalisation failure
omnimath-318,16,Autoformalisation failure
omnimath-318,17,Autoformalisation failure
omnimath-319,0,Autoformalisation failure
omnimath-319,1,Autoformalisation failure
omnimath-319,2,Autoformalisation failure
omnimath-319,3,Autoformalisation failure
omnimath-319,4,Autoformalisation failure
omnimath-319,5,Autoformalisation failure
omnimath-319,6,True
omnimath-320,0,Autoformalisation failure
omnimath-320,1,Autoformalisation failure
omnimath-320,2,Autoformalisation failure
omnimath-320,3,Autoformalisation failure
omnimath-320,4,Autoformalisation failure
omnimath-320,5,Autoformalisation failure
omnimath-320,6,Autoformalisation failure
omnimath-320,7,Autoformalisation failure
omnimath-320,8,Autoformalisation failure
omnimath-320,9,Autoformalisation failure
omnimath-320,10,Autoformalisation failure
omnimath-320,11,Autoformalisation failure
omnimath-320,12,Autoformalisation failure
omnimath-320,13,Autoformalisation failure
omnimath-320,14,Autoformalisation failure
omnimath-321,0,Autoformalisation failure
omnimath-321,1,True
omnimath-321,2,Autoformalisation failure
omnimath-322,0,Autoformalisation failure
omnimath-322,1,Autoformalisation failure
omnimath-322,2,Autoformalisation failure
omnimath-322,3,Autoformalisation failure
omnimath-322,4,Autoformalisation failure
omnimath-322,5,Autoformalisation failure
omnimath-322,6,Autoformalisation failure
omnimath-322,7,Autoformalisation failure
omnimath-322,8,Autoformalisation failure
omnimath-322,9,Autoformalisation failure
omnimath-323,0,Autoformalisation failure
omnimath-323,1,True
omnimath-323,2,True
omnimath-323,3,True
omnimath-324,0,Autoformalisation failure
omnimath-324,1,Autoformalisation failure
omnimath-324,2,Autoformalisation failure
omnimath-324,3,True
omnimath-324,4,True
omnimath-324,5,True
omnimath-324,6,True
omnimath-324,7,True
omnimath-325,0,Autoformalisation failure
omnimath-325,1,Autoformalisation failure
omnimath-325,2,Autoformalisation failure
omnimath-325,3,Autoformalisation failure
omnimath-325,4,Autoformalisation failure
omnimath-325,5,True
omnimath-325,6,True
omnimath-325,7,True
omnimath-325,8,True
omnimath-325,9,Autoformalisation failure
omnimath-326,0,True
omnimath-326,1,Autoformalisation failure
omnimath-326,2,Autoformalisation failure
omnimath-326,3,True
omnimath-326,4,False
omnimath-326,5,Autoformalisation failure
omnimath-326,6,Autoformalisation failure
omnimath-326,7,Autoformalisation failure
omnimath-326,8,False
omnimath-326,9,False
omnimath-326,10,Autoformalisation failure
omnimath-326,11,Autoformalisation failure
omnimath-326,12,True
omnimath-327,0,Autoformalisation failure
omnimath-327,1,Autoformalisation failure
omnimath-327,2,True
omnimath-327,3,Autoformalisation failure
omnimath-327,4,Autoformalisation failure
omnimath-327,5,Autoformalisation failure
omnimath-327,6,True
omnimath-327,7,True
omnimath-327,8,Autoformalisation failure
omnimath-328,0,True
omnimath-328,1,True
omnimath-328,2,Autoformalisation failure
omnimath-328,3,Autoformalisation failure
omnimath-328,4,Autoformalisation failure
omnimath-328,5,Autoformalisation failure
omnimath-328,6,True
omnimath-329,0,Autoformalisation failure
omnimath-329,1,Autoformalisation failure
omnimath-329,2,Autoformalisation failure
omnimath-329,3,Autoformalisation failure
omnimath-329,4,Autoformalisation failure
omnimath-329,5,Prover failure
omnimath-329,6,True
omnimath-329,7,True
omnimath-329,8,Autoformalisation failure
omnimath-329,9,Autoformalisation failure
omnimath-329,10,Autoformalisation failure
omnimath-330,0,True
omnimath-330,1,Autoformalisation failure
omnimath-330,2,True
omnimath-330,3,True
omnimath-330,4,Autoformalisation failure
omnimath-331,0,Autoformalisation failure
omnimath-331,1,False
omnimath-331,2,False
omnimath-331,3,False
omnimath-331,4,Prover failure
omnimath-331,5,True
omnimath-332,0,Autoformalisation failure
omnimath-332,1,Autoformalisation failure
omnimath-332,2,True
omnimath-332,3,True
omnimath-332,4,Autoformalisation failure
omnimath-333,0,Autoformalisation failure
omnimath-333,1,Autoformalisation failure
omnimath-333,2,Autoformalisation failure
omnimath-333,3,Autoformalisation failure
omnimath-333,4,Autoformalisation failure
omnimath-333,5,True
omnimath-333,6,True
omnimath-333,7,Autoformalisation failure
omnimath-334,0,True
omnimath-334,1,True
omnimath-334,2,Autoformalisation failure
omnimath-334,3,Autoformalisation failure
omnimath-334,4,Autoformalisation failure
omnimath-334,5,True
omnimath-334,6,Autoformalisation failure
omnimath-334,7,True
omnimath-334,8,False
omnimath-334,9,Autoformalisation failure
omnimath-334,10,False
omnimath-334,11,True
omnimath-335,0,Autoformalisation failure
omnimath-335,1,Autoformalisation failure
omnimath-335,2,Autoformalisation failure
omnimath-335,3,True
omnimath-335,4,True
omnimath-335,5,True
omnimath-336,0,Autoformalisation failure
omnimath-336,1,Autoformalisation failure
omnimath-336,2,Autoformalisation failure
omnimath-336,3,Autoformalisation failure
omnimath-336,4,Autoformalisation failure
omnimath-337,0,Autoformalisation failure
omnimath-337,1,Autoformalisation failure
omnimath-337,2,Autoformalisation failure
omnimath-337,3,True
omnimath-337,4,Prover failure
omnimath-337,5,Prover failure
omnimath-338,0,Autoformalisation failure
omnimath-338,1,Autoformalisation failure
omnimath-338,2,Autoformalisation failure
omnimath-338,3,Autoformalisation failure
omnimath-338,4,Autoformalisation failure
omnimath-338,5,Autoformalisation failure
omnimath-339,0,Autoformalisation failure
omnimath-339,1,Autoformalisation failure
omnimath-339,2,True
omnimath-339,3,True
omnimath-339,4,Autoformalisation failure
omnimath-340,0,Autoformalisation failure
omnimath-340,1,Autoformalisation failure
omnimath-340,2,Autoformalisation failure
omnimath-340,3,Autoformalisation failure
omnimath-340,4,Autoformalisation failure
omnimath-340,5,Autoformalisation failure
omnimath-340,6,Autoformalisation failure
omnimath-340,7,Autoformalisation failure
omnimath-340,8,Autoformalisation failure
omnimath-340,9,Autoformalisation failure
omnimath-340,10,Autoformalisation failure
omnimath-340,11,Autoformalisation failure
omnimath-340,12,Autoformalisation failure
omnimath-340,13,Autoformalisation failure
omnimath-340,14,Autoformalisation failure
omnimath-341,0,Autoformalisation failure
omnimath-341,1,Autoformalisation failure
omnimath-341,2,Autoformalisation failure
omnimath-341,3,Autoformalisation failure
omnimath-341,4,Autoformalisation failure
omnimath-341,5,Autoformalisation failure
omnimath-341,6,Autoformalisation failure
omnimath-341,7,Autoformalisation failure
omnimath-341,8,True
omnimath-341,9,True
omnimath-341,10,Autoformalisation failure
omnimath-341,11,Autoformalisation failure
omnimath-341,12,Autoformalisation failure
omnimath-341,13,Prover failure
omnimath-341,14,Autoformalisation failure
omnimath-342,0,Autoformalisation failure
omnimath-342,1,Autoformalisation failure
omnimath-342,2,Autoformalisation failure
omnimath-342,3,Autoformalisation failure
omnimath-342,4,Autoformalisation failure
omnimath-342,5,Autoformalisation failure
omnimath-342,6,Autoformalisation failure
omnimath-342,7,Autoformalisation failure
omnimath-342,8,Autoformalisation failure
omnimath-342,9,Autoformalisation failure
omnimath-343,0,Autoformalisation failure
omnimath-343,1,Autoformalisation failure
omnimath-343,2,Autoformalisation failure
omnimath-343,3,Autoformalisation failure
omnimath-343,4,Autoformalisation failure
omnimath-343,5,Autoformalisation failure
omnimath-343,6,Autoformalisation failure
omnimath-344,0,Autoformalisation failure
omnimath-344,1,Autoformalisation failure
omnimath-344,2,Autoformalisation failure
omnimath-344,3,Autoformalisation failure
omnimath-344,4,Autoformalisation failure
omnimath-344,5,Autoformalisation failure
omnimath-344,6,Autoformalisation failure
omnimath-345,0,Autoformalisation failure
omnimath-345,1,Autoformalisation failure
omnimath-345,2,Autoformalisation failure
omnimath-345,3,Autoformalisation failure
omnimath-346,0,Autoformalisation failure
omnimath-346,1,True
omnimath-346,2,Autoformalisation failure
omnimath-346,3,True
omnimath-346,4,Autoformalisation failure
omnimath-346,5,Autoformalisation failure
omnimath-346,6,Autoformalisation failure
omnimath-346,7,Autoformalisation failure
omnimath-346,8,Autoformalisation failure
omnimath-346,9,Autoformalisation failure
omnimath-346,10,Autoformalisation failure
omnimath-346,11,Autoformalisation failure
omnimath-346,12,Autoformalisation failure
omnimath-346,13,Autoformalisation failure
omnimath-346,14,Autoformalisation failure
omnimath-346,15,Autoformalisation failure
omnimath-346,16,Autoformalisation failure
omnimath-347,0,Autoformalisation failure
omnimath-347,1,Autoformalisation failure
omnimath-347,2,Autoformalisation failure
omnimath-347,3,Autoformalisation failure
omnimath-347,4,Autoformalisation failure
omnimath-347,5,Autoformalisation failure
omnimath-348,0,Autoformalisation failure
omnimath-348,1,Autoformalisation failure
omnimath-348,2,Autoformalisation failure
omnimath-348,3,True
omnimath-348,4,True
omnimath-348,5,True
omnimath-348,6,True
omnimath-348,7,Autoformalisation failure
omnimath-348,8,Autoformalisation failure
omnimath-348,9,True
omnimath-348,10,Autoformalisation failure
omnimath-349,0,Autoformalisation failure
omnimath-349,1,Autoformalisation failure
omnimath-349,2,Autoformalisation failure
omnimath-349,3,Autoformalisation failure
omnimath-349,4,Autoformalisation failure
omnimath-349,5,Autoformalisation failure
omnimath-349,6,Autoformalisation failure
omnimath-349,7,Autoformalisation failure
omnimath-350,0,Autoformalisation failure
omnimath-350,1,Autoformalisation failure
omnimath-350,2,Autoformalisation failure
omnimath-350,3,Autoformalisation failure
omnimath-350,4,Autoformalisation failure
omnimath-350,5,Autoformalisation failure
omnimath-350,6,Autoformalisation failure
omnimath-350,7,Autoformalisation failure
omnimath-350,8,Autoformalisation failure
omnimath-351,0,Autoformalisation failure
omnimath-351,1,Autoformalisation failure
omnimath-351,2,Autoformalisation failure
omnimath-351,3,Autoformalisation failure
omnimath-351,4,True
omnimath-351,5,True
omnimath-351,6,True
omnimath-351,7,True
omnimath-351,8,True
omnimath-351,9,True
omnimath-351,10,Autoformalisation failure
omnimath-351,11,True
omnimath-351,12,True
omnimath-351,13,True
omnimath-352,0,Autoformalisation failure
omnimath-352,1,Autoformalisation failure
omnimath-352,2,Autoformalisation failure
omnimath-352,3,Autoformalisation failure
omnimath-352,4,Autoformalisation failure
omnimath-352,5,Autoformalisation failure
omnimath-352,6,Autoformalisation failure
omnimath-352,7,Autoformalisation failure
omnimath-352,8,Autoformalisation failure
omnimath-353,0,Autoformalisation failure
omnimath-353,1,Autoformalisation failure
omnimath-353,2,Autoformalisation failure
omnimath-353,3,Autoformalisation failure
omnimath-353,4,Autoformalisation failure
omnimath-353,5,Autoformalisation failure
omnimath-354,0,Autoformalisation failure
omnimath-354,1,Autoformalisation failure
omnimath-354,2,Autoformalisation failure
omnimath-354,3,True
omnimath-354,4,True
omnimath-354,5,False
omnimath-354,6,Autoformalisation failure
omnimath-354,7,Autoformalisation failure
omnimath-354,8,Autoformalisation failure
omnimath-355,0,Autoformalisation failure
omnimath-355,1,Autoformalisation failure
omnimath-355,2,True
omnimath-355,3,True
omnimath-355,4,True
omnimath-355,5,True
omnimath-355,6,True
omnimath-355,7,Autoformalisation failure
omnimath-355,8,Autoformalisation failure
omnimath-355,9,True
omnimath-355,10,Autoformalisation failure
omnimath-355,11,True
omnimath-355,12,Autoformalisation failure
omnimath-355,13,Autoformalisation failure
omnimath-355,14,Prover failure
omnimath-356,0,True
omnimath-356,1,Autoformalisation failure
omnimath-356,2,True
omnimath-356,3,Autoformalisation failure
omnimath-356,4,True
omnimath-356,5,True
omnimath-357,0,Autoformalisation failure
omnimath-357,1,True
omnimath-357,2,True
omnimath-357,3,True
omnimath-357,4,Autoformalisation failure
omnimath-357,5,Autoformalisation failure
omnimath-358,0,Autoformalisation failure
omnimath-358,1,Autoformalisation failure
omnimath-358,2,True
omnimath-358,3,Autoformalisation failure
omnimath-358,4,True
omnimath-358,5,Autoformalisation failure
omnimath-359,0,Autoformalisation failure
omnimath-359,1,Autoformalisation failure
omnimath-359,2,Autoformalisation failure
omnimath-359,3,False
omnimath-359,4,Autoformalisation failure
omnimath-359,5,Autoformalisation failure
omnimath-360,0,Autoformalisation failure
omnimath-360,1,Autoformalisation failure
omnimath-360,2,Autoformalisation failure
omnimath-360,3,Autoformalisation failure
omnimath-360,4,Autoformalisation failure
omnimath-360,5,Autoformalisation failure
omnimath-360,6,Autoformalisation failure
omnimath-360,7,Autoformalisation failure
omnimath-360,8,Autoformalisation failure
omnimath-360,9,Autoformalisation failure
omnimath-361,0,Autoformalisation failure
omnimath-361,1,Autoformalisation failure
omnimath-361,2,Autoformalisation failure
omnimath-361,3,Autoformalisation failure
omnimath-361,4,Autoformalisation failure
omnimath-361,5,Autoformalisation failure
omnimath-361,6,Autoformalisation failure
omnimath-362,0,Autoformalisation failure
omnimath-362,1,Autoformalisation failure
omnimath-362,2,True
omnimath-362,3,Prover failure
omnimath-362,4,Autoformalisation failure
omnimath-362,5,Autoformalisation failure
omnimath-362,6,Autoformalisation failure
omnimath-362,7,Autoformalisation failure
omnimath-362,8,Autoformalisation failure
omnimath-362,9,True
omnimath-363,0,Autoformalisation failure
omnimath-363,1,Autoformalisation failure
omnimath-363,2,Autoformalisation failure
omnimath-363,3,Autoformalisation failure
omnimath-363,4,Autoformalisation failure
omnimath-363,5,True
omnimath-363,6,True
omnimath-363,7,True
omnimath-364,0,False
omnimath-364,1,True
omnimath-364,2,True
omnimath-364,3,True
omnimath-364,4,True
omnimath-364,5,True
omnimath-364,6,Autoformalisation failure
omnimath-364,7,True
omnimath-364,8,False
omnimath-364,9,True
omnimath-364,10,False
omnimath-365,0,True
omnimath-365,1,Autoformalisation failure
omnimath-365,2,Autoformalisation failure
omnimath-365,3,Autoformalisation failure
omnimath-365,4,Autoformalisation failure
omnimath-365,5,Autoformalisation failure
omnimath-365,6,Autoformalisation failure
omnimath-365,7,Autoformalisation failure
omnimath-365,8,Autoformalisation failure
omnimath-365,9,Autoformalisation failure
omnimath-366,0,Autoformalisation failure
omnimath-366,1,Autoformalisation failure
omnimath-366,2,True
omnimath-366,3,True
omnimath-366,4,False
omnimath-366,5,True
omnimath-367,0,Autoformalisation failure
omnimath-367,1,Autoformalisation failure
omnimath-367,2,True
omnimath-368,0,Autoformalisation failure
omnimath-368,1,Autoformalisation failure
omnimath-368,2,Autoformalisation failure
omnimath-368,3,Autoformalisation failure
omnimath-368,4,Autoformalisation failure
omnimath-368,5,Autoformalisation failure
omnimath-369,0,Autoformalisation failure
omnimath-369,1,Autoformalisation failure
omnimath-369,2,Autoformalisation failure
omnimath-369,3,Autoformalisation failure
omnimath-369,4,Autoformalisation failure
omnimath-369,5,Autoformalisation failure
omnimath-369,6,False
omnimath-369,7,Autoformalisation failure
omnimath-370,0,Autoformalisation failure
omnimath-370,1,Autoformalisation failure
omnimath-370,2,Autoformalisation failure
omnimath-370,3,Autoformalisation failure
omnimath-370,4,Autoformalisation failure
omnimath-370,5,Autoformalisation failure
omnimath-370,6,Autoformalisation failure
omnimath-370,7,Autoformalisation failure
omnimath-370,8,Autoformalisation failure
omnimath-370,9,Autoformalisation failure
omnimath-370,10,Autoformalisation failure
omnimath-371,0,Autoformalisation failure
omnimath-371,1,Autoformalisation failure
omnimath-371,2,Autoformalisation failure
omnimath-371,3,Autoformalisation failure
omnimath-371,4,Autoformalisation failure
omnimath-371,5,Autoformalisation failure
omnimath-371,6,Autoformalisation failure
omnimath-371,7,Autoformalisation failure
omnimath-371,8,Autoformalisation failure
omnimath-371,9,Autoformalisation failure
omnimath-371,10,Autoformalisation failure
omnimath-371,11,Autoformalisation failure
omnimath-371,12,Autoformalisation failure
omnimath-371,13,Autoformalisation failure
omnimath-371,14,Autoformalisation failure
omnimath-371,15,False
omnimath-371,16,Autoformalisation failure
omnimath-372,0,True
omnimath-372,1,True
omnimath-372,2,True
omnimath-372,3,True
omnimath-372,4,Autoformalisation failure
omnimath-372,5,Autoformalisation failure
omnimath-372,6,Autoformalisation failure
omnimath-372,7,Autoformalisation failure
omnimath-372,8,Autoformalisation failure
omnimath-372,9,True
omnimath-372,10,Autoformalisation failure
omnimath-372,11,Autoformalisation failure
omnimath-373,0,Autoformalisation failure
omnimath-373,1,Autoformalisation failure
omnimath-373,2,Autoformalisation failure
omnimath-373,3,False
omnimath-373,4,True
omnimath-374,0,Autoformalisation failure
omnimath-374,1,True
omnimath-374,2,False
omnimath-374,3,True
omnimath-374,4,True
omnimath-374,5,Autoformalisation failure
omnimath-374,6,True
omnimath-374,7,True
omnimath-375,0,Autoformalisation failure
omnimath-375,1,True
omnimath-375,2,Autoformalisation failure
omnimath-375,3,Autoformalisation failure
omnimath-375,4,Autoformalisation failure
omnimath-375,5,Autoformalisation failure
omnimath-375,6,Autoformalisation failure
omnimath-375,7,Autoformalisation failure
omnimath-375,8,Autoformalisation failure
omnimath-375,9,Autoformalisation failure
omnimath-375,10,Autoformalisation failure
omnimath-375,11,Autoformalisation failure
omnimath-375,12,Autoformalisation failure
omnimath-376,0,Autoformalisation failure
omnimath-376,1,Autoformalisation failure
omnimath-376,2,Autoformalisation failure
omnimath-376,3,Autoformalisation failure
omnimath-376,4,Autoformalisation failure
omnimath-376,5,Autoformalisation failure
omnimath-376,6,Autoformalisation failure
omnimath-376,7,Autoformalisation failure
omnimath-377,0,Autoformalisation failure
omnimath-377,1,False
omnimath-377,2,True
omnimath-377,3,Autoformalisation failure
omnimath-377,4,True
omnimath-377,5,True
omnimath-377,6,True
omnimath-377,7,Autoformalisation failure
omnimath-377,8,Autoformalisation failure
omnimath-378,0,Autoformalisation failure
omnimath-378,1,Autoformalisation failure
omnimath-378,2,Prover failure
omnimath-378,3,Autoformalisation failure
omnimath-378,4,True
omnimath-378,5,True
omnimath-378,6,Autoformalisation failure
omnimath-378,7,Autoformalisation failure
omnimath-378,8,Autoformalisation failure
omnimath-379,0,Autoformalisation failure
omnimath-379,1,True
omnimath-379,2,Autoformalisation failure
omnimath-379,3,True
omnimath-379,4,True
omnimath-379,5,True
omnimath-379,6,Autoformalisation failure
omnimath-379,7,True
omnimath-379,8,True
omnimath-379,9,True
omnimath-379,10,True
omnimath-380,0,Autoformalisation failure
omnimath-380,1,Autoformalisation failure
omnimath-380,2,Autoformalisation failure
omnimath-380,3,Autoformalisation failure
omnimath-381,0,True
omnimath-381,1,Autoformalisation failure
omnimath-381,2,Autoformalisation failure
omnimath-381,3,True
omnimath-381,4,True
omnimath-381,5,True
omnimath-381,6,True
omnimath-381,7,True
omnimath-382,0,Autoformalisation failure
omnimath-382,1,Autoformalisation failure
omnimath-382,2,True
omnimath-382,3,Autoformalisation failure
omnimath-382,4,True
omnimath-382,5,Autoformalisation failure
omnimath-382,6,True
omnimath-382,7,True
omnimath-382,8,Autoformalisation failure
omnimath-382,9,Autoformalisation failure
omnimath-382,10,Autoformalisation failure
omnimath-382,11,True
omnimath-383,0,Autoformalisation failure
omnimath-383,1,True
omnimath-383,2,Autoformalisation failure
omnimath-383,3,Autoformalisation failure
omnimath-383,4,False
omnimath-383,5,Autoformalisation failure
omnimath-383,6,False
omnimath-383,7,False
omnimath-383,8,Autoformalisation failure
omnimath-384,0,Autoformalisation failure
omnimath-384,1,Autoformalisation failure
omnimath-384,2,Autoformalisation failure
omnimath-384,3,Autoformalisation failure
omnimath-384,4,Autoformalisation failure
omnimath-384,5,True
omnimath-384,6,Autoformalisation failure
omnimath-384,7,Autoformalisation failure
omnimath-384,8,Autoformalisation failure
omnimath-384,9,Autoformalisation failure
omnimath-384,10,Autoformalisation failure
omnimath-384,11,True
omnimath-385,0,Autoformalisation failure
omnimath-385,1,Autoformalisation failure
omnimath-385,2,Autoformalisation failure
omnimath-385,3,Autoformalisation failure
omnimath-385,4,Autoformalisation failure
omnimath-385,5,Autoformalisation failure
omnimath-385,6,Autoformalisation failure
omnimath-385,7,Autoformalisation failure
omnimath-386,0,Autoformalisation failure
omnimath-386,1,True
omnimath-386,2,Autoformalisation failure
omnimath-386,3,Autoformalisation failure
omnimath-386,4,Autoformalisation failure
omnimath-386,5,Autoformalisation failure
omnimath-386,6,Autoformalisation failure
omnimath-386,7,Autoformalisation failure
omnimath-386,8,Autoformalisation failure
omnimath-386,9,Autoformalisation failure
omnimath-386,10,True
omnimath-386,11,Autoformalisation failure
omnimath-386,12,Autoformalisation failure
omnimath-386,13,Autoformalisation failure
omnimath-386,14,Autoformalisation failure
omnimath-387,0,Autoformalisation failure
omnimath-387,1,Autoformalisation failure
omnimath-387,2,Autoformalisation failure
omnimath-387,3,Autoformalisation failure
omnimath-388,0,Autoformalisation failure
omnimath-388,1,Autoformalisation failure
omnimath-388,2,Autoformalisation failure
omnimath-388,3,Autoformalisation failure
omnimath-388,4,Autoformalisation failure
omnimath-388,5,Autoformalisation failure
omnimath-388,6,Prover failure
omnimath-388,7,Autoformalisation failure
omnimath-388,8,False
omnimath-389,0,Autoformalisation failure
omnimath-389,1,Autoformalisation failure
omnimath-389,2,Autoformalisation failure
omnimath-389,3,Autoformalisation failure
omnimath-389,4,Autoformalisation failure
omnimath-390,0,Autoformalisation failure
omnimath-390,1,Autoformalisation failure
omnimath-390,2,Autoformalisation failure
omnimath-390,3,Autoformalisation failure
omnimath-390,4,Autoformalisation failure
omnimath-390,5,Autoformalisation failure
omnimath-390,6,Autoformalisation failure
omnimath-390,7,True
omnimath-390,8,True
omnimath-390,9,Prover failure
omnimath-391,0,Autoformalisation failure
omnimath-391,1,Autoformalisation failure
omnimath-391,2,Autoformalisation failure
omnimath-391,3,Autoformalisation failure
omnimath-391,4,Autoformalisation failure
omnimath-391,5,Autoformalisation failure
omnimath-391,6,Autoformalisation failure
omnimath-392,0,True
omnimath-392,1,Autoformalisation failure
omnimath-392,2,Autoformalisation failure
omnimath-392,3,Autoformalisation failure
omnimath-392,4,Autoformalisation failure
omnimath-392,5,Autoformalisation failure
omnimath-392,6,Autoformalisation failure
omnimath-392,7,Autoformalisation failure
omnimath-392,8,Autoformalisation failure
omnimath-392,9,Prover failure
omnimath-393,0,True
omnimath-393,1,Autoformalisation failure
omnimath-393,2,Autoformalisation failure
omnimath-393,3,Autoformalisation failure
omnimath-393,4,Autoformalisation failure
omnimath-393,5,Autoformalisation failure
omnimath-393,6,Autoformalisation failure
omnimath-393,7,Autoformalisation failure
omnimath-393,8,True
omnimath-393,9,Autoformalisation failure
omnimath-394,0,Autoformalisation failure
omnimath-394,1,Autoformalisation failure
omnimath-394,2,Autoformalisation failure
omnimath-394,3,Autoformalisation failure
omnimath-394,4,Autoformalisation failure
omnimath-394,5,Autoformalisation failure
omnimath-395,0,Autoformalisation failure
omnimath-395,1,True
omnimath-395,2,False
omnimath-395,3,True
omnimath-395,4,Autoformalisation failure
omnimath-395,5,True
omnimath-396,0,Autoformalisation failure
omnimath-396,1,Autoformalisation failure
omnimath-396,2,Autoformalisation failure
omnimath-396,3,Autoformalisation failure
omnimath-396,4,Autoformalisation failure
omnimath-396,5,Autoformalisation failure
omnimath-396,6,Prover failure
omnimath-396,7,True
omnimath-396,8,Autoformalisation failure
omnimath-397,0,Autoformalisation failure
omnimath-397,1,Autoformalisation failure
omnimath-397,2,Autoformalisation failure
omnimath-397,3,Autoformalisation failure
omnimath-397,4,Autoformalisation failure
omnimath-397,5,Autoformalisation failure
omnimath-397,6,Autoformalisation failure
omnimath-397,7,True
omnimath-397,8,Autoformalisation failure
omnimath-398,0,Autoformalisation failure
omnimath-398,1,Autoformalisation failure
omnimath-398,2,Autoformalisation failure
omnimath-398,3,Autoformalisation failure
omnimath-398,4,Autoformalisation failure
omnimath-398,5,False
omnimath-398,6,True
omnimath-398,7,True
omnimath-398,8,Autoformalisation failure
omnimath-398,9,Autoformalisation failure
omnimath-398,10,Autoformalisation failure
omnimath-399,0,True
omnimath-399,1,False
omnimath-399,2,True
omnimath-399,3,False
omnimath-399,4,True
omnimath-399,5,True
omnimath-399,6,Autoformalisation failure
omnimath-399,7,False
omnimath-399,8,False
omnimath-400,0,True
omnimath-400,1,True
omnimath-400,2,True
omnimath-400,3,False
omnimath-400,4,False
omnimath-400,5,False
omnimath-401,0,Autoformalisation failure
omnimath-401,1,Autoformalisation failure
omnimath-401,2,Autoformalisation failure
omnimath-401,3,Autoformalisation failure
omnimath-401,4,Autoformalisation failure
omnimath-401,5,Autoformalisation failure
omnimath-401,6,Autoformalisation failure
omnimath-401,7,Autoformalisation failure
omnimath-401,8,Autoformalisation failure
omnimath-402,0,Autoformalisation failure
omnimath-402,1,True
omnimath-402,2,True
omnimath-402,3,True
omnimath-402,4,True
omnimath-402,5,Autoformalisation failure
omnimath-402,6,True
omnimath-402,7,Autoformalisation failure
omnimath-402,8,Autoformalisation failure
omnimath-402,9,Autoformalisation failure
omnimath-402,10,Autoformalisation failure
omnimath-402,11,True
omnimath-402,12,Autoformalisation failure
omnimath-402,13,Autoformalisation failure
omnimath-403,0,Autoformalisation failure
omnimath-403,1,Autoformalisation failure
omnimath-403,2,Autoformalisation failure
omnimath-403,3,Autoformalisation failure
omnimath-403,4,Autoformalisation failure
omnimath-403,5,Autoformalisation failure
omnimath-403,6,Autoformalisation failure
omnimath-403,7,Autoformalisation failure
omnimath-403,8,Autoformalisation failure
omnimath-403,9,Autoformalisation failure
omnimath-403,10,Autoformalisation failure
omnimath-403,11,Autoformalisation failure
omnimath-403,12,True
omnimath-403,13,False
omnimath-403,14,False
omnimath-404,0,Autoformalisation failure
omnimath-404,1,True
omnimath-404,2,True
omnimath-404,3,True
omnimath-405,0,Autoformalisation failure
omnimath-405,1,Autoformalisation failure
omnimath-405,2,Autoformalisation failure
omnimath-405,3,Autoformalisation failure
omnimath-405,4,True
omnimath-405,5,True
omnimath-405,6,True
omnimath-405,7,Prover failure
omnimath-406,0,Autoformalisation failure
omnimath-406,1,True
omnimath-406,2,True
omnimath-406,3,True
omnimath-406,4,True
omnimath-406,5,True
omnimath-407,0,Autoformalisation failure
omnimath-407,1,Autoformalisation failure
omnimath-407,2,Autoformalisation failure
omnimath-407,3,Autoformalisation failure
omnimath-407,4,Autoformalisation failure
omnimath-407,5,Autoformalisation failure
omnimath-407,6,Autoformalisation failure
omnimath-407,7,True
omnimath-408,0,Autoformalisation failure
omnimath-408,1,Autoformalisation failure
omnimath-408,2,Autoformalisation failure
omnimath-408,3,Autoformalisation failure
omnimath-408,4,Autoformalisation failure
omnimath-408,5,Autoformalisation failure
omnimath-408,6,Autoformalisation failure
omnimath-409,0,Autoformalisation failure
omnimath-409,1,Autoformalisation failure
omnimath-409,2,Autoformalisation failure
omnimath-409,3,Autoformalisation failure
omnimath-409,4,Autoformalisation failure
omnimath-409,5,Autoformalisation failure
omnimath-409,6,Autoformalisation failure
omnimath-409,7,Autoformalisation failure
omnimath-409,8,Autoformalisation failure
omnimath-409,9,Autoformalisation failure
omnimath-409,10,Autoformalisation failure
omnimath-409,11,Autoformalisation failure
omnimath-410,0,True
omnimath-410,1,True
omnimath-410,2,True
omnimath-410,3,Autoformalisation failure
omnimath-410,4,True
omnimath-410,5,Autoformalisation failure
omnimath-410,6,Autoformalisation failure
omnimath-410,7,True
omnimath-411,0,True
omnimath-411,1,Autoformalisation failure
omnimath-411,2,Autoformalisation failure
omnimath-411,3,Autoformalisation failure
omnimath-411,4,Autoformalisation failure
omnimath-411,5,Autoformalisation failure
omnimath-411,6,Autoformalisation failure
omnimath-411,7,False
omnimath-411,8,Autoformalisation failure
omnimath-411,9,True
omnimath-411,10,Autoformalisation failure
omnimath-412,0,Autoformalisation failure
omnimath-412,1,Autoformalisation failure
omnimath-412,2,Autoformalisation failure
omnimath-412,3,Autoformalisation failure
omnimath-412,4,Autoformalisation failure
omnimath-412,5,True
omnimath-413,0,Autoformalisation failure
omnimath-413,1,Autoformalisation failure
omnimath-413,2,Autoformalisation failure
omnimath-413,3,Autoformalisation failure
omnimath-413,4,Autoformalisation failure
omnimath-413,5,Autoformalisation failure
omnimath-413,6,Autoformalisation failure
omnimath-413,7,Autoformalisation failure
omnimath-413,8,Autoformalisation failure
omnimath-413,9,Autoformalisation failure
omnimath-413,10,Autoformalisation failure
omnimath-413,11,Autoformalisation failure
omnimath-414,0,True
omnimath-414,1,True
omnimath-414,2,True
omnimath-414,3,True
omnimath-414,4,Autoformalisation failure
omnimath-415,0,Autoformalisation failure
omnimath-415,1,Autoformalisation failure
omnimath-415,2,Autoformalisation failure
omnimath-415,3,Autoformalisation failure
omnimath-415,4,Autoformalisation failure
omnimath-415,5,Autoformalisation failure
omnimath-415,6,False
omnimath-415,7,Autoformalisation failure
omnimath-415,8,Autoformalisation failure
omnimath-415,9,Autoformalisation failure
omnimath-415,10,Autoformalisation failure
omnimath-416,0,Autoformalisation failure
omnimath-416,1,Autoformalisation failure
omnimath-416,2,Autoformalisation failure
omnimath-416,3,Autoformalisation failure
omnimath-416,4,Autoformalisation failure
omnimath-416,5,Autoformalisation failure
omnimath-416,6,Autoformalisation failure
omnimath-416,7,Autoformalisation failure
omnimath-416,8,Autoformalisation failure
omnimath-416,9,Autoformalisation failure
omnimath-416,10,Autoformalisation failure
omnimath-416,11,Autoformalisation failure
omnimath-416,12,Autoformalisation failure
omnimath-416,13,True
omnimath-416,14,True
omnimath-416,15,True
omnimath-416,16,True
omnimath-416,17,True
omnimath-417,0,Autoformalisation failure
omnimath-417,1,Autoformalisation failure
omnimath-417,2,Autoformalisation failure
omnimath-417,3,False
omnimath-417,4,True
omnimath-417,5,False
omnimath-418,0,Autoformalisation failure
omnimath-418,1,True
omnimath-418,2,True
omnimath-418,3,True
omnimath-418,4,False
omnimath-418,5,Autoformalisation failure
omnimath-418,6,Autoformalisation failure
omnimath-418,7,Prover failure
omnimath-419,0,Autoformalisation failure
omnimath-419,1,Autoformalisation failure
omnimath-419,2,Autoformalisation failure
omnimath-419,3,Autoformalisation failure
omnimath-419,4,Autoformalisation failure
omnimath-419,5,Autoformalisation failure
omnimath-419,6,Autoformalisation failure
omnimath-419,7,Autoformalisation failure
omnimath-419,8,Autoformalisation failure
omnimath-420,0,True
omnimath-420,1,Autoformalisation failure
omnimath-420,2,Autoformalisation failure
omnimath-420,3,Autoformalisation failure
omnimath-420,4,Prover failure
omnimath-421,0,Autoformalisation failure
omnimath-421,1,Autoformalisation failure
omnimath-421,2,Autoformalisation failure
omnimath-421,3,Autoformalisation failure
omnimath-421,4,Autoformalisation failure
omnimath-422,0,Autoformalisation failure
omnimath-422,1,Autoformalisation failure
omnimath-422,2,Autoformalisation failure
omnimath-422,3,Autoformalisation failure
omnimath-422,4,Autoformalisation failure
omnimath-422,5,Autoformalisation failure
omnimath-422,6,Autoformalisation failure
omnimath-423,0,Autoformalisation failure
omnimath-423,1,False
omnimath-423,2,Autoformalisation failure
omnimath-423,3,True
omnimath-423,4,True
omnimath-424,0,Autoformalisation failure
omnimath-424,1,Autoformalisation failure
omnimath-424,2,Autoformalisation failure
omnimath-424,3,Autoformalisation failure
omnimath-424,4,True
omnimath-424,5,False
omnimath-424,6,Autoformalisation failure
omnimath-425,0,Autoformalisation failure
omnimath-425,1,Autoformalisation failure
omnimath-425,2,Autoformalisation failure
omnimath-425,3,Autoformalisation failure
omnimath-425,4,Autoformalisation failure
omnimath-425,5,Autoformalisation failure
omnimath-425,6,Autoformalisation failure
omnimath-425,7,Autoformalisation failure
omnimath-426,0,Autoformalisation failure
omnimath-426,1,Autoformalisation failure
omnimath-426,2,Autoformalisation failure
omnimath-426,3,Autoformalisation failure
omnimath-426,4,Autoformalisation failure
omnimath-426,5,Autoformalisation failure
omnimath-426,6,Autoformalisation failure
omnimath-426,7,True
omnimath-426,8,True
omnimath-426,9,True
omnimath-426,10,Autoformalisation failure
omnimath-427,0,Autoformalisation failure
omnimath-427,1,Autoformalisation failure
omnimath-427,2,Autoformalisation failure
omnimath-427,3,Autoformalisation failure
omnimath-427,4,Autoformalisation failure
omnimath-427,5,Autoformalisation failure
omnimath-427,6,Autoformalisation failure
omnimath-427,7,Autoformalisation failure
omnimath-428,0,Autoformalisation failure
omnimath-428,1,True
omnimath-428,2,False
omnimath-428,3,False
omnimath-428,4,True
omnimath-428,5,False
omnimath-428,6,Prover failure
omnimath-429,0,Autoformalisation failure
omnimath-429,1,True
omnimath-429,2,Autoformalisation failure
omnimath-429,3,Autoformalisation failure
omnimath-429,4,Autoformalisation failure
omnimath-429,5,Autoformalisation failure
omnimath-429,6,False
omnimath-429,7,Autoformalisation failure
omnimath-430,0,Autoformalisation failure
omnimath-430,1,Autoformalisation failure
omnimath-430,2,Autoformalisation failure
omnimath-430,3,Autoformalisation failure
omnimath-430,4,Autoformalisation failure
omnimath-430,5,Autoformalisation failure
omnimath-430,6,Autoformalisation failure
omnimath-431,0,True
omnimath-431,1,True
omnimath-431,2,True
omnimath-431,3,Autoformalisation failure
omnimath-431,4,Autoformalisation failure
omnimath-431,5,Autoformalisation failure
omnimath-431,6,Autoformalisation failure
omnimath-431,7,False
omnimath-431,8,Autoformalisation failure
omnimath-431,9,Autoformalisation failure
omnimath-431,10,False
omnimath-431,11,False
omnimath-432,0,Autoformalisation failure
omnimath-432,1,Autoformalisation failure
omnimath-432,2,Autoformalisation failure
omnimath-432,3,Autoformalisation failure
omnimath-432,4,Autoformalisation failure
omnimath-432,5,Autoformalisation failure
omnimath-432,6,Autoformalisation failure
omnimath-432,7,Autoformalisation failure
omnimath-432,8,Autoformalisation failure
omnimath-432,9,Autoformalisation failure
omnimath-432,10,Autoformalisation failure
omnimath-432,11,Autoformalisation failure
omnimath-432,12,Autoformalisation failure
omnimath-432,13,Autoformalisation failure
omnimath-433,0,Autoformalisation failure
omnimath-433,1,Autoformalisation failure
omnimath-433,2,True
omnimath-433,3,Autoformalisation failure
omnimath-433,4,Autoformalisation failure
omnimath-433,5,Autoformalisation failure
omnimath-433,6,True
omnimath-434,0,Autoformalisation failure
omnimath-434,1,Autoformalisation failure
omnimath-434,2,Autoformalisation failure
omnimath-434,3,Autoformalisation failure
omnimath-434,4,Autoformalisation failure
omnimath-434,5,True
omnimath-434,6,True
omnimath-434,7,True
omnimath-434,8,Autoformalisation failure
omnimath-434,9,False
omnimath-434,10,True
omnimath-434,11,True
omnimath-434,12,True
omnimath-434,13,True
omnimath-434,14,False
omnimath-434,15,True
omnimath-434,16,True
omnimath-434,17,Autoformalisation failure
omnimath-434,18,Autoformalisation failure
omnimath-434,19,True
omnimath-434,20,Autoformalisation failure
omnimath-434,21,Autoformalisation failure
omnimath-434,22,False
omnimath-434,23,True
omnimath-434,24,Autoformalisation failure
omnimath-434,25,True
omnimath-434,26,Prover failure
omnimath-435,0,Autoformalisation failure
omnimath-435,1,Autoformalisation failure
omnimath-435,2,Autoformalisation failure
omnimath-435,3,Autoformalisation failure
omnimath-435,4,Autoformalisation failure
omnimath-435,5,Autoformalisation failure
omnimath-436,0,Autoformalisation failure
omnimath-436,1,Autoformalisation failure
omnimath-436,2,Autoformalisation failure
omnimath-436,3,True
omnimath-437,0,Autoformalisation failure
omnimath-437,1,Autoformalisation failure
omnimath-437,2,Autoformalisation failure
omnimath-437,3,Autoformalisation failure
omnimath-437,4,Autoformalisation failure
omnimath-437,5,Autoformalisation failure
omnimath-437,6,Autoformalisation failure
omnimath-438,0,Autoformalisation failure
omnimath-438,1,Autoformalisation failure
omnimath-438,2,Autoformalisation failure
omnimath-438,3,Autoformalisation failure
omnimath-438,4,Autoformalisation failure
omnimath-438,5,Autoformalisation failure
omnimath-438,6,Autoformalisation failure
omnimath-438,7,Autoformalisation failure
omnimath-438,8,Autoformalisation failure
omnimath-438,9,Autoformalisation failure
omnimath-439,0,Autoformalisation failure
omnimath-439,1,Autoformalisation failure
omnimath-439,2,Autoformalisation failure
omnimath-439,3,True
omnimath-439,4,Autoformalisation failure
omnimath-439,5,Autoformalisation failure
omnimath-439,6,Autoformalisation failure
omnimath-439,7,True
omnimath-440,0,True
omnimath-440,1,True
omnimath-440,2,True
omnimath-440,3,True
omnimath-440,4,Autoformalisation failure
omnimath-440,5,Autoformalisation failure
omnimath-440,6,Prover failure
omnimath-440,7,Autoformalisation failure
omnimath-440,8,Autoformalisation failure
omnimath-440,9,Autoformalisation failure
omnimath-440,10,Autoformalisation failure
omnimath-440,11,Autoformalisation failure
omnimath-441,0,Autoformalisation failure
omnimath-441,1,Autoformalisation failure
omnimath-441,2,Autoformalisation failure
omnimath-441,3,Autoformalisation failure
omnimath-441,4,Autoformalisation failure
omnimath-442,0,Autoformalisation failure
omnimath-442,1,Autoformalisation failure
omnimath-442,2,Autoformalisation failure
omnimath-442,3,Autoformalisation failure
omnimath-442,4,Autoformalisation failure
omnimath-443,0,Autoformalisation failure
omnimath-443,1,Autoformalisation failure
omnimath-443,2,Autoformalisation failure
omnimath-443,3,Autoformalisation failure
omnimath-443,4,Autoformalisation failure
omnimath-443,5,Autoformalisation failure
omnimath-443,6,Autoformalisation failure
omnimath-443,7,Autoformalisation failure
omnimath-443,8,Autoformalisation failure
omnimath-444,0,Autoformalisation failure
omnimath-444,1,Autoformalisation failure
omnimath-444,2,Prover failure
omnimath-444,3,Autoformalisation failure
omnimath-444,4,Autoformalisation failure
omnimath-445,0,Autoformalisation failure
omnimath-445,1,Autoformalisation failure
omnimath-445,2,Autoformalisation failure
omnimath-445,3,True
omnimath-445,4,False
omnimath-445,5,True
omnimath-445,6,Autoformalisation failure
omnimath-445,7,Autoformalisation failure
omnimath-445,8,Autoformalisation failure
omnimath-445,9,Autoformalisation failure
omnimath-445,10,True
omnimath-445,11,False
omnimath-445,12,Autoformalisation failure
omnimath-446,0,True
omnimath-446,1,Autoformalisation failure
omnimath-446,2,True
omnimath-446,3,True
omnimath-446,4,Autoformalisation failure
omnimath-446,5,False
omnimath-447,0,Autoformalisation failure
omnimath-447,1,Autoformalisation failure
omnimath-447,2,Autoformalisation failure
omnimath-447,3,True
omnimath-447,4,True
omnimath-447,5,True
omnimath-448,0,True
omnimath-448,1,Autoformalisation failure
omnimath-448,2,False
omnimath-448,3,False
omnimath-448,4,Autoformalisation failure
omnimath-448,5,Autoformalisation failure
omnimath-448,6,False
omnimath-448,7,Autoformalisation failure
omnimath-448,8,Autoformalisation failure
omnimath-448,9,True
omnimath-448,10,Autoformalisation failure
omnimath-448,11,Autoformalisation failure
omnimath-448,12,Prover failure
omnimath-448,13,True
omnimath-448,14,True
omnimath-448,15,False
omnimath-448,16,True
omnimath-448,17,True
omnimath-448,18,True
omnimath-448,19,True
omnimath-448,20,False
omnimath-448,21,Prover failure
omnimath-448,22,True
omnimath-448,23,True
omnimath-449,0,True
omnimath-449,1,Autoformalisation failure
omnimath-449,2,Autoformalisation failure
omnimath-449,3,Autoformalisation failure
omnimath-449,4,Autoformalisation failure
omnimath-449,5,Autoformalisation failure
omnimath-450,0,Autoformalisation failure
omnimath-450,1,Autoformalisation failure
omnimath-450,2,True
omnimath-450,3,True
omnimath-450,4,True
omnimath-450,5,Autoformalisation failure
omnimath-450,6,False
omnimath-450,7,Autoformalisation failure
omnimath-450,8,Autoformalisation failure
omnimath-451,0,Autoformalisation failure
omnimath-451,1,Autoformalisation failure
omnimath-451,2,True
omnimath-451,3,Autoformalisation failure
omnimath-452,0,True
omnimath-452,1,Autoformalisation failure
omnimath-452,2,Autoformalisation failure
omnimath-453,0,Autoformalisation failure
omnimath-453,1,True
omnimath-453,2,True
omnimath-453,3,True
omnimath-453,4,Autoformalisation failure
omnimath-454,0,Autoformalisation failure
omnimath-454,1,Autoformalisation failure
omnimath-454,2,Autoformalisation failure
omnimath-454,3,Autoformalisation failure
omnimath-454,4,Autoformalisation failure
omnimath-454,5,Autoformalisation failure
omnimath-454,6,Autoformalisation failure
omnimath-454,7,Autoformalisation failure
omnimath-454,8,Autoformalisation failure
omnimath-454,9,True
omnimath-454,10,True
omnimath-455,0,Autoformalisation failure
omnimath-455,1,Autoformalisation failure
omnimath-455,2,Autoformalisation failure
omnimath-455,3,Autoformalisation failure
omnimath-455,4,Autoformalisation failure
omnimath-455,5,Autoformalisation failure
omnimath-455,6,Autoformalisation failure
omnimath-455,7,Autoformalisation failure
omnimath-455,8,Autoformalisation failure
omnimath-455,9,Autoformalisation failure
omnimath-455,10,Autoformalisation failure
omnimath-455,11,Autoformalisation failure
omnimath-455,12,Autoformalisation failure
omnimath-455,13,Autoformalisation failure
omnimath-455,14,Autoformalisation failure
omnimath-455,15,True
omnimath-455,16,Autoformalisation failure
omnimath-455,17,True
omnimath-455,18,Autoformalisation failure
omnimath-455,19,Autoformalisation failure
omnimath-455,20,Autoformalisation failure
omnimath-455,21,Autoformalisation failure
omnimath-455,22,Autoformalisation failure
omnimath-455,23,Autoformalisation failure
omnimath-455,24,True
omnimath-455,25,False
omnimath-456,0,Autoformalisation failure
omnimath-456,1,Autoformalisation failure
omnimath-456,2,Autoformalisation failure
omnimath-456,3,Autoformalisation failure
omnimath-456,4,Autoformalisation failure
omnimath-456,5,Autoformalisation failure
omnimath-456,6,Autoformalisation failure
omnimath-456,7,Autoformalisation failure
omnimath-457,0,True
omnimath-457,1,True
omnimath-457,2,Autoformalisation failure
omnimath-457,3,Autoformalisation failure
omnimath-457,4,Autoformalisation failure
omnimath-457,5,Autoformalisation failure
omnimath-457,6,True
omnimath-457,7,Autoformalisation failure
omnimath-457,8,Autoformalisation failure
omnimath-457,9,Autoformalisation failure
omnimath-457,10,Autoformalisation failure
omnimath-457,11,Autoformalisation failure
omnimath-457,12,False
omnimath-457,13,True
omnimath-458,0,Autoformalisation failure
omnimath-458,1,Autoformalisation failure
omnimath-458,2,True
omnimath-458,3,Autoformalisation failure
omnimath-458,4,True
omnimath-458,5,True
omnimath-458,6,Autoformalisation failure
omnimath-458,7,Autoformalisation failure
omnimath-458,8,Autoformalisation failure
omnimath-458,9,Autoformalisation failure
omnimath-458,10,Autoformalisation failure
omnimath-458,11,Autoformalisation failure
omnimath-458,12,Autoformalisation failure
omnimath-459,0,Autoformalisation failure
omnimath-459,1,Autoformalisation failure
omnimath-459,2,Autoformalisation failure
omnimath-459,3,Autoformalisation failure
omnimath-459,4,Autoformalisation failure
omnimath-459,5,Autoformalisation failure
omnimath-459,6,Autoformalisation failure
omnimath-459,7,Autoformalisation failure
omnimath-459,8,Autoformalisation failure
omnimath-459,9,Autoformalisation failure
omnimath-460,0,Autoformalisation failure
omnimath-460,1,Autoformalisation failure
omnimath-460,2,Autoformalisation failure
omnimath-460,3,Autoformalisation failure
omnimath-460,4,Autoformalisation failure
omnimath-460,5,Autoformalisation failure
omnimath-460,6,Autoformalisation failure
omnimath-460,7,Autoformalisation failure
omnimath-460,8,Autoformalisation failure
omnimath-461,0,Autoformalisation failure
omnimath-461,1,Autoformalisation failure
omnimath-461,2,Autoformalisation failure
omnimath-461,3,True
omnimath-461,4,Autoformalisation failure
omnimath-461,5,Autoformalisation failure
omnimath-462,0,True
omnimath-462,1,False
omnimath-462,2,True
omnimath-462,3,Autoformalisation failure
omnimath-462,4,Autoformalisation failure
omnimath-462,5,Autoformalisation failure
omnimath-462,6,Autoformalisation failure
omnimath-463,0,Autoformalisation failure
omnimath-463,1,Autoformalisation failure
omnimath-463,2,Autoformalisation failure
omnimath-463,3,Autoformalisation failure
omnimath-463,4,Autoformalisation failure
omnimath-463,5,Autoformalisation failure
omnimath-463,6,Autoformalisation failure
omnimath-463,7,Autoformalisation failure
omnimath-463,8,Autoformalisation failure
omnimath-463,9,Autoformalisation failure
omnimath-464,0,Autoformalisation failure
omnimath-464,1,True
omnimath-464,2,Autoformalisation failure
omnimath-464,3,Autoformalisation failure
omnimath-464,4,Autoformalisation failure
omnimath-464,5,Autoformalisation failure
omnimath-465,0,Autoformalisation failure
omnimath-465,1,Autoformalisation failure
omnimath-465,2,Autoformalisation failure
omnimath-465,3,Autoformalisation failure
omnimath-465,4,Autoformalisation failure
omnimath-465,5,Autoformalisation failure
omnimath-465,6,Autoformalisation failure
omnimath-466,0,True
omnimath-466,1,False
omnimath-466,2,True
omnimath-466,3,True
omnimath-467,0,Autoformalisation failure
omnimath-467,1,Autoformalisation failure
omnimath-467,2,Autoformalisation failure
omnimath-467,3,Autoformalisation failure
omnimath-467,4,Autoformalisation failure
omnimath-467,5,Autoformalisation failure
omnimath-468,0,Autoformalisation failure
omnimath-468,1,Autoformalisation failure
omnimath-468,2,Autoformalisation failure
omnimath-468,3,True
omnimath-468,4,Autoformalisation failure
omnimath-468,5,Autoformalisation failure
omnimath-468,6,Autoformalisation failure
omnimath-469,0,Autoformalisation failure
omnimath-469,1,Autoformalisation failure
omnimath-469,2,Autoformalisation failure
omnimath-469,3,True
omnimath-469,4,Autoformalisation failure
omnimath-469,5,Autoformalisation failure
omnimath-469,6,Autoformalisation failure
omnimath-469,7,Autoformalisation failure
omnimath-469,8,Autoformalisation failure
omnimath-469,9,True
omnimath-469,10,Autoformalisation failure
omnimath-469,11,True
omnimath-469,12,True
omnimath-469,13,True
omnimath-469,14,False
omnimath-469,15,False
omnimath-469,16,False
omnimath-469,17,Autoformalisation failure
omnimath-469,18,False
omnimath-469,19,False
omnimath-469,20,False
omnimath-469,21,Autoformalisation failure
omnimath-469,22,Autoformalisation failure
omnimath-470,0,Autoformalisation failure
omnimath-470,1,Autoformalisation failure
omnimath-470,2,Autoformalisation failure
omnimath-470,3,Autoformalisation failure
omnimath-470,4,Autoformalisation failure
omnimath-470,5,Autoformalisation failure
omnimath-470,6,True
omnimath-470,7,True
omnimath-471,0,Autoformalisation failure
omnimath-471,1,Autoformalisation failure
omnimath-471,2,Autoformalisation failure
omnimath-471,3,False
omnimath-471,4,Autoformalisation failure
omnimath-472,0,False
omnimath-472,1,True
omnimath-472,2,False
omnimath-472,3,Autoformalisation failure
omnimath-472,4,Autoformalisation failure
omnimath-472,5,True
omnimath-473,0,Autoformalisation failure
omnimath-473,1,Autoformalisation failure
omnimath-473,2,Autoformalisation failure
omnimath-473,3,True
omnimath-473,4,True
omnimath-473,5,True
omnimath-474,0,Autoformalisation failure
omnimath-474,1,Autoformalisation failure
omnimath-474,2,Autoformalisation failure
omnimath-474,3,Autoformalisation failure
omnimath-474,4,Autoformalisation failure
omnimath-475,0,Autoformalisation failure
omnimath-475,1,Autoformalisation failure
omnimath-475,2,Autoformalisation failure
omnimath-475,3,Autoformalisation failure
omnimath-475,4,Autoformalisation failure
omnimath-475,5,Autoformalisation failure
omnimath-475,6,Autoformalisation failure
omnimath-475,7,Autoformalisation failure
omnimath-475,8,Autoformalisation failure
omnimath-475,9,True
omnimath-476,0,Autoformalisation failure
omnimath-476,1,Autoformalisation failure
omnimath-476,2,True
omnimath-476,3,True
omnimath-476,4,True
omnimath-477,0,Autoformalisation failure
omnimath-477,1,Autoformalisation failure
omnimath-477,2,Autoformalisation failure
omnimath-477,3,Autoformalisation failure
omnimath-477,4,Autoformalisation failure
omnimath-477,5,Autoformalisation failure
omnimath-477,6,Autoformalisation failure
omnimath-477,7,Autoformalisation failure
omnimath-477,8,Autoformalisation failure
omnimath-477,9,Autoformalisation failure
omnimath-477,10,Autoformalisation failure
omnimath-477,11,Autoformalisation failure
omnimath-478,0,Autoformalisation failure
omnimath-478,1,True
omnimath-478,2,Autoformalisation failure
omnimath-478,3,Autoformalisation failure
omnimath-478,4,Autoformalisation failure
omnimath-478,5,Autoformalisation failure
omnimath-478,6,Autoformalisation failure
omnimath-478,7,Autoformalisation failure
omnimath-479,0,True
omnimath-479,1,Autoformalisation failure
omnimath-479,2,Autoformalisation failure
omnimath-479,3,Autoformalisation failure
omnimath-479,4,Autoformalisation failure
omnimath-479,5,True
omnimath-479,6,True
omnimath-479,7,Autoformalisation failure
omnimath-479,8,Autoformalisation failure
omnimath-479,9,Autoformalisation failure
omnimath-479,10,Autoformalisation failure
omnimath-480,0,Autoformalisation failure
omnimath-480,1,Autoformalisation failure
omnimath-480,2,Autoformalisation failure
omnimath-480,3,Autoformalisation failure
omnimath-480,4,Autoformalisation failure
omnimath-480,5,True
omnimath-480,6,True
omnimath-480,7,Autoformalisation failure
omnimath-480,8,True
omnimath-480,9,Autoformalisation failure
omnimath-480,10,True
omnimath-480,11,True
omnimath-480,12,True
omnimath-480,13,True
omnimath-480,14,True
omnimath-480,15,True
omnimath-480,16,True
omnimath-480,17,True
omnimath-480,18,True
omnimath-480,19,True
omnimath-480,20,True
omnimath-480,21,Autoformalisation failure
omnimath-480,22,Autoformalisation failure
omnimath-480,23,Autoformalisation failure
omnimath-480,24,Autoformalisation failure
omnimath-480,25,True
omnimath-481,0,Autoformalisation failure
omnimath-481,1,Autoformalisation failure
omnimath-481,2,True
omnimath-481,3,True
omnimath-481,4,True
omnimath-482,0,Autoformalisation failure
omnimath-482,1,Autoformalisation failure
omnimath-482,2,Autoformalisation failure
omnimath-482,3,Autoformalisation failure
omnimath-482,4,Autoformalisation failure
omnimath-482,5,Autoformalisation failure
omnimath-482,6,Autoformalisation failure
omnimath-482,7,Autoformalisation failure
omnimath-482,8,Autoformalisation failure
omnimath-483,0,Autoformalisation failure
omnimath-483,1,Autoformalisation failure
omnimath-483,2,Autoformalisation failure
omnimath-483,3,True
omnimath-483,4,Autoformalisation failure
omnimath-483,5,Autoformalisation failure
omnimath-483,6,Autoformalisation failure
omnimath-483,7,Autoformalisation failure
omnimath-483,8,Autoformalisation failure
omnimath-483,9,Autoformalisation failure
omnimath-483,10,Autoformalisation failure
omnimath-483,11,Autoformalisation failure
omnimath-484,0,Autoformalisation failure
omnimath-484,1,Autoformalisation failure
omnimath-484,2,False
omnimath-484,3,Autoformalisation failure
omnimath-484,4,Autoformalisation failure
omnimath-484,5,Autoformalisation failure
omnimath-484,6,Autoformalisation failure
omnimath-484,7,Autoformalisation failure
omnimath-485,0,Autoformalisation failure
omnimath-485,1,Autoformalisation failure
omnimath-485,2,Autoformalisation failure
omnimath-485,3,Autoformalisation failure
omnimath-485,4,Autoformalisation failure
omnimath-485,5,Autoformalisation failure
omnimath-486,0,True
omnimath-486,1,True
omnimath-486,2,False
omnimath-486,3,False
omnimath-486,4,False
omnimath-486,5,True
omnimath-486,6,False
omnimath-486,7,False
omnimath-487,0,Autoformalisation failure
omnimath-487,1,Autoformalisation failure
omnimath-487,2,False
omnimath-487,3,Autoformalisation failure
omnimath-488,0,Autoformalisation failure
omnimath-488,1,Autoformalisation failure
omnimath-488,2,Autoformalisation failure
omnimath-488,3,Autoformalisation failure
omnimath-488,4,Autoformalisation failure
omnimath-488,5,Autoformalisation failure
omnimath-488,6,Autoformalisation failure
omnimath-488,7,Autoformalisation failure
omnimath-489,0,Autoformalisation failure
omnimath-489,1,Autoformalisation failure
omnimath-489,2,Autoformalisation failure
omnimath-489,3,Autoformalisation failure
omnimath-489,4,Autoformalisation failure
omnimath-489,5,True
omnimath-489,6,Autoformalisation failure
omnimath-490,0,Autoformalisation failure
omnimath-490,1,Autoformalisation failure
omnimath-490,2,Autoformalisation failure
omnimath-490,3,Autoformalisation failure
omnimath-490,4,Autoformalisation failure
omnimath-490,5,Autoformalisation failure
omnimath-490,6,Autoformalisation failure
omnimath-491,0,Autoformalisation failure
omnimath-491,1,Autoformalisation failure
omnimath-491,2,Autoformalisation failure
omnimath-491,3,True
omnimath-491,4,Autoformalisation failure
omnimath-491,5,Autoformalisation failure
omnimath-491,6,Autoformalisation failure
omnimath-492,0,Autoformalisation failure
omnimath-492,1,Autoformalisation failure
omnimath-492,2,Autoformalisation failure
omnimath-492,3,Autoformalisation failure
omnimath-492,4,Autoformalisation failure
omnimath-492,5,Autoformalisation failure
omnimath-492,6,Autoformalisation failure
omnimath-493,0,Autoformalisation failure
omnimath-493,1,Autoformalisation failure
omnimath-493,2,Autoformalisation failure
omnimath-493,3,Autoformalisation failure
omnimath-493,4,Autoformalisation failure
omnimath-493,5,Autoformalisation failure
omnimath-493,6,Autoformalisation failure
omnimath-493,7,Autoformalisation failure
omnimath-493,8,Autoformalisation failure
omnimath-493,9,Autoformalisation failure
omnimath-494,0,Autoformalisation failure
omnimath-494,1,Autoformalisation failure
omnimath-494,2,Autoformalisation failure
omnimath-494,3,Autoformalisation failure
omnimath-494,4,Autoformalisation failure
omnimath-494,5,Autoformalisation failure
omnimath-494,6,Autoformalisation failure
omnimath-494,7,Autoformalisation failure
omnimath-494,8,Autoformalisation failure
omnimath-494,9,Autoformalisation failure
omnimath-494,10,Autoformalisation failure
omnimath-494,11,Autoformalisation failure
omnimath-495,0,Autoformalisation failure
omnimath-495,1,Autoformalisation failure
omnimath-495,2,Autoformalisation failure
omnimath-495,3,Prover failure
omnimath-495,4,Autoformalisation failure
omnimath-495,5,Autoformalisation failure
omnimath-495,6,Autoformalisation failure
omnimath-495,7,Autoformalisation failure
omnimath-495,8,Autoformalisation failure
omnimath-496,0,Autoformalisation failure
omnimath-496,1,True
omnimath-496,2,Autoformalisation failure
omnimath-496,3,Autoformalisation failure
omnimath-496,4,Autoformalisation failure
omnimath-496,5,Autoformalisation failure
omnimath-496,6,Autoformalisation failure
omnimath-496,7,Autoformalisation failure
omnimath-496,8,Autoformalisation failure
omnimath-497,0,Autoformalisation failure
omnimath-497,1,Autoformalisation failure
omnimath-497,2,Autoformalisation failure
omnimath-497,3,Autoformalisation failure
omnimath-497,4,Autoformalisation failure
omnimath-497,5,Autoformalisation failure
omnimath-497,6,Autoformalisation failure
omnimath-497,7,Autoformalisation failure
omnimath-497,8,Autoformalisation failure
omnimath-498,0,Autoformalisation failure
omnimath-498,1,Autoformalisation failure
omnimath-498,2,Autoformalisation failure
omnimath-498,3,Autoformalisation failure
omnimath-498,4,Autoformalisation failure
omnimath-498,5,False
omnimath-499,0,Autoformalisation failure
omnimath-499,1,True
omnimath-499,2,Autoformalisation failure
omnimath-499,3,True
omnimath-499,4,True
omnimath-499,5,True
omnimath-499,6,True
omnimath-500,0,Autoformalisation failure
omnimath-500,1,Autoformalisation failure
omnimath-500,2,Autoformalisation failure
omnimath-500,3,Autoformalisation failure
omnimath-500,4,Autoformalisation failure
omnimath-500,5,Autoformalisation failure
omnimath-500,6,Autoformalisation failure
omnimath-501,0,Autoformalisation failure
omnimath-501,1,Autoformalisation failure
omnimath-501,2,Autoformalisation failure
omnimath-501,3,True
omnimath-501,4,Autoformalisation failure
omnimath-502,0,True
omnimath-502,1,Autoformalisation failure
omnimath-502,2,Autoformalisation failure
omnimath-502,3,False
omnimath-502,4,False
omnimath-502,5,True
omnimath-503,0,Autoformalisation failure
omnimath-503,1,Autoformalisation failure
omnimath-503,2,Autoformalisation failure
omnimath-503,3,Autoformalisation failure
omnimath-503,4,Autoformalisation failure
omnimath-503,5,Autoformalisation failure
omnimath-504,0,Autoformalisation failure
omnimath-504,1,Autoformalisation failure
omnimath-504,2,True
omnimath-504,3,True
omnimath-504,4,Autoformalisation failure
omnimath-504,5,Prover failure
omnimath-505,0,Autoformalisation failure
omnimath-505,1,Autoformalisation failure
omnimath-505,2,Prover failure
omnimath-505,3,Autoformalisation failure
omnimath-506,0,True
omnimath-506,1,True
omnimath-506,2,Autoformalisation failure
omnimath-506,3,True
omnimath-506,4,True
omnimath-506,5,True
omnimath-506,6,Autoformalisation failure
omnimath-506,7,False
omnimath-506,8,Autoformalisation failure
omnimath-507,0,True
omnimath-507,1,Autoformalisation failure
omnimath-507,2,Autoformalisation failure
omnimath-507,3,Autoformalisation failure
omnimath-507,4,Autoformalisation failure
omnimath-507,5,Autoformalisation failure
omnimath-507,6,Autoformalisation failure
omnimath-507,7,Autoformalisation failure
omnimath-507,8,Autoformalisation failure
omnimath-507,9,Autoformalisation failure
omnimath-507,10,Autoformalisation failure
omnimath-507,11,Autoformalisation failure
omnimath-507,12,Autoformalisation failure
omnimath-507,13,Autoformalisation failure
omnimath-507,14,Autoformalisation failure
omnimath-507,15,Autoformalisation failure
omnimath-507,16,Autoformalisation failure
omnimath-507,17,Autoformalisation failure
omnimath-507,18,Autoformalisation failure
omnimath-507,19,False
omnimath-507,20,Autoformalisation failure
omnimath-507,21,Autoformalisation failure
omnimath-507,22,Autoformalisation failure
omnimath-508,0,Autoformalisation failure
omnimath-508,1,Autoformalisation failure
omnimath-508,2,Autoformalisation failure
omnimath-508,3,Autoformalisation failure
omnimath-508,4,Autoformalisation failure
omnimath-508,5,Autoformalisation failure
omnimath-508,6,Autoformalisation failure
omnimath-508,7,True
omnimath-508,8,True
omnimath-508,9,True
omnimath-508,10,True
omnimath-509,0,Autoformalisation failure
omnimath-509,1,Autoformalisation failure
omnimath-509,2,False
omnimath-509,3,Autoformalisation failure
omnimath-509,4,True
omnimath-509,5,True
omnimath-510,0,Autoformalisation failure
omnimath-510,1,True
omnimath-510,2,False
omnimath-510,3,True
omnimath-510,4,False
omnimath-510,5,True
omnimath-510,6,False
omnimath-510,7,True
omnimath-510,8,False
omnimath-510,9,False
omnimath-511,0,Autoformalisation failure
omnimath-511,1,Autoformalisation failure
omnimath-511,2,Autoformalisation failure
omnimath-511,3,True
omnimath-511,4,True
omnimath-512,0,True
omnimath-512,1,Autoformalisation failure
omnimath-512,2,True
omnimath-512,3,True
omnimath-512,4,Autoformalisation failure
omnimath-512,5,Autoformalisation failure
omnimath-513,0,Autoformalisation failure
omnimath-513,1,Autoformalisation failure
omnimath-513,2,Autoformalisation failure
omnimath-513,3,Autoformalisation failure
omnimath-514,0,Autoformalisation failure
omnimath-514,1,Autoformalisation failure
omnimath-514,2,Autoformalisation failure
omnimath-514,3,True
omnimath-514,4,True
omnimath-514,5,True
omnimath-514,6,Autoformalisation failure
omnimath-515,0,True
omnimath-515,1,Autoformalisation failure
omnimath-515,2,Autoformalisation failure
omnimath-516,0,True
omnimath-516,1,False
omnimath-516,2,True
omnimath-516,3,True
omnimath-516,4,Autoformalisation failure
omnimath-516,5,True
omnimath-516,6,True
omnimath-517,0,Autoformalisation failure
omnimath-517,1,Autoformalisation failure
omnimath-517,2,Prover failure
omnimath-517,3,Autoformalisation failure
omnimath-518,0,Autoformalisation failure
omnimath-518,1,Autoformalisation failure
omnimath-518,2,Autoformalisation failure
omnimath-518,3,False
omnimath-518,4,Autoformalisation failure
omnimath-518,5,Autoformalisation failure
omnimath-518,6,True
omnimath-518,7,Autoformalisation failure
omnimath-519,0,Autoformalisation failure
omnimath-519,1,Autoformalisation failure
omnimath-519,2,Autoformalisation failure
omnimath-519,3,Autoformalisation failure
omnimath-519,4,Autoformalisation failure
omnimath-519,5,Autoformalisation failure
omnimath-519,6,Autoformalisation failure
omnimath-520,0,True
omnimath-520,1,True
omnimath-520,2,Autoformalisation failure
omnimath-520,3,Autoformalisation failure
omnimath-520,4,Autoformalisation failure
omnimath-520,5,Autoformalisation failure
omnimath-520,6,Autoformalisation failure
omnimath-520,7,True
omnimath-521,0,True
omnimath-521,1,True
omnimath-521,2,Prover failure
omnimath-521,3,True
omnimath-521,4,True
omnimath-521,5,Autoformalisation failure
omnimath-521,6,Autoformalisation failure
omnimath-521,7,Autoformalisation failure
omnimath-522,0,Autoformalisation failure
omnimath-522,1,Autoformalisation failure
omnimath-522,2,Autoformalisation failure
omnimath-522,3,Autoformalisation failure
omnimath-522,4,Autoformalisation failure
omnimath-523,0,Autoformalisation failure
omnimath-523,1,Autoformalisation failure
omnimath-523,2,Autoformalisation failure
omnimath-523,3,Autoformalisation failure
omnimath-523,4,True
omnimath-523,5,Autoformalisation failure
omnimath-523,6,True
omnimath-523,7,Autoformalisation failure
omnimath-524,0,Autoformalisation failure
omnimath-524,1,Autoformalisation failure
omnimath-524,2,Autoformalisation failure
omnimath-524,3,Autoformalisation failure
omnimath-524,4,Autoformalisation failure
omnimath-524,5,Autoformalisation failure
omnimath-525,0,True
omnimath-525,1,True
omnimath-525,2,True
omnimath-525,3,Prover failure
omnimath-525,4,Autoformalisation failure
omnimath-526,0,True
omnimath-526,1,Autoformalisation failure
omnimath-526,2,Autoformalisation failure
omnimath-526,3,True
omnimath-526,4,Autoformalisation failure
omnimath-526,5,Autoformalisation failure
omnimath-526,6,Autoformalisation failure
omnimath-526,7,Autoformalisation failure
omnimath-526,8,True
omnimath-526,9,True
omnimath-526,10,Prover failure
omnimath-527,0,Autoformalisation failure
omnimath-527,1,Autoformalisation failure
omnimath-527,2,Autoformalisation failure
omnimath-527,3,Autoformalisation failure
omnimath-527,4,Autoformalisation failure
omnimath-527,5,Autoformalisation failure
omnimath-528,0,Autoformalisation failure
omnimath-528,1,True
omnimath-528,2,Autoformalisation failure
omnimath-528,3,False
omnimath-528,4,True
omnimath-528,5,Prover failure
omnimath-528,6,True
omnimath-528,7,True
omnimath-528,8,True
omnimath-528,9,True
omnimath-528,10,True
omnimath-528,11,True
omnimath-529,0,Autoformalisation failure
omnimath-529,1,Autoformalisation failure
omnimath-529,2,Autoformalisation failure
omnimath-529,3,Autoformalisation failure
omnimath-529,4,True
omnimath-529,5,True
omnimath-529,6,Autoformalisation failure
omnimath-529,7,True
omnimath-529,8,True
omnimath-529,9,True
omnimath-529,10,True
omnimath-529,11,True
omnimath-529,12,True
omnimath-529,13,True
omnimath-529,14,True
omnimath-529,15,Prover failure
omnimath-530,0,Autoformalisation failure
omnimath-530,1,Prover failure
omnimath-530,2,Autoformalisation failure
omnimath-530,3,Autoformalisation failure
omnimath-531,0,True
omnimath-531,1,Autoformalisation failure
omnimath-531,2,True
omnimath-531,3,Autoformalisation failure
omnimath-531,4,True
omnimath-531,5,True
omnimath-532,0,Autoformalisation failure
omnimath-532,1,Autoformalisation failure
omnimath-532,2,Autoformalisation failure
omnimath-532,3,Autoformalisation failure
omnimath-532,4,Autoformalisation failure
omnimath-532,5,Autoformalisation failure
omnimath-532,6,True
omnimath-533,0,Autoformalisation failure
omnimath-533,1,Autoformalisation failure
omnimath-533,2,Autoformalisation failure
omnimath-533,3,Autoformalisation failure
omnimath-533,4,Autoformalisation failure
omnimath-533,5,Autoformalisation failure
omnimath-533,6,Autoformalisation failure
omnimath-533,7,Autoformalisation failure
omnimath-534,0,Autoformalisation failure
omnimath-534,1,Autoformalisation failure
omnimath-534,2,Autoformalisation failure
omnimath-534,3,Autoformalisation failure
omnimath-534,4,True
omnimath-534,5,Autoformalisation failure
omnimath-534,6,Autoformalisation failure
omnimath-534,7,True
omnimath-534,8,True
omnimath-534,9,Autoformalisation failure
omnimath-534,10,Autoformalisation failure
omnimath-535,0,Autoformalisation failure
omnimath-535,1,Autoformalisation failure
omnimath-535,2,Autoformalisation failure
omnimath-535,3,Autoformalisation failure
omnimath-535,4,Autoformalisation failure
omnimath-535,5,Autoformalisation failure
omnimath-536,0,Autoformalisation failure
omnimath-536,1,Autoformalisation failure
omnimath-536,2,Autoformalisation failure
omnimath-536,3,Autoformalisation failure
omnimath-536,4,True
omnimath-536,5,Autoformalisation failure
omnimath-536,6,True
omnimath-536,7,Prover failure
omnimath-536,8,Autoformalisation failure
omnimath-536,9,Autoformalisation failure
omnimath-536,10,Autoformalisation failure
omnimath-536,11,True
omnimath-536,12,True
omnimath-537,0,Autoformalisation failure
omnimath-537,1,True
omnimath-537,2,Autoformalisation failure
omnimath-537,3,Autoformalisation failure
omnimath-537,4,Autoformalisation failure
omnimath-537,5,Autoformalisation failure
omnimath-537,6,Autoformalisation failure
omnimath-537,7,Autoformalisation failure
omnimath-537,8,Autoformalisation failure
omnimath-537,9,Autoformalisation failure
omnimath-538,0,Autoformalisation failure
omnimath-538,1,True
omnimath-538,2,True
omnimath-538,3,Autoformalisation failure
omnimath-538,4,Autoformalisation failure
omnimath-538,5,True
omnimath-538,6,True
omnimath-538,7,True
omnimath-538,8,True
omnimath-538,9,True
omnimath-538,10,True
omnimath-538,11,True
omnimath-538,12,True
omnimath-538,13,True
omnimath-538,14,True
omnimath-538,15,True
omnimath-539,0,True
omnimath-539,1,Autoformalisation failure
omnimath-539,2,Autoformalisation failure
omnimath-539,3,True
omnimath-539,4,True
omnimath-540,0,Autoformalisation failure
omnimath-540,1,Autoformalisation failure
omnimath-540,2,Autoformalisation failure
omnimath-540,3,Autoformalisation failure
omnimath-540,4,Autoformalisation failure
omnimath-540,5,Autoformalisation failure
omnimath-540,6,Autoformalisation failure
omnimath-541,0,False
omnimath-541,1,False
omnimath-541,2,True
omnimath-541,3,True
omnimath-541,4,True
omnimath-541,5,True
omnimath-541,6,True
omnimath-541,7,True
omnimath-542,0,Autoformalisation failure
omnimath-542,1,Autoformalisation failure
omnimath-542,2,True
omnimath-542,3,True
omnimath-542,4,True
omnimath-542,5,Autoformalisation failure
omnimath-543,0,True
omnimath-543,1,Autoformalisation failure
omnimath-543,2,Autoformalisation failure
omnimath-543,3,True
omnimath-543,4,True
omnimath-544,0,Autoformalisation failure
omnimath-544,1,True
omnimath-544,2,Autoformalisation failure
omnimath-544,3,Autoformalisation failure
omnimath-544,4,Autoformalisation failure
omnimath-544,5,True
omnimath-545,0,Autoformalisation failure
omnimath-545,1,Autoformalisation failure
omnimath-545,2,Autoformalisation failure
omnimath-545,3,Autoformalisation failure
omnimath-545,4,Autoformalisation failure
omnimath-545,5,Autoformalisation failure
omnimath-545,6,Autoformalisation failure
omnimath-545,7,Autoformalisation failure
omnimath-545,8,True
omnimath-545,9,Autoformalisation failure
omnimath-545,10,Autoformalisation failure
omnimath-546,0,Autoformalisation failure
omnimath-546,1,Autoformalisation failure
omnimath-546,2,Autoformalisation failure
omnimath-546,3,Autoformalisation failure
omnimath-546,4,Autoformalisation failure
omnimath-546,5,Autoformalisation failure
omnimath-547,0,Autoformalisation failure
omnimath-547,1,Autoformalisation failure
omnimath-547,2,True
omnimath-547,3,True
omnimath-547,4,Autoformalisation failure
omnimath-547,5,Autoformalisation failure
omnimath-548,0,Autoformalisation failure
omnimath-548,1,Autoformalisation failure
omnimath-548,2,Autoformalisation failure
omnimath-548,3,Autoformalisation failure
omnimath-548,4,Autoformalisation failure
omnimath-548,5,Autoformalisation failure
omnimath-548,6,Autoformalisation failure
omnimath-548,7,Autoformalisation failure
omnimath-548,8,Autoformalisation failure
omnimath-548,9,Autoformalisation failure
omnimath-548,10,Autoformalisation failure
omnimath-548,11,Autoformalisation failure
omnimath-548,12,Autoformalisation failure
omnimath-548,13,Autoformalisation failure
omnimath-549,0,True
omnimath-549,1,Autoformalisation failure
omnimath-549,2,True
omnimath-549,3,True
omnimath-549,4,Autoformalisation failure
omnimath-549,5,Autoformalisation failure
omnimath-549,6,Autoformalisation failure
omnimath-549,7,False
omnimath-549,8,False
omnimath-550,0,True
omnimath-550,1,Autoformalisation failure
omnimath-550,2,Autoformalisation failure
omnimath-550,3,True
omnimath-550,4,Autoformalisation failure
omnimath-550,5,True
omnimath-551,0,Autoformalisation failure
omnimath-551,1,Autoformalisation failure
omnimath-551,2,Prover failure
omnimath-551,3,Prover failure
omnimath-551,4,Autoformalisation failure
omnimath-551,5,Prover failure
omnimath-551,6,Prover failure
omnimath-551,7,Prover failure
omnimath-551,8,Prover failure
omnimath-551,9,Prover failure
omnimath-551,10,Prover failure
omnimath-551,11,Autoformalisation failure
omnimath-551,12,Prover failure
omnimath-551,13,Prover failure
omnimath-551,14,Autoformalisation failure
omnimath-552,0,True
omnimath-552,1,Autoformalisation failure
omnimath-552,2,True
omnimath-552,3,True
omnimath-552,4,True
omnimath-553,0,True
omnimath-553,1,True
omnimath-553,2,True
omnimath-553,3,True
omnimath-554,0,Autoformalisation failure
omnimath-554,1,Autoformalisation failure
omnimath-554,2,Autoformalisation failure
omnimath-554,3,Autoformalisation failure
omnimath-554,4,Autoformalisation failure
omnimath-554,5,Autoformalisation failure
omnimath-554,6,True
omnimath-554,7,Autoformalisation failure
omnimath-555,0,False
omnimath-555,1,True
omnimath-555,2,True
omnimath-555,3,True
omnimath-555,4,True
omnimath-555,5,True
omnimath-555,6,True
omnimath-555,7,Prover failure
omnimath-555,8,True
omnimath-556,0,Autoformalisation failure
omnimath-556,1,Autoformalisation failure
omnimath-556,2,Autoformalisation failure
omnimath-556,3,Autoformalisation failure
omnimath-556,4,Autoformalisation failure
omnimath-556,5,Autoformalisation failure
omnimath-556,6,Autoformalisation failure
omnimath-557,0,False
omnimath-557,1,False
omnimath-557,2,True
omnimath-557,3,True
omnimath-557,4,False
omnimath-557,5,True
omnimath-557,6,True
omnimath-557,7,True
omnimath-557,8,True
omnimath-557,9,True
omnimath-557,10,True
omnimath-557,11,True
omnimath-558,0,Autoformalisation failure
omnimath-558,1,Autoformalisation failure
omnimath-558,2,False
omnimath-558,3,Autoformalisation failure
omnimath-558,4,Autoformalisation failure
omnimath-558,5,Autoformalisation failure
omnimath-558,6,Autoformalisation failure
omnimath-558,7,Autoformalisation failure
omnimath-559,0,Autoformalisation failure
omnimath-559,1,Autoformalisation failure
omnimath-559,2,False
omnimath-559,3,True
omnimath-559,4,False
omnimath-560,0,True
omnimath-560,1,Autoformalisation failure
omnimath-560,2,Autoformalisation failure
omnimath-560,3,True
omnimath-560,4,True
omnimath-560,5,Autoformalisation failure
omnimath-560,6,True
omnimath-560,7,True
omnimath-561,0,Autoformalisation failure
omnimath-561,1,True
omnimath-561,2,Autoformalisation failure
omnimath-561,3,Autoformalisation failure
omnimath-561,4,Autoformalisation failure
omnimath-561,5,Autoformalisation failure
omnimath-561,6,Autoformalisation failure
omnimath-561,7,Autoformalisation failure
omnimath-561,8,Autoformalisation failure
omnimath-561,9,Autoformalisation failure
omnimath-561,10,Autoformalisation failure
omnimath-561,11,Autoformalisation failure
omnimath-561,12,Autoformalisation failure
omnimath-561,13,Autoformalisation failure
omnimath-561,14,False
omnimath-561,15,Autoformalisation failure
omnimath-561,16,Autoformalisation failure
omnimath-562,0,True
omnimath-562,1,Autoformalisation failure
omnimath-562,2,False
omnimath-562,3,Autoformalisation failure
omnimath-562,4,Autoformalisation failure
omnimath-562,5,Autoformalisation failure
omnimath-562,6,Autoformalisation failure
omnimath-562,7,True
omnimath-562,8,True
omnimath-562,9,True
omnimath-562,10,True
omnimath-562,11,Autoformalisation failure
omnimath-563,0,Prover failure
omnimath-563,1,True
omnimath-563,2,False
omnimath-563,3,Autoformalisation failure
omnimath-563,4,False
omnimath-563,5,Autoformalisation failure
omnimath-563,6,Autoformalisation failure
omnimath-563,7,Autoformalisation failure
omnimath-563,8,Autoformalisation failure
omnimath-563,9,False
omnimath-563,10,True
omnimath-563,11,True
omnimath-563,12,True
omnimath-563,13,True
omnimath-563,14,True
omnimath-564,0,Autoformalisation failure
omnimath-564,1,Autoformalisation failure
omnimath-564,2,Autoformalisation failure
omnimath-564,3,Autoformalisation failure
omnimath-564,4,Autoformalisation failure
omnimath-564,5,Autoformalisation failure
omnimath-564,6,Autoformalisation failure
omnimath-564,7,Autoformalisation failure
omnimath-564,8,Autoformalisation failure
omnimath-564,9,True
omnimath-565,0,Autoformalisation failure
omnimath-565,1,Autoformalisation failure
omnimath-565,2,Autoformalisation failure
omnimath-565,3,Autoformalisation failure
omnimath-565,4,Autoformalisation failure
omnimath-565,5,True
omnimath-565,6,Prover failure
omnimath-565,7,Autoformalisation failure
omnimath-566,0,Autoformalisation failure
omnimath-566,1,Autoformalisation failure
omnimath-566,2,Autoformalisation failure
omnimath-566,3,Autoformalisation failure
omnimath-566,4,Autoformalisation failure
omnimath-566,5,Autoformalisation failure
omnimath-566,6,Autoformalisation failure
omnimath-567,0,Autoformalisation failure
omnimath-567,1,Autoformalisation failure
omnimath-567,2,Autoformalisation failure
omnimath-567,3,True
omnimath-567,4,True
omnimath-567,5,True
omnimath-567,6,Autoformalisation failure
omnimath-567,7,Autoformalisation failure
omnimath-567,8,Autoformalisation failure
omnimath-567,9,Autoformalisation failure
omnimath-567,10,Autoformalisation failure
omnimath-568,0,Autoformalisation failure
omnimath-568,1,True
omnimath-568,2,Autoformalisation failure
omnimath-568,3,True
omnimath-568,4,False
omnimath-568,5,Autoformalisation failure
omnimath-569,0,Autoformalisation failure
omnimath-569,1,Autoformalisation failure
omnimath-569,2,Autoformalisation failure
omnimath-569,3,Autoformalisation failure
omnimath-569,4,Autoformalisation failure
omnimath-570,0,Autoformalisation failure
omnimath-570,1,Autoformalisation failure
omnimath-570,2,Autoformalisation failure
omnimath-570,3,True
omnimath-570,4,Autoformalisation failure
omnimath-570,5,True
omnimath-570,6,True
omnimath-571,0,False
omnimath-571,1,Autoformalisation failure
omnimath-571,2,Autoformalisation failure
omnimath-571,3,Autoformalisation failure
omnimath-571,4,Autoformalisation failure
omnimath-571,5,Autoformalisation failure
omnimath-571,6,True
omnimath-571,7,True
omnimath-571,8,True
omnimath-571,9,True
omnimath-572,0,Autoformalisation failure
omnimath-572,1,Autoformalisation failure
omnimath-572,2,Autoformalisation failure
omnimath-572,3,Autoformalisation failure
omnimath-572,4,True
omnimath-572,5,Autoformalisation failure
omnimath-572,6,Autoformalisation failure
omnimath-572,7,Autoformalisation failure
omnimath-572,8,Autoformalisation failure
omnimath-572,9,True
omnimath-572,10,Autoformalisation failure
omnimath-573,0,True
omnimath-573,1,Autoformalisation failure
omnimath-573,2,Autoformalisation failure
omnimath-573,3,Autoformalisation failure
omnimath-573,4,Autoformalisation failure
omnimath-573,5,Autoformalisation failure
omnimath-573,6,Autoformalisation failure
omnimath-573,7,True
omnimath-574,0,Autoformalisation failure
omnimath-574,1,Autoformalisation failure
omnimath-574,2,Autoformalisation failure
omnimath-574,3,Autoformalisation failure
omnimath-574,4,Autoformalisation failure
omnimath-574,5,Autoformalisation failure
omnimath-574,6,Autoformalisation failure
omnimath-574,7,Autoformalisation failure
omnimath-574,8,Autoformalisation failure
omnimath-574,9,Autoformalisation failure
omnimath-574,10,Autoformalisation failure
omnimath-574,11,Prover failure
omnimath-575,0,Autoformalisation failure
omnimath-575,1,Autoformalisation failure
omnimath-575,2,Autoformalisation failure
omnimath-575,3,Autoformalisation failure
omnimath-575,4,Autoformalisation failure
omnimath-575,5,Autoformalisation failure
omnimath-575,6,Autoformalisation failure
omnimath-576,0,Autoformalisation failure
omnimath-576,1,Autoformalisation failure
omnimath-576,2,Autoformalisation failure
omnimath-576,3,Autoformalisation failure
omnimath-576,4,True
omnimath-576,5,True
omnimath-577,0,Autoformalisation failure
omnimath-577,1,Autoformalisation failure
omnimath-577,2,Autoformalisation failure
omnimath-577,3,Autoformalisation failure
omnimath-577,4,Autoformalisation failure
omnimath-578,0,Autoformalisation failure
omnimath-578,1,Autoformalisation failure
omnimath-578,2,True
omnimath-578,3,Autoformalisation failure
omnimath-578,4,True
omnimath-578,5,True
omnimath-579,0,Autoformalisation failure
omnimath-579,1,Autoformalisation failure
omnimath-579,2,Autoformalisation failure
omnimath-579,3,Autoformalisation failure
omnimath-579,4,Autoformalisation failure
omnimath-579,5,Autoformalisation failure
omnimath-579,6,Autoformalisation failure
omnimath-579,7,Autoformalisation failure
omnimath-580,0,Autoformalisation failure
omnimath-580,1,Autoformalisation failure
omnimath-580,2,True
omnimath-580,3,True
omnimath-580,4,True
omnimath-580,5,True
omnimath-580,6,True
omnimath-581,0,Autoformalisation failure
omnimath-581,1,Autoformalisation failure
omnimath-581,2,Autoformalisation failure
omnimath-581,3,Autoformalisation failure
omnimath-581,4,Autoformalisation failure
omnimath-581,5,Autoformalisation failure
omnimath-581,6,Autoformalisation failure
omnimath-581,7,Autoformalisation failure
omnimath-582,0,Autoformalisation failure
omnimath-582,1,Autoformalisation failure
omnimath-582,2,Autoformalisation failure
omnimath-582,3,Autoformalisation failure
omnimath-582,4,Autoformalisation failure
omnimath-582,5,Autoformalisation failure
omnimath-582,6,Autoformalisation failure
omnimath-582,7,Autoformalisation failure
omnimath-583,0,Autoformalisation failure
omnimath-583,1,True
omnimath-583,2,Autoformalisation failure
omnimath-583,3,False
omnimath-583,4,Autoformalisation failure
omnimath-583,5,True
omnimath-584,0,Autoformalisation failure
omnimath-584,1,True
omnimath-584,2,Autoformalisation failure
omnimath-584,3,Autoformalisation failure
omnimath-584,4,True
omnimath-584,5,True
omnimath-585,0,Autoformalisation failure
omnimath-585,1,Autoformalisation failure
omnimath-585,2,Autoformalisation failure
omnimath-585,3,Autoformalisation failure
omnimath-585,4,Autoformalisation failure
omnimath-585,5,Autoformalisation failure
omnimath-585,6,Autoformalisation failure
omnimath-586,0,Autoformalisation failure
omnimath-586,1,Autoformalisation failure
omnimath-586,2,Autoformalisation failure
omnimath-586,3,Prover failure
omnimath-586,4,Prover failure
omnimath-586,5,Prover failure
omnimath-586,6,Prover failure
omnimath-586,7,Prover failure
omnimath-586,8,Prover failure
omnimath-586,9,Prover failure
omnimath-586,10,Prover failure
omnimath-586,11,Autoformalisation failure
omnimath-586,12,Autoformalisation failure
omnimath-587,0,Prover failure
omnimath-587,1,Autoformalisation failure
omnimath-587,2,Prover failure
omnimath-587,3,True
omnimath-587,4,True
omnimath-587,5,True
omnimath-587,6,True
omnimath-587,7,False
omnimath-587,8,True
omnimath-587,9,True
omnimath-588,0,Autoformalisation failure
omnimath-588,1,Autoformalisation failure
omnimath-588,2,Autoformalisation failure
omnimath-588,3,Autoformalisation failure
omnimath-588,4,True
omnimath-588,5,Autoformalisation failure
omnimath-589,0,Autoformalisation failure
omnimath-589,1,Autoformalisation failure
omnimath-589,2,True
omnimath-589,3,True
omnimath-589,4,True
omnimath-589,5,True
omnimath-589,6,Autoformalisation failure
omnimath-590,0,True
omnimath-590,1,True
omnimath-590,2,True
omnimath-590,3,True
omnimath-590,4,True
omnimath-590,5,True
omnimath-591,0,True
omnimath-591,1,True
omnimath-591,2,True
omnimath-591,3,True
omnimath-591,4,True
omnimath-591,5,True
omnimath-591,6,True
omnimath-592,0,Autoformalisation failure
omnimath-592,1,True
omnimath-592,2,True
omnimath-592,3,True
omnimath-593,0,Autoformalisation failure
omnimath-593,1,Autoformalisation failure
omnimath-593,2,Autoformalisation failure
omnimath-593,3,Autoformalisation failure
omnimath-593,4,Autoformalisation failure
omnimath-593,5,True
omnimath-593,6,Autoformalisation failure
omnimath-593,7,True
omnimath-593,8,True
omnimath-593,9,True
omnimath-593,10,Autoformalisation failure
omnimath-594,0,Autoformalisation failure
omnimath-594,1,Autoformalisation failure
omnimath-594,2,Autoformalisation failure
omnimath-594,3,Autoformalisation failure
omnimath-595,0,Autoformalisation failure
omnimath-595,1,Autoformalisation failure
omnimath-595,2,Autoformalisation failure
omnimath-595,3,Autoformalisation failure
omnimath-595,4,Autoformalisation failure
omnimath-595,5,Autoformalisation failure
omnimath-595,6,Autoformalisation failure
omnimath-595,7,Autoformalisation failure
omnimath-595,8,Autoformalisation failure
omnimath-596,0,Autoformalisation failure
omnimath-596,1,Autoformalisation failure
omnimath-596,2,Autoformalisation failure
omnimath-596,3,Prover failure
omnimath-597,0,Autoformalisation failure
omnimath-597,1,Autoformalisation failure
omnimath-597,2,Autoformalisation failure
omnimath-597,3,Autoformalisation failure
omnimath-597,4,Autoformalisation failure
omnimath-597,5,Autoformalisation failure
omnimath-597,6,Autoformalisation failure
omnimath-598,0,Autoformalisation failure
omnimath-598,1,True
omnimath-598,2,Autoformalisation failure
omnimath-598,3,Autoformalisation failure
omnimath-598,4,Autoformalisation failure
omnimath-598,5,Autoformalisation failure
omnimath-598,6,Autoformalisation failure
omnimath-598,7,Autoformalisation failure
omnimath-599,0,True
omnimath-599,1,True
omnimath-599,2,True
omnimath-599,3,True
omnimath-600,0,True
omnimath-600,1,Autoformalisation failure
omnimath-600,2,Autoformalisation failure
omnimath-600,3,Autoformalisation failure
omnimath-600,4,Autoformalisation failure
omnimath-600,5,Autoformalisation failure
omnimath-600,6,Autoformalisation failure
omnimath-601,0,Autoformalisation failure
omnimath-601,1,Autoformalisation failure
omnimath-601,2,Autoformalisation failure
omnimath-601,3,False
omnimath-601,4,True
omnimath-602,0,Autoformalisation failure
omnimath-602,1,Autoformalisation failure
omnimath-602,2,Autoformalisation failure
omnimath-602,3,Autoformalisation failure
omnimath-602,4,Autoformalisation failure
omnimath-602,5,Autoformalisation failure
omnimath-602,6,Autoformalisation failure
omnimath-602,7,Autoformalisation failure
omnimath-603,0,True
omnimath-603,1,True
omnimath-603,2,True
omnimath-603,3,Autoformalisation failure
omnimath-603,4,False
omnimath-604,0,True
omnimath-604,1,True
omnimath-604,2,False
omnimath-604,3,True
omnimath-605,0,Autoformalisation failure
omnimath-605,1,Autoformalisation failure
omnimath-605,2,Autoformalisation failure
omnimath-605,3,Autoformalisation failure
omnimath-605,4,Autoformalisation failure
omnimath-605,5,Autoformalisation failure
omnimath-605,6,Autoformalisation failure
omnimath-605,7,Autoformalisation failure
omnimath-605,8,Autoformalisation failure
omnimath-605,9,Autoformalisation failure
omnimath-606,0,Autoformalisation failure
omnimath-606,1,Autoformalisation failure
omnimath-606,2,Autoformalisation failure
omnimath-606,3,Autoformalisation failure
omnimath-606,4,Autoformalisation failure
omnimath-607,0,Autoformalisation failure
omnimath-607,1,Autoformalisation failure
omnimath-607,2,Autoformalisation failure
omnimath-608,0,True
omnimath-608,1,True
omnimath-608,2,Autoformalisation failure
omnimath-608,3,Autoformalisation failure
omnimath-608,4,True
omnimath-609,0,Autoformalisation failure
omnimath-609,1,Autoformalisation failure
omnimath-609,2,Autoformalisation failure
omnimath-609,3,Autoformalisation failure
omnimath-609,4,Autoformalisation failure
omnimath-609,5,Autoformalisation failure
omnimath-609,6,Autoformalisation failure
omnimath-609,7,Autoformalisation failure
omnimath-609,8,Autoformalisation failure
omnimath-609,9,Autoformalisation failure
omnimath-610,0,Autoformalisation failure
omnimath-610,1,Autoformalisation failure
omnimath-610,2,Autoformalisation failure
omnimath-610,3,Autoformalisation failure
omnimath-610,4,Autoformalisation failure
omnimath-610,5,Autoformalisation failure
omnimath-611,0,Autoformalisation failure
omnimath-611,1,Autoformalisation failure
omnimath-611,2,True
omnimath-611,3,Autoformalisation failure
omnimath-611,4,Autoformalisation failure
omnimath-611,5,Autoformalisation failure
omnimath-612,0,Autoformalisation failure
omnimath-612,1,Autoformalisation failure
omnimath-612,2,Autoformalisation failure
omnimath-612,3,Autoformalisation failure
omnimath-612,4,Autoformalisation failure
omnimath-612,5,Autoformalisation failure
omnimath-612,6,Autoformalisation failure
omnimath-612,7,Autoformalisation failure
omnimath-612,8,Autoformalisation failure
omnimath-613,0,Autoformalisation failure
omnimath-613,1,Autoformalisation failure
omnimath-613,2,Autoformalisation failure
omnimath-613,3,Autoformalisation failure
omnimath-613,4,Autoformalisation failure
omnimath-613,5,Autoformalisation failure
omnimath-614,0,True
omnimath-614,1,True
omnimath-614,2,True
omnimath-614,3,True
omnimath-614,4,True
omnimath-614,5,False
omnimath-614,6,True
omnimath-614,7,True
omnimath-615,0,Autoformalisation failure
omnimath-615,1,Autoformalisation failure
omnimath-615,2,Autoformalisation failure
omnimath-615,3,Autoformalisation failure
omnimath-615,4,Autoformalisation failure
omnimath-615,5,Autoformalisation failure
omnimath-615,6,Autoformalisation failure
omnimath-615,7,Autoformalisation failure
omnimath-615,8,Autoformalisation failure
omnimath-615,9,Autoformalisation failure
omnimath-615,10,Autoformalisation failure
omnimath-615,11,Autoformalisation failure
omnimath-615,12,Autoformalisation failure
omnimath-615,13,Autoformalisation failure
omnimath-616,0,Autoformalisation failure
omnimath-616,1,Autoformalisation failure
omnimath-616,2,Autoformalisation failure
omnimath-616,3,True
omnimath-617,0,Autoformalisation failure
omnimath-617,1,Autoformalisation failure
omnimath-617,2,Autoformalisation failure
omnimath-617,3,Autoformalisation failure
omnimath-617,4,Autoformalisation failure
omnimath-617,5,Autoformalisation failure
omnimath-617,6,Autoformalisation failure
omnimath-617,7,Autoformalisation failure
omnimath-617,8,Autoformalisation failure
omnimath-617,9,Autoformalisation failure
omnimath-618,0,True
omnimath-618,1,True
omnimath-618,2,True
omnimath-618,3,True
omnimath-619,0,Autoformalisation failure
omnimath-619,1,Autoformalisation failure
omnimath-619,2,Autoformalisation failure
omnimath-619,3,Autoformalisation failure
omnimath-619,4,Autoformalisation failure
omnimath-619,5,Autoformalisation failure
omnimath-619,6,False
omnimath-620,0,Autoformalisation failure
omnimath-620,1,True
omnimath-620,2,Autoformalisation failure
omnimath-620,3,Autoformalisation failure
omnimath-620,4,Autoformalisation failure
omnimath-620,5,True
omnimath-620,6,True
omnimath-620,7,True
omnimath-620,8,Autoformalisation failure
omnimath-621,0,Autoformalisation failure
omnimath-621,1,Autoformalisation failure
omnimath-621,2,True
omnimath-621,3,True
omnimath-621,4,False
omnimath-621,5,False
omnimath-621,6,True
omnimath-622,0,Autoformalisation failure
omnimath-622,1,Autoformalisation failure
omnimath-622,2,Autoformalisation failure
omnimath-622,3,Autoformalisation failure
omnimath-622,4,Autoformalisation failure
omnimath-622,5,True
omnimath-622,6,Autoformalisation failure
omnimath-623,0,Autoformalisation failure
omnimath-623,1,True
omnimath-623,2,Autoformalisation failure
omnimath-623,3,Autoformalisation failure
omnimath-623,4,Autoformalisation failure
omnimath-623,5,True
omnimath-623,6,Autoformalisation failure
omnimath-623,7,Autoformalisation failure
omnimath-624,0,Autoformalisation failure
omnimath-624,1,Autoformalisation failure
omnimath-624,2,True
omnimath-624,3,Prover failure
omnimath-624,4,True
omnimath-624,5,True
omnimath-624,6,True
omnimath-624,7,Autoformalisation failure
omnimath-624,8,Prover failure
omnimath-625,0,True
omnimath-625,1,Prover failure
omnimath-625,2,Autoformalisation failure
omnimath-625,3,Autoformalisation failure
omnimath-625,4,Autoformalisation failure
omnimath-625,5,Autoformalisation failure
omnimath-625,6,Autoformalisation failure
omnimath-625,7,Autoformalisation failure
omnimath-625,8,Autoformalisation failure
omnimath-626,0,Autoformalisation failure
omnimath-626,1,Autoformalisation failure
omnimath-626,2,Autoformalisation failure
omnimath-626,3,Autoformalisation failure
omnimath-626,4,Autoformalisation failure
omnimath-626,5,Autoformalisation failure
omnimath-626,6,Autoformalisation failure
omnimath-627,0,True
omnimath-627,1,Autoformalisation failure
omnimath-627,2,Autoformalisation failure
omnimath-627,3,True
omnimath-627,4,True
omnimath-627,5,Autoformalisation failure
omnimath-627,6,True
omnimath-627,7,True
omnimath-627,8,True
omnimath-627,9,Autoformalisation failure
omnimath-627,10,True
omnimath-627,11,Autoformalisation failure
omnimath-627,12,Autoformalisation failure
omnimath-627,13,Autoformalisation failure
omnimath-627,14,Autoformalisation failure
omnimath-627,15,Autoformalisation failure
omnimath-628,0,Autoformalisation failure
omnimath-628,1,Autoformalisation failure
omnimath-628,2,True
omnimath-628,3,Autoformalisation failure
omnimath-629,0,True
omnimath-629,1,Autoformalisation failure
omnimath-629,2,Autoformalisation failure
omnimath-629,3,Prover failure
omnimath-629,4,True
omnimath-629,5,True
omnimath-629,6,True
omnimath-629,7,True
omnimath-630,0,Autoformalisation failure
omnimath-630,1,Autoformalisation failure
omnimath-630,2,Autoformalisation failure
omnimath-630,3,True
omnimath-630,4,Autoformalisation failure
omnimath-630,5,Autoformalisation failure
omnimath-630,6,Autoformalisation failure
omnimath-631,0,Autoformalisation failure
omnimath-631,1,True
omnimath-631,2,True
omnimath-631,3,True
omnimath-631,4,True
omnimath-631,5,True
omnimath-631,6,True
omnimath-631,7,Autoformalisation failure
omnimath-631,8,Autoformalisation failure
omnimath-632,0,Autoformalisation failure
omnimath-632,1,Autoformalisation failure
omnimath-632,2,Autoformalisation failure
omnimath-632,3,Autoformalisation failure
omnimath-632,4,Autoformalisation failure
omnimath-632,5,Autoformalisation failure
omnimath-633,0,True
omnimath-633,1,True
omnimath-633,2,True
omnimath-633,3,Autoformalisation failure
omnimath-633,4,True
omnimath-633,5,True
omnimath-633,6,True
omnimath-633,7,Autoformalisation failure
omnimath-633,8,Autoformalisation failure
omnimath-633,9,Autoformalisation failure
omnimath-633,10,True
omnimath-633,11,True
omnimath-633,12,True
omnimath-634,0,Autoformalisation failure
omnimath-634,1,Autoformalisation failure
omnimath-634,2,Autoformalisation failure
omnimath-634,3,Autoformalisation failure
omnimath-634,4,Autoformalisation failure
omnimath-635,0,True
omnimath-635,1,Autoformalisation failure
omnimath-635,2,Autoformalisation failure
omnimath-635,3,True
omnimath-635,4,Autoformalisation failure
omnimath-635,5,Autoformalisation failure
omnimath-635,6,Autoformalisation failure
omnimath-636,0,True
omnimath-636,1,True
omnimath-636,2,True
omnimath-636,3,True
omnimath-637,0,Autoformalisation failure
omnimath-637,1,Autoformalisation failure
omnimath-637,2,Autoformalisation failure
omnimath-637,3,Autoformalisation failure
omnimath-637,4,Autoformalisation failure
omnimath-637,5,Autoformalisation failure
omnimath-637,6,Autoformalisation failure
omnimath-637,7,Autoformalisation failure
omnimath-637,8,True
omnimath-638,0,Autoformalisation failure
omnimath-638,1,Autoformalisation failure
omnimath-638,2,Autoformalisation failure
omnimath-638,3,Autoformalisation failure
omnimath-638,4,True
omnimath-638,5,False
omnimath-639,0,Autoformalisation failure
omnimath-639,1,Autoformalisation failure
omnimath-639,2,Autoformalisation failure
omnimath-639,3,Autoformalisation failure
omnimath-639,4,Autoformalisation failure
omnimath-639,5,Autoformalisation failure
omnimath-639,6,Autoformalisation failure
omnimath-639,7,Autoformalisation failure
omnimath-639,8,True
omnimath-639,9,Autoformalisation failure
omnimath-640,0,Autoformalisation failure
omnimath-640,1,Autoformalisation failure
omnimath-640,2,True
omnimath-640,3,Autoformalisation failure
omnimath-640,4,Autoformalisation failure
omnimath-641,0,Autoformalisation failure
omnimath-641,1,Autoformalisation failure
omnimath-641,2,Autoformalisation failure
omnimath-641,3,Autoformalisation failure
omnimath-641,4,Autoformalisation failure
omnimath-641,5,Autoformalisation failure
omnimath-641,6,Autoformalisation failure
omnimath-642,0,Autoformalisation failure
omnimath-642,1,Autoformalisation failure
omnimath-642,2,Autoformalisation failure
omnimath-642,3,Autoformalisation failure
omnimath-642,4,Prover failure
omnimath-642,5,Autoformalisation failure
omnimath-642,6,Autoformalisation failure
omnimath-643,0,Autoformalisation failure
omnimath-643,1,Autoformalisation failure
omnimath-643,2,Autoformalisation failure
omnimath-643,3,Autoformalisation failure
omnimath-643,4,Autoformalisation failure
omnimath-643,5,Autoformalisation failure
omnimath-644,0,Autoformalisation failure
omnimath-644,1,Autoformalisation failure
omnimath-644,2,Autoformalisation failure
omnimath-644,3,Autoformalisation failure
omnimath-644,4,Autoformalisation failure
omnimath-644,5,Autoformalisation failure
omnimath-644,6,Autoformalisation failure
omnimath-644,7,Autoformalisation failure
omnimath-644,8,Autoformalisation failure
omnimath-644,9,Autoformalisation failure
omnimath-644,10,Autoformalisation failure
omnimath-644,11,Autoformalisation failure
omnimath-645,0,Autoformalisation failure
omnimath-645,1,Autoformalisation failure
omnimath-645,2,Autoformalisation failure
omnimath-645,3,Autoformalisation failure
omnimath-645,4,Autoformalisation failure
omnimath-645,5,Autoformalisation failure
omnimath-645,6,Autoformalisation failure
omnimath-645,7,Autoformalisation failure
omnimath-645,8,Autoformalisation failure
omnimath-645,9,Autoformalisation failure
omnimath-645,10,Autoformalisation failure
omnimath-646,0,Autoformalisation failure
omnimath-646,1,Autoformalisation failure
omnimath-646,2,Autoformalisation failure
omnimath-646,3,Autoformalisation failure
omnimath-646,4,Autoformalisation failure
omnimath-646,5,Autoformalisation failure
omnimath-646,6,Autoformalisation failure
omnimath-646,7,Autoformalisation failure
omnimath-647,0,Autoformalisation failure
omnimath-647,1,Autoformalisation failure
omnimath-647,2,Autoformalisation failure
omnimath-647,3,Autoformalisation failure
omnimath-647,4,Autoformalisation failure
omnimath-647,5,Autoformalisation failure
omnimath-648,0,False
omnimath-648,1,True
omnimath-648,2,False
omnimath-648,3,Autoformalisation failure
omnimath-648,4,True
omnimath-648,5,True
omnimath-648,6,Autoformalisation failure
omnimath-649,0,Autoformalisation failure
omnimath-649,1,Autoformalisation failure
omnimath-649,2,Autoformalisation failure
omnimath-649,3,Autoformalisation failure
omnimath-649,4,Autoformalisation failure
omnimath-649,5,True
omnimath-649,6,True
omnimath-649,7,True
omnimath-649,8,True
omnimath-649,9,True
omnimath-649,10,Autoformalisation failure
omnimath-650,0,Autoformalisation failure
omnimath-650,1,Autoformalisation failure
omnimath-650,2,Autoformalisation failure
omnimath-650,3,Autoformalisation failure
omnimath-650,4,Autoformalisation failure
omnimath-650,5,Autoformalisation failure
omnimath-650,6,Autoformalisation failure
omnimath-650,7,Autoformalisation failure
omnimath-650,8,Autoformalisation failure
omnimath-650,9,Autoformalisation failure
omnimath-650,10,Autoformalisation failure
omnimath-650,11,Autoformalisation failure
omnimath-651,0,True
omnimath-651,1,Autoformalisation failure
omnimath-651,2,Autoformalisation failure
omnimath-651,3,True
omnimath-651,4,True
omnimath-651,5,True
omnimath-651,6,True
omnimath-651,7,True
omnimath-651,8,True
omnimath-652,0,True
omnimath-652,1,True
omnimath-652,2,True
omnimath-652,3,True
omnimath-652,4,True
omnimath-652,5,True
omnimath-652,6,True
omnimath-652,7,True
omnimath-652,8,True
omnimath-652,9,Autoformalisation failure
omnimath-653,0,True
omnimath-653,1,Autoformalisation failure
omnimath-653,2,Autoformalisation failure
omnimath-653,3,Autoformalisation failure
omnimath-653,4,Autoformalisation failure
omnimath-653,5,Autoformalisation failure
omnimath-653,6,True
omnimath-653,7,Autoformalisation failure
omnimath-653,8,True
omnimath-653,9,Autoformalisation failure
omnimath-654,0,Autoformalisation failure
omnimath-654,1,Autoformalisation failure
omnimath-654,2,Autoformalisation failure
omnimath-654,3,Autoformalisation failure
omnimath-654,4,Autoformalisation failure
omnimath-654,5,Autoformalisation failure
omnimath-655,0,Autoformalisation failure
omnimath-655,1,Autoformalisation failure
omnimath-655,2,Autoformalisation failure
omnimath-655,3,Autoformalisation failure
omnimath-655,4,Autoformalisation failure
omnimath-655,5,Autoformalisation failure
omnimath-655,6,Autoformalisation failure
omnimath-655,7,Autoformalisation failure
omnimath-655,8,Autoformalisation failure
omnimath-656,0,True
omnimath-656,1,True
omnimath-656,2,Autoformalisation failure
omnimath-656,3,Autoformalisation failure
omnimath-656,4,Autoformalisation failure
omnimath-656,5,True
omnimath-656,6,True
omnimath-656,7,True
omnimath-656,8,True
omnimath-656,9,True
omnimath-657,0,Autoformalisation failure
omnimath-657,1,Autoformalisation failure
omnimath-657,2,Autoformalisation failure
omnimath-657,3,Prover failure
omnimath-657,4,Autoformalisation failure
omnimath-657,5,Autoformalisation failure
omnimath-657,6,Autoformalisation failure
omnimath-657,7,Autoformalisation failure
omnimath-657,8,Autoformalisation failure
omnimath-657,9,Autoformalisation failure
omnimath-658,0,Autoformalisation failure
omnimath-658,1,Autoformalisation failure
omnimath-658,2,Autoformalisation failure
omnimath-658,3,Autoformalisation failure
omnimath-658,4,Autoformalisation failure
omnimath-658,5,Autoformalisation failure
omnimath-658,6,Autoformalisation failure
omnimath-658,7,Autoformalisation failure
omnimath-658,8,Prover failure
omnimath-658,9,Prover failure
omnimath-658,10,Autoformalisation failure
omnimath-658,11,Autoformalisation failure
omnimath-659,0,Autoformalisation failure
omnimath-659,1,True
omnimath-659,2,True
omnimath-659,3,True
omnimath-660,0,Autoformalisation failure
omnimath-660,1,Autoformalisation failure
omnimath-660,2,Autoformalisation failure
omnimath-660,3,Autoformalisation failure
omnimath-660,4,Autoformalisation failure
omnimath-660,5,Autoformalisation failure
omnimath-660,6,Autoformalisation failure
omnimath-660,7,Autoformalisation failure
omnimath-661,0,Autoformalisation failure
omnimath-661,1,Autoformalisation failure
omnimath-661,2,Autoformalisation failure
omnimath-661,3,Autoformalisation failure
omnimath-661,4,Autoformalisation failure
omnimath-662,0,Prover failure
omnimath-662,1,True
omnimath-662,2,True
omnimath-662,3,True
omnimath-662,4,True
omnimath-662,5,True
omnimath-662,6,True
omnimath-662,7,True
omnimath-663,0,Autoformalisation failure
omnimath-663,1,Autoformalisation failure
omnimath-663,2,Autoformalisation failure
omnimath-663,3,Autoformalisation failure
omnimath-663,4,Autoformalisation failure
omnimath-663,5,Autoformalisation failure
omnimath-663,6,Autoformalisation failure
omnimath-663,7,Autoformalisation failure
omnimath-663,8,Autoformalisation failure
omnimath-664,0,Autoformalisation failure
omnimath-664,1,Autoformalisation failure
omnimath-664,2,True
omnimath-664,3,Autoformalisation failure
omnimath-664,4,Autoformalisation failure
omnimath-664,5,Autoformalisation failure
omnimath-664,6,Autoformalisation failure
omnimath-665,0,Autoformalisation failure
omnimath-665,1,Autoformalisation failure
omnimath-665,2,Autoformalisation failure
omnimath-665,3,Autoformalisation failure
omnimath-665,4,Autoformalisation failure
omnimath-666,0,True
omnimath-666,1,True
omnimath-666,2,True
omnimath-666,3,True
omnimath-667,0,True
omnimath-667,1,True
omnimath-667,2,Autoformalisation failure
omnimath-667,3,Autoformalisation failure
omnimath-667,4,True
omnimath-667,5,True
omnimath-668,0,Autoformalisation failure
omnimath-668,1,Autoformalisation failure
omnimath-668,2,Autoformalisation failure
omnimath-668,3,Autoformalisation failure
omnimath-668,4,Autoformalisation failure
omnimath-668,5,Autoformalisation failure
omnimath-668,6,Autoformalisation failure
omnimath-669,0,Autoformalisation failure
omnimath-669,1,Autoformalisation failure
omnimath-669,2,Autoformalisation failure
omnimath-670,0,Autoformalisation failure
omnimath-670,1,Autoformalisation failure
omnimath-670,2,True
omnimath-670,3,True
omnimath-670,4,Autoformalisation failure
omnimath-670,5,True
omnimath-670,6,Autoformalisation failure
omnimath-671,0,Autoformalisation failure
omnimath-671,1,Autoformalisation failure
omnimath-671,2,True
omnimath-672,0,Autoformalisation failure
omnimath-672,1,Autoformalisation failure
omnimath-672,2,Autoformalisation failure
omnimath-672,3,Autoformalisation failure
omnimath-672,4,Autoformalisation failure
omnimath-672,5,Autoformalisation failure
omnimath-672,6,Autoformalisation failure
omnimath-672,7,Autoformalisation failure
omnimath-672,8,Autoformalisation failure
omnimath-672,9,Autoformalisation failure
omnimath-672,10,Autoformalisation failure
omnimath-673,0,Autoformalisation failure
omnimath-673,1,Autoformalisation failure
omnimath-673,2,Autoformalisation failure
omnimath-673,3,Autoformalisation failure
omnimath-673,4,Autoformalisation failure
omnimath-673,5,Autoformalisation failure
omnimath-674,0,True
omnimath-674,1,Autoformalisation failure
omnimath-674,2,Autoformalisation failure
omnimath-674,3,True
omnimath-674,4,True
omnimath-674,5,True
omnimath-674,6,True
omnimath-675,0,Autoformalisation failure
omnimath-675,1,Autoformalisation failure
omnimath-675,2,True
omnimath-675,3,Autoformalisation failure
omnimath-676,0,True
omnimath-676,1,True
omnimath-676,2,True
omnimath-676,3,True
omnimath-676,4,True
omnimath-676,5,True
omnimath-676,6,True
omnimath-676,7,True
omnimath-677,0,Autoformalisation failure
omnimath-677,1,Autoformalisation failure
omnimath-677,2,Autoformalisation failure
omnimath-677,3,Autoformalisation failure
omnimath-677,4,True
omnimath-678,0,Autoformalisation failure
omnimath-678,1,Autoformalisation failure
omnimath-678,2,Autoformalisation failure
omnimath-678,3,Autoformalisation failure
omnimath-678,4,Autoformalisation failure
omnimath-678,5,Autoformalisation failure
omnimath-678,6,Autoformalisation failure
omnimath-679,0,Autoformalisation failure
omnimath-679,1,Autoformalisation failure
omnimath-679,2,Autoformalisation failure
omnimath-679,3,Autoformalisation failure
omnimath-679,4,Autoformalisation failure
omnimath-679,5,Autoformalisation failure
omnimath-679,6,Autoformalisation failure
omnimath-680,0,Autoformalisation failure
omnimath-680,1,Autoformalisation failure
omnimath-680,2,Autoformalisation failure
omnimath-680,3,Autoformalisation failure
omnimath-680,4,Autoformalisation failure
omnimath-680,5,Autoformalisation failure
omnimath-680,6,Autoformalisation failure
omnimath-680,7,Autoformalisation failure
omnimath-680,8,Autoformalisation failure
omnimath-680,9,Prover failure
omnimath-680,10,Autoformalisation failure
omnimath-681,0,Autoformalisation failure
omnimath-681,1,Autoformalisation failure
omnimath-681,2,Autoformalisation failure
omnimath-681,3,Autoformalisation failure
omnimath-681,4,Autoformalisation failure
omnimath-681,5,True
omnimath-681,6,Prover failure
omnimath-681,7,True
omnimath-681,8,Autoformalisation failure
omnimath-681,9,Autoformalisation failure
omnimath-682,0,Autoformalisation failure
omnimath-682,1,Autoformalisation failure
omnimath-682,2,Autoformalisation failure
omnimath-682,3,Autoformalisation failure
omnimath-682,4,Autoformalisation failure
omnimath-682,5,Autoformalisation failure
omnimath-683,0,Autoformalisation failure
omnimath-683,1,Autoformalisation failure
omnimath-683,2,Autoformalisation failure
omnimath-683,3,Autoformalisation failure
omnimath-683,4,Autoformalisation failure
omnimath-683,5,Autoformalisation failure
omnimath-683,6,Autoformalisation failure
omnimath-683,7,Autoformalisation failure
omnimath-683,8,Autoformalisation failure
omnimath-683,9,Autoformalisation failure
omnimath-683,10,Autoformalisation failure
omnimath-683,11,Autoformalisation failure
omnimath-683,12,Autoformalisation failure
omnimath-683,13,Prover failure
omnimath-683,14,Prover failure
omnimath-683,15,True
omnimath-683,16,Prover failure
omnimath-683,17,Autoformalisation failure
omnimath-684,0,Autoformalisation failure
omnimath-684,1,Autoformalisation failure
omnimath-684,2,Autoformalisation failure
omnimath-684,3,Autoformalisation failure
omnimath-684,4,Autoformalisation failure
omnimath-684,5,Autoformalisation failure
omnimath-684,6,Autoformalisation failure
omnimath-684,7,Autoformalisation failure
omnimath-684,8,Autoformalisation failure
omnimath-684,9,Autoformalisation failure
omnimath-685,0,Autoformalisation failure
omnimath-685,1,Autoformalisation failure
omnimath-685,2,Autoformalisation failure
omnimath-685,3,Autoformalisation failure
omnimath-685,4,Autoformalisation failure
omnimath-685,5,Autoformalisation failure
omnimath-685,6,Autoformalisation failure
omnimath-685,7,Autoformalisation failure
omnimath-685,8,Autoformalisation failure
omnimath-686,0,Autoformalisation failure
omnimath-686,1,Autoformalisation failure
omnimath-686,2,True
omnimath-686,3,Autoformalisation failure
omnimath-686,4,Autoformalisation failure
omnimath-686,5,Autoformalisation failure
omnimath-687,0,Autoformalisation failure
omnimath-687,1,False
omnimath-687,2,True
omnimath-687,3,Prover failure
omnimath-688,0,Autoformalisation failure
omnimath-688,1,Autoformalisation failure
omnimath-688,2,Autoformalisation failure
omnimath-688,3,Autoformalisation failure
omnimath-689,0,True
omnimath-689,1,True
omnimath-689,2,True
omnimath-690,0,Autoformalisation failure
omnimath-690,1,Autoformalisation failure
omnimath-690,2,Autoformalisation failure
omnimath-690,3,Autoformalisation failure
omnimath-690,4,Autoformalisation failure
omnimath-690,5,Autoformalisation failure
omnimath-690,6,Autoformalisation failure
omnimath-691,0,Autoformalisation failure
omnimath-691,1,True
omnimath-691,2,Autoformalisation failure
omnimath-691,3,Autoformalisation failure
omnimath-691,4,Autoformalisation failure
omnimath-692,0,True
omnimath-692,1,True
omnimath-692,2,True
omnimath-692,3,True
omnimath-692,4,True
omnimath-692,5,True
omnimath-693,0,Autoformalisation failure
omnimath-693,1,Autoformalisation failure
omnimath-693,2,Autoformalisation failure
omnimath-693,3,Autoformalisation failure
omnimath-693,4,Autoformalisation failure
omnimath-693,5,Autoformalisation failure
omnimath-693,6,Autoformalisation failure
omnimath-693,7,Autoformalisation failure
omnimath-693,8,Autoformalisation failure
omnimath-693,9,Autoformalisation failure
omnimath-693,10,Autoformalisation failure
omnimath-693,11,Autoformalisation failure
omnimath-694,0,Autoformalisation failure
omnimath-694,1,Autoformalisation failure
omnimath-694,2,Autoformalisation failure
omnimath-694,3,True
omnimath-694,4,Autoformalisation failure
omnimath-694,5,False
omnimath-694,6,True
omnimath-694,7,True
omnimath-694,8,Prover failure
omnimath-695,0,True
omnimath-695,1,True
omnimath-695,2,True
omnimath-695,3,True
omnimath-695,4,True
omnimath-695,5,Prover failure
omnimath-696,0,True
omnimath-696,1,True
omnimath-696,2,True
omnimath-696,3,True
omnimath-696,4,True
omnimath-696,5,Autoformalisation failure
omnimath-697,0,Autoformalisation failure
omnimath-697,1,Autoformalisation failure
omnimath-697,2,Autoformalisation failure
omnimath-697,3,Autoformalisation failure
omnimath-697,4,Autoformalisation failure
omnimath-697,5,True
omnimath-697,6,True
omnimath-697,7,True
omnimath-698,0,Autoformalisation failure
omnimath-698,1,Autoformalisation failure
omnimath-698,2,Autoformalisation failure
omnimath-698,3,Autoformalisation failure
omnimath-698,4,Autoformalisation failure
omnimath-699,0,Autoformalisation failure
omnimath-699,1,Autoformalisation failure
omnimath-699,2,Autoformalisation failure
omnimath-699,3,True
omnimath-699,4,True
omnimath-699,5,Autoformalisation failure
omnimath-700,0,Autoformalisation failure
omnimath-700,1,Autoformalisation failure
omnimath-700,2,Autoformalisation failure
omnimath-700,3,Autoformalisation failure
omnimath-700,4,True
omnimath-700,5,True
omnimath-700,6,True
omnimath-700,7,Autoformalisation failure
omnimath-701,0,True
omnimath-701,1,Autoformalisation failure
omnimath-701,2,True
omnimath-701,3,Autoformalisation failure
omnimath-702,0,Autoformalisation failure
omnimath-702,1,Autoformalisation failure
omnimath-702,2,Autoformalisation failure
omnimath-702,3,Autoformalisation failure
omnimath-702,4,Autoformalisation failure
omnimath-702,5,Autoformalisation failure
omnimath-702,6,Autoformalisation failure
omnimath-702,7,True
omnimath-702,8,Autoformalisation failure
omnimath-702,9,Autoformalisation failure
omnimath-702,10,Autoformalisation failure
omnimath-703,0,True
omnimath-703,1,Autoformalisation failure
omnimath-703,2,False
omnimath-703,3,True
omnimath-703,4,True
omnimath-703,5,True
omnimath-703,6,Autoformalisation failure
omnimath-703,7,True
omnimath-703,8,True
omnimath-703,9,Autoformalisation failure
omnimath-703,10,Autoformalisation failure
omnimath-703,11,Autoformalisation failure
omnimath-704,0,Autoformalisation failure
omnimath-704,1,Autoformalisation failure
omnimath-704,2,Autoformalisation failure
omnimath-704,3,False
omnimath-704,4,True
omnimath-704,5,True
omnimath-705,0,True
omnimath-705,1,True
omnimath-705,2,True
omnimath-705,3,True
omnimath-706,0,Autoformalisation failure
omnimath-706,1,Autoformalisation failure
omnimath-706,2,Autoformalisation failure
omnimath-706,3,False
omnimath-706,4,False
omnimath-706,5,Autoformalisation failure
omnimath-706,6,Autoformalisation failure
omnimath-706,7,Autoformalisation failure
omnimath-706,8,False
omnimath-706,9,Autoformalisation failure
omnimath-707,0,Autoformalisation failure
omnimath-707,1,Autoformalisation failure
omnimath-707,2,Autoformalisation failure
omnimath-707,3,Autoformalisation failure
omnimath-707,4,Autoformalisation failure
omnimath-708,0,Autoformalisation failure
omnimath-708,1,Autoformalisation failure
omnimath-708,2,Autoformalisation failure
omnimath-708,3,Autoformalisation failure
omnimath-708,4,Autoformalisation failure
omnimath-708,5,True
omnimath-708,6,True
omnimath-708,7,True
omnimath-709,0,Autoformalisation failure
omnimath-709,1,Autoformalisation failure
omnimath-709,2,Autoformalisation failure
omnimath-709,3,Autoformalisation failure
omnimath-710,0,Autoformalisation failure
omnimath-710,1,Autoformalisation failure
omnimath-710,2,Autoformalisation failure
omnimath-710,3,Autoformalisation failure
omnimath-710,4,Autoformalisation failure
omnimath-710,5,Autoformalisation failure
omnimath-710,6,Autoformalisation failure
omnimath-711,0,Autoformalisation failure
omnimath-711,1,Autoformalisation failure
omnimath-711,2,Autoformalisation failure
omnimath-711,3,Autoformalisation failure
omnimath-711,4,Autoformalisation failure
omnimath-711,5,True
omnimath-712,0,Autoformalisation failure
omnimath-712,1,Autoformalisation failure
omnimath-712,2,Autoformalisation failure
omnimath-712,3,Autoformalisation failure
omnimath-712,4,Autoformalisation failure
omnimath-713,0,True
omnimath-713,1,Autoformalisation failure
omnimath-714,0,Autoformalisation failure
omnimath-714,1,True
omnimath-714,2,Autoformalisation failure
omnimath-714,3,Autoformalisation failure
omnimath-714,4,Autoformalisation failure
omnimath-714,5,Autoformalisation failure
omnimath-715,0,Autoformalisation failure
omnimath-715,1,False
omnimath-715,2,Autoformalisation failure
omnimath-715,3,Autoformalisation failure
omnimath-715,4,Autoformalisation failure
omnimath-715,5,Prover failure
omnimath-715,6,Prover failure
omnimath-715,7,Prover failure
omnimath-716,0,Autoformalisation failure
omnimath-716,1,Autoformalisation failure
omnimath-716,2,Autoformalisation failure
omnimath-716,3,Autoformalisation failure
omnimath-717,0,Autoformalisation failure
omnimath-717,1,Autoformalisation failure
omnimath-717,2,Autoformalisation failure
omnimath-717,3,Autoformalisation failure
omnimath-717,4,Autoformalisation failure
omnimath-717,5,Autoformalisation failure
omnimath-717,6,Autoformalisation failure
omnimath-717,7,Autoformalisation failure
omnimath-717,8,Autoformalisation failure
omnimath-717,9,Autoformalisation failure
omnimath-717,10,Autoformalisation failure
omnimath-717,11,Autoformalisation failure
omnimath-718,0,True
omnimath-718,1,True
omnimath-718,2,True
omnimath-719,0,Autoformalisation failure
omnimath-719,1,True
omnimath-719,2,True
omnimath-719,3,True
omnimath-719,4,True
omnimath-719,5,True
omnimath-719,6,True
omnimath-719,7,Autoformalisation failure
omnimath-719,8,True
omnimath-720,0,Autoformalisation failure
omnimath-720,1,True
omnimath-720,2,True
omnimath-720,3,Autoformalisation failure
omnimath-721,0,True
omnimath-721,1,True
omnimath-721,2,True
omnimath-721,3,True
omnimath-721,4,True
omnimath-721,5,True
omnimath-721,6,Autoformalisation failure
omnimath-721,7,Autoformalisation failure
omnimath-721,8,Autoformalisation failure
omnimath-721,9,Autoformalisation failure
omnimath-721,10,Autoformalisation failure
omnimath-722,0,Autoformalisation failure
omnimath-722,1,Autoformalisation failure
omnimath-722,2,Autoformalisation failure
omnimath-722,3,Autoformalisation failure
omnimath-722,4,Autoformalisation failure
omnimath-722,5,Autoformalisation failure
omnimath-722,6,Autoformalisation failure
omnimath-722,7,False
omnimath-722,8,Autoformalisation failure
omnimath-723,0,False
omnimath-723,1,True
omnimath-723,2,Autoformalisation failure
omnimath-723,3,False
omnimath-723,4,Autoformalisation failure
omnimath-723,5,True
omnimath-724,0,True
omnimath-724,1,True
omnimath-724,2,True
omnimath-724,3,Autoformalisation failure
omnimath-725,0,Autoformalisation failure
omnimath-725,1,Autoformalisation failure
omnimath-725,2,Autoformalisation failure
omnimath-725,3,Autoformalisation failure
omnimath-725,4,Autoformalisation failure
omnimath-725,5,Autoformalisation failure
omnimath-725,6,Autoformalisation failure
omnimath-725,7,Autoformalisation failure
omnimath-725,8,Autoformalisation failure
omnimath-725,9,Autoformalisation failure
omnimath-725,10,Autoformalisation failure
omnimath-725,11,Autoformalisation failure
omnimath-726,0,Autoformalisation failure
omnimath-726,1,Autoformalisation failure
omnimath-726,2,Autoformalisation failure
omnimath-726,3,Autoformalisation failure
omnimath-726,4,Autoformalisation failure
omnimath-726,5,True
omnimath-726,6,Autoformalisation failure
omnimath-726,7,Autoformalisation failure
omnimath-726,8,Autoformalisation failure
omnimath-727,0,Autoformalisation failure
omnimath-727,1,True
omnimath-727,2,Autoformalisation failure
omnimath-727,3,True
omnimath-727,4,True
omnimath-727,5,Autoformalisation failure
omnimath-727,6,Prover failure
omnimath-727,7,Autoformalisation failure
omnimath-727,8,Autoformalisation failure
omnimath-728,0,Autoformalisation failure
omnimath-728,1,Autoformalisation failure
omnimath-728,2,Autoformalisation failure
omnimath-728,3,Autoformalisation failure
omnimath-728,4,Autoformalisation failure
omnimath-728,5,True
omnimath-728,6,Prover failure
omnimath-729,0,Autoformalisation failure
omnimath-729,1,Autoformalisation failure
omnimath-729,2,Autoformalisation failure
omnimath-729,3,Autoformalisation failure
omnimath-729,4,Autoformalisation failure
omnimath-730,0,Autoformalisation failure
omnimath-730,1,Prover failure
omnimath-730,2,Autoformalisation failure
omnimath-730,3,Prover failure
omnimath-731,0,Autoformalisation failure
omnimath-731,1,Autoformalisation failure
omnimath-731,2,True
omnimath-731,3,Autoformalisation failure
omnimath-732,0,Autoformalisation failure
omnimath-732,1,Autoformalisation failure
omnimath-732,2,Autoformalisation failure
omnimath-732,3,False
omnimath-732,4,Autoformalisation failure
omnimath-733,0,Autoformalisation failure
omnimath-733,1,Autoformalisation failure
omnimath-733,2,Autoformalisation failure
omnimath-733,3,Autoformalisation failure
omnimath-733,4,Autoformalisation failure
omnimath-733,5,Autoformalisation failure
omnimath-734,0,Autoformalisation failure
omnimath-734,1,True
omnimath-734,2,True
omnimath-734,3,True
omnimath-734,4,True
omnimath-734,5,Autoformalisation failure
omnimath-734,6,True
omnimath-734,7,True
omnimath-734,8,True
omnimath-735,0,True
omnimath-735,1,True
omnimath-735,2,True
omnimath-735,3,True
omnimath-735,4,True
omnimath-736,0,Autoformalisation failure
omnimath-736,1,Autoformalisation failure
omnimath-736,2,Autoformalisation failure
omnimath-736,3,Autoformalisation failure
omnimath-736,4,True
omnimath-736,5,Autoformalisation failure
omnimath-736,6,Autoformalisation failure
omnimath-737,0,Autoformalisation failure
omnimath-737,1,Autoformalisation failure
omnimath-737,2,True
omnimath-737,3,True
omnimath-737,4,True
omnimath-737,5,True
omnimath-737,6,True
omnimath-738,0,Autoformalisation failure
omnimath-738,1,Autoformalisation failure
omnimath-738,2,Autoformalisation failure
omnimath-738,3,Autoformalisation failure
omnimath-738,4,Autoformalisation failure
omnimath-739,0,True
omnimath-739,1,False
omnimath-739,2,True
omnimath-739,3,True
omnimath-739,4,True
omnimath-739,5,True
omnimath-740,0,Autoformalisation failure
omnimath-740,1,True
omnimath-740,2,True
omnimath-740,3,True
omnimath-740,4,True
omnimath-740,5,True
omnimath-741,0,Autoformalisation failure
omnimath-741,1,Autoformalisation failure
omnimath-741,2,Autoformalisation failure
omnimath-741,3,True
omnimath-742,0,True
omnimath-742,1,True
omnimath-742,2,True
omnimath-742,3,True
omnimath-742,4,True
omnimath-742,5,Autoformalisation failure
omnimath-743,0,True
omnimath-743,1,Autoformalisation failure
omnimath-743,2,Autoformalisation failure
omnimath-743,3,Autoformalisation failure
omnimath-743,4,Autoformalisation failure
omnimath-743,5,Autoformalisation failure
omnimath-743,6,Autoformalisation failure
omnimath-743,7,Autoformalisation failure
omnimath-743,8,Autoformalisation failure
omnimath-743,9,Autoformalisation failure
omnimath-743,10,True
omnimath-743,11,Autoformalisation failure
omnimath-744,0,Autoformalisation failure
omnimath-744,1,Autoformalisation failure
omnimath-744,2,Autoformalisation failure
omnimath-744,3,Autoformalisation failure
omnimath-744,4,Autoformalisation failure
omnimath-744,5,Autoformalisation failure
omnimath-745,0,Autoformalisation failure
omnimath-745,1,Autoformalisation failure
omnimath-745,2,Autoformalisation failure
omnimath-745,3,Autoformalisation failure
omnimath-745,4,Autoformalisation failure
omnimath-745,5,Autoformalisation failure
omnimath-745,6,Autoformalisation failure
omnimath-745,7,Autoformalisation failure
omnimath-745,8,Autoformalisation failure
omnimath-745,9,Autoformalisation failure
omnimath-745,10,Autoformalisation failure
omnimath-745,11,Autoformalisation failure
omnimath-745,12,Autoformalisation failure
omnimath-745,13,Autoformalisation failure
omnimath-745,14,Autoformalisation failure
omnimath-745,15,Autoformalisation failure
omnimath-745,16,Autoformalisation failure
omnimath-745,17,Autoformalisation failure
omnimath-745,18,Autoformalisation failure
omnimath-745,19,Autoformalisation failure
omnimath-745,20,Autoformalisation failure
omnimath-745,21,Autoformalisation failure
omnimath-745,22,True
omnimath-745,23,Autoformalisation failure
omnimath-745,24,Autoformalisation failure
omnimath-745,25,Autoformalisation failure
omnimath-745,26,Autoformalisation failure
omnimath-745,27,Autoformalisation failure
omnimath-745,28,Autoformalisation failure
omnimath-745,29,Autoformalisation failure
omnimath-745,30,Autoformalisation failure
omnimath-745,31,Autoformalisation failure
omnimath-746,0,Autoformalisation failure
omnimath-746,1,Autoformalisation failure
omnimath-746,2,Autoformalisation failure
omnimath-746,3,True
omnimath-746,4,True
omnimath-746,5,Autoformalisation failure
omnimath-747,0,Autoformalisation failure
omnimath-747,1,Autoformalisation failure
omnimath-747,2,True
omnimath-747,3,True
omnimath-747,4,True
omnimath-747,5,True
omnimath-747,6,True
omnimath-747,7,Autoformalisation failure
omnimath-748,0,Autoformalisation failure
omnimath-748,1,Autoformalisation failure
omnimath-748,2,True
omnimath-748,3,True
omnimath-749,0,Autoformalisation failure
omnimath-749,1,True
omnimath-749,2,True
omnimath-749,3,True
omnimath-749,4,True
omnimath-749,5,True
omnimath-749,6,Autoformalisation failure
omnimath-750,0,Autoformalisation failure
omnimath-750,1,Autoformalisation failure
omnimath-750,2,Autoformalisation failure
omnimath-750,3,Autoformalisation failure
omnimath-750,4,Autoformalisation failure
omnimath-750,5,Autoformalisation failure
omnimath-751,0,True
omnimath-751,1,Autoformalisation failure
omnimath-751,2,Autoformalisation failure
omnimath-751,3,Autoformalisation failure
omnimath-751,4,True
omnimath-752,0,Autoformalisation failure
omnimath-752,1,Autoformalisation failure
omnimath-752,2,Autoformalisation failure
omnimath-752,3,Autoformalisation failure
omnimath-752,4,True
omnimath-752,5,Prover failure
omnimath-753,0,True
omnimath-753,1,True
omnimath-753,2,True
omnimath-753,3,True
omnimath-753,4,Autoformalisation failure
omnimath-753,5,Autoformalisation failure
omnimath-753,6,False
omnimath-754,0,True
omnimath-754,1,False
omnimath-754,2,Autoformalisation failure
omnimath-754,3,True
omnimath-754,4,True
omnimath-754,5,Autoformalisation failure
omnimath-754,6,Autoformalisation failure
omnimath-755,0,Autoformalisation failure
omnimath-755,1,Autoformalisation failure
omnimath-755,2,Autoformalisation failure
omnimath-755,3,Autoformalisation failure
omnimath-755,4,Autoformalisation failure
omnimath-755,5,Autoformalisation failure
omnimath-756,0,True
omnimath-756,1,True
omnimath-756,2,True
omnimath-756,3,True
omnimath-756,4,True
omnimath-756,5,Autoformalisation failure
omnimath-756,6,Prover failure
omnimath-756,7,True
omnimath-757,0,Autoformalisation failure
omnimath-757,1,Autoformalisation failure
omnimath-757,2,Autoformalisation failure
omnimath-757,3,Autoformalisation failure
omnimath-757,4,Autoformalisation failure
omnimath-757,5,Autoformalisation failure
omnimath-757,6,Autoformalisation failure
omnimath-758,0,Autoformalisation failure
omnimath-758,1,Autoformalisation failure
omnimath-758,2,Autoformalisation failure
omnimath-758,3,Autoformalisation failure
omnimath-758,4,Autoformalisation failure
omnimath-758,5,Autoformalisation failure
omnimath-758,6,Autoformalisation failure
omnimath-758,7,Autoformalisation failure
omnimath-758,8,Autoformalisation failure
omnimath-758,9,Autoformalisation failure
omnimath-758,10,Autoformalisation failure
omnimath-759,0,Autoformalisation failure
omnimath-759,1,Autoformalisation failure
omnimath-759,2,Autoformalisation failure
omnimath-759,3,Autoformalisation failure
omnimath-759,4,Autoformalisation failure
omnimath-759,5,Autoformalisation failure
omnimath-759,6,Autoformalisation failure
omnimath-759,7,Autoformalisation failure
omnimath-759,8,Autoformalisation failure
omnimath-760,0,Autoformalisation failure
omnimath-760,1,Autoformalisation failure
omnimath-760,2,Autoformalisation failure
omnimath-760,3,Autoformalisation failure
omnimath-760,4,Autoformalisation failure
omnimath-760,5,Autoformalisation failure
omnimath-760,6,Autoformalisation failure
omnimath-760,7,Autoformalisation failure
omnimath-761,0,Autoformalisation failure
omnimath-761,1,True
omnimath-761,2,True
omnimath-761,3,Autoformalisation failure
omnimath-761,4,Autoformalisation failure
omnimath-761,5,Autoformalisation failure
omnimath-762,0,Autoformalisation failure
omnimath-762,1,Autoformalisation failure
omnimath-762,2,Autoformalisation failure
omnimath-762,3,False
omnimath-762,4,Autoformalisation failure
omnimath-763,0,Autoformalisation failure
omnimath-763,1,Autoformalisation failure
omnimath-763,2,Autoformalisation failure
omnimath-763,3,Autoformalisation failure
omnimath-763,4,Autoformalisation failure
omnimath-763,5,Autoformalisation failure
omnimath-763,6,Autoformalisation failure
omnimath-763,7,Autoformalisation failure
omnimath-763,8,Autoformalisation failure
omnimath-763,9,Autoformalisation failure
omnimath-764,0,Autoformalisation failure
omnimath-764,1,Autoformalisation failure
omnimath-764,2,Autoformalisation failure
omnimath-764,3,Autoformalisation failure
omnimath-765,0,Autoformalisation failure
omnimath-765,1,Autoformalisation failure
omnimath-765,2,Autoformalisation failure
omnimath-765,3,Autoformalisation failure
omnimath-765,4,Autoformalisation failure
omnimath-765,5,Autoformalisation failure
omnimath-765,6,Autoformalisation failure
omnimath-765,7,Autoformalisation failure
omnimath-765,8,Autoformalisation failure
omnimath-765,9,Autoformalisation failure
omnimath-766,0,True
omnimath-766,1,Autoformalisation failure
omnimath-766,2,Prover failure
omnimath-766,3,True
omnimath-766,4,Autoformalisation failure
omnimath-766,5,Autoformalisation failure
omnimath-766,6,Autoformalisation failure
omnimath-766,7,True
omnimath-767,0,Autoformalisation failure
omnimath-767,1,True
omnimath-767,2,Prover failure
omnimath-767,3,True
omnimath-767,4,False
omnimath-767,5,False
omnimath-767,6,True
omnimath-768,0,Autoformalisation failure
omnimath-768,1,Autoformalisation failure
omnimath-768,2,Autoformalisation failure
omnimath-768,3,Autoformalisation failure
omnimath-768,4,True
omnimath-768,5,Autoformalisation failure
omnimath-768,6,Autoformalisation failure
omnimath-769,0,True
omnimath-769,1,True
omnimath-769,2,Autoformalisation failure
omnimath-769,3,Autoformalisation failure
omnimath-769,4,False
omnimath-770,0,Autoformalisation failure
omnimath-770,1,True
omnimath-770,2,Autoformalisation failure
omnimath-770,3,Autoformalisation failure
omnimath-770,4,Autoformalisation failure
omnimath-770,5,Autoformalisation failure
omnimath-771,0,Autoformalisation failure
omnimath-771,1,Autoformalisation failure
omnimath-771,2,True
omnimath-771,3,True
omnimath-771,4,True
omnimath-771,5,True
omnimath-771,6,True
omnimath-771,7,True
omnimath-771,8,True
omnimath-771,9,True
omnimath-771,10,True
omnimath-771,11,True
omnimath-771,12,True
omnimath-771,13,True
omnimath-771,14,True
omnimath-771,15,False
omnimath-771,16,False
omnimath-771,17,Autoformalisation failure
omnimath-772,0,Autoformalisation failure
omnimath-772,1,Autoformalisation failure
omnimath-772,2,Autoformalisation failure
omnimath-772,3,Autoformalisation failure
omnimath-772,4,Autoformalisation failure
omnimath-772,5,Autoformalisation failure
omnimath-772,6,Autoformalisation failure
omnimath-772,7,Autoformalisation failure
omnimath-772,8,Autoformalisation failure
omnimath-772,9,Autoformalisation failure
omnimath-772,10,Autoformalisation failure
omnimath-773,0,Autoformalisation failure
omnimath-773,1,Autoformalisation failure
omnimath-773,2,Autoformalisation failure
omnimath-773,3,Autoformalisation failure
omnimath-773,4,Autoformalisation failure
omnimath-773,5,Autoformalisation failure
omnimath-773,6,Autoformalisation failure
omnimath-773,7,Autoformalisation failure
omnimath-773,8,Autoformalisation failure
omnimath-773,9,Autoformalisation failure
omnimath-773,10,Autoformalisation failure
omnimath-773,11,Autoformalisation failure
omnimath-773,12,Autoformalisation failure
omnimath-773,13,Autoformalisation failure
omnimath-773,14,Autoformalisation failure
omnimath-773,15,Autoformalisation failure
omnimath-773,16,Autoformalisation failure
omnimath-774,0,Autoformalisation failure
omnimath-774,1,Autoformalisation failure
omnimath-774,2,True
omnimath-774,3,Autoformalisation failure
omnimath-774,4,False
omnimath-774,5,True
omnimath-774,6,False
omnimath-774,7,Autoformalisation failure
omnimath-775,0,True
omnimath-775,1,True
omnimath-775,2,True
omnimath-775,3,True
omnimath-775,4,Prover failure
omnimath-776,0,False
omnimath-776,1,Autoformalisation failure
omnimath-776,2,Autoformalisation failure
omnimath-776,3,Autoformalisation failure
omnimath-776,4,Autoformalisation failure
omnimath-776,5,Autoformalisation failure
omnimath-776,6,Autoformalisation failure
omnimath-776,7,Autoformalisation failure
omnimath-777,0,Autoformalisation failure
omnimath-777,1,Autoformalisation failure
omnimath-777,2,Autoformalisation failure
omnimath-777,3,Autoformalisation failure
omnimath-777,4,Autoformalisation failure
omnimath-777,5,Autoformalisation failure
omnimath-777,6,Autoformalisation failure
omnimath-777,7,Autoformalisation failure
omnimath-777,8,Autoformalisation failure
omnimath-777,9,Autoformalisation failure
omnimath-777,10,Autoformalisation failure
omnimath-777,11,Autoformalisation failure
omnimath-777,12,Autoformalisation failure
omnimath-778,0,Autoformalisation failure
omnimath-778,1,True
omnimath-778,2,True
omnimath-778,3,True
omnimath-778,4,True
omnimath-778,5,True
omnimath-778,6,True
omnimath-778,7,Autoformalisation failure
omnimath-778,8,Autoformalisation failure
omnimath-778,9,True
omnimath-778,10,True
omnimath-778,11,True
omnimath-778,12,Prover failure
omnimath-778,13,True
omnimath-778,14,Autoformalisation failure
omnimath-778,15,Autoformalisation failure
omnimath-779,0,Autoformalisation failure
omnimath-779,1,True
omnimath-779,2,True
omnimath-779,3,True
omnimath-779,4,True
omnimath-780,0,Autoformalisation failure
omnimath-780,1,Autoformalisation failure
omnimath-780,2,Autoformalisation failure
omnimath-780,3,True
omnimath-780,4,Autoformalisation failure
omnimath-780,5,True
omnimath-780,6,Autoformalisation failure
omnimath-781,0,Autoformalisation failure
omnimath-781,1,Autoformalisation failure
omnimath-781,2,Autoformalisation failure
omnimath-781,3,Autoformalisation failure
omnimath-781,4,Autoformalisation failure
omnimath-781,5,Autoformalisation failure
omnimath-781,6,Autoformalisation failure
omnimath-781,7,Autoformalisation failure
omnimath-781,8,Autoformalisation failure
omnimath-781,9,Autoformalisation failure
omnimath-781,10,Autoformalisation failure
omnimath-781,11,Autoformalisation failure
omnimath-781,12,Autoformalisation failure
omnimath-781,13,Autoformalisation failure
omnimath-781,14,True
omnimath-781,15,Autoformalisation failure
omnimath-782,0,Autoformalisation failure
omnimath-782,1,Autoformalisation failure
omnimath-782,2,Autoformalisation failure
omnimath-782,3,Autoformalisation failure
omnimath-782,4,Autoformalisation failure
omnimath-782,5,Autoformalisation failure
omnimath-782,6,Autoformalisation failure
omnimath-783,0,Autoformalisation failure
omnimath-783,1,Autoformalisation failure
omnimath-783,2,True
omnimath-783,3,True
omnimath-783,4,True
omnimath-783,5,True
omnimath-783,6,True
omnimath-784,0,Autoformalisation failure
omnimath-784,1,Autoformalisation failure
omnimath-784,2,Autoformalisation failure
omnimath-784,3,Autoformalisation failure
omnimath-784,4,Autoformalisation failure
omnimath-784,5,Autoformalisation failure
omnimath-784,6,Autoformalisation failure
omnimath-784,7,Autoformalisation failure
omnimath-785,0,Autoformalisation failure
omnimath-785,1,Autoformalisation failure
omnimath-785,2,Autoformalisation failure
omnimath-785,3,Autoformalisation failure
omnimath-785,4,Autoformalisation failure
omnimath-785,5,Autoformalisation failure
omnimath-785,6,Autoformalisation failure
omnimath-786,0,Autoformalisation failure
omnimath-786,1,Autoformalisation failure
omnimath-786,2,Autoformalisation failure
omnimath-786,3,Autoformalisation failure
omnimath-787,0,True
omnimath-787,1,False
omnimath-787,2,Autoformalisation failure
omnimath-787,3,True
omnimath-787,4,True
omnimath-787,5,False
omnimath-787,6,False
omnimath-787,7,True
omnimath-787,8,True
omnimath-787,9,False
omnimath-788,0,Autoformalisation failure
omnimath-788,1,Autoformalisation failure
omnimath-788,2,Autoformalisation failure
omnimath-788,3,Autoformalisation failure
omnimath-788,4,Autoformalisation failure
omnimath-788,5,Autoformalisation failure
omnimath-788,6,Prover failure
omnimath-788,7,True
omnimath-789,0,True
omnimath-789,1,Autoformalisation failure
omnimath-789,2,Autoformalisation failure
omnimath-789,3,True
omnimath-790,0,Autoformalisation failure
omnimath-790,1,Autoformalisation failure
omnimath-790,2,Autoformalisation failure
omnimath-790,3,Autoformalisation failure
omnimath-790,4,Autoformalisation failure
omnimath-790,5,Autoformalisation failure
omnimath-790,6,Autoformalisation failure
omnimath-791,0,False
omnimath-791,1,True
omnimath-791,2,True
omnimath-791,3,True
omnimath-791,4,False
omnimath-791,5,True
omnimath-791,6,True
omnimath-791,7,True
omnimath-792,0,False
omnimath-792,1,False
omnimath-792,2,Prover failure
omnimath-792,3,False
omnimath-792,4,False
omnimath-792,5,True
omnimath-792,6,False
omnimath-792,7,True
omnimath-792,8,False
omnimath-792,9,True
omnimath-792,10,True
omnimath-792,11,True
omnimath-792,12,Autoformalisation failure
omnimath-792,13,Prover failure
omnimath-792,14,False
omnimath-792,15,False
omnimath-792,16,False
omnimath-792,17,False
omnimath-792,18,False
omnimath-792,19,False
omnimath-792,20,False
omnimath-792,21,False
omnimath-792,22,False
omnimath-792,23,Autoformalisation failure
omnimath-792,24,Autoformalisation failure
omnimath-792,25,True
omnimath-793,0,Autoformalisation failure
omnimath-793,1,True
omnimath-793,2,True
omnimath-793,3,Prover failure
omnimath-793,4,Prover failure
omnimath-793,5,Prover failure
omnimath-793,6,Prover failure
omnimath-794,0,Autoformalisation failure
omnimath-794,1,Autoformalisation failure
omnimath-794,2,Autoformalisation failure
omnimath-794,3,Autoformalisation failure
omnimath-794,4,Autoformalisation failure
omnimath-795,0,True
omnimath-795,1,Autoformalisation failure
omnimath-795,2,Autoformalisation failure
omnimath-795,3,Autoformalisation failure
omnimath-796,0,True
omnimath-796,1,True
omnimath-796,2,Autoformalisation failure
omnimath-796,3,Autoformalisation failure
omnimath-796,4,Autoformalisation failure
omnimath-796,5,True
omnimath-796,6,True
omnimath-796,7,Autoformalisation failure
omnimath-796,8,True
omnimath-796,9,True
omnimath-796,10,Autoformalisation failure
omnimath-796,11,Autoformalisation failure
omnimath-796,12,True
omnimath-796,13,Prover failure
omnimath-797,0,Autoformalisation failure
omnimath-797,1,Autoformalisation failure
omnimath-797,2,Autoformalisation failure
omnimath-797,3,Autoformalisation failure
omnimath-798,0,Autoformalisation failure
omnimath-798,1,Autoformalisation failure
omnimath-798,2,Autoformalisation failure
omnimath-798,3,Autoformalisation failure
omnimath-798,4,Autoformalisation failure
omnimath-798,5,Autoformalisation failure
omnimath-798,6,Autoformalisation failure
omnimath-799,0,Autoformalisation failure
omnimath-799,1,Autoformalisation failure
omnimath-799,2,Autoformalisation failure
omnimath-799,3,True
omnimath-799,4,Autoformalisation failure
omnimath-800,0,Autoformalisation failure
omnimath-800,1,Autoformalisation failure
omnimath-800,2,True
omnimath-800,3,True
omnimath-800,4,Autoformalisation failure
omnimath-800,5,Autoformalisation failure
omnimath-800,6,Prover failure
omnimath-800,7,Autoformalisation failure
omnimath-800,8,True
omnimath-800,9,Prover failure
omnimath-801,0,True
omnimath-801,1,True
omnimath-801,2,True
omnimath-801,3,True
omnimath-802,0,Autoformalisation failure
omnimath-802,1,Autoformalisation failure
omnimath-802,2,Prover failure
omnimath-802,3,Prover failure
omnimath-802,4,True
omnimath-803,0,Autoformalisation failure
omnimath-803,1,Autoformalisation failure
omnimath-803,2,True
omnimath-803,3,Autoformalisation failure
omnimath-804,0,Autoformalisation failure
omnimath-804,1,Autoformalisation failure
omnimath-804,2,Autoformalisation failure
omnimath-804,3,Autoformalisation failure
omnimath-805,0,Autoformalisation failure
omnimath-805,1,Autoformalisation failure
omnimath-805,2,Autoformalisation failure
omnimath-805,3,Prover failure
omnimath-805,4,Autoformalisation failure
omnimath-805,5,Autoformalisation failure
omnimath-805,6,Autoformalisation failure
omnimath-805,7,Autoformalisation failure
omnimath-806,0,Autoformalisation failure
omnimath-806,1,Autoformalisation failure
omnimath-806,2,Autoformalisation failure
omnimath-806,3,Autoformalisation failure
omnimath-806,4,Autoformalisation failure
omnimath-806,5,Autoformalisation failure
omnimath-806,6,True
omnimath-806,7,Autoformalisation failure
omnimath-806,8,Autoformalisation failure
omnimath-806,9,Autoformalisation failure
omnimath-807,0,Autoformalisation failure
omnimath-807,1,Autoformalisation failure
omnimath-807,2,Autoformalisation failure
omnimath-807,3,Autoformalisation failure
omnimath-807,4,Autoformalisation failure
omnimath-807,5,True
omnimath-807,6,Autoformalisation failure
omnimath-807,7,Autoformalisation failure
omnimath-808,0,Autoformalisation failure
omnimath-808,1,Autoformalisation failure
omnimath-808,2,Autoformalisation failure
omnimath-808,3,Autoformalisation failure
omnimath-809,0,Autoformalisation failure
omnimath-809,1,True
omnimath-809,2,Autoformalisation failure
omnimath-810,0,Autoformalisation failure
omnimath-810,1,Autoformalisation failure
omnimath-810,2,Prover failure
omnimath-810,3,Autoformalisation failure
omnimath-810,4,Prover failure
omnimath-810,5,True
omnimath-810,6,True
omnimath-810,7,True
omnimath-811,0,True
omnimath-811,1,True
omnimath-811,2,True
omnimath-811,3,True
omnimath-811,4,True
omnimath-812,0,Autoformalisation failure
omnimath-812,1,True
omnimath-812,2,True
omnimath-812,3,True
omnimath-812,4,True
omnimath-812,5,True
omnimath-812,6,True
omnimath-812,7,Autoformalisation failure
omnimath-813,0,True
omnimath-813,1,Autoformalisation failure
omnimath-813,2,True
omnimath-813,3,True
omnimath-814,0,Autoformalisation failure
omnimath-814,1,Autoformalisation failure
omnimath-814,2,Autoformalisation failure
omnimath-814,3,Autoformalisation failure
omnimath-814,4,Autoformalisation failure
omnimath-815,0,Autoformalisation failure
omnimath-815,1,Autoformalisation failure
omnimath-815,2,Autoformalisation failure
omnimath-815,3,True
omnimath-815,4,True
omnimath-816,0,Autoformalisation failure
omnimath-816,1,False
omnimath-816,2,Autoformalisation failure
omnimath-816,3,Autoformalisation failure
omnimath-816,4,Autoformalisation failure
omnimath-816,5,Prover failure
omnimath-817,0,Autoformalisation failure
omnimath-817,1,Autoformalisation failure
omnimath-817,2,Autoformalisation failure
omnimath-817,3,Autoformalisation failure
omnimath-817,4,Autoformalisation failure
omnimath-817,5,Autoformalisation failure
omnimath-818,0,Autoformalisation failure
omnimath-818,1,Autoformalisation failure
omnimath-818,2,Autoformalisation failure
omnimath-818,3,Autoformalisation failure
omnimath-818,4,Autoformalisation failure
omnimath-818,5,Autoformalisation failure
omnimath-818,6,Autoformalisation failure
omnimath-818,7,Autoformalisation failure
omnimath-818,8,True
omnimath-818,9,True
omnimath-818,10,Autoformalisation failure
omnimath-819,0,Autoformalisation failure
omnimath-819,1,Autoformalisation failure
omnimath-819,2,Autoformalisation failure
omnimath-820,0,Autoformalisation failure
omnimath-820,1,Autoformalisation failure
omnimath-820,2,Autoformalisation failure
omnimath-820,3,Autoformalisation failure
omnimath-820,4,True
omnimath-820,5,Autoformalisation failure
omnimath-821,0,Autoformalisation failure
omnimath-821,1,True
omnimath-821,2,True
omnimath-821,3,Autoformalisation failure
omnimath-821,4,False
omnimath-822,0,Autoformalisation failure
omnimath-822,1,Autoformalisation failure
omnimath-822,2,Autoformalisation failure
omnimath-822,3,Autoformalisation failure
omnimath-822,4,Autoformalisation failure
omnimath-822,5,Autoformalisation failure
omnimath-822,6,Autoformalisation failure
omnimath-822,7,Autoformalisation failure
omnimath-822,8,Autoformalisation failure
omnimath-822,9,Autoformalisation failure
omnimath-823,0,False
omnimath-823,1,Autoformalisation failure
omnimath-823,2,False
omnimath-823,3,False
omnimath-823,4,Autoformalisation failure
omnimath-823,5,False
omnimath-824,0,Autoformalisation failure
omnimath-824,1,Autoformalisation failure
omnimath-824,2,Autoformalisation failure
omnimath-824,3,Autoformalisation failure
omnimath-824,4,True
omnimath-824,5,True
omnimath-824,6,Autoformalisation failure
omnimath-825,0,Autoformalisation failure
omnimath-825,1,Autoformalisation failure
omnimath-825,2,Autoformalisation failure
omnimath-825,3,Autoformalisation failure
omnimath-825,4,Autoformalisation failure
omnimath-825,5,Autoformalisation failure
omnimath-825,6,Autoformalisation failure
omnimath-826,0,Autoformalisation failure
omnimath-826,1,Autoformalisation failure
omnimath-826,2,Autoformalisation failure
omnimath-826,3,Autoformalisation failure
omnimath-826,4,Autoformalisation failure
omnimath-826,5,Autoformalisation failure
omnimath-826,6,False
omnimath-826,7,Autoformalisation failure
omnimath-827,0,Autoformalisation failure
omnimath-827,1,Autoformalisation failure
omnimath-827,2,True
omnimath-827,3,True
omnimath-827,4,False
omnimath-827,5,True
omnimath-827,6,False
omnimath-827,7,Autoformalisation failure
omnimath-827,8,Autoformalisation failure
omnimath-828,0,True
omnimath-828,1,Autoformalisation failure
omnimath-828,2,True
omnimath-828,3,True
omnimath-829,0,True
omnimath-829,1,Autoformalisation failure
omnimath-829,2,True
omnimath-829,3,True
omnimath-829,4,True
omnimath-830,0,Autoformalisation failure
omnimath-830,1,Autoformalisation failure
omnimath-830,2,Autoformalisation failure
omnimath-830,3,Autoformalisation failure
omnimath-830,4,Autoformalisation failure
omnimath-830,5,Autoformalisation failure
omnimath-831,0,Autoformalisation failure
omnimath-831,1,Autoformalisation failure
omnimath-831,2,Autoformalisation failure
omnimath-831,3,True
omnimath-831,4,Autoformalisation failure
omnimath-831,5,Autoformalisation failure
omnimath-831,6,Autoformalisation failure
omnimath-831,7,Autoformalisation failure
omnimath-832,0,Autoformalisation failure
omnimath-832,1,Autoformalisation failure
omnimath-832,2,Autoformalisation failure
omnimath-832,3,Autoformalisation failure
omnimath-832,4,Autoformalisation failure
omnimath-833,0,True
omnimath-833,1,Autoformalisation failure
omnimath-833,2,True
omnimath-833,3,True
omnimath-833,4,Autoformalisation failure
omnimath-834,0,Autoformalisation failure
omnimath-834,1,True
omnimath-834,2,Autoformalisation failure
omnimath-834,3,Autoformalisation failure
omnimath-834,4,Autoformalisation failure
omnimath-834,5,Autoformalisation failure
omnimath-834,6,Autoformalisation failure
omnimath-835,0,Autoformalisation failure
omnimath-835,1,Autoformalisation failure
omnimath-835,2,Autoformalisation failure
omnimath-835,3,Autoformalisation failure
omnimath-835,4,Autoformalisation failure
omnimath-835,5,Autoformalisation failure
omnimath-835,6,Autoformalisation failure
omnimath-835,7,Autoformalisation failure
omnimath-835,8,Autoformalisation failure
omnimath-836,0,Autoformalisation failure
omnimath-836,1,True
omnimath-836,2,True
omnimath-836,3,Autoformalisation failure
omnimath-837,0,Autoformalisation failure
omnimath-837,1,Autoformalisation failure
omnimath-837,2,Autoformalisation failure
omnimath-837,3,True
omnimath-837,4,Autoformalisation failure
omnimath-837,5,Autoformalisation failure
omnimath-837,6,Autoformalisation failure
omnimath-837,7,Autoformalisation failure
omnimath-838,0,False
omnimath-838,1,True
omnimath-838,2,Autoformalisation failure
omnimath-838,3,True
omnimath-838,4,True
omnimath-838,5,Autoformalisation failure
omnimath-839,0,Autoformalisation failure
omnimath-839,1,Autoformalisation failure
omnimath-839,2,Autoformalisation failure
omnimath-839,3,True
omnimath-839,4,True
omnimath-839,5,Autoformalisation failure
omnimath-839,6,True
omnimath-839,7,Autoformalisation failure
omnimath-840,0,Autoformalisation failure
omnimath-840,1,Autoformalisation failure
omnimath-840,2,Autoformalisation failure
omnimath-840,3,Autoformalisation failure
omnimath-840,4,Autoformalisation failure
omnimath-840,5,Autoformalisation failure
omnimath-840,6,Autoformalisation failure
omnimath-841,0,True
omnimath-841,1,Autoformalisation failure
omnimath-841,2,True
omnimath-841,3,Autoformalisation failure
omnimath-841,4,Autoformalisation failure
omnimath-842,0,Prover failure
omnimath-842,1,True
omnimath-842,2,True
omnimath-842,3,True
omnimath-842,4,True
omnimath-843,0,Autoformalisation failure
omnimath-843,1,Autoformalisation failure
omnimath-843,2,Autoformalisation failure
omnimath-843,3,Autoformalisation failure
omnimath-843,4,Autoformalisation failure
omnimath-843,5,Autoformalisation failure
omnimath-843,6,Autoformalisation failure
omnimath-844,0,Autoformalisation failure
omnimath-844,1,Autoformalisation failure
omnimath-844,2,Autoformalisation failure
omnimath-844,3,Autoformalisation failure
omnimath-844,4,Autoformalisation failure
omnimath-845,0,Autoformalisation failure
omnimath-845,1,True
omnimath-845,2,Autoformalisation failure
omnimath-845,3,True
omnimath-845,4,Autoformalisation failure
omnimath-845,5,Autoformalisation failure
omnimath-845,6,True
omnimath-845,7,Autoformalisation failure
omnimath-845,8,Autoformalisation failure
omnimath-845,9,Autoformalisation failure
omnimath-846,0,True
omnimath-846,1,True
omnimath-846,2,Autoformalisation failure
omnimath-846,3,True
omnimath-846,4,True
omnimath-847,0,Autoformalisation failure
omnimath-847,1,Autoformalisation failure
omnimath-847,2,Autoformalisation failure
omnimath-847,3,Autoformalisation failure
omnimath-847,4,Autoformalisation failure
omnimath-848,0,True
omnimath-848,1,True
omnimath-848,2,True
omnimath-848,3,True
omnimath-848,4,True
omnimath-849,0,Autoformalisation failure
omnimath-849,1,Autoformalisation failure
omnimath-849,2,Autoformalisation failure
omnimath-849,3,Autoformalisation failure
omnimath-849,4,Autoformalisation failure
omnimath-849,5,Autoformalisation failure
omnimath-850,0,Autoformalisation failure
omnimath-850,1,True
omnimath-850,2,True
omnimath-850,3,True
omnimath-851,0,Autoformalisation failure
omnimath-851,1,Autoformalisation failure
omnimath-851,2,Autoformalisation failure
omnimath-851,3,Autoformalisation failure
omnimath-851,4,True
omnimath-851,5,Prover failure
omnimath-852,0,Autoformalisation failure
omnimath-852,1,Autoformalisation failure
omnimath-852,2,Autoformalisation failure
omnimath-852,3,True
omnimath-852,4,True
omnimath-852,5,Autoformalisation failure
omnimath-853,0,Autoformalisation failure
omnimath-853,1,True
omnimath-853,2,True
omnimath-853,3,True
omnimath-853,4,True
omnimath-853,5,True
omnimath-853,6,True
omnimath-853,7,True
omnimath-854,0,Autoformalisation failure
omnimath-854,1,Autoformalisation failure
omnimath-854,2,Autoformalisation failure
omnimath-854,3,Autoformalisation failure
omnimath-854,4,Autoformalisation failure
omnimath-854,5,Autoformalisation failure
omnimath-855,0,True
omnimath-855,1,True
omnimath-855,2,True
omnimath-855,3,True
omnimath-855,4,True
omnimath-855,5,False
omnimath-855,6,True
omnimath-855,7,False
omnimath-855,8,Autoformalisation failure
omnimath-855,9,Autoformalisation failure
omnimath-856,0,True
omnimath-856,1,True
omnimath-856,2,True
omnimath-856,3,True
omnimath-857,0,Autoformalisation failure
omnimath-857,1,True
omnimath-858,0,Autoformalisation failure
omnimath-858,1,Autoformalisation failure
omnimath-858,2,Autoformalisation failure
omnimath-858,3,Autoformalisation failure
omnimath-858,4,Autoformalisation failure
omnimath-858,5,Autoformalisation failure
omnimath-858,6,Autoformalisation failure
omnimath-858,7,Autoformalisation failure
omnimath-858,8,Autoformalisation failure
omnimath-858,9,Autoformalisation failure
omnimath-858,10,True
omnimath-858,11,True
omnimath-859,0,True
omnimath-859,1,Prover failure
omnimath-859,2,Autoformalisation failure
omnimath-859,3,True
omnimath-859,4,True
omnimath-859,5,True
omnimath-860,0,True
omnimath-860,1,False
omnimath-860,2,True
omnimath-860,3,True
omnimath-860,4,True
omnimath-860,5,True
omnimath-860,6,True
omnimath-861,0,Autoformalisation failure
omnimath-861,1,Autoformalisation failure
omnimath-861,2,Autoformalisation failure
omnimath-861,3,Autoformalisation failure
omnimath-861,4,Autoformalisation failure
omnimath-862,0,Autoformalisation failure
omnimath-862,1,Autoformalisation failure
omnimath-862,2,Autoformalisation failure
omnimath-862,3,Autoformalisation failure
omnimath-862,4,Autoformalisation failure
omnimath-862,5,Autoformalisation failure
omnimath-862,6,Autoformalisation failure
omnimath-862,7,Autoformalisation failure
omnimath-863,0,True
omnimath-863,1,True
omnimath-863,2,True
omnimath-863,3,Autoformalisation failure
omnimath-863,4,Autoformalisation failure
omnimath-863,5,True
omnimath-864,0,Autoformalisation failure
omnimath-864,1,Autoformalisation failure
omnimath-864,2,Autoformalisation failure
omnimath-864,3,Autoformalisation failure
omnimath-864,4,Autoformalisation failure
omnimath-865,0,Autoformalisation failure
omnimath-865,1,Autoformalisation failure
omnimath-865,2,Autoformalisation failure
omnimath-865,3,Autoformalisation failure
omnimath-865,4,Autoformalisation failure
omnimath-865,5,Autoformalisation failure
omnimath-865,6,Autoformalisation failure
omnimath-865,7,Autoformalisation failure
omnimath-865,8,Autoformalisation failure
omnimath-866,0,True
omnimath-866,1,True
omnimath-866,2,True
omnimath-866,3,Autoformalisation failure
omnimath-867,0,True
omnimath-867,1,True
omnimath-867,2,True
omnimath-868,0,Autoformalisation failure
omnimath-868,1,True
omnimath-868,2,True
omnimath-868,3,True
omnimath-868,4,True
omnimath-868,5,True
omnimath-868,6,Autoformalisation failure
omnimath-869,0,True
omnimath-869,1,True
omnimath-869,2,True
omnimath-870,0,True
omnimath-870,1,Autoformalisation failure
omnimath-870,2,Autoformalisation failure
omnimath-870,3,Autoformalisation failure
omnimath-870,4,Autoformalisation failure
omnimath-871,0,Autoformalisation failure
omnimath-871,1,Autoformalisation failure
omnimath-871,2,False
omnimath-871,3,False
omnimath-871,4,True
omnimath-871,5,Prover failure
omnimath-871,6,True
omnimath-871,7,False
omnimath-872,0,Autoformalisation failure
omnimath-872,1,Autoformalisation failure
omnimath-872,2,Autoformalisation failure
omnimath-872,3,Autoformalisation failure
omnimath-872,4,Autoformalisation failure
omnimath-873,0,Autoformalisation failure
omnimath-873,1,Autoformalisation failure
omnimath-873,2,Autoformalisation failure
omnimath-873,3,True
omnimath-873,4,Autoformalisation failure
omnimath-873,5,Autoformalisation failure
omnimath-873,6,Autoformalisation failure
omnimath-873,7,Autoformalisation failure
omnimath-874,0,Autoformalisation failure
omnimath-874,1,Autoformalisation failure
omnimath-874,2,True
omnimath-874,3,True
omnimath-874,4,Autoformalisation failure
omnimath-874,5,Autoformalisation failure
omnimath-874,6,Autoformalisation failure
omnimath-874,7,Autoformalisation failure
omnimath-874,8,Autoformalisation failure
omnimath-875,0,Autoformalisation failure
omnimath-875,1,Autoformalisation failure
omnimath-875,2,Autoformalisation failure
omnimath-875,3,Autoformalisation failure
omnimath-875,4,True
omnimath-875,5,Autoformalisation failure
omnimath-876,0,Autoformalisation failure
omnimath-876,1,Autoformalisation failure
omnimath-876,2,Autoformalisation failure
omnimath-876,3,Autoformalisation failure
omnimath-876,4,True
omnimath-876,5,Autoformalisation failure
omnimath-876,6,Autoformalisation failure
omnimath-876,7,Autoformalisation failure
omnimath-876,8,Autoformalisation failure
omnimath-876,9,Autoformalisation failure
omnimath-877,0,Autoformalisation failure
omnimath-877,1,Autoformalisation failure
omnimath-877,2,Autoformalisation failure
omnimath-877,3,True
omnimath-877,4,Autoformalisation failure
omnimath-878,0,Autoformalisation failure
omnimath-878,1,Autoformalisation failure
omnimath-878,2,Autoformalisation failure
omnimath-878,3,Autoformalisation failure
omnimath-878,4,Autoformalisation failure
omnimath-878,5,Autoformalisation failure
omnimath-878,6,Autoformalisation failure
omnimath-878,7,Autoformalisation failure
omnimath-879,0,True
omnimath-879,1,True
omnimath-879,2,Autoformalisation failure
omnimath-879,3,True
omnimath-879,4,True
omnimath-879,5,True
omnimath-879,6,True
omnimath-879,7,Autoformalisation failure
omnimath-879,8,True
omnimath-880,0,Autoformalisation failure
omnimath-880,1,Autoformalisation failure
omnimath-880,2,True
omnimath-881,0,Autoformalisation failure
omnimath-881,1,True
omnimath-881,2,Autoformalisation failure
omnimath-881,3,Autoformalisation failure
omnimath-882,0,Autoformalisation failure
omnimath-882,1,Autoformalisation failure
omnimath-882,2,Autoformalisation failure
omnimath-882,3,Prover failure
omnimath-882,4,Autoformalisation failure
omnimath-883,0,Autoformalisation failure
omnimath-883,1,True
omnimath-883,2,True
omnimath-883,3,True
omnimath-883,4,Autoformalisation failure
omnimath-884,0,Autoformalisation failure
omnimath-884,1,Autoformalisation failure
omnimath-884,2,Autoformalisation failure
omnimath-884,3,Autoformalisation failure
omnimath-884,4,Autoformalisation failure
omnimath-884,5,Autoformalisation failure
omnimath-884,6,Autoformalisation failure
omnimath-885,0,Autoformalisation failure
omnimath-885,1,Autoformalisation failure
omnimath-885,2,Autoformalisation failure
omnimath-885,3,Autoformalisation failure
omnimath-885,4,True
omnimath-885,5,True
omnimath-885,6,True
omnimath-885,7,False
omnimath-886,0,Autoformalisation failure
omnimath-886,1,Autoformalisation failure
omnimath-886,2,Autoformalisation failure
omnimath-886,3,Autoformalisation failure
omnimath-886,4,Autoformalisation failure
omnimath-886,5,Autoformalisation failure
omnimath-886,6,Prover failure
omnimath-886,7,Autoformalisation failure
omnimath-886,8,True
omnimath-886,9,Autoformalisation failure
omnimath-886,10,Autoformalisation failure
omnimath-886,11,Autoformalisation failure
omnimath-886,12,Autoformalisation failure
omnimath-886,13,Autoformalisation failure
omnimath-887,0,Autoformalisation failure
omnimath-887,1,Autoformalisation failure
omnimath-887,2,Autoformalisation failure
omnimath-887,3,Autoformalisation failure
omnimath-887,4,Autoformalisation failure
omnimath-887,5,Autoformalisation failure
omnimath-888,0,Autoformalisation failure
omnimath-888,1,Autoformalisation failure
omnimath-888,2,Autoformalisation failure
omnimath-888,3,Autoformalisation failure
omnimath-888,4,True
omnimath-888,5,True
omnimath-888,6,Autoformalisation failure
omnimath-888,7,False
omnimath-888,8,False
omnimath-888,9,False
omnimath-888,10,False
omnimath-888,11,False
omnimath-888,12,False
omnimath-888,13,False
omnimath-888,14,True
omnimath-888,15,False
omnimath-889,0,Autoformalisation failure
omnimath-889,1,True
omnimath-889,2,True
omnimath-889,3,Autoformalisation failure
omnimath-889,4,Autoformalisation failure
omnimath-889,5,Autoformalisation failure
omnimath-890,0,Autoformalisation failure
omnimath-890,1,Autoformalisation failure
omnimath-890,2,True
omnimath-890,3,True
omnimath-890,4,Autoformalisation failure
omnimath-890,5,Autoformalisation failure
omnimath-890,6,True
omnimath-890,7,Autoformalisation failure
omnimath-891,0,Autoformalisation failure
omnimath-891,1,Autoformalisation failure
omnimath-891,2,Autoformalisation failure
omnimath-891,3,Autoformalisation failure
omnimath-891,4,Autoformalisation failure
omnimath-892,0,Autoformalisation failure
omnimath-892,1,Autoformalisation failure
omnimath-892,2,Autoformalisation failure
omnimath-892,3,Autoformalisation failure
omnimath-892,4,Autoformalisation failure
omnimath-893,0,True
omnimath-893,1,Autoformalisation failure
omnimath-893,2,Autoformalisation failure
omnimath-893,3,Autoformalisation failure
omnimath-893,4,Autoformalisation failure
omnimath-893,5,True
omnimath-894,0,True
omnimath-894,1,False
omnimath-894,2,False
omnimath-894,3,False
omnimath-894,4,Prover failure
omnimath-894,5,True
omnimath-894,6,False
omnimath-894,7,Autoformalisation failure
omnimath-894,8,False
omnimath-895,0,Autoformalisation failure
omnimath-895,1,Autoformalisation failure
omnimath-895,2,Autoformalisation failure
omnimath-895,3,Autoformalisation failure
omnimath-895,4,Autoformalisation failure
omnimath-895,5,Autoformalisation failure
omnimath-895,6,Autoformalisation failure
omnimath-895,7,Autoformalisation failure
omnimath-895,8,Autoformalisation failure
omnimath-896,0,True
omnimath-896,1,True
omnimath-896,2,Autoformalisation failure
omnimath-896,3,True
omnimath-896,4,Autoformalisation failure
omnimath-896,5,Autoformalisation failure
omnimath-896,6,Autoformalisation failure
omnimath-896,7,Autoformalisation failure
omnimath-896,8,Autoformalisation failure
omnimath-896,9,True
omnimath-896,10,Autoformalisation failure
omnimath-896,11,True
omnimath-896,12,True
omnimath-896,13,True
omnimath-896,14,True
omnimath-896,15,True
omnimath-896,16,True
omnimath-896,17,Autoformalisation failure
omnimath-897,0,Autoformalisation failure
omnimath-897,1,Autoformalisation failure
omnimath-897,2,Autoformalisation failure
omnimath-897,3,True
omnimath-897,4,Prover failure
omnimath-897,5,Autoformalisation failure
omnimath-898,0,Autoformalisation failure
omnimath-898,1,Autoformalisation failure
omnimath-898,2,True
omnimath-898,3,Autoformalisation failure
omnimath-898,4,Autoformalisation failure
omnimath-898,5,False
omnimath-898,6,False
omnimath-898,7,True
omnimath-898,8,Prover failure
omnimath-898,9,Autoformalisation failure
omnimath-899,0,Autoformalisation failure
omnimath-899,1,True
omnimath-899,2,True
omnimath-899,3,True
omnimath-899,4,True
omnimath-899,5,Autoformalisation failure
omnimath-899,6,Autoformalisation failure
omnimath-899,7,Autoformalisation failure
omnimath-899,8,True
omnimath-899,9,Autoformalisation failure
omnimath-899,10,Autoformalisation failure
omnimath-899,11,True
omnimath-899,12,True
omnimath-899,13,Autoformalisation failure
omnimath-900,0,Autoformalisation failure
omnimath-900,1,True
omnimath-900,2,Autoformalisation failure
omnimath-900,3,Autoformalisation failure
omnimath-900,4,Autoformalisation failure
omnimath-900,5,Autoformalisation failure
omnimath-901,0,Autoformalisation failure
omnimath-901,1,Autoformalisation failure
omnimath-901,2,Autoformalisation failure
omnimath-901,3,Autoformalisation failure
omnimath-901,4,Autoformalisation failure
omnimath-901,5,Autoformalisation failure
omnimath-902,0,Autoformalisation failure
omnimath-902,1,Autoformalisation failure
omnimath-902,2,Autoformalisation failure
omnimath-902,3,Autoformalisation failure
omnimath-902,4,False
omnimath-902,5,Autoformalisation failure
omnimath-902,6,Autoformalisation failure
omnimath-902,7,Autoformalisation failure
omnimath-902,8,Autoformalisation failure
omnimath-902,9,Autoformalisation failure
omnimath-902,10,Autoformalisation failure
omnimath-903,0,Autoformalisation failure
omnimath-903,1,Autoformalisation failure
omnimath-903,2,True
omnimath-903,3,True
omnimath-903,4,Autoformalisation failure
omnimath-904,0,Autoformalisation failure
omnimath-904,1,Autoformalisation failure
omnimath-904,2,Autoformalisation failure
omnimath-904,3,Autoformalisation failure
omnimath-904,4,True
omnimath-904,5,Autoformalisation failure
omnimath-904,6,True
omnimath-904,7,Autoformalisation failure
omnimath-904,8,Autoformalisation failure
omnimath-904,9,True
omnimath-904,10,True
omnimath-904,11,True
omnimath-904,12,True
omnimath-904,13,True
omnimath-904,14,True
omnimath-905,0,Autoformalisation failure
omnimath-905,1,Autoformalisation failure
omnimath-905,2,Autoformalisation failure
omnimath-905,3,True
omnimath-905,4,True
omnimath-905,5,True
omnimath-905,6,True
omnimath-905,7,True
omnimath-905,8,Autoformalisation failure
omnimath-905,9,True
omnimath-906,0,Autoformalisation failure
omnimath-906,1,Autoformalisation failure
omnimath-906,2,Autoformalisation failure
omnimath-906,3,Autoformalisation failure
omnimath-906,4,Autoformalisation failure
omnimath-906,5,Autoformalisation failure
omnimath-906,6,Autoformalisation failure
omnimath-906,7,Autoformalisation failure
omnimath-906,8,Autoformalisation failure
omnimath-906,9,Autoformalisation failure
omnimath-906,10,Autoformalisation failure
omnimath-906,11,Autoformalisation failure
omnimath-907,0,Autoformalisation failure
omnimath-907,1,Autoformalisation failure
omnimath-907,2,Autoformalisation failure
omnimath-907,3,Autoformalisation failure
omnimath-907,4,Autoformalisation failure
omnimath-907,5,Autoformalisation failure
omnimath-907,6,Autoformalisation failure
omnimath-907,7,Autoformalisation failure
omnimath-908,0,Autoformalisation failure
omnimath-908,1,Autoformalisation failure
omnimath-908,2,Autoformalisation failure
omnimath-908,3,Autoformalisation failure
omnimath-908,4,Autoformalisation failure
omnimath-908,5,Autoformalisation failure
omnimath-908,6,True
omnimath-908,7,True
omnimath-908,8,Autoformalisation failure
omnimath-908,9,Autoformalisation failure
omnimath-908,10,Autoformalisation failure
omnimath-908,11,Autoformalisation failure
omnimath-908,12,Autoformalisation failure
omnimath-909,0,True
omnimath-909,1,True
omnimath-909,2,True
omnimath-909,3,True
omnimath-909,4,True
omnimath-910,0,Autoformalisation failure
omnimath-910,1,Autoformalisation failure
omnimath-910,2,Autoformalisation failure
omnimath-910,3,Autoformalisation failure
omnimath-910,4,Autoformalisation failure
omnimath-910,5,Autoformalisation failure
omnimath-911,0,Autoformalisation failure
omnimath-911,1,Autoformalisation failure
omnimath-911,2,Autoformalisation failure
omnimath-911,3,Autoformalisation failure
omnimath-911,4,Autoformalisation failure
omnimath-911,5,True
omnimath-912,0,Autoformalisation failure
omnimath-912,1,Autoformalisation failure
omnimath-912,2,Autoformalisation failure
omnimath-912,3,True
omnimath-912,4,Autoformalisation failure
omnimath-913,0,Autoformalisation failure
omnimath-913,1,Autoformalisation failure
omnimath-913,2,Autoformalisation failure
omnimath-913,3,Autoformalisation failure
omnimath-913,4,Autoformalisation failure
omnimath-913,5,Autoformalisation failure
omnimath-914,0,Autoformalisation failure
omnimath-914,1,Autoformalisation failure
omnimath-914,2,Autoformalisation failure
omnimath-914,3,Autoformalisation failure
omnimath-914,4,Autoformalisation failure
omnimath-914,5,Autoformalisation failure
omnimath-915,0,Autoformalisation failure
omnimath-915,1,Autoformalisation failure
omnimath-915,2,Autoformalisation failure
omnimath-915,3,Autoformalisation failure
omnimath-916,0,Prover failure
omnimath-916,1,Autoformalisation failure
omnimath-916,2,True
omnimath-916,3,True
omnimath-917,0,Autoformalisation failure
omnimath-917,1,Autoformalisation failure
omnimath-917,2,Autoformalisation failure
omnimath-917,3,Autoformalisation failure
omnimath-917,4,Autoformalisation failure
omnimath-918,0,True
omnimath-918,1,True
omnimath-918,2,True
omnimath-918,3,Autoformalisation failure
omnimath-918,4,True
omnimath-918,5,True
omnimath-918,6,True
omnimath-918,7,Autoformalisation failure
omnimath-918,8,True
omnimath-918,9,True
omnimath-918,10,Autoformalisation failure
omnimath-918,11,Autoformalisation failure
omnimath-918,12,True
omnimath-918,13,True
omnimath-918,14,True
omnimath-918,15,True
omnimath-919,0,True
omnimath-919,1,True
omnimath-919,2,Autoformalisation failure
omnimath-919,3,True
omnimath-920,0,Autoformalisation failure
omnimath-920,1,Autoformalisation failure
omnimath-920,2,True
omnimath-920,3,Autoformalisation failure
omnimath-920,4,True
omnimath-921,0,Autoformalisation failure
omnimath-921,1,Autoformalisation failure
omnimath-921,2,Autoformalisation failure
omnimath-921,3,Autoformalisation failure
omnimath-921,4,Autoformalisation failure
omnimath-921,5,Autoformalisation failure
omnimath-922,0,True
omnimath-922,1,True
omnimath-922,2,Autoformalisation failure
omnimath-922,3,True
omnimath-922,4,Autoformalisation failure
omnimath-922,5,True
omnimath-922,6,Autoformalisation failure
omnimath-922,7,Autoformalisation failure
omnimath-922,8,True
omnimath-922,9,True
omnimath-922,10,Autoformalisation failure
omnimath-922,11,Autoformalisation failure
omnimath-922,12,Autoformalisation failure
omnimath-922,13,Autoformalisation failure
omnimath-922,14,Autoformalisation failure
omnimath-922,15,Autoformalisation failure
omnimath-923,0,Autoformalisation failure
omnimath-923,1,Autoformalisation failure
omnimath-923,2,Autoformalisation failure
omnimath-923,3,Autoformalisation failure
omnimath-923,4,Autoformalisation failure
omnimath-923,5,Autoformalisation failure
omnimath-923,6,Autoformalisation failure
omnimath-924,0,Autoformalisation failure
omnimath-924,1,True
omnimath-924,2,True
omnimath-924,3,True
omnimath-924,4,True
omnimath-924,5,True
omnimath-924,6,True
omnimath-924,7,True
omnimath-924,8,True
omnimath-924,9,True
omnimath-924,10,True
omnimath-924,11,True
omnimath-925,0,Autoformalisation failure
omnimath-925,1,Autoformalisation failure
omnimath-925,2,Autoformalisation failure
omnimath-925,3,Autoformalisation failure
omnimath-925,4,Autoformalisation failure
omnimath-925,5,Autoformalisation failure
omnimath-925,6,Autoformalisation failure
omnimath-925,7,Autoformalisation failure
omnimath-925,8,Autoformalisation failure
omnimath-925,9,Autoformalisation failure
omnimath-925,10,Autoformalisation failure
omnimath-925,11,Autoformalisation failure
omnimath-925,12,Autoformalisation failure
omnimath-925,13,Autoformalisation failure
omnimath-925,14,Autoformalisation failure
omnimath-925,15,Autoformalisation failure
omnimath-925,16,Autoformalisation failure
omnimath-925,17,Autoformalisation failure
omnimath-925,18,Autoformalisation failure
omnimath-925,19,Autoformalisation failure
omnimath-925,20,Autoformalisation failure
omnimath-925,21,Autoformalisation failure
omnimath-926,0,Autoformalisation failure
omnimath-926,1,Autoformalisation failure
omnimath-926,2,Autoformalisation failure
omnimath-926,3,Autoformalisation failure
omnimath-926,4,Autoformalisation failure
omnimath-926,5,Autoformalisation failure
omnimath-926,6,Autoformalisation failure
omnimath-926,7,Autoformalisation failure
omnimath-926,8,True
omnimath-927,0,Autoformalisation failure
omnimath-927,1,Autoformalisation failure
omnimath-927,2,Autoformalisation failure
omnimath-927,3,Autoformalisation failure
omnimath-928,0,Autoformalisation failure
omnimath-928,1,Autoformalisation failure
omnimath-928,2,Autoformalisation failure
omnimath-928,3,Autoformalisation failure
omnimath-928,4,Autoformalisation failure
omnimath-928,5,Autoformalisation failure
omnimath-928,6,Autoformalisation failure
omnimath-929,0,Autoformalisation failure
omnimath-929,1,Autoformalisation failure
omnimath-929,2,Autoformalisation failure
omnimath-929,3,Autoformalisation failure
omnimath-929,4,Autoformalisation failure
omnimath-929,5,Autoformalisation failure
omnimath-929,6,Autoformalisation failure
omnimath-929,7,Autoformalisation failure
omnimath-929,8,Autoformalisation failure
omnimath-929,9,Autoformalisation failure
omnimath-930,0,Autoformalisation failure
omnimath-930,1,Autoformalisation failure
omnimath-930,2,Autoformalisation failure
omnimath-930,3,Autoformalisation failure
omnimath-930,4,Autoformalisation failure
omnimath-930,5,Autoformalisation failure
omnimath-930,6,Autoformalisation failure
omnimath-930,7,Autoformalisation failure
omnimath-931,0,Autoformalisation failure
omnimath-931,1,True
omnimath-931,2,Autoformalisation failure
omnimath-931,3,Autoformalisation failure
omnimath-931,4,True
omnimath-931,5,Autoformalisation failure
omnimath-931,6,Autoformalisation failure
omnimath-931,7,Autoformalisation failure
omnimath-931,8,Autoformalisation failure
omnimath-932,0,Autoformalisation failure
omnimath-932,1,Autoformalisation failure
omnimath-932,2,Autoformalisation failure
omnimath-932,3,Autoformalisation failure
omnimath-932,4,Autoformalisation failure
omnimath-932,5,Autoformalisation failure
omnimath-932,6,Autoformalisation failure
omnimath-932,7,Autoformalisation failure
omnimath-932,8,Autoformalisation failure
omnimath-932,9,Autoformalisation failure
omnimath-932,10,True
omnimath-932,11,True
omnimath-932,12,True
omnimath-933,0,Autoformalisation failure
omnimath-933,1,Autoformalisation failure
omnimath-933,2,True
omnimath-933,3,True
omnimath-934,0,Autoformalisation failure
omnimath-934,1,Autoformalisation failure
omnimath-934,2,Autoformalisation failure
omnimath-934,3,Autoformalisation failure
omnimath-934,4,Autoformalisation failure
omnimath-934,5,Autoformalisation failure
omnimath-934,6,Autoformalisation failure
omnimath-934,7,Autoformalisation failure
omnimath-935,0,Autoformalisation failure
omnimath-935,1,Autoformalisation failure
omnimath-935,2,Autoformalisation failure
omnimath-935,3,True
omnimath-935,4,True
omnimath-935,5,Autoformalisation failure
omnimath-935,6,True
omnimath-935,7,Autoformalisation failure
omnimath-935,8,True
omnimath-935,9,True
omnimath-935,10,Autoformalisation failure
omnimath-936,0,True
omnimath-936,1,Autoformalisation failure
omnimath-936,2,Autoformalisation failure
omnimath-936,3,Autoformalisation failure
omnimath-936,4,Autoformalisation failure
omnimath-936,5,Autoformalisation failure
omnimath-936,6,Autoformalisation failure
omnimath-936,7,Autoformalisation failure
omnimath-937,0,Autoformalisation failure
omnimath-937,1,Autoformalisation failure
omnimath-937,2,Autoformalisation failure
omnimath-937,3,Autoformalisation failure
omnimath-937,4,Autoformalisation failure
omnimath-938,0,Autoformalisation failure
omnimath-938,1,Autoformalisation failure
omnimath-938,2,True
omnimath-938,3,False
omnimath-938,4,True
omnimath-938,5,False
omnimath-938,6,Autoformalisation failure
omnimath-938,7,True
omnimath-938,8,True
omnimath-938,9,True
omnimath-939,0,Autoformalisation failure
omnimath-939,1,Autoformalisation failure
omnimath-939,2,Autoformalisation failure
omnimath-939,3,Autoformalisation failure
omnimath-939,4,Autoformalisation failure
omnimath-939,5,Autoformalisation failure
omnimath-940,0,Autoformalisation failure
omnimath-940,1,Autoformalisation failure
omnimath-940,2,Autoformalisation failure
omnimath-940,3,Autoformalisation failure
omnimath-940,4,Autoformalisation failure
omnimath-940,5,Autoformalisation failure
omnimath-940,6,Autoformalisation failure
omnimath-940,7,Autoformalisation failure
omnimath-940,8,Autoformalisation failure
omnimath-941,0,Autoformalisation failure
omnimath-941,1,Autoformalisation failure
omnimath-941,2,Autoformalisation failure
omnimath-941,3,Autoformalisation failure
omnimath-941,4,Autoformalisation failure
omnimath-941,5,Autoformalisation failure
omnimath-941,6,Autoformalisation failure
omnimath-941,7,Autoformalisation failure
omnimath-941,8,Autoformalisation failure
omnimath-941,9,Autoformalisation failure
omnimath-941,10,True
omnimath-941,11,Autoformalisation failure
omnimath-942,0,True
omnimath-942,1,True
omnimath-942,2,Autoformalisation failure
omnimath-942,3,Autoformalisation failure
omnimath-942,4,True
omnimath-942,5,True
omnimath-942,6,True
omnimath-942,7,True
omnimath-942,8,Autoformalisation failure
omnimath-943,0,Autoformalisation failure
omnimath-943,1,Autoformalisation failure
omnimath-943,2,Autoformalisation failure
omnimath-943,3,Autoformalisation failure
omnimath-943,4,Autoformalisation failure
omnimath-943,5,Autoformalisation failure
omnimath-943,6,Autoformalisation failure
omnimath-943,7,Autoformalisation failure
omnimath-943,8,Autoformalisation failure
omnimath-943,9,Autoformalisation failure
omnimath-943,10,Autoformalisation failure
omnimath-943,11,Autoformalisation failure
omnimath-943,12,Autoformalisation failure
omnimath-944,0,Prover failure
omnimath-944,1,Autoformalisation failure
omnimath-944,2,Autoformalisation failure
omnimath-944,3,False
omnimath-944,4,Autoformalisation failure
omnimath-944,5,Autoformalisation failure
omnimath-944,6,Autoformalisation failure
omnimath-944,7,False
omnimath-944,8,Autoformalisation failure
omnimath-944,9,Autoformalisation failure
omnimath-944,10,Autoformalisation failure
omnimath-945,0,True
omnimath-945,1,True
omnimath-945,2,True
omnimath-945,3,True
omnimath-945,4,True
omnimath-945,5,True
omnimath-945,6,True
omnimath-945,7,Autoformalisation failure
omnimath-945,8,True
omnimath-946,0,Autoformalisation failure
omnimath-946,1,Autoformalisation failure
omnimath-946,2,True
omnimath-946,3,True
omnimath-946,4,True
omnimath-946,5,True
omnimath-946,6,Autoformalisation failure
omnimath-946,7,Autoformalisation failure
omnimath-947,0,True
omnimath-947,1,Autoformalisation failure
omnimath-947,2,Autoformalisation failure
omnimath-947,3,True
omnimath-947,4,True
omnimath-948,0,Autoformalisation failure
omnimath-948,1,Autoformalisation failure
omnimath-948,2,Autoformalisation failure
omnimath-948,3,Autoformalisation failure
omnimath-948,4,Autoformalisation failure
omnimath-948,5,Autoformalisation failure
omnimath-948,6,Autoformalisation failure
omnimath-948,7,Autoformalisation failure
omnimath-948,8,Autoformalisation failure
omnimath-949,0,Autoformalisation failure
omnimath-949,1,Autoformalisation failure
omnimath-949,2,Autoformalisation failure
omnimath-949,3,Autoformalisation failure
omnimath-949,4,Autoformalisation failure
omnimath-949,5,Prover failure
omnimath-949,6,Autoformalisation failure
omnimath-950,0,True
omnimath-950,1,True
omnimath-950,2,True
omnimath-950,3,True
omnimath-950,4,Autoformalisation failure
omnimath-950,5,True
omnimath-950,6,True
omnimath-950,7,True
omnimath-951,0,Autoformalisation failure
omnimath-951,1,Autoformalisation failure
omnimath-951,2,Autoformalisation failure
omnimath-951,3,Autoformalisation failure
omnimath-951,4,Autoformalisation failure
omnimath-951,5,Autoformalisation failure
omnimath-951,6,Autoformalisation failure
omnimath-952,0,Autoformalisation failure
omnimath-952,1,True
omnimath-952,2,Autoformalisation failure
omnimath-952,3,True
omnimath-952,4,True
omnimath-952,5,Autoformalisation failure
omnimath-952,6,True
omnimath-952,7,Autoformalisation failure
omnimath-952,8,Autoformalisation failure
omnimath-952,9,Autoformalisation failure
omnimath-952,10,Autoformalisation failure
omnimath-952,11,Autoformalisation failure
omnimath-952,12,Autoformalisation failure
omnimath-952,13,Autoformalisation failure
omnimath-952,14,Prover failure
omnimath-952,15,Autoformalisation failure
omnimath-952,16,Autoformalisation failure
omnimath-953,0,Autoformalisation failure
omnimath-953,1,Autoformalisation failure
omnimath-953,2,Autoformalisation failure
omnimath-953,3,Autoformalisation failure
omnimath-953,4,True
omnimath-954,0,Autoformalisation failure
omnimath-954,1,Autoformalisation failure
omnimath-954,2,Autoformalisation failure
omnimath-954,3,Autoformalisation failure
omnimath-954,4,Autoformalisation failure
omnimath-954,5,Autoformalisation failure
omnimath-954,6,Autoformalisation failure
omnimath-954,7,Autoformalisation failure
omnimath-955,0,True
omnimath-955,1,True
omnimath-955,2,True
omnimath-955,3,True
omnimath-955,4,True
omnimath-956,0,Autoformalisation failure
omnimath-956,1,Autoformalisation failure
omnimath-956,2,Autoformalisation failure
omnimath-956,3,Autoformalisation failure
omnimath-956,4,True
omnimath-956,5,Autoformalisation failure
omnimath-956,6,True
omnimath-956,7,Autoformalisation failure
omnimath-956,8,True
omnimath-956,9,True
omnimath-956,10,Autoformalisation failure
omnimath-956,11,Autoformalisation failure
omnimath-956,12,Autoformalisation failure
omnimath-956,13,Autoformalisation failure
omnimath-956,14,Autoformalisation failure
omnimath-956,15,Autoformalisation failure
omnimath-956,16,Autoformalisation failure
omnimath-956,17,Autoformalisation failure
omnimath-956,18,Autoformalisation failure
omnimath-956,19,Autoformalisation failure
omnimath-957,0,Autoformalisation failure
omnimath-957,1,Autoformalisation failure
omnimath-957,2,Autoformalisation failure
omnimath-957,3,Autoformalisation failure
omnimath-957,4,Autoformalisation failure
omnimath-957,5,Autoformalisation failure
omnimath-957,6,Autoformalisation failure
omnimath-957,7,True
omnimath-957,8,Autoformalisation failure
omnimath-958,0,Autoformalisation failure
omnimath-958,1,Autoformalisation failure
omnimath-958,2,Autoformalisation failure
omnimath-958,3,Autoformalisation failure
omnimath-958,4,Autoformalisation failure
omnimath-958,5,Autoformalisation failure
omnimath-958,6,Autoformalisation failure
omnimath-958,7,Autoformalisation failure
omnimath-958,8,Autoformalisation failure
omnimath-958,9,True
omnimath-958,10,Autoformalisation failure
omnimath-958,11,True
omnimath-958,12,True
omnimath-959,0,Autoformalisation failure
omnimath-959,1,True
omnimath-959,2,True
omnimath-959,3,True
omnimath-960,0,Autoformalisation failure
omnimath-960,1,Autoformalisation failure
omnimath-960,2,Autoformalisation failure
omnimath-960,3,Autoformalisation failure
omnimath-960,4,Autoformalisation failure
omnimath-960,5,Autoformalisation failure
omnimath-960,6,True
omnimath-961,0,Autoformalisation failure
omnimath-961,1,Autoformalisation failure
omnimath-961,2,Autoformalisation failure
omnimath-961,3,Autoformalisation failure
omnimath-961,4,Autoformalisation failure
omnimath-961,5,True
omnimath-962,0,Autoformalisation failure
omnimath-962,1,Autoformalisation failure
omnimath-962,2,Autoformalisation failure
omnimath-962,3,Autoformalisation failure
omnimath-962,4,Autoformalisation failure
omnimath-962,5,Autoformalisation failure
omnimath-963,0,Autoformalisation failure
omnimath-963,1,Autoformalisation failure
omnimath-963,2,Autoformalisation failure
omnimath-963,3,Autoformalisation failure
omnimath-963,4,Autoformalisation failure
omnimath-963,5,Autoformalisation failure
omnimath-963,6,Autoformalisation failure
omnimath-963,7,Autoformalisation failure
omnimath-963,8,Autoformalisation failure
omnimath-963,9,Autoformalisation failure
omnimath-963,10,Autoformalisation failure
omnimath-964,0,Autoformalisation failure
omnimath-964,1,Autoformalisation failure
omnimath-964,2,Autoformalisation failure
omnimath-964,3,False
omnimath-964,4,Autoformalisation failure
omnimath-964,5,Autoformalisation failure
omnimath-964,6,Autoformalisation failure
omnimath-964,7,Autoformalisation failure
omnimath-964,8,True
omnimath-964,9,Autoformalisation failure
omnimath-965,0,Autoformalisation failure
omnimath-965,1,Autoformalisation failure
omnimath-965,2,Autoformalisation failure
omnimath-965,3,Autoformalisation failure
omnimath-965,4,True
omnimath-965,5,Autoformalisation failure
omnimath-966,0,Autoformalisation failure
omnimath-966,1,Autoformalisation failure
omnimath-966,2,Autoformalisation failure
omnimath-966,3,Autoformalisation failure
omnimath-966,4,Autoformalisation failure
omnimath-966,5,Autoformalisation failure
omnimath-966,6,Autoformalisation failure
omnimath-967,0,Autoformalisation failure
omnimath-967,1,Autoformalisation failure
omnimath-967,2,Autoformalisation failure
omnimath-967,3,Autoformalisation failure
omnimath-967,4,Autoformalisation failure
omnimath-967,5,Autoformalisation failure
omnimath-968,0,True
omnimath-968,1,True
omnimath-968,2,Prover failure
omnimath-968,3,True
omnimath-968,4,False
omnimath-968,5,False
omnimath-968,6,False
omnimath-968,7,False
omnimath-968,8,True
omnimath-968,9,True
omnimath-968,10,True
omnimath-969,0,Autoformalisation failure
omnimath-969,1,Autoformalisation failure
omnimath-969,2,Autoformalisation failure
omnimath-969,3,Autoformalisation failure
omnimath-969,4,Autoformalisation failure
omnimath-969,5,Autoformalisation failure
omnimath-969,6,Autoformalisation failure
omnimath-969,7,Autoformalisation failure
omnimath-970,0,Autoformalisation failure
omnimath-970,1,Autoformalisation failure
omnimath-970,2,Autoformalisation failure
omnimath-970,3,Autoformalisation failure
omnimath-970,4,True
omnimath-970,5,Autoformalisation failure
omnimath-970,6,True
omnimath-970,7,True
omnimath-970,8,Autoformalisation failure
omnimath-971,0,Autoformalisation failure
omnimath-971,1,Autoformalisation failure
omnimath-971,2,Autoformalisation failure
omnimath-971,3,Autoformalisation failure
omnimath-971,4,Autoformalisation failure
omnimath-971,5,Prover failure
omnimath-971,6,Autoformalisation failure
omnimath-971,7,Autoformalisation failure
omnimath-971,8,Autoformalisation failure
omnimath-971,9,Prover failure
omnimath-972,0,Autoformalisation failure
omnimath-972,1,Autoformalisation failure
omnimath-972,2,Autoformalisation failure
omnimath-972,3,Autoformalisation failure
omnimath-972,4,Autoformalisation failure
omnimath-972,5,Autoformalisation failure
omnimath-972,6,Autoformalisation failure
omnimath-972,7,Autoformalisation failure
omnimath-972,8,Autoformalisation failure
omnimath-973,0,Autoformalisation failure
omnimath-973,1,Autoformalisation failure
omnimath-973,2,Autoformalisation failure
omnimath-973,3,Autoformalisation failure
omnimath-973,4,Autoformalisation failure
omnimath-973,5,Autoformalisation failure
omnimath-973,6,Autoformalisation failure
omnimath-973,7,Autoformalisation failure
omnimath-973,8,Autoformalisation failure
omnimath-973,9,Autoformalisation failure
omnimath-973,10,Autoformalisation failure
omnimath-973,11,Autoformalisation failure
omnimath-973,12,Autoformalisation failure
omnimath-973,13,Autoformalisation failure
omnimath-973,14,Autoformalisation failure
omnimath-974,0,True
omnimath-974,1,True
omnimath-974,2,True
omnimath-974,3,True
omnimath-974,4,True
omnimath-974,5,True
omnimath-975,0,Autoformalisation failure
omnimath-975,1,Autoformalisation failure
omnimath-975,2,Autoformalisation failure
omnimath-975,3,Autoformalisation failure
omnimath-975,4,Autoformalisation failure
omnimath-975,5,Autoformalisation failure
omnimath-975,6,Autoformalisation failure
omnimath-975,7,Autoformalisation failure
omnimath-975,8,Autoformalisation failure
omnimath-975,9,Autoformalisation failure
omnimath-975,10,Autoformalisation failure
omnimath-975,11,Autoformalisation failure
omnimath-975,12,Autoformalisation failure
omnimath-976,0,Autoformalisation failure
omnimath-976,1,True
omnimath-976,2,Autoformalisation failure
omnimath-976,3,Autoformalisation failure
omnimath-976,4,Autoformalisation failure
omnimath-976,5,Autoformalisation failure
omnimath-976,6,Autoformalisation failure
omnimath-976,7,Autoformalisation failure
omnimath-976,8,False
omnimath-976,9,Autoformalisation failure
omnimath-976,10,True
omnimath-976,11,Autoformalisation failure
omnimath-976,12,Autoformalisation failure
omnimath-976,13,Autoformalisation failure
omnimath-976,14,Autoformalisation failure
omnimath-976,15,Autoformalisation failure
omnimath-976,16,Autoformalisation failure
omnimath-976,17,True
omnimath-976,18,Autoformalisation failure
omnimath-977,0,Autoformalisation failure
omnimath-977,1,Autoformalisation failure
omnimath-977,2,Autoformalisation failure
omnimath-977,3,Autoformalisation failure
omnimath-977,4,Autoformalisation failure
omnimath-977,5,Autoformalisation failure
omnimath-977,6,Autoformalisation failure
omnimath-978,0,Autoformalisation failure
omnimath-978,1,Autoformalisation failure
omnimath-978,2,Autoformalisation failure
omnimath-978,3,Autoformalisation failure
omnimath-978,4,Autoformalisation failure
omnimath-978,5,Autoformalisation failure
omnimath-978,6,Autoformalisation failure
omnimath-978,7,True
omnimath-979,0,Autoformalisation failure
omnimath-979,1,Autoformalisation failure
omnimath-979,2,True
omnimath-979,3,True
omnimath-979,4,Autoformalisation failure
omnimath-979,5,Autoformalisation failure
omnimath-979,6,Autoformalisation failure
omnimath-980,0,Autoformalisation failure
omnimath-980,1,Autoformalisation failure
omnimath-980,2,Autoformalisation failure
omnimath-980,3,Autoformalisation failure
omnimath-981,0,Autoformalisation failure
omnimath-981,1,False
omnimath-981,2,False
omnimath-981,3,True
omnimath-981,4,Autoformalisation failure
omnimath-982,0,Autoformalisation failure
omnimath-982,1,True
omnimath-982,2,Autoformalisation failure
omnimath-982,3,Autoformalisation failure
omnimath-982,4,Autoformalisation failure
omnimath-982,5,Autoformalisation failure
omnimath-982,6,Autoformalisation failure
omnimath-982,7,Autoformalisation failure
omnimath-982,8,Autoformalisation failure
omnimath-982,9,Autoformalisation failure
omnimath-982,10,Autoformalisation failure
omnimath-982,11,True
omnimath-982,12,Autoformalisation failure
omnimath-983,0,Autoformalisation failure
omnimath-983,1,Autoformalisation failure
omnimath-983,2,Autoformalisation failure
omnimath-983,3,True
omnimath-983,4,True
omnimath-983,5,True
omnimath-983,6,True
omnimath-983,7,True
omnimath-983,8,True
omnimath-983,9,Autoformalisation failure
omnimath-983,10,True
omnimath-983,11,True
omnimath-983,12,True
omnimath-983,13,True
omnimath-983,14,True
omnimath-983,15,True
omnimath-983,16,True
omnimath-984,0,True
omnimath-984,1,True
omnimath-984,2,True
omnimath-984,3,True
omnimath-985,0,Autoformalisation failure
omnimath-985,1,Autoformalisation failure
omnimath-985,2,True
omnimath-985,3,False
omnimath-985,4,Autoformalisation failure
omnimath-986,0,True
omnimath-986,1,True
omnimath-986,2,True
omnimath-986,3,True
omnimath-986,4,Prover failure
omnimath-986,5,True
omnimath-986,6,True
omnimath-986,7,True
omnimath-986,8,True
omnimath-986,9,True
omnimath-986,10,Prover failure
omnimath-987,0,Autoformalisation failure
omnimath-987,1,True
omnimath-987,2,True
omnimath-987,3,True
omnimath-987,4,True
omnimath-987,5,True
omnimath-987,6,True
omnimath-987,7,True
omnimath-987,8,True
omnimath-987,9,True
omnimath-987,10,True
omnimath-987,11,True
omnimath-987,12,True
omnimath-988,0,Autoformalisation failure
omnimath-988,1,Autoformalisation failure
omnimath-988,2,Autoformalisation failure
omnimath-988,3,Autoformalisation failure
omnimath-988,4,Autoformalisation failure
omnimath-988,5,Autoformalisation failure
omnimath-988,6,True
omnimath-988,7,Autoformalisation failure
omnimath-989,0,Autoformalisation failure
omnimath-989,1,Autoformalisation failure
omnimath-989,2,Autoformalisation failure
omnimath-989,3,Autoformalisation failure
omnimath-989,4,True
omnimath-989,5,Prover failure
omnimath-989,6,Autoformalisation failure
omnimath-990,0,Autoformalisation failure
omnimath-990,1,Autoformalisation failure
omnimath-990,2,Autoformalisation failure
omnimath-990,3,Autoformalisation failure
omnimath-990,4,Autoformalisation failure
omnimath-990,5,False
omnimath-990,6,Autoformalisation failure
omnimath-991,0,Autoformalisation failure
omnimath-991,1,Autoformalisation failure
omnimath-991,2,True
omnimath-991,3,Autoformalisation failure
omnimath-991,4,Autoformalisation failure
omnimath-991,5,True
omnimath-991,6,Autoformalisation failure
omnimath-992,0,Autoformalisation failure
omnimath-992,1,Autoformalisation failure
omnimath-992,2,Autoformalisation failure
omnimath-992,3,Autoformalisation failure
omnimath-992,4,Autoformalisation failure
omnimath-992,5,Autoformalisation failure
omnimath-992,6,Autoformalisation failure
omnimath-992,7,Autoformalisation failure
omnimath-992,8,Autoformalisation failure
omnimath-992,9,Autoformalisation failure
omnimath-993,0,Autoformalisation failure
omnimath-993,1,Autoformalisation failure
omnimath-993,2,True
omnimath-993,3,True
omnimath-993,4,True
omnimath-994,0,Autoformalisation failure
omnimath-994,1,Autoformalisation failure
omnimath-994,2,Autoformalisation failure
omnimath-994,3,Autoformalisation failure
omnimath-995,0,Autoformalisation failure
omnimath-995,1,Autoformalisation failure
omnimath-995,2,Autoformalisation failure
omnimath-995,3,Autoformalisation failure
omnimath-995,4,Autoformalisation failure
omnimath-995,5,True
omnimath-995,6,True
omnimath-995,7,Autoformalisation failure
omnimath-995,8,True
omnimath-995,9,True
omnimath-995,10,True
omnimath-995,11,Autoformalisation failure
omnimath-996,0,Autoformalisation failure
omnimath-996,1,Autoformalisation failure
omnimath-996,2,Autoformalisation failure
omnimath-996,3,True
omnimath-996,4,Autoformalisation failure
omnimath-996,5,Autoformalisation failure
omnimath-997,0,Autoformalisation failure
omnimath-997,1,True
omnimath-997,2,True
omnimath-997,3,True
omnimath-997,4,True
omnimath-997,5,Autoformalisation failure
omnimath-997,6,True
omnimath-998,0,Autoformalisation failure
omnimath-998,1,True
omnimath-998,2,Autoformalisation failure
omnimath-998,3,True
omnimath-998,4,True
omnimath-998,5,True
omnimath-998,6,Autoformalisation failure
omnimath-998,7,Autoformalisation failure
omnimath-999,0,Autoformalisation failure
omnimath-999,1,Autoformalisation failure
omnimath-999,2,Autoformalisation failure
omnimath-999,3,Autoformalisation failure
