word,category,count,examples,total_attribution,mean_attribution,sem
appropriately,other word,1,1,0.12067624181509018,0.12067624181509018,0.0
camera,other word,1,1,0.11205719411373138,0.11205719411373138,0.0
changes,other word,1,1,0.10077285021543503,0.10077285021543503,0.0
appearances,other word,1,1,0.0978490374982357,0.0978490374982357,0.0
computation,other word,1,1,0.09549525007605553,0.09549525007605553,0.0
salad,other word,1,1,0.09350916743278503,0.09350916743278503,0.0
reciprocal,other word,1,1,0.08853400498628616,0.08853400498628616,0.0
actions,other word,2,2,0.17465631244704127,0.08732815622352064,0.019103397744075948
rents,other word,2,1,0.15905621275305748,0.07952810637652874,0.019656164034372325
\(2037171\),math notation,1,1,0.07843518478330225,0.07843518478330225,0.0
\(\boxed{56}\),math notation,1,1,0.07649698061868548,0.07649698061868548,0.0
meeting,other word,2,2,0.1525185201317072,0.0762592600658536,0.050359516898731534
influencing,other word,1,1,0.07470902800559998,0.07470902800559998,0.0
\sum_{i=0}^{2015}\left\lfloor\frac{2^{i}}{25}\right\rfloor,math notation,1,1,0.07382413322920911,0.07382413322920911,0.0
converts,other word,1,1,0.06729618459939957,0.06729618459939957,0.0
\(\boxed{-6}\),math notation,1,1,0.06645672558806837,0.06645672558806837,0.0
\(1938\),math notation,1,1,0.0621746014803648,0.0621746014803648,0.0
12\%\),math notation,1,1,0.06082681845873594,0.06082681845873594,0.0
simplest,other word,1,1,0.06058202683925629,0.06058202683925629,0.0
700\),math notation,1,1,0.05827006325125694,0.05827006325125694,0.0
calculations,other word,2,1,0.11590395867824554,0.05795197933912277,0.014789855978079101
ties,other word,1,1,0.05689252959564328,0.05689252959564328,0.0
\(180^\circ\),math notation,1,1,0.056243088794872165,0.056243088794872165,0.0
inverse,other word,4,3,0.2242162040201947,0.05605405100504868,0.020534029838068235
24/25\),math notation,1,1,0.05571136611979455,0.05571136611979455,0.0
observations,other word,1,1,0.05559281446039677,0.05559281446039677,0.0
perfectly,other word,1,1,0.05544315092265606,0.05544315092265606,0.0
i.e,other word,3,3,0.16338147642090917,0.05446049214030305,0.008353789392262159
manipulations,other word,2,2,0.10872050060424954,0.05436025030212477,0.02445850062441075
\(19cd\),math notation,1,1,0.05209658411331475,0.05209658411331475,0.0
\(\boxed{\frac{1}{10}}\),math notation,1,1,0.05149333117878996,0.05149333117878996,0.0
approach,other word,5,4,0.25744459545239806,0.05148891909047961,0.019470814101454133
6561\),math notation,1,1,0.051363796228542924,0.051363796228542924,0.0
gcds,other word,1,1,0.05116255744360387,0.05116255744360387,0.0
\(3\sqrt{2}\),math notation,1,1,0.051036872901022434,0.051036872901022434,0.0
provided,other word,4,4,0.20347445545485243,0.05086861386371311,0.02416560774626342
stop,other word,1,1,0.05051634833216667,0.05051634833216667,0.0
42\),math notation,1,1,0.050175963435322046,0.050175963435322046,0.0
melanie,other word,1,1,0.048945292830467224,0.048945292830467224,0.0
pairs/year,math notation,1,1,0.04795251414179802,0.04795251414179802,0.0
cities,other word,1,1,0.047774107195436954,0.047774107195436954,0.0
groceries,other word,1,1,0.047614626586437225,0.047614626586437225,0.0
legs,other word,1,1,0.04755491763353348,0.04755491763353348,0.0
manipulation,other word,1,1,0.0466186311095953,0.0466186311095953,0.0
"\(i(6,3)\)",math notation,1,1,0.045671838568523526,0.045671838568523526,0.0
\(w\),math notation,1,1,0.04561571218073368,0.04561571218073368,0.0
\(p_i\),math notation,1,1,0.04476351666380651,0.04476351666380651,0.0
theory,other word,1,1,0.0445732157677412,0.0445732157677412,0.0
unnecessarily,other word,1,1,0.042903478955850005,0.042903478955850005,0.0
estimation,other word,1,1,0.04288727603852749,0.04288727603852749,0.0
"\(e(6,3)\)",math notation,1,1,0.04209340666420758,0.04209340666420758,0.0
\(\frac{2187}{5625}\),math notation,1,1,0.04153513949131593,0.04153513949131593,0.0
\(a_3a_5\),math notation,1,1,0.04151814035139978,0.04151814035139978,0.0
clock,other word,1,1,0.040940604172647,0.040940604172647,0.0
orthocenter,other word,1,1,0.039754140423610806,0.039754140423610806,0.0
210\),math notation,1,1,0.03890578728169203,0.03890578728169203,0.0
\(2^{2021}\),math notation,1,1,0.03825296007562429,0.03825296007562429,0.0
\(2021\),math notation,1,1,0.03802599059417844,0.03802599059417844,0.0
"\(\max(a,2)",math notation,1,1,0.0370626033982262,0.0370626033982262,0.0
\(1301_6\),math notation,1,1,0.036852457793429494,0.036852457793429494,0.0
0.01,number,1,1,0.03662008233368397,0.03662008233368397,0.0
reality,other word,3,3,0.10958989732898772,0.03652996577632924,0.029117396518922065
tuple,other word,2,1,0.0728723801439628,0.0364361900719814,0.030019505635813685
versa,other word,1,1,0.03577909478917718,0.03577909478917718,0.0
7/25\),math notation,1,1,0.035217261873185635,0.035217261873185635,0.0
space,other word,1,1,0.03517971187829971,0.03517971187829971,0.0
truck,other word,1,1,0.03501258883625269,0.03501258883625269,0.0
amounts,other word,3,3,0.10494560562074184,0.034981868540247284,0.01357253156659266
alyana,other word,2,2,0.06780347402673215,0.03390173701336607,0.014299856182224032
feasibility,other word,1,1,0.03363919258117676,0.03363919258117676,0.0
individually,other word,2,2,0.06727052573114634,0.03363526286557317,0.023849802790803364
mathematical,other word,1,1,0.03361281380057335,0.03361281380057335,0.0
solution,other word,28,26,0.9348209251184016,0.03338646161137149,0.007967214719093526
initially,other word,8,8,0.26380237517878413,0.032975296897348017,0.012298537999046967
\(19xy\),math notation,1,1,0.032876088633202016,0.032876088633202016,0.0
\(t^{2023}\),math notation,1,1,0.032560592982918024,0.032560592982918024,0.0
weights,other word,2,2,0.06499098613858223,0.032495493069291115,0.038634787185884666
rounds,other word,2,1,0.06459344958420843,0.032296724792104214,0.02288110773295823
requested,other word,2,2,0.06454445701092482,0.03227222850546241,0.022635180007557498
removes,other word,1,1,0.03200690448284149,0.03200690448284149,0.0
$90^\circ$,math notation,1,1,0.03189127752557397,0.03189127752557397,0.0
they're,other word,1,1,0.031724798725917935,0.031724798725917935,0.0
husband,other word,1,1,0.03150412626564503,0.03150412626564503,0.0
ladder,other word,2,1,0.062495491933077574,0.031247745966538787,0.02895810372790309
can't,negation,4,4,0.12298615067265928,0.03074653766816482,0.004859064140114676
puppy,other word,5,5,0.15355631336569786,0.03071126267313957,0.01075357523895546
non-relevant,other word,1,1,0.030662058852612972,0.030662058852612972,0.0
relation,other word,3,3,0.09161474369466305,0.030538247898221016,0.01854396168741958
\(1\)),math notation,1,1,0.030518640065565705,0.030518640065565705,0.0
\((t+10)^{23}\),math notation,1,1,0.030378686409676448,0.030378686409676448,0.0
highway,other word,3,1,0.09059762768447399,0.030199209228157997,0.009826464564929114
present,other word,2,2,0.0601348327472806,0.0300674163736403,0.00017811455744056213
shakes,other word,1,1,0.029620282351970673,0.029620282351970673,0.0
fund,other word,1,1,0.029546866659075022,0.029546866659075022,0.0
\(h\),math notation,1,1,0.029530027182772756,0.029530027182772756,0.0
sauce,other word,6,3,0.17601000342983752,0.029335000571639586,0.018600466601053925
\(\sqrt{2}\),math notation,1,1,0.02905763394664973,0.02905763394664973,0.0
integer-valued,other word,1,1,0.029047352727502584,0.029047352727502584,0.0
\frac{1}{10}\),math notation,2,1,0.0580759875010699,0.02903799375053495,0.016041278351908137
ninth,other word,5,4,0.1451487853191793,0.02902975706383586,0.013345638251922172
inclusive,other word,2,2,0.05798750836402178,0.02899375418201089,0.0012054344409982384
2:1,number,1,1,0.02889575343579054,0.02889575343579054,0.0
\(25\),math notation,2,1,0.05777697026496753,0.028888485132483765,0.003862316227011659
regardless,other word,2,2,0.057493207044899464,0.028746603522449732,0.013892260801515418
\frac{4-3}{4-1},math notation,1,1,0.028645866346778348,0.028645866346778348,0.0
-6)\),math notation,2,1,0.0572914244257845,0.02864571221289225,0.02322493256522554
double-counting,other word,1,1,0.02864436845993623,0.02864436845993623,0.0
board,other word,1,1,0.028447784949094057,0.028447784949094057,0.0
shown,other word,1,1,0.028371181222610176,0.028371181222610176,0.0
decagon,other word,1,1,0.028327800566330552,0.028327800566330552,0.0
5-1)(5-3)(5-4,math notation,1,1,0.028116685018176213,0.028116685018176213,0.0
statements,other word,1,1,0.028032425791025162,0.028032425791025162,0.0
process,other word,4,4,0.1116321450099349,0.027908036252483726,0.007513967780993825
potatoes,other word,6,3,0.16615571989677846,0.027692619982796412,0.0180809649855111
something,other word,1,1,0.027477149851620197,0.027477149851620197,0.0
\frac{b-1}{96},math notation,1,1,0.027452526381239295,0.027452526381239295,0.0
seated,other word,1,1,0.0274428550619632,0.0274428550619632,0.0
\(abcd\),math notation,1,1,0.027230407227762043,0.027230407227762043,0.0
possibilities,other word,4,4,0.10839978093281388,0.02709994523320347,0.00490880047451168
findings,other word,1,1,0.02703215554356575,0.02703215554356575,0.0
flavor,other word,2,2,0.053620679304003716,0.026810339652001858,0.003317268469359636
conditions,other word,15,13,0.3979847150621936,0.02653231433747957,0.007230098240556882
areas,other word,7,5,0.18363593146204948,0.026233704494578496,0.0017707406220572805
\(45^\circ\),math notation,3,3,0.07846532133407891,0.026155107111359637,0.006072012733580569
126,number,1,1,0.026004638522863388,0.026004638522863388,0.0
\(-4\),math notation,1,1,0.025940596824511886,0.025940596824511886,0.0
2:48,number,2,1,0.051801479305140674,0.025900739652570337,0.006986140148863102
isn't,negation,2,2,0.0517164763296023,0.02585823816480115,0.004451654313229982
error,hedging / contrast,1,1,0.025735880713909864,0.025735880713909864,0.0
\(\log_{4}{t}\),math notation,1,1,0.025602173758670688,0.025602173758670688,0.0
functions,other word,4,4,0.10192597075365484,0.02548149268841371,0.007818394165319827
rapidly,other word,2,2,0.05077234678901732,0.02538617339450866,0.009750393768533632
corners,other word,2,2,0.050645014736801386,0.025322507368400693,0.019508062148974697
\(a_3\),math notation,1,1,0.025294453371316195,0.025294453371316195,0.0
arguments,other word,2,2,0.05032041296362877,0.025160206481814384,0.007857338186209777
don't,negation,4,4,0.10061927291098982,0.025154818227747455,0.0032768357719085033
144\),math notation,1,1,0.024824916617944837,0.024824916617944837,0.0
candy,other word,3,2,0.07442029565572739,0.024806765218575794,0.021565427572716782
mathletics,other word,1,1,0.02465962152928114,0.02465962152928114,0.0
144a^2\),math notation,1,1,0.02454356220550835,0.02454356220550835,0.0
doesn't,negation,8,7,0.19492488118703477,0.024365610148379346,0.0034455428587876107
fountains,other word,1,1,0.024112051352858543,0.024112051352858543,0.0
10t,number,1,1,0.02395163191249594,0.02395163191249594,0.0
incorrect,hedging / contrast,2,2,0.04775359481573105,0.023876797407865524,0.007258041610521247
365079,number,3,1,0.07144897250691429,0.02381632416897143,0.007334384990987681
midlines,other word,1,1,0.023736545350402594,0.023736545350402594,0.0
1-10,number,1,1,0.02370957739185542,0.02370957739185542,0.0
"\(\max(b,2)",math notation,1,1,0.023607466253452003,0.023607466253452003,0.0
told,other word,1,1,0.023588376119732857,0.023588376119732857,0.0
\((5,math notation,1,1,0.02357728622155264,0.02357728622155264,0.0
journey,other word,1,1,0.022947140038013458,0.022947140038013458,0.0
preceding,other word,1,1,0.02282598428428173,0.02282598428428173,0.0
\(5625\),math notation,1,1,0.022660872084088624,0.022660872084088624,0.0
\left(\frac{4-3}{4-1}\right)t_2,math notation,1,1,0.022489299008157104,0.022489299008157104,0.0
won't,negation,1,1,0.022429925855249166,0.022429925855249166,0.0
$(x_1,math notation,1,1,0.02242625306826085,0.02242625306826085,0.0
\frac{k}{3},math notation,1,1,0.022167483635712415,0.022167483635712415,0.0
\(dc\),math notation,2,1,0.04416828224202618,0.02208414112101309,0.00011669608302757586
relations,other word,2,2,0.04414155334234238,0.02207077667117119,0.010625429926749924
perimeter,other word,12,6,0.2645087039563805,0.02204239199636504,0.008568269057181587
323,number,1,1,0.02200884371995926,0.02200884371995926,0.0
matrix,other word,2,2,0.044004037976264954,0.022002018988132477,0.00622069505755728
\(4c\),math notation,1,1,0.021968846529489383,0.021968846529489383,0.0
representations,other word,1,1,0.021956981625407934,0.021956981625407934,0.0
purse,other word,1,1,0.021952714771032333,0.021952714771032333,0.0
84^\circ\),math notation,1,1,0.021896767430007458,0.021896767430007458,0.0
direction,other word,1,1,0.021815639920532703,0.021815639920532703,0.0
parentheses,other word,7,7,0.15270527359098196,0.021815039084425995,0.00999423169513962
$\frac{3}{3}$),math notation,1,1,0.02176144625991583,0.02176144625991583,0.0
-180\),math notation,1,1,0.021632202580804005,0.021632202580804005,0.0
tenth,other word,3,2,0.06486354279331863,0.02162118093110621,0.005269861532495808
5-2)(5-3)(5-4,math notation,1,1,0.021582879242487252,0.021582879242487252,0.0
mb,other word,3,1,0.06439532607328147,0.02146510869109382,0.015587982324896867
determined,other word,1,1,0.021436957642436028,0.021436957642436028,0.0
additionally,other word,1,1,0.02141206618398428,0.02141206618398428,0.0
wide,other word,3,3,0.0641145552508533,0.0213715184169511,0.015279347309376806
involved,other word,2,2,0.04264156334102154,0.02132078167051077,0.005954217656580104
on/off,math notation,1,1,0.02120676974300295,0.02120676974300295,0.0
15/7,math notation,1,1,0.021197700581979007,0.021197700581979007,0.0
\(\log_5(x+3)\),math notation,1,1,0.02116442986880429,0.02116442986880429,0.0
\frac{4}{3},math notation,1,1,0.02112312419922091,0.02112312419922091,0.0
choices,other word,12,8,0.25330515671521425,0.021108763059601188,0.009001936354410751
manipulate,other word,1,1,0.02096547558903694,0.02096547558903694,0.0
112,number,2,2,0.04159616772085428,0.02079808386042714,0.006528269257827371
magazines,other word,2,1,0.04151555150747299,0.020757775753736496,0.008278291689513474
\(10x,math notation,1,1,0.020683947659563273,0.020683947659563273,0.0
funding,other word,2,2,0.041292314417660236,0.020646157208830118,0.0156536204061787
curves,other word,1,1,0.020642136223614216,0.020642136223614216,0.0
option,other word,1,1,0.02063757460564375,0.02063757460564375,0.0
distances,other word,4,3,0.08251194143667817,0.020627985359169543,0.0235986203684736
brianna's,other word,2,2,0.04125201888382435,0.020626009441912174,0.00951324966862134
however,hedging / contrast,32,32,0.656844074575929,0.02052637733049778,0.0017865278633232967
\(\frac{125}{9},math notation,1,1,0.020507758192252368,0.020507758192252368,0.0
-2\),math notation,2,2,0.04085007560206577,0.020425037801032886,0.0050195099778943784
line-up,other word,6,3,0.12233691290020943,0.020389485483368237,0.012123239595135591
\((10,math notation,1,1,0.02036473306361586,0.02036473306361586,0.0
euclidean,other word,1,1,0.020354287698864937,0.020354287698864937,0.0
distinctness,other word,1,1,0.02035231376066804,0.02035231376066804,0.0
octagon,other word,7,3,0.1419433956616558,0.020277627951665118,0.006773845746302795
\(g\),math notation,3,2,0.060687614080961794,0.02022920469365393,0.006568268541927822
"...,",other word,3,2,0.06066247099079192,0.020220823663597304,0.003266704940469567
systematically,other word,1,1,0.02021685102954507,0.02021685102954507,0.0
15\),math notation,2,2,0.04031591163948178,0.02015795581974089,0.00033965692465579266
produced,other word,1,1,0.02010421548038721,0.02010421548038721,0.0
randomly,other word,2,2,0.040012205485254526,0.020006102742627263,0.005847153960014179
halve,other word,1,1,0.01996615738607943,0.01996615738607943,0.0
input,other word,2,2,0.039876533672213554,0.019938266836106777,0.0010172609454704943
\(-2023\),math notation,1,1,0.019851485500112176,0.019851485500112176,0.0
\(7\),math notation,4,3,0.07914091512793675,0.019785228781984188,0.010674065559804269
removing,other word,2,2,0.039557939395308495,0.019778969697654247,0.00838105690143967
40$,math notation,1,1,0.01964032929390669,0.01964032929390669,0.0
occurring,other word,2,2,0.038869654294103384,0.019434827147051692,0.0035351968167554367
mentioned,other word,1,1,0.019368115812540054,0.019368115812540054,0.0
counting,other word,1,1,0.01919631939381361,0.01919631939381361,0.0
problems,other word,2,1,0.03814488905481994,0.01907244452740997,0.010007177558989428
\(r_2\),math notation,1,1,0.019052770221605897,0.019052770221605897,0.0
setup,other word,3,3,0.05705834738910198,0.01901944912970066,0.003269154241442945
\(3^8\),math notation,1,1,0.019012001634109765,0.019012001634109765,0.0
abc\),math notation,2,1,0.03795878140954301,0.018979390704771504,0.005751814104949194
complementary,other word,2,1,0.03744177892804146,0.01872088946402073,0.0020944204652090645
training,other word,1,1,0.018702806904911995,0.018702806904911995,0.0
\(t-3\),math notation,3,3,0.056102172238752246,0.01870072407958408,0.0035231412332236817
triangles,other word,12,10,0.22337333648465574,0.018614444707054645,0.004036648948807278
**5**,math notation,1,1,0.01856211351696402,0.01856211351696402,0.0
\(13201_6\),math notation,2,1,0.0370640640030615,0.01853203200153075,0.005360099401573487
100%,number,3,2,0.055586823262274265,0.018528941087424755,0.011351026662628952
vertices,other word,10,7,0.18474833550862968,0.01847483355086297,0.010258250313565713
makes,other word,2,2,0.036894479766488075,0.018447239883244038,0.00458214939382122
\frac{1}{5}$,math notation,1,1,0.018315028632059693,0.018315028632059693,0.0
816,number,1,1,0.018312906147912145,0.018312906147912145,0.0
ensure,other word,6,6,0.10976872174069285,0.018294786956782143,0.008726049766044299
affects,other word,2,2,0.036546215415000916,0.018273107707500458,0.007618265456387795
\left(\frac{3-3}{3-1}\right)t_1,math notation,1,1,0.018145650305086747,0.018145650305086747,0.0
u)\),math notation,4,4,0.07246355025563389,0.018115887563908473,0.003505956129404502
2/9,math notation,1,1,0.017993640154600143,0.017993640154600143,0.0
oliver,other word,8,2,0.14343723142519593,0.01792965392814949,0.004225691773200073
\frac{r-1}{96},math notation,1,1,0.017929082474438474,0.017929082474438474,0.0
3\,math notation,1,1,0.017897661600727588,0.017897661600727588,0.0
subsequent,other word,2,2,0.0357131595374085,0.01785657976870425,0.012357252801833902
constraints,other word,14,12,0.24933564706589095,0.017809689076135067,0.0038915902277112412
-6\),math notation,2,2,0.03558054385939613,0.017790271929698065,0.007564295737745571
patterns,other word,3,3,0.053292317781597376,0.017764105927199125,0.005263288238866854
homework,other word,10,5,0.17755492008291185,0.017755492008291185,0.007407955309923627
\frac{1}{3}\),math notation,3,3,0.05278787232236937,0.01759595744078979,0.008101195662839344
criteria,other word,1,1,0.017542704939842224,0.017542704939842224,0.0
\(s_2\),math notation,1,1,0.01753974618623033,0.01753974618623033,0.0
works,other word,4,4,0.07014916371554136,0.01753729092888534,0.01738349919266175
sweet,other word,3,3,0.052478558383882046,0.01749285279462735,0.009443455117641534
\(a_4a_6\),math notation,1,1,0.017458175541833043,0.017458175541833043,0.0
partitions,other word,1,1,0.01742286141961813,0.01742286141961813,0.0
doors,other word,3,2,0.05219898885115981,0.017399662950386603,0.006369949087337944
wallet,other word,1,1,0.01733852713368833,0.01733852713368833,0.0
\|\mathbf{b}\|^2,math notation,1,1,0.01732596955844201,0.01732596955844201,0.0
cards,other word,8,4,0.13845774810761213,0.017307218513451517,0.008330404563378387
spanish,other word,10,5,0.1728728668531403,0.01728728668531403,0.010129498903380609
-8)\),math notation,1,1,0.017196115222759545,0.017196115222759545,0.0
placed,other word,2,2,0.034289081348106265,0.017144540674053133,0.0047591968622046595
card,other word,4,3,0.06832149578258395,0.017080373945645988,0.008900080399023529
house,other word,9,6,0.15335838729515672,0.017039820810572967,0.005996738213187255
hectare,other word,1,1,0.016972865909337997,0.016972865909337997,0.0
(\(,math notation,1,1,0.016966580413281918,0.016966580413281918,0.0
exists,other word,1,1,0.01695025898516178,0.01695025898516178,0.0
\frac{5}{\frac{25}{3}},math notation,1,1,0.01693146410980262,0.01693146410980262,0.0
5-1)(5-2)(5-4,math notation,1,1,0.016906235017813742,0.016906235017813742,0.0
pairwise,other word,2,1,0.03374089207500219,0.016870446037501097,0.0017386342215095587
it's,other word,5,4,0.08434025093447417,0.016868050186894835,0.00472142887920194
0.2\),math notation,1,1,0.01676537049934268,0.01676537049934268,0.0
\cdots\),math notation,1,1,0.016744776628911495,0.016744776628911495,0.0
\(cdbe\),math notation,2,1,0.033378301915945485,0.016689150957972743,0.0045901047864035345
\(\triangle,math notation,5,2,0.0832693243137328,0.01665386486274656,0.0026506974261168163
limited,other word,1,1,0.016630954341962934,0.016630954341962934,0.0
-4)\),math notation,1,1,0.01659961257246323,0.01659961257246323,0.0
lana,other word,1,1,0.016565289348363876,0.016565289348363876,0.0
\(abc\),math notation,2,2,0.033092644764110446,0.016546322382055223,0.007427216426265944
196\),math notation,1,1,0.01653083530254662,0.01653083530254662,0.0
due,other word,5,5,0.0823794100433588,0.016475882008671762,0.003023453489509321
substitution,other word,2,2,0.03282298520207405,0.016411492601037025,0.0069404413993893735
suffering,other word,1,1,0.01636304333806038,0.01636304333806038,0.0
30.5^{\circ}+\sin,math notation,1,1,0.016289981140289456,0.016289981140289456,0.0
k\),math notation,1,1,0.016241352073848248,0.016241352073848248,0.0
\binom{n}{2},math notation,1,1,0.016232014284469187,0.016232014284469187,0.0
consecutively,other word,2,1,0.03243583382572979,0.016217916912864894,0.005532634955158058
replacement,other word,2,2,0.032413498032838106,0.016206749016419053,0.011596739282814654
prove,other word,1,1,0.016161473467946053,0.016161473467946053,0.0
perspective,other word,2,2,0.03224496264010668,0.01612248132005334,0.003039879315157441
1-100,number,1,1,0.016055535757914186,0.016055535757914186,0.0
bills,other word,26,8,0.4162122637499124,0.016008163990381245,0.004595294038327466
baking,other word,1,1,0.01600484224036336,0.01600484224036336,0.0
rows,other word,3,3,0.047892872244119644,0.015964290748039883,0.008895476009437592
david,other word,1,1,0.01587807945907116,0.01587807945907116,0.0
arrangement,other word,2,2,0.0317144594155252,0.0158572297077626,0.00030531259379355135
complexity,other word,3,3,0.04755538993049413,0.015851796643498044,0.002546990592312735
period,other word,11,9,0.1741995164193213,0.015836319674483755,0.007981671034158649
work,other word,16,14,0.25241303304210305,0.01577581456513144,0.005544255524516257
carl,other word,7,5,0.11030212510377169,0.015757446443395957,0.007464730970174464
\(2^n\),math notation,1,1,0.015710031962953508,0.015710031962953508,0.0
20.5,number,1,1,0.01559961261227727,0.01559961261227727,0.0
vieta's,other word,5,4,0.0779638854728546,0.01559277709457092,0.004731989150790316
withdraws,other word,1,1,0.015571977477520704,0.015571977477520704,0.0
theoretically,other word,1,1,0.015514861792325974,0.015514861792325974,0.0
5=10$,math notation,1,1,0.015414168126881123,0.015414168126881123,0.0
\(a_0\),math notation,2,1,0.03076549497200176,0.01538274748600088,0.011103692339782603
bac}$,math notation,1,1,0.01534535555401817,0.01534535555401817,0.0
satisfied,other word,2,2,0.030660309828817844,0.015330154914408922,0.010876516813303289
\(5^1\),math notation,1,1,0.015323804196668789,0.015323804196668789,0.0
\frac{k}{4},math notation,2,1,0.030612223432399333,0.015306111716199666,0.0033641677454714167
computer,other word,2,1,0.030546192079782486,0.015273096039891243,0.01564419202445791
flipping,other word,1,1,0.015262441709637642,0.015262441709637642,0.0
pedro,other word,1,1,0.015261334367096424,0.015261334367096424,0.0
necessarily,other word,1,1,0.01525849662721157,0.01525849662721157,0.0
\(24,math notation,2,2,0.03047862311359495,0.015239311556797475,0.004075172238232297
\((-4,math notation,1,1,0.015216471743769944,0.015216471743769944,0.0
pickaxe,other word,6,2,0.09108997843577527,0.015181663072629211,0.006957550765001873
combinatorics,other word,1,1,0.015132048167288303,0.015132048167288303,0.0
best,other word,1,1,0.01506902533583343,0.01506902533583343,0.0
choice,other word,1,1,0.01506766490638256,0.01506766490638256,0.0
\(42,math notation,1,1,0.015067396685481071,0.015067396685481071,0.0
\(30.5^\circ,math notation,1,1,0.015064056846313179,0.015064056846313179,0.0
level,other word,2,2,0.03012391645461321,0.015061958227306604,7.608493972978347e-06
convinces,other word,1,1,0.01501716859638691,0.01501716859638691,0.0
dot,other word,1,1,0.014904477633535862,0.014904477633535862,0.0
p(\text{odd,math notation,1,1,0.01490009343251586,0.01490009343251586,0.0
\frac{3}{25},math notation,1,1,0.014871945371851325,0.014871945371851325,0.0
non-prime,other word,2,1,0.029739382909610868,0.014869691454805434,0.005799364784476952
cyclic,other word,4,3,0.0592466713860631,0.014811667846515775,0.0036826248196313153
resulting,other word,2,2,0.029591500759124756,0.014795750379562378,0.010669814509498943
\frac{n(n-1)}{2},math notation,3,2,0.04436571235419251,0.014788570784730837,0.006480005830925225
frog,other word,2,1,0.029570752754807472,0.014785376377403736,0.016175073399028878
"\((10^3)^{10,000^{100,000}}",math notation,1,1,0.014783667691517621,0.014783667691517621,0.0
analysis,other word,1,1,0.014722051098942757,0.014722051098942757,0.0
respectively,other word,7,7,0.10288431588560343,0.014697759412229061,0.006093052026562607
solution}\),math notation,1,1,0.014676263643195853,0.014676263643195853,0.0
theater,other word,1,1,0.014670917764306068,0.014670917764306068,0.0
constant,other word,6,6,0.08742539887316525,0.014570899812194208,0.006732026534357742
4.5,number,3,3,0.043513174168765545,0.014504391389588514,0.009650096442014299
jamal,other word,6,4,0.0869925303850323,0.01449875506417205,0.007237802232000615
itself,other word,1,1,0.01448577013798058,0.01448577013798058,0.0
holiday,other word,1,1,0.01447022333741188,0.01447022333741188,0.0
\frac{15}{25},math notation,1,1,0.014442016399698332,0.014442016399698332,0.0
90.89,number,1,1,0.014430589159019291,0.014430589159019291,0.0
instance,other word,1,1,0.014430060517042875,0.014430060517042875,0.0
during,other word,2,2,0.028777708299458027,0.014388854149729013,0.004983489136771415
\((-2,math notation,1,1,0.014327568816952407,0.014327568816952407,0.0
0.1\),math notation,1,1,0.014301860937848687,0.014301860937848687,0.0
\frac{k}{36},math notation,1,1,0.014293519838247448,0.014293519838247448,0.0
\rangle\),math notation,3,1,0.042724361876025796,0.014241453958675265,0.007346326505975248
\(a_7\),math notation,1,1,0.014233410300221294,0.014233410300221294,0.0
operations,other word,6,5,0.08512834087014198,0.01418805681169033,0.003907408799762814
plates,other word,4,1,0.05643640225753188,0.01410910056438297,0.006706730328431331
\frac{3^7}{5^7},math notation,1,1,0.014090256881900132,0.014090256881900132,0.0
driveway,other word,2,1,0.02817459125071764,0.01408729562535882,0.0017475304992678974
collection,other word,3,3,0.04223802941851318,0.014079343139504394,0.0024122106372086688
criterion,other word,2,2,0.02810183074325323,0.014050915371626616,0.0021648843982909616
rhombus,other word,2,1,0.028075954178348184,0.014037977089174092,0.0026432090643591626
joining,other word,2,2,0.02799998503178358,0.01399999251589179,0.0020699137191612497
function,other word,26,19,0.36367954770685174,0.01398767491180199,0.005342714422808446
\(2021\)-tuples,math notation,12,3,0.16753683431306854,0.013961402859422378,0.002910368501609213
4.5\),math notation,1,1,0.013930589891970158,0.013930589891970158,0.0
strategies,other word,2,1,0.02781155612319708,0.01390577806159854,0.006684331793873624
subtracted,other word,1,1,0.01389652700163424,0.01389652700163424,0.0
diagonal,other word,2,2,0.027791611850261688,0.013895805925130844,0.007343186147047349
connecting,other word,1,1,0.013895679265260696,0.013895679265260696,0.0
coefficients,other word,5,4,0.06934137851931155,0.01386827570386231,0.005181125071850149
median,other word,16,9,0.22175292286556214,0.013859557679097634,0.005235461196620308
bac\),math notation,1,1,0.013833689270541072,0.013833689270541072,0.0
224,number,2,2,0.027632522862404585,0.013816261431202292,0.01113073853635078
16\),math notation,3,3,0.041324934019939974,0.013774978006646657,0.007692682260076694
1.75a\),math notation,1,1,0.013702367898076773,0.013702367898076773,0.0
altitudes,other word,3,2,0.04108038835693151,0.013693462785643836,0.00671315191393472
$8.00,math notation,1,1,0.013609729474410415,0.013609729474410415,0.0
circular,other word,2,2,0.02716101286932826,0.01358050643466413,0.00525512870351054
aside,other word,1,1,0.013510536402463913,0.013510536402463913,0.0
released,other word,3,1,0.040452886605635285,0.013484295535211762,0.012060157429432658
did,other word,7,6,0.09422768373042345,0.013461097675774778,0.003050301364655015
cecilia,other word,5,5,0.06712400168180466,0.013424800336360931,0.015621829372324227
fact,other word,8,8,0.10712498030625284,0.013390622538281605,0.006064946283129321
\frac{\sqrt{3}}{2},math notation,2,1,0.026714281179010868,0.013357140589505434,0.0051995670564178465
family,other word,2,2,0.026697732508182526,0.013348866254091263,0.002245764529855621
candidates,other word,4,2,0.05318551231175661,0.013296378077939153,0.01099143963691124
multiplication,other word,6,6,0.07903432310558856,0.013172387184264759,0.003802914880869474
\\,math notation,1,1,0.013133905362337828,0.013133905362337828,0.0
banana,other word,1,1,0.013119417242705822,0.013119417242705822,0.0
\)'s,math notation,1,1,0.013103623874485493,0.013103623874485493,0.0
\frac{36a,math notation,1,1,0.01308783225249499,0.01308783225249499,0.0
\(\frac{\cos,math notation,1,1,0.01308012893423438,0.01308012893423438,0.0
\(bcd\),math notation,2,1,0.02614583761896938,0.01307291880948469,0.01118095959327889
correspond,other word,1,1,0.013066467829048634,0.013066467829048634,0.0
throwing,other word,1,1,0.013042198494076729,0.013042198494076729,0.0
decomposed,other word,2,1,0.026083291304530576,0.013041645652265288,0.007102074306184703
t_{2,math notation,1,1,0.013034117058850825,0.013034117058850825,0.0
\text{expected,math notation,1,1,0.01301006565336138,0.01301006565336138,0.0
certain,other word,1,1,0.01300874538719654,0.01300874538719654,0.0
a_0\),math notation,1,1,0.013006731227505952,0.013006731227505952,0.0
interested,other word,5,5,0.06482336763292551,0.012964673526585101,0.005336244191642895
tall,other word,5,3,0.06460527825402096,0.012921055650804193,0.009416472532473944
\(2x\),math notation,1,1,0.012808583880541846,0.012808583880541846,0.0
\frac{1}{4}\),math notation,1,1,0.012807465202058665,0.012807465202058665,0.0
cannot,negation,8,7,0.1023921079467982,0.012799013493349776,0.004199743139544571
\boxed{160},math notation,1,1,0.012759239412844181,0.012759239412844181,0.0
inner,other word,4,4,0.05094350385479629,0.012735875963699073,0.00522600674736756
mathematics,other word,2,1,0.025294423568993807,0.012647211784496903,0.001000654263976567
3\left(\frac{49}{20}\right),math notation,1,1,0.01260933734010905,0.01260933734010905,0.0
instead,hedging / contrast,1,1,0.012588087236508727,0.012588087236508727,0.0
landed,other word,1,1,0.012583571951836348,0.012583571951836348,0.0
80y$,math notation,1,1,0.012525517959147692,0.012525517959147692,0.0
8)\),math notation,1,1,0.012515436275862157,0.012515436275862157,0.0
donation,other word,2,1,0.024988988414406776,0.012494494207203388,0.025724714237161342
quadrilateral,other word,5,4,0.06247037366847508,0.012494074733695015,0.005140868458149928
staircase,other word,1,1,0.012451919727027416,0.012451919727027416,0.0
870,number,1,1,0.012394411489367485,0.012394411489367485,0.0
\(i\),math notation,4,3,0.049511817866005,0.01237795446650125,0.002652816681839182
\(\sum_{n=1}^{\infty},math notation,1,1,0.012377880746498704,0.012377880746498704,0.0
5\)),math notation,2,2,0.02475155401043594,0.01237577700521797,0.009108801184003151
square's,other word,1,1,0.012360718566924334,0.012360718566924334,0.0
\boxed{\frac{32}{11}},math notation,1,1,0.0123498359171208,0.0123498359171208,0.0
unchanged,other word,1,1,0.01234669960103929,0.01234669960103929,0.0
caterer,other word,1,1,0.012313463725149632,0.012313463725149632,0.0
different,other word,14,13,0.17190915578976274,0.012279225413554482,0.0015248315992523215
sequence,other word,37,23,0.45224628085270524,0.01222287245547852,0.0033587826878102747
2^2}{2^4}\right)^2,math notation,1,1,0.012200597848277539,0.012200597848277539,0.0
imposed,other word,1,1,0.012154149822890759,0.012154149822890759,0.0
\(b^3\),math notation,1,1,0.012151192408055067,0.012151192408055067,0.0
1^\circ\),math notation,1,1,0.012123862281441689,0.012123862281441689,0.0
gift,other word,2,2,0.024238361045718193,0.012119180522859097,0.006202290055648179
precise,other word,1,1,0.01211896724998951,0.01211896724998951,0.0
representation,other word,3,2,0.03631667193258181,0.012105557310860604,0.003792273631227066
emil's,other word,3,1,0.036313300020992756,0.01210443334033092,0.001748511243079425
\(10^{2}=100\),math notation,1,1,0.012091525131836534,0.012091525131836534,0.0
got,other word,1,1,0.012062104418873787,0.012062104418873787,0.0
\(\overline{ad}\),math notation,1,1,0.012054739985615015,0.012054739985615015,0.0
gauravi,other word,1,1,0.01199413649737835,0.01199413649737835,0.0
decrease,other word,1,1,0.011966687627136707,0.011966687627136707,0.0
consistent,other word,5,4,0.05973837373312563,0.011947674746625125,0.0029998073460591767
sizes,other word,4,3,0.047615098766982555,0.011903774691745639,0.013415796210735681
\(1900,math notation,1,1,0.011898316442966461,0.011898316442966461,0.0
already-on,other word,3,2,0.035681513138115406,0.011893837712705135,0.001980361471445931
**counting,math notation,2,2,0.02374411770142615,0.011872058850713074,0.001314098318400496
\((-2)\),math notation,1,1,0.011866407294292003,0.011866407294292003,0.0
notices,other word,1,1,0.0118603790178895,0.0118603790178895,0.0
behavior,other word,3,3,0.03539877291768789,0.011799590972562632,0.0014932840905014272
seems,hedging / contrast,4,4,0.04715762194246054,0.011789405485615134,0.0027444538320509112
date,other word,1,1,0.011765118688344955,0.011765118688344955,0.0
tower,other word,1,1,0.011764834634959698,0.011764834634959698,0.0
animals,other word,3,3,0.03520787041634321,0.011735956805447737,0.01814264619731491
region,other word,6,5,0.07023221789859235,0.011705369649765393,0.0033671413206636234
31.5^{\circ}+\ldots+\cos,math notation,1,1,0.011668896884657443,0.011668896884657443,0.0
anne's,other word,1,1,0.011661638040095568,0.011661638040095568,0.0
29\),math notation,1,1,0.011619622586295009,0.011619622586295009,0.0
4}{16}\right)^2,math notation,1,1,0.011610601912252605,0.011610601912252605,0.0
x(1.2a,math notation,1,1,0.011574983247555792,0.011574983247555792,0.0
r\,math notation,1,1,0.01154447509907186,0.01154447509907186,0.0
\(4-5,math notation,1,1,0.011519090156070888,0.011519090156070888,0.0
gardener,other word,2,2,0.022994909435510635,0.011497454717755318,0.005765150186882773
analyzing,other word,4,4,0.04577402723953128,0.01144350680988282,0.0038014877083197406
trilisa,other word,1,1,0.01141654490493238,0.01141654490493238,0.0
cde\),math notation,1,1,0.011353467765729874,0.011353467765729874,0.0
allowance,other word,3,3,0.033972653560340405,0.011324217853446802,0.01088849106658861
happens,other word,3,3,0.03394815418869257,0.011316051396230856,0.003695563028417951
\(\frac{125}{9}\),math notation,1,1,0.011267453170148656,0.011267453170148656,0.0
\(b'c'\),math notation,1,1,0.011265378794632852,0.011265378794632852,0.0
six-sided,other word,2,2,0.022528840694576502,0.011264420347288251,0.007627074312362698
28\),math notation,1,1,0.011227272218093276,0.011227272218093276,0.0
situation,other word,3,3,0.03366205934435129,0.011220686448117098,0.009461669790377951
"$27,000",math notation,1,1,0.011203479953110218,0.011203479953110218,0.0
series,other word,14,10,0.1567508490406908,0.0111964892171922,0.005245279811284929
semicircle,other word,8,4,0.08914004894904792,0.01114250611863099,0.008511754012939566
\(92,math notation,1,1,0.011135251028463244,0.011135251028463244,0.0
percentages,other word,1,1,0.011111550265923142,0.011111550265923142,0.0
90^\circ\),math notation,1,1,0.011100874573457986,0.011100874573457986,0.0
\(-6\),math notation,2,2,0.02216928152483888,0.01108464076241944,0.0021547480091957862
\(p_0\),math notation,1,1,0.01105558651033789,0.01105558651033789,0.0
mixing,other word,1,1,0.011007444001734257,0.011007444001734257,0.0
independent,other word,1,1,0.010978884063661098,0.010978884063661098,0.0
were,other word,15,11,0.16456003533676267,0.010970669022450844,0.002106039753236117
bed,other word,3,1,0.03284303267719224,0.010947677559064081,0.011196784697147312
buildings,other word,8,4,0.08734194934368134,0.010917743667960167,0.007532033054387239
counts,other word,2,2,0.021776989568024874,0.010888494784012437,0.0018281263042412355
-\frac{1}{3}\),math notation,1,1,0.010865556134376675,0.010865556134376675,0.0
giving,other word,7,5,0.07581895147450268,0.010831278782071812,0.0018726351233395806
binary,other word,1,1,0.01077745109796524,0.01077745109796524,0.0
scale,other word,2,2,0.02149524912238121,0.010747624561190605,0.004293996000363794
twelfth,other word,1,1,0.01074404688552022,0.01074404688552022,0.0
$96,math notation,1,1,0.010712212882936,0.010712212882936,0.0
not,negation,89,61,0.9457018602988683,0.010625863598863689,0.0015801722475978254
43\),math notation,1,1,0.010585420997813344,0.010585420997813344,0.0
reduces,other word,1,1,0.010543905198574066,0.010543905198574066,0.0
2^2\),math notation,1,1,0.01054316369118169,0.01054316369118169,0.0
problem,other word,68,65,0.7162603876786307,0.01053324099527398,0.0021708661278730433
\(\boxed{\text{tuesday}}\),math notation,1,1,0.01049701264128089,0.01049701264128089,0.0
"10,000^{100,000}}\)",math notation,1,1,0.010496643313672394,0.010496643313672394,0.0
stewart's,other word,3,2,0.03143809165339917,0.01047936388446639,0.00027655753417225957
a$,math notation,2,2,0.020889074075967073,0.010444537037983537,0.00014855990310293267
repeating,other word,4,4,0.04173830384388566,0.010434575960971415,0.002535333667854427
structure,other word,3,2,0.03117049508728087,0.010390165029093623,0.00785095969070404
\|\mathbf{v}\|\),math notation,1,1,0.010376669059041888,0.010376669059041888,0.0
\[(9,math notation,1,1,0.010373779601650313,0.010373779601650313,0.0
ones,other word,1,1,0.010277159512043,0.010277159512043,0.0
having,other word,3,3,0.030793114565312862,0.010264371521770954,0.0025898282882317225
\(ca,math notation,1,1,0.010250899475067854,0.010250899475067854,0.0
counted,other word,4,4,0.04095991258509457,0.010239978146273643,0.0008671170295364465
99\),math notation,1,1,0.010200854332651943,0.010200854332651943,0.0
related,other word,4,3,0.04067921987734735,0.010169804969336838,0.002919010406924674
\frac{2}{3}\),math notation,1,1,0.010102240892592818,0.010102240892592818,0.0
does,other word,21,21,0.2120439204154536,0.010097329543593029,0.003131792332005313
\(bd,math notation,1,1,0.010059489693958312,0.010059489693958312,0.0
infinite,other word,2,2,0.020114948973059654,0.010057474486529827,0.00031900488656740105
\((4,math notation,3,3,0.030097905633738264,0.010032635211246088,0.00443403856360519
\(a_3,math notation,1,1,0.01000399945769459,0.01000399945769459,0.0
ah/hd,math notation,2,1,0.019929425790905952,0.009964712895452976,0.0014469123399995008
respective,other word,1,1,0.009957180358469486,0.009957180358469486,0.0
removed,other word,8,4,0.07963770616333932,0.009954713270417415,0.003916110229007468
sequences,other word,6,4,0.05955457885283977,0.009925763142139962,0.006545663267325136
\(a_3\)),math notation,1,1,0.009923026518663391,0.009923026518663391,0.0
intersection,other word,9,5,0.08919965953100473,0.009911073281222748,0.0020189743666162102
$(x_2,math notation,1,1,0.009907683124765754,0.009907683124765754,0.0
impact,other word,1,1,0.009901349432766438,0.009901349432766438,0.0
eb\),math notation,2,1,0.019739477604161948,0.009869738802080974,0.002936178990609425
scenarios,other word,2,2,0.019722857687156647,0.009861428843578324,0.0064465253834019446
p(\text{even,math notation,1,1,0.00985772960120812,0.00985772960120812,0.0
strategy,other word,6,4,0.05875457730144262,0.009792429550240437,0.002567076802255753
horizontal,other word,2,2,0.019559213891625404,0.009779606945812702,0.000521476371180212
6.25,number,2,2,0.019487930578179657,0.009743965289089829,0.00449612590617212
\(15\),math notation,1,1,0.009700879454612732,0.009700879454612732,0.0
stories}\),math notation,3,1,0.029018572764471173,0.009672857588157058,0.01368242800439254
\(7^1,math notation,2,2,0.01930072344839573,0.009650361724197865,0.002574682239947494
0.3,number,1,1,0.009634374640882015,0.009634374640882015,0.0
20th,number,2,1,0.01923799980431795,0.009618999902158976,0.0009531598694247263
$2019$,math notation,2,1,0.01923726056702435,0.009618630283512175,0.004268198918670651
\(7^2,math notation,2,2,0.019164390861988068,0.009582195430994034,0.0005557118775625191
laundry,other word,4,2,0.038309664465487,0.00957741611637175,0.010070016897503467
\(a_7,math notation,1,1,0.009575921460054815,0.009575921460054815,0.0
pass,other word,1,1,0.009564030915498734,0.009564030915498734,0.0
x\),math notation,7,4,0.06680889264680445,0.009544127520972065,0.006400401134870298
early,other word,4,4,0.03813912172336131,0.009534780430840328,0.006022677925402966
circle,other word,36,21,0.3427757819881663,0.009521549499671286,0.003445697429400278
"v,$",math notation,1,1,0.009501510998234153,0.009501510998234153,0.0
"\(\max(c,1)\)",math notation,1,1,0.009440038702450693,0.009440038702450693,0.0
minute,other word,19,11,0.17888371273875237,0.00941493224940802,0.004955845685020533
basketball,other word,4,2,0.03761341329663992,0.00940335332415998,0.004797466831061679
exact,other word,3,3,0.028194142505526543,0.00939804750184218,0.0022390936238522196
b^2}\),math notation,1,1,0.009385946206748486,0.009385946206748486,0.0
neil,other word,1,1,0.009378964081406593,0.009378964081406593,0.0
\(120,math notation,1,1,0.009372099651955068,0.009372099651955068,0.0
$0.05,math notation,1,1,0.00936593348160386,0.00936593348160386,0.0
**3**,math notation,2,2,0.018725756264757365,0.009362878132378682,0.006762364317247218
expressing,other word,2,2,0.018671646248549223,0.009335823124274611,0.002258612897842491
extremes,other word,2,2,0.018643371295183897,0.009321685647591949,0.0026494840880215385
vectors,other word,2,2,0.018626550678163767,0.009313275339081883,0.006534759707861921
discern,other word,1,1,0.009275567485019565,0.009275567485019565,0.0
universal,other word,6,3,0.055487593985162675,0.009247932330860445,0.003169978377508312
understanding,other word,2,2,0.018415397498756647,0.009207698749378324,0.003274428667390217
fourier,other word,2,1,0.01837314013391733,0.009186570066958666,0.005915365176970394
intervals,other word,2,2,0.01829924574121833,0.009149622870609164,0.0021520837747809204
turning,other word,7,4,0.06404580449452624,0.009149400642075176,0.001544214143510775
\(v\),math notation,10,6,0.09134681354044005,0.009134681354044005,0.002354811880245167
\(\log_4{t},math notation,1,1,0.009127295226790011,0.009127295226790011,0.0
opponent,other word,3,1,0.02725564851425588,0.009085216171418628,0.001004199618115093
\left(\frac{9,math notation,1,1,0.009072370710782707,0.009072370710782707,0.0
2b\),math notation,2,2,0.018142843386158347,0.009071421693079174,0.011671602210891812
ambiguity,other word,1,1,0.009047392755746841,0.009047392755746841,0.0
\[2014,math notation,1,1,0.00901880394667387,0.00901880394667387,0.0
\sqrt[4]{36a,math notation,2,1,0.0179528919106815,0.00897644595534075,0.0003867774408530005
squared,other word,2,2,0.01793099904898554,0.00896549952449277,0.0008010010617446987
\(2^i\),math notation,3,1,0.02686238696333021,0.008954128987776736,0.005936205016569927
guests,other word,3,1,0.026853439980186522,0.008951146660062173,0.006262523163811968
b^2$,math notation,1,1,0.00894760200753808,0.00894760200753808,0.0
area,other word,74,36,0.6616960944375023,0.008941839114020302,0.0010940421905126874
distributions,other word,1,1,0.008934981189668179,0.008934981189668179,0.0
bhc,other word,1,1,0.008895450737327337,0.008895450737327337,0.0
81\),math notation,1,1,0.00888450164347887,0.00888450164347887,0.0
constraint,other word,3,3,0.026647057384252548,0.008882352461417517,0.008377828223787511
progression,other word,3,3,0.02660171315073967,0.008867237716913223,0.008174683441063929
requires,other word,1,1,0.008866708725690842,0.008866708725690842,0.0
\(de\),math notation,1,1,0.008820307499263436,0.008820307499263436,0.0
\(\log_5(x-1)\),math notation,1,1,0.008806787969660945,0.008806787969660945,0.0
tangent,other word,8,6,0.07030852232128382,0.008788565290160477,0.002715018973855408
adjacent,other word,3,3,0.02630624221637845,0.008768747405459484,0.0006904134106731998
separately,other word,4,4,0.03504222026094794,0.008760555065236986,0.005526052259299095
emerges,other word,2,2,0.017518858425319195,0.008759429212659597,0.003451214775922051
diagonals,other word,8,5,0.07006023160647601,0.008757528950809501,0.002479536660983977
allowed,other word,1,1,0.008732517715543509,0.008732517715543509,0.0
\ldots\),math notation,3,2,0.02612125058658421,0.008707083528861403,0.005697273646438584
30.5^{\circ}+\cos,math notation,1,1,0.008706649765372276,0.008706649765372276,0.0
grid,other word,3,1,0.02607296232599765,0.008690987441999217,0.0038138858985265665
1)d\),math notation,1,1,0.008682630053954199,0.008682630053954199,0.0
7th,number,1,1,0.008666416862979531,0.008666416862979531,0.0
\mathbf{a}\),math notation,1,1,0.008664925291668624,0.008664925291668624,0.0
figures,other word,2,2,0.017301413347013295,0.008650706673506647,0.005240611871853664
matches,other word,2,2,0.017177168745547533,0.008588584372773767,0.007133489606001332
sales,other word,1,1,0.0085687767714262,0.0085687767714262,0.0
\(\frac{2187}{78125}\),math notation,1,1,0.008561006019590423,0.008561006019590423,0.0
\(1^{2}=1\),math notation,1,1,0.008558101864764467,0.008558101864764467,0.0
ed,other word,8,3,0.06845054298173636,0.008556317872717045,0.003656887935161769
ball,other word,1,1,0.008554884232580662,0.008554884232580662,0.0
amplitude,other word,3,1,0.02560799615457654,0.00853599871819218,0.009813862252338008
\(36a\),math notation,1,1,0.008526331483153626,0.008526331483153626,0.0
\(3^1\),math notation,1,1,0.008508162252837792,0.008508162252837792,0.0
seventh,other word,13,11,0.1104756502318196,0.0084981269409092,0.006993401514803961
"10^3)^{10,000^{100,000",math notation,1,1,0.00849504757206887,0.00849504757206887,0.0
two-digit,other word,3,1,0.025456301169469953,0.008485433723156651,0.004280103048803588
cycles,other word,3,2,0.025310025084763765,0.008436675028254589,0.0034364142577300613
a_7\),math notation,3,2,0.025271150545449927,0.00842371684848331,0.005543304407236617
\{a_i,math notation,2,1,0.016780919817392714,0.008390459908696357,0.0037601078916401414
tomato-to-can,other word,1,1,0.008388359798118472,0.008388359798118472,0.0
edges,other word,9,4,0.07546649198047817,0.008385165775608685,0.0033745075085830187
\(3^{2022}\),math notation,2,1,0.016728043294278905,0.008364021647139452,0.012394716071514265
colorings,other word,2,1,0.016724228742532432,0.008362114371266216,0.01357819273501114
\(3d\),math notation,1,1,0.008351401542313397,0.008351401542313397,0.0
shared,other word,1,1,0.00835043378174305,0.00835043378174305,0.0
favorable,other word,16,10,0.1335746799595654,0.008348417497472838,0.0037219291574945843
\(z\),math notation,1,1,0.008339188352692872,0.008339188352692872,0.0
hotdogs,other word,4,1,0.033345687203109264,0.008336421800777316,0.01120225812538462
\(a_0,math notation,2,1,0.016618472174741328,0.008309236087370664,2.4732750291113994e-05
depending,other word,1,1,0.008226210251450539,0.008226210251450539,0.0
indeed,other word,4,3,0.03287095052655786,0.008217737631639466,0.002389656961232178
y)\],math notation,1,1,0.008213221677578986,0.008213221677578986,0.0
\(360^\circ\),math notation,2,1,0.016377463325625286,0.008188731662812643,0.0049312134930067026
\(p_6,math notation,1,1,0.008170185843482614,0.008170185843482614,0.0
needed,other word,21,17,0.17121173918712884,0.00815293996129185,0.002218542757608557
combinations,other word,7,6,0.0570369748165831,0.00814813925951187,0.004691102410323438
them,other word,19,19,0.15392842842265964,0.00810149623277156,0.003904068039111304
3!\),math notation,1,1,0.008093078038655221,0.008093078038655221,0.0
$\frac{3}{4}$,math notation,2,1,0.016160794388270006,0.008080397194135003,0.0017280608469743052
-2023,number,3,2,0.02420008386252448,0.008066694620841494,0.0018313956687612003
aiming,other word,1,1,0.008031519129872322,0.008031519129872322,0.0
thousands,other word,1,1,0.00802232138812542,0.00802232138812542,0.0
5-1)(5-2)(5-3,math notation,1,1,0.008019027824047953,0.008019027824047953,0.0
knowing,other word,1,1,0.008008274249732494,0.008008274249732494,0.0
constants,other word,1,1,0.00800591497682035,0.00800591497682035,0.0
according,other word,11,11,0.08806256158277392,0.00800568741661581,0.003908651163878701
44.5^{\circ}}{\sin,math notation,1,1,0.007994966872502118,0.007994966872502118,0.0
appear,hedging / contrast,3,3,0.0239580855704844,0.0079860285234948,0.001168337405225306
###,other word,1,1,0.007975800370331854,0.007975800370331854,0.0
$0,math notation,1,1,0.007963969022966921,0.007963969022966921,0.0
leading,other word,3,3,0.023871371056884527,0.007957123685628176,0.002648435576711606
once,other word,8,7,0.06354119046591222,0.007942648808239028,0.006961110553658117
\(abc6\),math notation,1,1,0.007938650320284069,0.007938650320284069,0.0
\(3^{2020}\),math notation,1,1,0.007935837900731713,0.007935837900731713,0.0
a_3\),math notation,2,1,0.0158647169591859,0.00793235847959295,0.002051056832242577
tuples,other word,1,1,0.00792817072942853,0.00792817072942853,0.0
rectangles,other word,4,2,0.03150407486828044,0.00787601871707011,0.003408052980643309
n-1)d,math notation,1,1,0.007862319354899228,0.007862319354899228,0.0
general,other word,4,3,0.03137742402032018,0.007844356005080044,0.0017984658466715174
$\tan{\angle,math notation,1,1,0.007805297151207924,0.007805297151207924,0.0
states,other word,8,8,0.0621160312439315,0.007764503905491438,0.002734484779576105
fixed,other word,3,3,0.023261770140379667,0.0077539233801265555,0.006363978240877789
2\theta,math notation,2,1,0.015409627347253263,0.0077048136736266315,0.00014325610911272919
incrementally,other word,1,1,0.00767519639339298,0.00767519639339298,0.0
unclear,hedging / contrast,1,1,0.007634361740201712,0.007634361740201712,0.0
field,other word,1,1,0.00762921676505357,0.00762921676505357,0.0
42,number,3,3,0.022883194964379072,0.007627731654793024,0.008972947618239094
james,other word,5,5,0.03811589581891894,0.0076231791637837885,0.0036426748112813605
shows,other word,13,4,0.09888720326125622,0.007606707943173556,0.002325826076420436
equality,other word,2,2,0.015109680593013763,0.007554840296506882,2.8788602438718563e-05
properties,other word,17,16,0.12779441312886775,0.007517318419345161,0.001636656375264168
diagram,other word,2,1,0.01502004312351346,0.00751002156175673,0.0014608695323016865
similarity,other word,4,3,0.030016043921932578,0.0075040109804831445,0.0023800729069158
\sqrt{\frac{144}{1369}},math notation,1,1,0.007501020620111376,0.007501020620111376,0.0
\((1-4)^2,math notation,1,1,0.007493362587410957,0.007493362587410957,0.0
selecting,other word,1,1,0.007488451898097992,0.007488451898097992,0.0
members,other word,2,2,0.014928588643670082,0.007464294321835041,0.00029991763254802993
expressions,other word,6,5,0.04477658594259992,0.0074627643237666534,0.0036220927683800453
congruent,other word,7,4,0.052166354609653354,0.007452336372807622,0.003763495645798435
matchings,other word,4,1,0.029614172875881195,0.007403543218970299,0.004463204144523514
\(j\),math notation,1,1,0.007395280641503632,0.007395280641503632,0.0
triangle,other word,55,33,0.4061244068434462,0.007384080124426294,0.0019400575497075666
avoid,other word,2,2,0.01475332211703062,0.00737666105851531,0.0020845762126314848
clarification,other word,1,1,0.007366849342361093,0.007366849342361093,0.0
2014\),math notation,1,1,0.00734310713596642,0.00734310713596642,0.0
equally,other word,1,1,0.0073257507756352425,0.0073257507756352425,0.0
\(a+b,math notation,2,1,0.014647509146016091,0.0073237545730080456,0.0010107713391960958
flashlight,other word,2,1,0.014586089819204062,0.007293044909602031,0.0054364111275682055
inclusion-exclusion,other word,3,3,0.02181142650078982,0.007270475500263274,0.004209690095338013
surface,other word,1,1,0.007246179506182671,0.007246179506182671,0.0
differ,other word,2,1,0.014491898939013481,0.007245949469506741,0.0013360873664762319
\(t\)'s,math notation,2,2,0.014454417629167438,0.007227208814583719,0.016539595482580962
computers,other word,9,3,0.0649308362044394,0.007214537356048822,0.0017431904656743703
fixing,other word,1,1,0.007172292098402977,0.007172292098402977,0.0
parallel,other word,2,2,0.014325470430776477,0.007162735215388238,0.006283739251985799
(3+\sqrt{5})^2,math notation,2,1,0.014307267789263278,0.007153633894631639,0.004286551669188947
change,other word,11,8,0.07854493125341833,0.007140448295765303,0.004710302901768082
ah,other word,4,1,0.028479715110734105,0.007119928777683526,0.0044399050229074755
verified,other word,1,1,0.00711420364677906,0.00711420364677906,0.0
k8,number,2,1,0.014152260380797088,0.007076130190398544,0.001969404186811022
jason,other word,6,6,0.042379031889140606,0.007063171981523435,0.005485000208960455
$28.80,math notation,1,1,0.007053951965644956,0.007053951965644956,0.0
49\),math notation,4,4,0.02811012521851808,0.00702753130462952,0.00410414007758556
\frac{g-1}{96},math notation,1,1,0.007013753755018115,0.007013753755018115,0.0
parts,other word,7,7,0.04901233792770654,0.007001762561100934,0.005622556979631446
jogging,other word,1,1,0.006997511722147465,0.006997511722147465,0.0
happen,other word,1,1,0.0069971769116818905,0.0069971769116818905,0.0
\(t_4,math notation,1,1,0.006996857700869441,0.006996857700869441,0.0
outcomes,other word,31,16,0.21682383387815207,0.0069943172218758735,0.003664635565969257
\(2011\),math notation,1,1,0.006977749639190733,0.006977749639190733,0.0
probability,other word,88,50,0.6139071370998863,0.006976217467044163,0.0015504087813208237
1.25,number,2,1,0.013951928354799747,0.006975964177399874,0.006073702161111092
\(x^7\),math notation,1,1,0.006972285802476108,0.006972285802476108,0.0
\(1875\),math notation,1,1,0.00695796514628455,0.00695796514628455,0.0
|v|,math notation,3,1,0.020853413734585047,0.006951137911528349,0.0014648748679795362
greedy,other word,1,1,0.006939961574971676,0.006939961574971676,0.0
2^{a+b+c}\),math notation,1,1,0.006935634184628725,0.006935634184628725,0.0
maximize,other word,7,6,0.04853534046560526,0.006933620066515037,0.00509697047010812
orange,other word,3,2,0.0207987860776484,0.006932928692549467,0.0013016192232184589
circles,other word,7,4,0.04823103151284158,0.006890147358977369,0.0028902339381617946
making,other word,2,2,0.013737981207668781,0.006868990603834391,0.0038034142569588294
off-diagonal,other word,1,1,0.0068565248511731625,0.0068565248511731625,0.0
2014,number,7,5,0.04789600241929293,0.00684228605989899,0.003195692091200179
components,other word,1,1,0.006840105634182692,0.006840105634182692,0.0
mx,other word,1,1,0.006838098168373108,0.006838098168373108,0.0
geometry,other word,2,2,0.013667331775650382,0.006833665887825191,0.0019088321684654702
context,other word,1,1,0.006831817328929901,0.006831817328929901,0.0
student,other word,3,2,0.020453195786103606,0.006817731928701202,0.010177892369284838
year,other word,45,28,0.3066777787171304,0.006815061749269565,0.004422932271621749
\(a_1\),math notation,2,2,0.013607970700832084,0.006803985350416042,0.005511654416547513
pickaxes,other word,2,1,0.013592204311862588,0.006796102155931294,0.00568064715502551
say,other word,2,2,0.013581338804215193,0.006790669402107596,0.00422247098744341
right-angled,other word,5,4,0.03392546018585563,0.006785092037171125,0.0027406705699262943
win,other word,4,2,0.027136284159496427,0.006784071039874107,0.002904031601647386
relates,other word,1,1,0.006783314049243927,0.006783314049243927,0.0
been,other word,5,5,0.03386349661741406,0.006772699323482812,0.00222741719275246
lead,other word,1,1,0.006744894199073315,0.006744894199073315,0.0
\)-th,math notation,4,2,0.0269465958699584,0.0067366489674896,0.0008997375548710336
738822,number,2,1,0.013451277161948383,0.006725638580974191,0.003557733609225684
"\(\max(c,1)",math notation,1,1,0.006723721919115633,0.006723721919115633,0.0
sale,other word,6,5,0.040303513989783823,0.006717252331630637,0.006659679266932554
two,other word,110,88,0.7382430123980157,0.006711300112709233,0.0006398409472230675
soil,other word,5,5,0.03350416454486549,0.006700832908973098,0.0095611649923369
factorial,other word,1,1,0.0067001706920564175,0.0067001706920564175,0.0
makeup,other word,1,1,0.006676013581454754,0.006676013581454754,0.0
geometric,other word,16,12,0.10652663139626384,0.00665791446226649,0.0011000309232938716
piece,other word,7,3,0.04655471770092845,0.0066506739572754926,0.002515244584700568
p_j\),math notation,1,1,0.006639419443672523,0.006639419443672523,0.0
quarter-circles,other word,1,1,0.006631026044487953,0.006631026044487953,0.0
richard,other word,2,1,0.013257964514195919,0.0066289822570979595,0.00017808327657643295
\alpha},math notation,1,1,0.006609638221561909,0.006609638221561909,0.0
non-face,other word,1,1,0.006574379745870829,0.006574379745870829,0.0
7\],math notation,2,2,0.013121518248226494,0.006560759124113247,0.0007815876018192024
exclude,other word,1,1,0.0065586259588599205,0.0065586259588599205,0.0
\frac{3-3}{3-1},math notation,1,1,0.006556843902217224,0.006556843902217224,0.0
\(7^3,math notation,2,2,0.013100687909172848,0.006550343954586424,0.0010669080294111082
measuring,other word,8,4,0.052249479573220015,0.006531184946652502,0.0028722961642120245
grow,other word,1,1,0.006512543652206659,0.006512543652206659,0.0
polynomial,other word,4,4,0.025981559650972486,0.006495389912743121,0.0021023112214304802
potential,other word,1,1,0.006491115782409906,0.006491115782409906,0.0
isotope,other word,11,3,0.07123048091307282,0.006475498264824802,0.004441709849549841
45\),math notation,1,1,0.006471871747635305,0.006471871747635305,0.0
lights,other word,2,2,0.012926753610372543,0.006463376805186272,0.004403187948143393
\triangle,math notation,16,9,0.10321101703448221,0.006450688564655138,0.0006217145228545348
known,other word,6,6,0.038641918799839914,0.006440319799973319,0.005300537047362155
34(x,math notation,1,1,0.00643694051541388,0.00643694051541388,0.0
$l,math notation,2,2,0.012848882121033967,0.006424441060516983,0.0031815339263448253
fed,other word,1,1,0.006412033922970295,0.006412033922970295,0.0
\frac{r_2}{\sqrt[3]{r_1}}\),math notation,1,1,0.006410158472135663,0.006410158472135663,0.0
existing,other word,1,1,0.006391751114279032,0.006391751114279032,0.0
\(be\),math notation,1,1,0.006371601950377226,0.006371601950377226,0.0
9th,number,2,1,0.01273338496685028,0.00636669248342514,0.0017522097872693686
couple,other word,4,1,0.02540691732428968,0.00635172933107242,0.001117081870887421
day,other word,20,15,0.12694172840565443,0.006347086420282722,0.003695804138500168
99,number,4,3,0.025378572172485292,0.006344643043121323,0.009725458577235467
tight,other word,1,1,0.006335263140499592,0.006335263140499592,0.0
calculation,other word,8,8,0.05050852370914072,0.00631356546364259,0.004571772014568124
≤,math notation,4,1,0.025181054137647152,0.006295263534411788,0.0009471387734983483
themselves,other word,2,2,0.012587612261995673,0.006293806130997837,0.004583826459728862
2023,number,12,9,0.07537657400825992,0.0062813811673549935,0.0034176939034067963
2\theta},math notation,1,1,0.006268974189879373,0.006268974189879373,0.0
66,number,5,4,0.031197523116134107,0.006239504623226822,0.005466276310944062
cycle,other word,2,2,0.012428086949512362,0.006214043474756181,0.0021491419741456984
31.5^{\circ}+\ldots+\sin,math notation,1,1,0.006197589274961501,0.006197589274961501,0.0
\frac{8}{2},math notation,2,1,0.012355927377939224,0.006177963688969612,0.0011631855180886071
\frac{125}{9}\),math notation,1,1,0.00617241402505897,0.00617241402505897,0.0
estimated,other word,2,1,0.01232850004453212,0.00616425002226606,0.0012836033859825657
juicy,other word,2,1,0.012312817852944136,0.006156408926472068,8.815688374174169e-05
child's,other word,2,2,0.01228861726121977,0.006144308630609885,0.006667464719765337
|u|,math notation,1,1,0.006140548037365079,0.006140548037365079,0.0
independently,other word,2,2,0.01227865880355239,0.006139329401776195,0.00481205205600567
term-by-term,other word,1,1,0.006127388682216406,0.006127388682216406,0.0
\):**,math notation,3,3,0.018373095605056733,0.006124365201685578,0.0029763115625396318
three-digit,other word,5,3,0.03044718725141138,0.0060894374502822755,0.002853476737888489
daisy,other word,1,1,0.006085705943405628,0.006085705943405628,0.0
logs,other word,1,1,0.006066185887902975,0.006066185887902975,0.0
3-student,number,1,1,0.006064540706574917,0.006064540706574917,0.0
hundred,other word,2,1,0.012064720503985882,0.006032360251992941,0.001111822997733003
terms,other word,62,44,0.3739227638288867,0.006031012319820753,0.0026591312914138404
monthly,other word,5,3,0.030029122484847903,0.006005824496969581,0.005512859141037193
opposite,other word,9,9,0.053909581853076816,0.005989953539230757,0.0008568939086207815
x_6,math notation,1,1,0.0059544575633481145,0.0059544575633481145,0.0
gerta,other word,2,1,0.011904011480510235,0.005952005740255117,0.000289702619412456
\sqrt{b^{2},math notation,1,1,0.005940524279139936,0.005940524279139936,0.0
encoded,other word,1,1,0.005937723442912102,0.005937723442912102,0.0
-4\),math notation,2,1,0.011864142143167555,0.005932071071583778,0.006024414097114665
contradicts,other word,1,1,0.005930557730607688,0.005930557730607688,0.0
ce\),math notation,3,1,0.0177402317058295,0.005913410568609834,0.004249227158862613
specifically,other word,2,2,0.011811976321041584,0.005905988160520792,0.004322099387241957
simpler,other word,2,2,0.011801708489656448,0.005900854244828224,0.00027646422844073337
bounds,other word,1,1,0.005897229537367821,0.005897229537367821,0.0
team,other word,12,6,0.07069049682468176,0.005890874735390146,0.0032731952162655476
received,other word,4,3,0.023538168519735336,0.005884542129933834,0.004714453233729561
a_6,math notation,2,2,0.011766154668293893,0.005883077334146947,0.00485800072312018
three,other word,51,42,0.2998120081028901,0.005878666825546865,0.000702015567842361
area}_{xyz,math notation,1,1,0.005855542316567153,0.005855542316567153,0.0
\frac{2187}{78125},math notation,2,1,0.01169361914799083,0.005846809573995415,0.015359527862192602
\(60,math notation,1,1,0.005842772196047008,0.005842772196047008,0.0
-5x^5\),math notation,1,1,0.005842182203195989,0.005842182203195989,0.0
curve,other word,1,1,0.005818234756588936,0.005818234756588936,0.0
definition,other word,1,1,0.005815818440169096,0.005815818440169096,0.0
draws,other word,3,3,0.017404647078365088,0.0058015490261216955,0.0016739489950985359
\((-∞,math notation,1,1,0.0057783384108915925,0.0057783384108915925,0.0
arrangements,other word,7,3,0.04038957308512181,0.005769939012160259,0.008449361962461955
$3:4:5$,math notation,2,1,0.011505604081321508,0.005752802040660754,0.0020737667190208454
\(-6,math notation,1,1,0.005725803435780108,0.005725803435780108,0.0
ceiling,other word,1,1,0.005721287801861763,0.005721287801861763,0.0
attempt,other word,1,1,0.005689538083970547,0.005689538083970547,0.0
carl's,other word,6,3,0.0340396718820557,0.005673278647009283,0.0053671984889543545
1938,number,2,1,0.01134010124951601,0.005670050624758005,0.00489938378347891
1.1,number,2,2,0.011307069566100836,0.005653534783050418,0.005242870885311204
1.024\),math notation,1,1,0.005608590203337371,0.005608590203337371,0.0
\(x/2\),math notation,1,1,0.005603233119472861,0.005603233119472861,0.0
\(f(2021,math notation,2,2,0.011203402245882899,0.005601701122941449,0.0010164221861419986
b$,math notation,1,1,0.005598459974862635,0.005598459974862635,0.0
x-intercept,other word,4,2,0.022393382503651083,0.005598345625912771,0.0039043916203004504
\(14,math notation,1,1,0.005580316763371229,0.005580316763371229,0.0
juan,other word,1,1,0.005571273155510426,0.005571273155510426,0.0
angles,other word,14,9,0.07797699060756713,0.0055697850433976525,0.0015761960038806677
participated,other word,1,1,0.005559347104281187,0.005559347104281187,0.0
might,hedging / contrast,3,2,0.01667719311080873,0.005559064370269577,0.0033216543622387575
exceeding,other word,1,1,0.005549249704927206,0.005549249704927206,0.0
144,number,2,2,0.011064779246225953,0.0055323896231129766,0.006106834605442528
\,math notation,12,4,0.06623461120761931,0.005519550933968276,0.0021303285931928624
\hline,math notation,1,1,0.005518346792086959,0.005518346792086959,0.0
sitting,other word,1,1,0.0055080256424844265,0.0055080256424844265,0.0
count,other word,11,11,0.0603850340412464,0.005489548549204218,0.010821083483866812
3.7037,number,1,1,0.005465164402266964,0.005465164402266964,0.0
loses,other word,3,3,0.016381938941776752,0.005460646313925584,0.011839676372291526
6-by-6-by-6,number,2,1,0.010799762327224016,0.005399881163612008,0.0006386593038148332
prism,other word,1,1,0.005381874740123749,0.005381874740123749,0.0
\(s_n\),math notation,1,1,0.005340350937331095,0.005340350937331095,0.0
heron's,other word,2,2,0.010630508651956916,0.005315254325978458,0.0014738809723723457
sets,other word,8,7,0.04244215786457062,0.005305269733071327,0.003289557552263651
shaken,other word,1,1,0.005304289981722832,0.005304289981722832,0.0
16807\),math notation,2,2,0.010604913346469402,0.005302456673234701,0.00018507940647505085
x_3,math notation,5,3,0.026445697149029,0.0052891394298058,0.000621603139762988
ab\),math notation,1,1,0.005256655276753008,0.005256655276753008,0.0
pieces,other word,7,4,0.03674501305795275,0.0052492875797075355,0.002694728261717061
roots,other word,17,12,0.08913916218443774,0.005243480128496338,0.003244106193145519
ahd,other word,1,1,0.005239696009084582,0.005239696009084582,0.0
\(3x^2,math notation,1,1,0.005237585195573047,0.005237585195573047,0.0
z\),math notation,1,1,0.005215953337028623,0.005215953337028623,0.0
are,other word,251,197,1.3052072629216127,0.00520002893594268,0.001109978867071499
\(2014,math notation,1,1,0.005187314352951944,0.005187314352951944,0.0
\(\angle,math notation,6,5,0.031122300715651363,0.005187050119275227,0.0014953770371664715
algebraic,other word,4,3,0.02073088474571705,0.005182721186429262,0.0033459603286284203
canceling,other word,1,1,0.005182608147151768,0.005182608147151768,0.0
corresponding,other word,6,6,0.031067206989973783,0.005177867831662297,0.0013634358889492127
\(60\%,math notation,2,2,0.010286294505931437,0.0051431472529657185,0.014758587255864288
non-zero,other word,7,5,0.035882978118024766,0.005126139731146395,0.0034642340564344427
\implies,math notation,82,31,0.41975400983938016,0.005118951339504636,0.0006998232196365257
integers,other word,35,26,0.17847356852144003,0.005099244814898286,0.0034552780800170125
\[(0,math notation,1,1,0.00508075044490397,0.00508075044490397,0.0
outer,other word,3,3,0.015178716741502285,0.005059572247167428,0.0030837248563177905
\boxed{yes},math notation,1,1,0.005059149698354304,0.005059149698354304,0.0
2019,number,3,2,0.015161631745286286,0.005053877248428762,0.005022689736438082
diagrams,other word,1,1,0.005053522996604443,0.005053522996604443,0.0
central,other word,6,5,0.030301879975013435,0.0050503133291689055,0.0014296842675399922
how,other word,74,66,0.3726032063132152,0.005035178463692097,0.001433174744606119
"$(2,0)$",math notation,3,2,0.015066190157085657,0.005022063385695219,0.008805901623623647
evenly,other word,1,1,0.0049939206801354885,0.0049939206801354885,0.0
\sum_{i=1}^{100},math notation,2,2,0.009972181404009461,0.004986090702004731,0.011171786726827199
\(u,math notation,4,4,0.019851584860589355,0.004962896215147339,0.0006440231033613516
getting,other word,1,1,0.004958450794219971,0.004958450794219971,0.0
343\),math notation,2,2,0.009897998039377853,0.004948999019688927,0.002984997049332554
\(40,math notation,2,2,0.009882638230919838,0.004941319115459919,0.0013939644560589917
beginning,other word,3,2,0.01481947471620515,0.004939824905401717,0.002217587379952852
445,number,1,1,0.004937317222356796,0.004937317222356796,0.0
adult,other word,2,2,0.009861170314252377,0.004930585157126188,0.00722187138269255
rotates,other word,1,1,0.004929248709231615,0.004929248709231615,0.0
even,other word,22,16,0.10836938314605504,0.004925881052093411,0.001539896361316228
types,other word,2,2,0.009849495254456997,0.0049247476272284985,0.003248186162655487
person's,other word,2,1,0.009824036154896021,0.0049120180774480104,0.0017139215156668722
1884,number,1,1,0.004906236659735441,0.004906236659735441,0.0
r^{n-1,math notation,2,2,0.00977774070634041,0.004888870353170205,0.00223995887864643
science,other word,9,3,0.04351921350462362,0.004835468167180402,0.0031585078895392036
\),math notation,833,281,4.026147541648243,0.004833310374127542,0.000696102794619657
|e|,math notation,3,1,0.014463854196947068,0.004821284732315689,0.0016613093813384154
they,other word,17,13,0.08131801395211369,0.004783412585418452,0.0017674300429876353
give,other word,5,4,0.02389154303818941,0.004778308607637882,0.004948690717645656
end,other word,10,9,0.04775421408703551,0.00477542140870355,0.0025914187210774
paths,other word,2,1,0.009541366598568857,0.004770683299284428,0.004083678657641908
beyond,other word,3,3,0.014284606091678143,0.0047615353638927145,0.012348288772045371
relationships,other word,3,3,0.014255303889513016,0.004751767963171005,0.010029948855518106
\(2^1\),math notation,1,1,0.004740645410493016,0.004740645410493016,0.0
60%,number,4,3,0.018779898644424975,0.004694974661106244,0.006780345845952473
$120.00,math notation,1,1,0.004688960965722799,0.004688960965722799,0.0
2nd,number,1,1,0.004684817977249622,0.004684817977249622,0.0
very,other word,7,6,0.03274917497765273,0.004678453568236104,0.0016592126104227763
b_1,math notation,1,1,0.004671209375374019,0.004671209375374019,0.0
x_{99,math notation,3,3,0.013971989945275709,0.004657329981758569,0.0034079544151540153
\(6.4,math notation,1,1,0.004653300857171416,0.004653300857171416,0.0
thomas,other word,9,6,0.04175844136625528,0.004639826818472809,0.001825192188494494
occurs,other word,6,5,0.027829292928799987,0.004638215488133331,0.0020853987155371526
remembered,other word,1,1,0.0046302261762320995,0.0046302261762320995,0.0
\(\frac{2}{6},math notation,1,1,0.004602195229381323,0.004602195229381323,0.0
extension,other word,8,3,0.03681210451759398,0.0046015130646992475,0.006008158999200151
≥,math notation,1,1,0.004565980285406113,0.004565980285406113,0.0
47,number,5,4,0.02281046728603542,0.0045620934572070835,0.005240956491601264
atoms,other word,8,3,0.03636477852705866,0.004545597315882333,0.0015843861400075254
factors,other word,7,6,0.03176952397916466,0.004538503425594952,0.006216708330620545
possible,other word,88,71,0.3977901645412203,0.004520342778877503,0.002128220042287865
$n$,math notation,3,2,0.013533967547118664,0.0045113225157062216,0.0052404274969731005
but,hedging / contrast,24,22,0.10814535367535427,0.004506056403139762,0.0015153560461795023
\(2.56,math notation,1,1,0.004502765601500869,0.004502765601500869,0.0
\(p_1,math notation,3,2,0.013503342983312905,0.004501114327770968,0.0012848291451277734
consecutive,other word,5,4,0.0224990111310035,0.0044998022262006995,0.0013510670010775142
-16\),math notation,1,1,0.004494994616834447,0.004494994616834447,0.0
pattern,other word,15,12,0.067195467883721,0.004479697858914733,0.001656505564898164
since,other word,244,213,1.0883174924820196,0.004460317592139424,0.0008695632375869525
state,other word,1,1,0.004431650973856449,0.004431650973856449,0.0
investment,other word,2,1,0.00882758293300867,0.004413791466504335,0.004747547127540382
cougars,other word,17,5,0.07476784032769501,0.004398108254570295,0.006404932334899812
\frac{17}{145},math notation,1,1,0.004388623056001961,0.004388623056001961,0.0
expanding,other word,2,2,0.00875832000747323,0.004379160003736615,0.002246813097348457
abc,other word,13,9,0.056859492731746286,0.004373807133211253,0.002183359859375239
proceeding,other word,1,1,0.004368463531136513,0.004368463531136513,0.0
intersects,other word,1,1,0.004363818094134331,0.004363818094134331,0.0
george,other word,13,7,0.05670169065706432,0.004361668512081871,0.0038342238146146694
3f(-2,math notation,2,1,0.008689327747561038,0.004344663873780519,0.00013682369331295037
normal,other word,3,2,0.013004688313230872,0.004334896104410291,0.0044807882903830695
construct,other word,1,1,0.004310542717576027,0.004310542717576027,0.0
$64$,math notation,2,1,0.008619989268481731,0.004309994634240866,0.005012591206395934
correct,hedging / contrast,15,14,0.06462271371856332,0.004308180914570888,0.004554484934189876
6.4\),math notation,1,1,0.004293539677746594,0.004293539677746594,0.0
\frac{x,math notation,1,1,0.004269059107173234,0.004269059107173234,0.0
intersections,other word,1,1,0.004245616961270571,0.004245616961270571,0.0
repetition,other word,1,1,0.0042439899407327175,0.0042439899407327175,0.0
exclusion,other word,2,2,0.008461403660476208,0.004230701830238104,0.005974062895328164
imply,other word,1,1,0.004221981856971979,0.004221981856971979,0.0
trying,other word,2,2,0.00843157630879432,0.00421578815439716,0.0041697424399830905
chosen,other word,9,9,0.03783407888840884,0.004203786543156538,0.003170485198126942
appears,hedging / contrast,13,9,0.05454542872030288,0.004195802209254067,0.004841047591580468
\(3:5:7\),math notation,1,1,0.004194857901893556,0.004194857901893556,0.0
took,other word,4,4,0.01677923183888197,0.004194807959720492,0.003414454207800341
allows,other word,4,4,0.01666832179762423,0.004167080449406058,0.0014167864021839456
fair,other word,4,4,0.016613873653113842,0.0041534684132784605,0.006799031238991991
"\(\max(a,2)\)",math notation,1,1,0.004149950691498816,0.004149950691498816,0.0
chord,other word,4,1,0.016478382633067667,0.004119595658266917,0.0017090810452744507
cookie,other word,6,2,0.02455695206299424,0.004092825343832374,0.010070186314850038
volumes,other word,1,1,0.004083980806171894,0.004083980806171894,0.0
raising,other word,1,1,0.004062832798808813,0.004062832798808813,0.0
sequence's,other word,1,1,0.004056064877659082,0.004056064877659082,0.0
edge,other word,3,2,0.012163670500740409,0.004054556833580136,0.0022706253857898828
4/5\),math notation,1,1,0.00405081149074249,0.00405081149074249,0.0
1.75,number,2,1,0.008098318561678752,0.004049159280839376,0.008617168269796591
3d}{4,math notation,1,1,0.004047598864417523,0.004047598864417523,0.0
angle-angle,other word,1,1,0.004042198765091598,0.004042198765091598,0.0
west,other word,1,1,0.0040405974723398685,0.0040405974723398685,0.0
\(7^{2023}\),math notation,2,1,0.008074488519923761,0.004037244259961881,0.007674449705863995
research,other word,3,2,0.012099646963179111,0.004033215654393037,0.009081587036797293
frogs,other word,12,5,0.048366978764534,0.004030581563711166,0.006003908201352872
after,other word,65,58,0.2612873772159219,0.004019805803321875,0.0032938553230432415
burst,other word,2,1,0.00802165549248457,0.004010827746242285,0.01401968389545401
supposed,other word,1,1,0.004005953669548035,0.004005953669548035,0.0
acknowledge,other word,1,1,0.003995222970843315,0.003995222970843315,0.0
expression,other word,48,42,0.19147429603617638,0.003989047834087008,0.0029495600125756002
arc,other word,7,4,0.027787325670942664,0.0039696179529918095,0.004728980846436396
1/3,math notation,3,2,0.011886459833476692,0.003962153277825564,0.0032597134366036725
6-1)d,math notation,1,1,0.003960522240959108,0.003960522240959108,0.0
convincing,other word,1,1,0.003954452462494373,0.003954452462494373,0.0
individual,other word,3,3,0.011768358526751399,0.003922786175583799,0.0021655901661520502
old,other word,11,10,0.04308267217129469,0.00391660656102679,0.009477233776346478
trials,other word,2,1,0.007816825760528445,0.003908412880264223,0.0005550776992013318
difference,other word,28,17,0.10935429960954934,0.003905510700341048,0.0020780797957550153
64.5$,math notation,1,1,0.0038911367300897837,0.0038911367300897837,0.0
forms,other word,1,1,0.0038853692822158337,0.0038853692822158337,0.0
\mathbf{v}\|,math notation,1,1,0.0038804691866971552,0.0038804691866971552,0.0
choosing,other word,2,1,0.007754614809527993,0.0038773074047639966,0.0003667805619422139
wants,other word,7,6,0.027066312730312347,0.0038666161043303354,0.002568821636648491
wrote,other word,6,2,0.02310774032957852,0.0038512900549297533,0.0009277864994339998
17th,number,2,2,0.007647398859262466,0.003823699429631233,0.015842119222693386
group,other word,10,8,0.037943762727081776,0.0037943762727081776,0.003400828136019923
post,other word,8,5,0.03032997902482748,0.003791247378103435,0.0018288838473872941
\[20,math notation,1,1,0.0037700707325711846,0.0037700707325711846,0.0
phone,other word,8,2,0.02997379342559725,0.0037467241781996563,0.004110342664942826
x_4,math notation,3,3,0.011224006520933472,0.003741335506977824,0.0015092652341114371
cooking,other word,4,2,0.014940764522179961,0.0037351911305449903,0.0026800598916394552
\frac{1}{3}(-1),math notation,2,2,0.007460842723958194,0.003730421361979097,0.006812205867323088
escaping,other word,1,1,0.003724455600604415,0.003724455600604415,0.0
arcs,other word,4,3,0.014678237494081259,0.0036695593735203147,0.0025133000075362698
\((x_1,math notation,2,2,0.007306532497750595,0.0036532662488752976,0.005463055807491912
"$800,000",math notation,3,2,0.01095274230465293,0.0036509141015509763,0.006102880886916261
boxed,other word,1,1,0.0036460491828620434,0.0036460491828620434,0.0
celine,other word,1,1,0.003641713410615921,0.003641713410615921,0.0
\(\frac{a}{1-r}\),math notation,1,1,0.0036383222904987633,0.0036383222904987633,0.0
main\,math notation,1,1,0.003620969131588936,0.003620969131588936,0.0
coordinate,other word,1,1,0.00361143471673131,0.00361143471673131,0.0
middle,other word,1,1,0.003582047764211893,0.003582047764211893,0.0
brother,other word,7,4,0.024896720424294472,0.0035566743463277817,0.0029889398700014207
2/3,math notation,3,1,0.010648623341694474,0.003549541113898158,0.0013248539705414196
graph,other word,4,3,0.014176350785419345,0.0035440876963548362,0.005014524047213344
passes,other word,1,1,0.003537670010700822,0.003537670010700822,0.0
distribution,other word,2,2,0.007066664751619101,0.0035333323758095503,0.0018443153038809747
\(1000,math notation,1,1,0.00352766175637953,0.00352766175637953,0.0
t_{1,math notation,1,1,0.0035232165828347206,0.0035232165828347206,0.0
-n,other word,3,2,0.010553653817623854,0.003517884605874618,0.005325210395660472
elements,other word,12,7,0.04204862238839269,0.0035040518656993904,0.004207889856829426
selfies,other word,2,1,0.0069966953014954925,0.0034983476507477462,0.002304035387895123
51.945,number,3,2,0.010449620254803449,0.0034832067516011498,0.0036150819886067737
being,other word,12,11,0.04152118443744257,0.0034600987031202144,0.0014678829667542517
am-gm,other word,3,3,0.010335720915463753,0.0034452403051545843,0.001167410294249283
\([-8,math notation,2,1,0.006882205285364762,0.003441102642682381,0.0025919977931554766
pounds}\),math notation,3,1,0.010309728793799877,0.003436576264599959,0.001975996757517927
sixth,other word,14,12,0.0480812598252669,0.0034343757018047783,0.00808254478552375
share,other word,1,1,0.003432982135564089,0.003432982135564089,0.0
x_5,math notation,3,3,0.010264771291986108,0.003421590430662036,0.0019602446975201613
\(2187\),math notation,1,1,0.003411956538911909,0.003411956538911909,0.0
egyptian,other word,5,1,0.01701260608388111,0.003402521216776222,0.0013124017962541923
arranged,other word,3,2,0.01019739406183362,0.00339913135394454,0.0014383379726311545
sports,other word,1,1,0.003382055787369609,0.003382055787369609,0.0
generate,other word,1,1,0.0033748189453035593,0.0033748189453035593,0.0
unusually,other word,1,1,0.0033599361777305603,0.0033599361777305603,0.0
against,other word,4,2,0.013414090033620596,0.003353522508405149,0.0011129020744313628
25\),math notation,4,4,0.013409165607299656,0.003352291401824914,0.0009424438523469652
pages,other word,4,3,0.013363414444029331,0.003340853611007333,0.013746445944581773
\(2\),math notation,4,3,0.013347836618777364,0.003336959154694341,0.007509732042086397
interval,other word,3,1,0.009987052530050278,0.0033290175100167594,0.0010339837774856295
of,other word,1589,735,5.289279968856135,0.0033286846877634583,0.00026822696785812155
matching,other word,5,2,0.0165458673145622,0.0033091734629124405,0.001083027820168421
optimal,other word,2,2,0.00661511835642159,0.003307559178210795,0.00022938200043282634
information,other word,18,18,0.05875696172006428,0.003264275651114682,0.0028702357429832553
196,number,1,1,0.003260665573179722,0.003260665573179722,0.0
tnywr\),math notation,1,1,0.0032563642598688602,0.0032563642598688602,0.0
738816,number,2,1,0.006476415554061532,0.003238207777030766,0.0011875084067415995
-a\),math notation,2,1,0.006454381044022739,0.0032271905220113695,0.010448398963138216
could,hedging / contrast,8,8,0.02571004000492394,0.0032137550006154925,0.0010786425291868743
17\),math notation,1,1,0.003210704424418509,0.003210704424418509,0.0
joined,other word,1,1,0.0032052991446107626,0.0032052991446107626,0.0
cevian,other word,1,1,0.0031831529922783375,0.0031831529922783375,0.0
internal,other word,3,2,0.00954037019982934,0.0031801233999431133,0.005449535890027722
\text{area}_{abc},math notation,1,1,0.00317706519854255,0.00317706519854255,0.0
kent,other word,1,1,0.00317295896820724,0.00317295896820724,0.0
bernoulli,other word,1,1,0.0031721643172204494,0.0031721643172204494,0.0
p)(x,math notation,1,1,0.0031717900128569454,0.0031717900128569454,0.0
perpendicular,other word,7,3,0.02215653203893453,0.0031652188627049327,0.0026721482191970807
personal,other word,3,2,0.009475223254412413,0.003158407751470804,0.004164050146103256
a'b'c'\),math notation,2,1,0.006303951086010784,0.003151975543005392,0.005079227370104696
enumerate,other word,2,1,0.006275487772654742,0.003137743886327371,0.0010045254149691643
clues,other word,1,1,0.003115167375653982,0.003115167375653982,0.0
26,number,9,5,0.027895887847989798,0.0030995430942210886,0.0027150604323417523
a_n)\),math notation,1,1,0.003099395544268191,0.003099395544268191,0.0
x_{101,math notation,2,2,0.006159031006973237,0.0030795155034866184,0.0011044696280183204
variable,other word,3,3,0.009186403593048453,0.003062134531016151,0.0005517388908794009
infinitely,other word,1,1,0.003061175812035799,0.003061175812035799,0.0
$n=11$,math notation,1,1,0.003052498446777463,0.003052498446777463,0.0
tie,other word,4,2,0.012193527538329363,0.0030483818845823407,0.004717158358147475
nth,other word,2,1,0.006067318958230317,0.0030336594791151583,0.0012169260015035051
\frac{ab}{ac},math notation,1,1,0.003025870770215988,0.003025870770215988,0.0
taking,other word,11,3,0.03327823500148952,0.003025294091044502,0.0011727805605625914
selling,other word,2,2,0.006038186140358448,0.003019093070179224,0.005067889518003497
\$640,math notation,1,1,0.003017904353328049,0.003017904353328049,0.0
previously,other word,1,1,0.003007098101079464,0.003007098101079464,0.0
connection,other word,1,1,0.0030022449791431427,0.0030022449791431427,0.0
"\[f(x,y)",math notation,1,1,0.003001163131557405,0.003001163131557405,0.0
spans,other word,1,1,0.002994267735630274,0.002994267735630274,0.0
question,other word,2,2,0.005974408704787493,0.0029872043523937464,0.0026793013369817258
pairs,other word,19,15,0.056651197723113,0.002981641985427,0.0026318623797974804
ourselves,other word,1,1,0.0029532324988394976,0.0029532324988394976,0.0
$\frac{59}{3}$,math notation,2,1,0.0059004022914450616,0.0029502011457225308,0.008405104878629855
noting,other word,1,1,0.0029465029947459698,0.0029465029947459698,0.0
turned,other word,1,1,0.0029397541657090187,0.0029397541657090187,0.0
possibility,other word,3,3,0.008811181643977761,0.002937060547992587,0.00144006502040189
\frac{2187,math notation,1,1,0.002900024235714227,0.002900024235714227,0.0
implies,other word,5,4,0.014497946947813034,0.0028995893895626067,0.0015860950288435485
b).\],math notation,1,1,0.0028984230011701584,0.0028984230011701584,0.0
constrained,other word,1,1,0.002894312608987093,0.002894312608987093,0.0
\)),math notation,3,3,0.008678107056766748,0.002892702352255583,0.004858378504970345
born,other word,8,5,0.023086403496563435,0.0028858004370704293,0.006438775961184858
squares,other word,17,15,0.048821010743267834,0.002871824161368696,0.004830540732381153
decay,other word,3,1,0.00854830234311521,0.002849434114371737,0.0020895853886606316
scores,other word,6,2,0.017090586246922612,0.0028484310411537686,0.005757764955025743
marcus,other word,6,4,0.01705852383747697,0.0028430873062461615,0.003436305717231498
internally,other word,2,2,0.005684803705662489,0.0028424018528312445,0.002080474303527388
episodes,other word,6,2,0.017004759050905704,0.002834126508484284,0.009383404774479394
quarter,other word,2,1,0.0056671081110835075,0.0028335540555417538,0.013005509548092431
grains,other word,5,3,0.014098448678851128,0.0028196897357702254,0.007824015783859068
bc\),math notation,1,1,0.00279274774948135,0.00279274774948135,0.0
mines,other word,1,1,0.0027730613946914673,0.0027730613946914673,0.0
segment,other word,9,8,0.024927526130340993,0.002769725125593444,0.007003894038337591
\frac{bd}{2}\),math notation,1,1,0.0027691347058862448,0.0027691347058862448,0.0
broader,other word,1,1,0.0027673039585351944,0.0027673039585351944,0.0
pythagoras,other word,1,1,0.0027479405398480594,0.0027479405398480594,0.0
1959,number,4,1,0.010885553900152445,0.002721388475038111,0.001704704550363933
nearest,other word,1,1,0.0027140516322106123,0.0027140516322106123,0.0
scenario,other word,7,5,0.018953717779368162,0.002707673968481166,0.001559368267331104
angle,other word,43,19,0.11526527185924351,0.002680587717656826,0.001560504525609514
$a=0$,math notation,2,2,0.005353898857720196,0.002676949428860098,0.01098082199040237
88^\circ,math notation,1,1,0.0026569233741611242,0.0026569233741611242,0.0
points,other word,52,25,0.1377347213565372,0.0026487446414718693,0.0037933991652081165
chenny,other word,2,2,0.005296929739415646,0.002648464869707823,0.030010942375781224
faces,other word,17,13,0.04483960918150842,0.0026376240695004955,0.002332630440041391
\(s_n,math notation,1,1,0.002632688672747463,0.002632688672747463,0.0
convince,other word,1,1,0.002614810597151518,0.002614810597151518,0.0
hand,other word,4,1,0.010454137111082673,0.0026135342777706683,0.000788336743148942
especially,other word,2,2,0.00519385957159102,0.00259692978579551,0.002365415728465192
\[y,math notation,4,3,0.01037414267193526,0.002593535667983815,0.001445350971647624
-1.\],math notation,1,1,0.002589415991678834,0.002589415991678834,0.0
cone,other word,6,2,0.015475392807275057,0.0025792321345458427,0.006620583419615347
u1,number,3,3,0.007710685487836599,0.0025702284959455333,0.008521735381899185
44.5^{\circ}}\),math notation,1,1,0.002564715890912339,0.002564715890912339,0.0
16/25,math notation,1,1,0.0025628175353631377,0.0025628175353631377,0.0
move,other word,13,5,0.033218642114661634,0.0025552801626662794,0.002848510034354579
definitions,other word,1,1,0.002541529480367899,0.002541529480367899,0.0
cookies,other word,26,8,0.06597057671751827,0.0025373298737507025,0.004339879968308309
losses,other word,1,1,0.002536649350076914,0.002536649350076914,0.0
suggests,other word,1,1,0.0025331107899546623,0.0025331107899546623,0.0
ef,other word,1,1,0.0025291279889643192,0.0025291279889643192,0.0
\frac{35}{37},math notation,1,1,0.002521660877391696,0.002521660877391696,0.0
ten,other word,2,1,0.005015072179958224,0.002507536089979112,0.003853908897970976
6th,number,8,5,0.019830099307000637,0.0024787624133750796,0.00150783284141441
boundary,other word,1,1,0.0024743047542870045,0.0024743047542870045,0.0
effect,other word,2,2,0.004928976064547896,0.002464488032273948,0.00015421622420005974
teacher,other word,9,4,0.02217925200238824,0.0024643613335986934,0.0019376553770248596
irreducible,other word,1,1,0.002459739684127271,0.002459739684127271,0.0
\[a,math notation,2,2,0.004889901261776686,0.002444950630888343,0.007896889546178584
furthermore,other word,1,1,0.0024384120479226112,0.0024384120479226112,0.0
interest,other word,4,2,0.009747633477672935,0.0024369083694182336,0.007144056258537793
0\),math notation,25,16,0.0605610505444929,0.002422442021779716,0.004297928896016602
flashlights,other word,20,3,0.04843927384354174,0.002421963692177087,0.003051873892088443
individuals,other word,3,3,0.007248249836266041,0.002416083278755347,0.001689279126944941
closer,other word,1,1,0.0023980014957487583,0.0023980014957487583,0.0
subtends,other word,2,1,0.004783489042893052,0.002391744521446526,0.0010622940299237495
adb$,math notation,1,1,0.002379789366386831,0.002379789366386831,0.0
horse,other word,3,1,0.00713443523272872,0.00237814507757624,0.008044150758343407
construction,other word,2,2,0.0047391378320753574,0.0023695689160376787,0.0008062456690472424
i'll,other word,1,1,0.0023684026673436165,0.0023684026673436165,0.0
segments,other word,8,7,0.01892489055171609,0.002365611318964511,0.0025436508835525824
tend,other word,1,1,0.002343700733035803,0.002343700733035803,0.0
2.56\),math notation,1,1,0.002335947356186807,0.002335947356186807,0.0
20^4,math notation,3,2,0.006999739620368928,0.002333246540122976,0.0024425483994441693
finding,other word,7,6,0.01627954514697194,0.0023256493067102773,0.001086468822774716
738824,number,2,1,0.0046345938462764025,0.0023172969231382012,0.001450183824479032
reasoning,other word,1,1,0.0023094723001122475,0.0023094723001122475,0.0
corresponds,other word,1,1,0.002308950759470463,0.002308950759470463,0.0
\(|x,math notation,2,1,0.004604197107255459,0.0023020985536277294,0.001896514834306225
subset,other word,1,1,0.002285330556333065,0.002285330556333065,0.0
m)\),math notation,2,2,0.004567765223328024,0.002283882611664012,8.031154012056418e-05
worked,other word,7,3,0.015967871760949492,0.002281124537278499,0.006019674674625252
immediate,other word,1,1,0.002274375408887863,0.002274375408887863,0.0
102,number,10,6,0.02260037395171821,0.002260037395171821,0.0028304024032244648
activities,other word,1,1,0.0022417749278247356,0.0022417749278247356,0.0
lies,other word,4,4,0.008961504325270653,0.002240376081317663,0.0018687994616679792
andrea,other word,5,3,0.011189327749889344,0.0022378655499778687,0.0008580431765455612
involves,other word,1,1,0.002236815169453621,0.002236815169453621,0.0
2(u-v,math notation,4,4,0.008913935147575103,0.0022284837868937757,0.00026328509083750905
non-negative,other word,3,2,0.0066656413837336,0.0022218804612445333,0.00033622807692149277
centers,other word,3,1,0.0066578558180481195,0.0022192852726827064,0.001227968913796186
condition,other word,7,6,0.015475417487323284,0.0022107739267604692,0.0044832636165119425
\},math notation,2,2,0.004407595843076706,0.002203797921538353,0.0002609782250632657
8m,number,6,2,0.013182312541175634,0.002197052090195939,0.0022481652974723917
common,other word,29,20,0.06364768446655944,0.0021947477402261876,0.0006587652513378316
2401\),math notation,2,2,0.0043571884452831,0.00217859422264155,0.0015676171377935384
0.80,number,1,1,0.0021731784800067544,0.0021731784800067544,0.0
4$,math notation,1,1,0.00216811359860003,0.00216811359860003,0.0
\(\|\mathbf{a},math notation,1,1,0.002157528535462916,0.002157528535462916,0.0
too,other word,1,1,0.0021531288512051105,0.0021531288512051105,0.0
\((x+u)(x+v)+4\),math notation,1,1,0.002145273145288229,0.002145273145288229,0.0
direct,other word,1,1,0.002143749501556158,0.002143749501556158,0.0
p(\text{rolling,math notation,4,1,0.008545357559341937,0.0021363393898354843,0.001163510272218657
204,number,2,1,0.004272322868928313,0.0021361614344641566,0.00018182092824955235
\frac{2020}{6},math notation,1,1,0.0021313903271220624,0.0021313903271220624,0.0
estimate,other word,1,1,0.0021066577173769474,0.0021066577173769474,0.0
\(m_2\),math notation,1,1,0.0021019508130848408,0.0021019508130848408,0.0
closest,other word,1,1,0.002096382435411215,0.002096382435411215,0.0
assumed,other word,1,1,0.002087781671434641,0.002087781671434641,0.0
drawing,other word,9,4,0.018776826793327928,0.0020863140881475476,0.001698942067454924
\[4,math notation,2,2,0.004141106735914946,0.002070553367957473,0.005211734900973781
letters,other word,15,5,0.031002803123556077,0.0020668535415704053,0.0014110121224044623
h,other word,13,8,0.02679053437896073,0.002060810336843133,0.0010294441514417999
735840,number,2,1,0.004121443023905158,0.002060721511952579,0.0034845615764908357
ca\),math notation,1,1,0.002030373550951481,0.002030373550951481,0.0
8\)),math notation,2,2,0.004006812931038439,0.0020034064655192196,0.007397170456566327
annual,other word,8,5,0.015995296998880804,0.0019994121248601004,0.00173854137846118
5ad^2,math notation,5,2,0.00987394922412932,0.001974789844825864,0.006085615017044526
testing,other word,1,1,0.0019623511470854282,0.0019623511470854282,0.0
hyperbola,other word,3,3,0.005876986542716622,0.001958995514238874,0.004456992919409856
5/7,math notation,3,1,0.005874481692444533,0.001958160564148178,0.004774729930527416
centered,other word,1,1,0.0019570430740714073,0.0019570430740714073,0.0
integer,other word,55,42,0.10757455386919901,0.001955900979439982,0.0030517998343412107
item,other word,1,1,0.0019326452165842056,0.0019326452165842056,0.0
\theta,math notation,5,4,0.009653217508457601,0.0019306435016915203,0.00248635670242138
approximating,other word,1,1,0.0019204990239813924,0.0019204990239813924,0.0
\(|x|,math notation,1,1,0.0019172127358615398,0.0019172127358615398,0.0
40%,number,7,5,0.01334948546718806,0.0019070693524554372,0.009776439568484653
posts,other word,21,2,0.03996801865287125,0.0019032389834700595,0.0017108678082122803
10^3\),math notation,1,1,0.0018984421258210205,0.0018984421258210205,0.0
2\],math notation,4,4,0.007579103403259069,0.0018947758508147672,0.006046831290571176
fits,other word,1,1,0.0018806691514328122,0.0018806691514328122,0.0
single,other word,4,4,0.007437362219206989,0.0018593405548017472,0.0012054515942333391
base-\(c\),math notation,1,1,0.0018557931762188673,0.0018557931762188673,0.0
expenses,other word,4,3,0.007413120707497001,0.0018532801768742502,0.0068996028631319786
true,other word,6,6,0.011102965683676302,0.0018504942806127171,0.0014873196643771798
scalar,other word,1,1,0.0018404731526970863,0.0018404731526970863,0.0
\(\frac{1}{8}\),math notation,1,1,0.0018323339172638953,0.0018323339172638953,0.0
-3\),math notation,2,2,0.003641433868324384,0.001820716934162192,0.007085820151797706
240,number,5,5,0.008944893721491098,0.0017889787442982197,0.00588742602574216
formulas,other word,6,5,0.010679764323867857,0.0017799607206446428,0.0028702018372956705
0.45,number,1,1,0.0017709097010083497,0.0017709097010083497,0.0
9\)),math notation,2,2,0.0034640670637600124,0.0017320335318800062,0.005578091380832369
2^0,math notation,1,1,0.001717789622489363,0.001717789622489363,0.0
main,other word,4,2,0.006802313961088657,0.0017005784902721643,0.0020285868848886036
one-fourth,other word,1,1,0.0016979430220089853,0.0016979430220089853,0.0
transactions,other word,2,2,0.003373529762029648,0.001686764881014824,0.01838445400336296
rotated,other word,1,1,0.0016847248189151287,0.0016847248189151287,0.0
8.33,number,3,3,0.005027090199291706,0.0016756967330972354,0.0004618523900037143
put,other word,2,2,0.00333116902038455,0.001665584510192275,0.0022633247837971077
negative,other word,16,8,0.026475556544028223,0.001654722284001764,0.0036288259169541875
adb,other word,1,1,0.0016521080397069454,0.0016521080397069454,0.0
b\],math notation,2,2,0.0032528922893106937,0.0016264461446553469,0.007320746736846219
sides,other word,68,58,0.11038166133221239,0.0016232597254737116,0.0020814343179293617
cubic,other word,1,1,0.0016090262215584517,0.0016090262215584517,0.0
defined,other word,4,4,0.00636037765070796,0.00159009441267699,0.002309374168632111
john's,other word,6,2,0.009481246001087129,0.0015802076668478549,0.003945851078521392
\(p,math notation,5,1,0.007786925591062754,0.001557385118212551,0.001980579766014777
\$670,math notation,1,1,0.0015488633653149009,0.0015488633653149009,0.0
again,other word,14,14,0.02166640170617029,0.0015476001218693064,0.004045349579233028
\(23,math notation,1,1,0.001546362938825041,0.001546362938825041,0.0
consumed,other word,2,1,0.0030777761712670326,0.0015388880856335163,0.007139953055711056
4a_2,math notation,1,1,0.001533739734441042,0.001533739734441042,0.0
trash,other word,4,2,0.006091474089771509,0.0015228685224428773,0.007453580760177649
achieved,other word,3,2,0.0045460587134584785,0.0015153529044861596,0.0005344890749079883
a\),math notation,5,4,0.007472780998796225,0.001494556199759245,0.006382939586318976
chart,other word,1,1,0.001491110771894455,0.001491110771894455,0.0
\frac{1}{3}\right),math notation,1,1,0.0014868953730911016,0.0014868953730911016,0.0
"h,$",math notation,1,1,0.0014712265256093815,0.0014712265256093815,0.0
\(xyz\),math notation,2,2,0.002925443113781512,0.001462721556890756,0.009531023249824381
\{,math notation,2,2,0.0028874974232167006,0.0014437487116083503,0.0006420419588391168
$t,math notation,5,3,0.007182312896475196,0.0014364625792950391,0.0027733070440148504
vertical,other word,3,2,0.004308090778067708,0.0014360302593559027,0.0018023173260843437
inspection,other word,1,1,0.0014325494412332773,0.0014325494412332773,0.0
672,number,3,3,0.004288235679268837,0.0014294118930896123,0.0019036339104630585
gumballs,other word,4,1,0.005716832063626498,0.0014292080159066245,0.0037098256080486066
hold,other word,1,1,0.0014136678073555231,0.0014136678073555231,0.0
\(1\),math notation,9,7,0.012618775450391695,0.0014020861611546327,0.004483083821769587
"\frac{1}{2},$",math notation,1,1,0.001392013393342495,0.001392013393342495,0.0
bananas,other word,18,8,0.024923647404648364,0.0013846470780360203,0.003931727130732387
ben,other word,2,2,0.0027319295331835747,0.0013659647665917873,0.0020788508266790834
collecting,other word,1,1,0.0013643738348037004,0.0013643738348037004,0.0
\(3x,math notation,1,1,0.001350810518488288,0.001350810518488288,0.0
decompositions,other word,1,1,0.001330632483586669,0.001330632483586669,0.0
computing,other word,1,1,0.001314304769039154,0.001314304769039154,0.0
marble,other word,11,5,0.014442267129197717,0.0013129333753816106,0.0038008571578739907
114,number,1,1,0.0012826583115383983,0.0012826583115383983,0.0
element,other word,9,4,0.011533495737239718,0.0012814995263599688,0.0032308175735823942
\(a_1,math notation,4,4,0.0051177121931687,0.001279428048292175,0.006072132561580809
limitations,other word,1,1,0.0012678953353315592,0.0012678953353315592,0.0
simplicity,other word,2,2,0.002498461864888668,0.001249230932444334,0.006329133301147492
walking,other word,1,1,0.0012215920723974705,0.0012215920723974705,0.0
acronym,other word,1,1,0.0012189855333417654,0.0012189855333417654,0.0
km^2,math notation,1,1,0.001218952878843993,0.001218952878843993,0.0
rt,other word,1,1,0.0012167569366283715,0.0012167569366283715,0.0
halved,other word,1,1,0.0012080434244126081,0.0012080434244126081,0.0
d\),math notation,1,1,0.0011958288960158825,0.0011958288960158825,0.0
origin,other word,1,1,0.0011731991544365883,0.0011731991544365883,0.0
sister,other word,7,5,0.008108911570161581,0.0011584159385945117,0.011339946585893499
quadratic,other word,27,18,0.031031122023705393,0.0011493008156927924,0.0028493689027493823
124,number,1,1,0.0011401158990338445,0.0011401158990338445,0.0
$p,math notation,1,1,0.0011235644342377782,0.0011235644342377782,0.0
further,other word,11,11,0.0123156129848212,0.0011196011804382908,0.00835893868205985
people,other word,18,9,0.02008743491023779,0.0011159686061243217,0.002487838492194643
rotation,other word,1,1,0.0011088023893535137,0.0011088023893535137,0.0
1$,math notation,9,9,0.00996521016350016,0.00110724557372224,0.004025523653702198
pennies,other word,3,2,0.003319449257105589,0.001106483085701863,0.007528593091830128
7\),math notation,14,11,0.015451660176040605,0.001103690012574329,0.0032187978621888635
y_1)^2}\],math notation,1,1,0.0010928168485406786,0.0010928168485406786,0.0
"a,$",math notation,1,1,0.0010907314717769623,0.0010907314717769623,0.0
dealing,other word,2,2,0.0021712181624025106,0.0010856090812012553,0.0012014987320643432
sine,other word,4,3,0.004301313776522875,0.0010753284441307187,0.0016492127332104062
form,other word,20,19,0.021485524252057076,0.0010742762126028538,0.003595041886261539
lauren's,other word,1,1,0.0010530800791457295,0.0010530800791457295,0.0
emerge,other word,1,1,0.0010507340775802732,0.0010507340775802732,0.0
candies,other word,12,2,0.012603213312104344,0.0010502677760086954,0.004035093397610532
12.96\),math notation,1,1,0.001048544654622674,0.001048544654622674,0.0
can,other word,254,218,0.25991341506596655,0.0010232811616770335,0.000802062291172338
\dots,math notation,1,1,0.0010228168684989214,0.0010228168684989214,0.0
0.\],math notation,2,1,0.0020269593223929405,0.0010134796611964703,0.002784555682511969
remaining,other word,62,45,0.062438213208224624,0.001007067954971365,0.0015349786512259232
\(4+5,math notation,1,1,0.0010030809789896011,0.0010030809789896011,0.0
phone\,math notation,2,1,0.001995083875954151,0.0009975419379770756,0.002660204534066989
has,other word,107,84,0.1067023309879005,0.0009972180466158926,0.0026400930827037727
expansion,other word,1,1,0.0009922406170517206,0.0009922406170517206,0.0
created,other word,1,1,0.0009844519663602114,0.0009844519663602114,0.0
values,other word,104,84,0.10012255614856258,0.0009627168860438709,0.0011883898872662192
\(17^{23}\),math notation,2,1,0.0018784175044856966,0.0009392087522428483,0.010827658758291059
bases,other word,4,4,0.0037144403904676437,0.0009286100976169109,0.0033213135356157616
(3+\sqrt{5})^{34},math notation,1,1,0.0009285306878155097,0.0009285306878155097,0.0
adding,other word,21,21,0.019117492018267512,0.0009103567627746434,0.0027187944203397895
maintain,other word,2,2,0.0017734193243086338,0.0008867096621543169,0.00240384007182665
x_{100,math notation,3,3,0.0026260690938215703,0.0008753563646071901,0.003550181805215388
192,number,2,2,0.001727866183500737,0.0008639330917503685,0.0002296609969295364
must,other word,47,34,0.040321007021702826,0.0008578937664192091,0.0011269019226220693
relative,other word,4,4,0.0033897974062711,0.000847449351567775,0.00269830795400973
fell,other word,1,1,0.000839505810290575,0.000839505810290575,0.0
options,other word,7,5,0.0058537215227261186,0.000836245931818017,0.004833928526747139
away,other word,3,3,0.0025008153170347214,0.0008336051056782404,0.0017104255012622418
3(67,math notation,1,1,0.0008233105763792992,0.0008233105763792992,0.0
other,other word,21,19,0.01675139321014285,0.0007976853909591833,0.0019836508108519693
\(125\),math notation,1,1,0.0007941220537759364,0.0007941220537759364,0.0
kassidy's,other word,2,2,0.0015751775354146957,0.0007875887677073479,0.007404394566341802
b)\),math notation,1,1,0.0007647839956916869,0.0007647839956916869,0.0
bandages,other word,9,2,0.006882181507535279,0.0007646868341705865,0.004621330284932383
a_0,math notation,3,2,0.0022666314034722745,0.0007555438011574248,0.0016004378926694704
u-v,other word,12,4,0.008977284480351955,0.0007481070400293296,0.0009770692422884691
show,other word,10,8,0.007448908407241106,0.0007448908407241106,0.006811202659472757
guess,other word,1,1,0.0007289567729458213,0.0007289567729458213,0.0
x_{102,math notation,2,2,0.001452404831070453,0.0007262024155352265,0.0034802061894897126
\|\mathbf{a}\|^2,math notation,1,1,0.0007199669489637017,0.0007199669489637017,0.0
jerry,other word,2,2,0.0013507877010852098,0.0006753938505426049,0.0006340115024726485
basic,other word,1,1,0.0006698209908790886,0.0006698209908790886,0.0
distinct,other word,14,11,0.009159998618997633,0.0006542856156426881,0.0021368188287132876
positions,other word,8,4,0.005202633037697524,0.0006503291297121905,0.0006806894815943757
costs,other word,17,13,0.011040364159271121,0.0006494331858394777,0.007973391186318828
right,other word,10,9,0.006431719521060586,0.0006431719521060586,0.00790311586939171
"$20,000",math notation,2,2,0.001277818693779409,0.0006389093468897045,0.011369168156301684
$ac,math notation,1,1,0.0006288886070251465,0.0006288886070251465,0.0
\(64,math notation,1,1,0.0006173294823383912,0.0006173294823383912,0.0
repeat,other word,2,2,0.0012314263731241226,0.0006157131865620613,0.003679039236275435
4(-50,math notation,1,1,0.0006127499509602785,0.0006127499509602785,0.0
holds,other word,4,4,0.0024505993351340294,0.0006126498337835073,0.004177829937204981
only,other word,24,23,0.014635699160862714,0.0006098207983692797,0.0015583282358792262
0^2,math notation,1,1,0.0006093580741435289,0.0006093580741435289,0.0
\(bc\),math notation,1,1,0.0006091253599151969,0.0006091253599151969,0.0
involving,other word,2,2,0.0012114830315113068,0.0006057415157556534,0.0033789365527206617
always,other word,3,3,0.0018128419760614634,0.0006042806586871544,0.0027040729823386085
15^2,math notation,1,1,0.0005969087942503393,0.0005969087942503393,0.0
falls,other word,7,1,0.004113187314942479,0.0005875981878489256,0.0010728384631791754
4(56,math notation,1,1,0.0005753480363637209,0.0005753480363637209,0.0
$\lfloor,math notation,1,1,0.0005625337362289429,0.0005625337362289429,0.0
slightly,other word,1,1,0.0005605280166491866,0.0005605280166491866,0.0
valid,other word,7,6,0.003829214721918106,0.0005470306745597295,0.0014701681021445678
easily,other word,1,1,0.0005371417501010001,0.0005371417501010001,0.0
40.$$,math notation,1,1,0.000536349369212985,0.000536349369212985,0.0
played,other word,4,4,0.002142443787306547,0.0005356109468266368,0.0016769432156140526
climb,other word,5,2,0.002647718647494912,0.0005295437294989824,0.0022723936142102427
inclusion,other word,2,2,0.0010539696086198092,0.0005269848043099046,0.0013315406928750557
specific,other word,4,4,0.002098613418638706,0.0005246533546596766,0.002983820359350569
height,other word,30,13,0.01558259199373424,0.0005194197331244747,0.003692262720889373
-8,number,3,3,0.001549357722979039,0.0005164525743263463,0.002100302556166321
subsets,other word,1,1,0.0005162172019481659,0.0005162172019481659,0.0
steel,other word,6,2,0.003086254931986332,0.000514375821997722,0.0009281103836934697
repeats,other word,2,2,0.0010243448195979,0.00051217240979895,0.0002735093803924466
interior,other word,1,1,0.0005067292368039489,0.0005067292368039489,0.0
hexagon,other word,5,2,0.0024483392480760813,0.0004896678496152162,0.012589414285028746
shape,other word,1,1,0.00048044032882899046,0.00048044032882899046,0.0
playing,other word,5,2,0.002377726952545345,0.00047554539050906894,0.001144067702603243
algorithm,other word,2,2,0.0009389100596308708,0.0004694550298154354,0.0026778635696846726
interpretation,other word,1,1,0.00046832021325826645,0.00046832021325826645,0.0
105\),math notation,1,1,0.00046799855772405863,0.00046799855772405863,0.0
4a_1,math notation,1,1,0.0004544674593489617,0.0004544674593489617,0.0
who,other word,19,9,0.008112350828014314,0.00042696583305338497,0.002472221996549383
magnitudes,other word,1,1,0.00041859131306409836,0.00041859131306409836,0.0
near,other word,1,1,0.00041450216667726636,0.00041450216667726636,0.0
erase,other word,1,1,0.0004118804354220629,0.0004118804354220629,0.0
verify,hedging / contrast,5,5,0.0020098989189136773,0.00040197978378273545,0.003544535666636882
\[-7,math notation,1,1,0.00039326108526438475,0.00039326108526438475,0.0
\(36a,math notation,4,2,0.0015684801619499922,0.00039212004048749804,0.0024011744470835176
collected,other word,8,5,0.0031277292873710394,0.0003909661609213799,0.006893642057482639
measure,other word,11,7,0.0042077809339389205,0.0003825255394489928,0.002097633827881973
19,number,10,9,0.003707208263222128,0.0003707208263222128,0.006241986897825838
erasing,other word,1,1,0.0003699369262903929,0.0003699369262903929,0.0
f(0,math notation,1,1,0.00036414433270692825,0.00036414433270692825,0.0
\(ae\),math notation,1,1,0.0003510200185701251,0.0003510200185701251,0.0
885,number,3,2,0.0010498587507754564,0.0003499529169251521,0.001934398808411587
clarity,other word,1,1,0.00032662414014339447,0.00032662414014339447,0.0
2r,number,2,1,0.0006446277257055044,0.0003223138628527522,0.0002888740881033502
lose,other word,1,1,0.00031684432178735733,0.00031684432178735733,0.0
degrees,other word,2,2,0.0006254175677895546,0.0003127087838947773,0.0011985971026441079
rises,other word,6,1,0.0018448159098625183,0.00030746931831041974,0.0020169739671237505
fix,other word,1,1,0.0003014465910382569,0.0003014465910382569,0.0
\(7^3\),math notation,2,2,0.0005987391341477633,0.0002993695670738816,0.006227176370286782
\(ac\),math notation,3,3,0.0008864704286679626,0.00029549014288932085,0.01257536070831278
-7\),math notation,1,1,0.00027711031725630164,0.00027711031725630164,0.0
success,other word,2,1,0.0005498017417266965,0.00027490087086334825,0.001293904915402875
105,number,2,2,0.0005384155083447695,0.00026920775417238474,0.0013092690468873341
:,other word,5,3,0.001338968868367374,0.0002677937736734748,0.0011866293144928654
-7,number,2,2,0.0005315837333910167,0.00026579186669550836,3.5978653115421513e-05
77,number,3,3,0.0007970726583153009,0.00026569088610510033,0.005301052731300292
was,other word,17,12,0.0044887668918818235,0.0002640451112871661,0.003531833115755943
allow,other word,1,1,0.0002471345942467451,0.0002471345942467451,0.0
proportion,other word,2,2,0.00048688403330743313,0.00024344201665371656,0.0004370151568992059
probabilities,other word,7,6,0.001594931207364425,0.000227847315337775,0.0024710970127404873
a_3,math notation,4,3,0.0008753035217523575,0.00021882588043808937,0.001562280362383434
numerators,other word,1,1,0.00019790232181549072,0.00019790232181549072,0.0
center,other word,14,8,0.002667738706804812,0.00019055276477177228,0.001686817242595063
ced,other word,2,1,0.0003720589156728238,0.0001860294578364119,0.0018010775661028492
\frac{dc}{ad},math notation,1,1,0.00018250365974381566,0.00018250365974381566,0.0
eventually,other word,3,3,0.0005286617670208216,0.00017622058900694051,0.0023106013115349114
identical,other word,1,1,0.00017224112525582314,0.00017224112525582314,0.0
remainder,other word,3,3,0.0004920583451166749,0.00016401944837222496,0.0011132576489690964
28,number,9,5,0.001442531996872276,0.00016028133298580846,0.0012345304585164372
\(ad,math notation,2,2,0.00031520205084234476,0.00015760102542117238,0.0027745833841866185
102n,number,3,1,0.00046097917947918177,0.0001536597264930606,0.0011316777790459668
2010,number,7,3,0.0010281471768394113,0.00014687816811991588,0.0018124637413515106
256n,number,2,1,0.00029094330966472626,0.00014547165483236313,0.0003516359315740718
3}{5625,math notation,1,1,0.00012548870290629566,0.00012548870290629566,0.0
1900,number,1,1,0.00012304564006626606,0.00012304564006626606,0.0
inscribed,other word,4,2,0.00046298885717988014,0.00011574721429497004,0.0015694176626194624
seats,other word,3,2,0.00034195673651993275,0.00011398557883997758,0.001585098280124098
coefficient,other word,4,4,0.0004387835506349802,0.00010969588765874505,0.004149185013892265
\le,math notation,1,1,0.00010814395500347018,0.00010814395500347018,0.0
365,number,3,2,0.00030372850596904755,0.00010124283532301585,0.004436955098727423
higher,other word,1,1,0.00010065687820315361,0.00010065687820315361,0.0
\[13,math notation,1,1,8.378291386179626e-05,8.378291386179626e-05,0.0
\(bd\),math notation,3,1,0.00023972312919795513,7.990770973265171e-05,0.0015079097490189766
on,other word,119,88,0.009426957403775305,7.921812944348996e-05,0.0009918153995967672
three-quarters,other word,1,1,7.273955270648003e-05,7.273955270648003e-05,0.0
spades,other word,6,4,0.00042264489457011223,7.044081576168537e-05,0.009862521314291661
4/5)^2,math notation,1,1,5.7122320868074894e-05,5.7122320868074894e-05,0.0
similar,other word,4,3,0.0002232129336334765,5.5803233408369124e-05,0.0014544430279805147
four,other word,8,6,0.00042670744005590677,5.3338430006988347e-05,0.0024537524112232933
position,other word,16,14,0.0007250704220496118,4.531690137810074e-05,0.0018234826107584895
bcde,other word,1,1,1.5543075278401375e-05,1.5543075278401375e-05,0.0
medium,other word,7,1,3.402354195713997e-05,4.8605059938771385e-06,0.0004644536854474266
domain,other word,3,2,1.13719142973423e-05,3.7906380991141e-06,0.0012049190237053958
maximized,other word,3,3,-1.0174699127674103e-06,-3.391566375891368e-07,0.0075474683557546045
else,other word,1,1,-4.005851224064827e-07,-4.005851224064827e-07,0.0
regular,other word,4,2,-9.752670302987099e-05,-2.4381675757467747e-05,0.0036253680054354966
40\),math notation,3,3,-8.625042391940951e-05,-2.875014130646984e-05,0.0017613765409010417
previous,other word,4,4,-0.00012957141734659672,-3.239285433664918e-05,0.0059659665891040325
enough,other word,2,2,-0.00010173022747039795,-5.0865113735198975e-05,0.007170083771857043
"t,$",math notation,2,2,-0.00010361382737755775,-5.180691368877888e-05,0.005906915886296849
4b,number,10,2,-0.0005718619213439524,-5.7186192134395244e-05,0.0003977885191705112
5040,number,1,1,-6.162119098007679e-05,-6.162119098007679e-05,0.0
desired,other word,4,4,-0.0002770754508674145,-6.926886271685362e-05,0.003851420969435792
60^\circ\),math notation,3,2,-0.00023526852601207793,-7.842284200402598e-05,0.009188683080895425
\log_{10},math notation,2,2,-0.00016840675380080938,-8.420337690040469e-05,0.0007984050381352002
185,number,6,3,-0.0005491897463798523,-9.153162439664204e-05,0.005074080027766007
9n,number,3,1,-0.0003159685293212533,-0.00010532284310708444,0.0007401282149974888
\(q,math notation,2,2,-0.00021093070972710848,-0.00010546535486355424,0.00264088411413276
implants,other word,6,3,-0.0006378379184752703,-0.00010630631974587838,0.006266532436519258
flipped,other word,2,2,-0.00021925615146756172,-0.00010962807573378086,0.003531448052143745
blocks,other word,2,1,-0.00024816999211907387,-0.00012408499605953693,0.003994821370656896
treat,other word,1,1,-0.00013337971176952124,-0.00013337971176952124,0.0
figure,other word,6,4,-0.0008747177198529243,-0.00014578628664215407,0.002853133647459738
complex,other word,1,1,-0.0001475284807384014,-0.0001475284807384014,0.0
3d\),math notation,1,1,-0.0001634778454899788,-0.0001634778454899788,0.0
initial,other word,27,21,-0.004536057589575648,-0.00016800213294724622,0.0016147847563127537
students,other word,65,25,-0.010985667584463954,-0.00016901027053021467,0.0012953495902868928
numbers,other word,86,53,-0.014588529680622742,-0.00016963406605375282,0.0017346370040311554
sixteen,other word,2,1,-0.0003575545269995928,-0.0001787772634997964,0.0020153706757862796
\(315^\circ\),math notation,3,1,-0.0005916993250139058,-0.0001972331083379686,0.004534978319610491
\right)^2},math notation,1,1,-0.0002070918562822044,-0.0002070918562822044,0.0
\frac{25}{3},math notation,2,1,-0.000431817868957296,-0.000215908934478648,0.009180314826741013
used,other word,20,14,-0.004330653988290578,-0.00021653269941452892,0.0038295647053716193
next,other word,115,103,-0.025331219323561527,-0.00022027147237879588,0.0025708508413853116
him,other word,5,3,-0.0011053653433918953,-0.00022107306867837905,0.0013653791075584636
23,number,7,5,-0.0015727017307654023,-0.0002246716758236289,0.00414244573388809
coordinates,other word,7,4,-0.0016828845255076885,-0.00024041207507252693,0.005675751388306195
y_1)$,math notation,1,1,-0.0002460673567838967,-0.0002460673567838967,0.0
x_i,math notation,13,4,-0.0033078292035497725,-0.00025444840027305944,0.001177967914222456
today,other word,10,4,-0.002576654893346131,-0.0002576654893346131,0.006164343433523152
\frac{12}{37},math notation,1,1,-0.000281236571026966,-0.000281236571026966,0.0
\alpha,math notation,4,2,-0.0011313132126815617,-0.00028282830317039043,0.0005223554618525061
80y,number,2,1,-0.0005664044292643666,-0.0002832022146321833,0.0009281474846718759
3431,number,1,1,-0.00029467453714460135,-0.00029467453714460135,0.0
-24,number,1,1,-0.0002980796853080392,-0.0002980796853080392,0.0
-64,number,2,1,-0.0005975830135867,-0.00029879150679335,0.0015950858832714063
"\(f(x,y)\)",math notation,3,1,-0.0009046956547535956,-0.00030156521825119853,0.0037391214376379205
rayna's,other word,3,2,-0.0009082754841074347,-0.00030275849470247823,0.004427927384497415
3n,number,3,1,-0.0009089023515116423,-0.0003029674505038808,0.0005706592714641412
\frac{20x,math notation,1,1,-0.00030637840973213315,-0.00030637840973213315,0.0
\(4b\),math notation,1,1,-0.00030852865893393755,-0.00030852865893393755,0.0
shortest,other word,2,2,-0.0006181714124977589,-0.00030908570624887943,0.0025599233520249044
3k,number,2,1,-0.0006227573030628264,-0.0003113786515314132,0.0009646736763866533
also,other word,24,23,-0.007523631269577891,-0.00031348463623241213,0.0019172494417291949
frances,other word,8,3,-0.0026840802747756243,-0.00033551003434695303,0.003104735383929697
\cap,math notation,26,6,-0.009001710917800665,-0.000346219650684641,0.0010853087415350023
\[p(\text{not,math notation,1,1,-0.0003512214170768857,-0.0003512214170768857,0.0
simple,other word,5,3,-0.0017857342027127743,-0.00035714684054255486,0.0014538387894470612
depends,other word,1,1,-0.0003603764926083386,-0.0003603764926083386,0.0
drives,other word,11,11,-0.003983261063694954,-0.0003621146421540867,0.006968929190049175
901-1000,number,1,1,-0.00038823322393000126,-0.00038823322393000126,0.0
pack,other word,1,1,-0.0003899307921528816,-0.0003899307921528816,0.0
available,other word,1,1,-0.0003991592675447464,-0.0003991592675447464,0.0
switches,other word,24,6,-0.009648425970226526,-0.0004020177487594386,0.0017761786955215668
future,other word,3,2,-0.0012072508689016104,-0.0004024169563005368,0.00017959537181437985
logic,other word,1,1,-0.00040256226202473044,-0.00040256226202473044,0.0
law,other word,2,2,-0.0008120123529806733,-0.00040600617649033666,0.0013589666432496628
whose,other word,1,1,-0.00041838601464405656,-0.00041838601464405656,0.0
months,other word,18,12,-0.007548448164016008,-0.0004193582313342227,0.005993492286143542
figuring,other word,1,1,-0.0004446236416697502,-0.0004446236416697502,0.0
6.4,number,1,1,-0.00044680177234113216,-0.00044680177234113216,0.0
lost,other word,4,2,-0.0018094684928655624,-0.0004523671232163906,0.0007369901697518748
\sqrt{(-6)^{2},math notation,1,1,-0.00046198704512789845,-0.00046198704512789845,0.0
fourth,other word,46,41,-0.021502392599359155,-0.0004674433173773729,0.0031351358444504204
mentions,other word,1,1,-0.00048707507085055113,-0.00048707507085055113,0.0
\(a_n,math notation,2,1,-0.0009998442837968469,-0.0004999221418984234,0.0013781856061706305
turn,other word,2,2,-0.0010165488347411156,-0.0005082744173705578,0.004132474459618618
ending,other word,4,3,-0.002109250519424677,-0.0005273126298561692,0.000961723656282949
11x,number,1,1,-0.00053079251665622,-0.00053079251665622,0.0
a(b+c,math notation,1,1,-0.0005383249372243881,-0.0005383249372243881,0.0
104,number,2,2,-0.001089082914404571,-0.0005445414572022855,0.00013457377600142742
\frac{1}{10^n}\),math notation,1,1,-0.0005447816802188754,-0.0005447816802188754,0.0
six,other word,7,6,-0.003832979069557041,-0.0005475684385081488,0.0008243555848407817
choose,other word,8,8,-0.004449100815691054,-0.0005561376019613817,0.0017246274440125928
unknown,other word,1,1,-0.000586247188039124,-0.000586247188039124,0.0
altitude,other word,4,3,-0.002357457298785448,-0.000589364324696362,0.004565768480793042
averaging,other word,1,1,-0.000592825235798955,-0.000592825235798955,0.0
\cos^2,math notation,4,3,-0.0023818769986974075,-0.0005954692496743519,0.0012849717081225994
feasible,other word,1,1,-0.0005989985074847937,-0.0005989985074847937,0.0
ounces,other word,6,3,-0.0036950287176296115,-0.0006158381196049353,0.009643551753801254
recreational,other word,1,1,-0.0006229401333257556,-0.0006229401333257556,0.0
\(20n,math notation,1,1,-0.0006246212869882584,-0.0006246212869882584,0.0
mc,other word,1,1,-0.0006470305379480124,-0.0006470305379480124,0.0
7a,number,6,3,-0.003947925404645503,-0.0006579875674409171,0.0015172788262656164
\(-2-5,math notation,1,1,-0.0006627188995480537,-0.0006627188995480537,0.0
\ldots,math notation,14,13,-0.009310980909503996,-0.0006650700649645712,0.0018306348671252542
\[91,math notation,1,1,-0.0006692515453323722,-0.0006692515453323722,0.0
\(f(0),math notation,1,1,-0.000687624211423099,-0.000687624211423099,0.0
exponential,other word,1,1,-0.0006900420994497836,-0.0006900420994497836,0.0
positive,other word,49,30,-0.033830516709713265,-0.0006904187083614953,0.0015287194973366486
arithmetic,other word,15,11,-0.010517126182094216,-0.0007011417454729478,0.0013592854842737036
reference,other word,4,2,-0.0028227957081981003,-0.0007056989270495251,0.0008704005614349448
$dc$,math notation,2,2,-0.0014330402773339301,-0.0007165201386669651,0.0018384421467148363
half-life,other word,1,1,-0.0007260274142026901,-0.0007260274142026901,0.0
beds,other word,2,1,-0.0014605764299631119,-0.0007302882149815559,0.02806152386233459
scoring,other word,1,1,-0.0007323748432099819,-0.0007323748432099819,0.0
p^2,math notation,4,3,-0.0029579487745650113,-0.0007394871936412528,0.0023532045015666955
a\],math notation,1,1,-0.0007464578375220299,-0.0007464578375220299,0.0
\(f\),math notation,1,1,-0.0007566631538793445,-0.0007566631538793445,0.0
phase,other word,2,2,-0.001516489777714014,-0.000758244888857007,0.005161592005046961
it,other word,117,97,-0.09062738349894062,-0.0007745930213584668,0.001086942972626713
oranges,other word,6,3,-0.00471550936345011,-0.000785918227241685,0.0029396815597411414
"$(4,0)$",math notation,3,2,-0.002359184669330716,-0.0007863948897769054,0.010699254275033454
\(100\),math notation,7,3,-0.005511917552212253,-0.000787416793173179,0.004181712250296898
restrict,other word,1,1,-0.0007911638240329921,-0.0007911638240329921,0.0
\$5,math notation,2,1,-0.0015940137673169374,-0.0007970068836584687,0.0029130549204946683
made,other word,5,4,-0.004000035580247641,-0.0008000071160495281,0.003699188378539527
\to,math notation,1,1,-0.0008092152420431376,-0.0008092152420431376,0.0
\frac{60}{2},math notation,1,1,-0.000810631550848484,-0.000810631550848484,0.0
\(a_1a_3\),math notation,1,1,-0.0008152886293828487,-0.0008152886293828487,0.0
increasing,other word,7,4,-0.005894931266084313,-0.0008421330380120448,0.002960102339908028
fifth,other word,26,23,-0.021969283348880708,-0.0008449724364954119,0.006342725835529059
17^2,math notation,1,1,-0.0008468728046864271,-0.0008468728046864271,0.0
$k$,math notation,2,2,-0.001693901838734746,-0.000846950919367373,0.005695917485076614
smaller,other word,12,10,-0.010173572751227766,-0.0008477977292689806,0.0018709030160173228
sits,other word,2,2,-0.0017131227068603039,-0.0008565613534301519,0.0028735229052707836
john,other word,12,12,-0.010280282003805041,-0.0008566901669837534,0.002959865743762097
36a,number,3,1,-0.00258290593046695,-0.0008609686434889833,0.00019025875125438247
penny,other word,10,2,-0.008633729303255677,-0.0008633729303255677,0.00547095720643718
seven,other word,1,1,-0.0008679040474817157,-0.0008679040474817157,0.0
\(70\%,math notation,1,1,-0.0008801922667771578,-0.0008801922667771578,0.0
\(x^2\),math notation,1,1,-0.0008866142015904188,-0.0008866142015904188,0.0
influenced,other word,1,1,-0.0008887971634976566,-0.0008887971634976566,0.0
z,other word,6,3,-0.0053419696050696075,-0.0008903282675116012,0.0019278607494082698
738720,number,2,1,-0.0017901270184665918,-0.0008950635092332959,0.0023317481344029565
\(32,math notation,1,1,-0.0008977525867521763,-0.0008977525867521763,0.0
\(be,math notation,2,2,-0.0018256810726597905,-0.0009128405363298953,0.0013373803774586242
∞)\),math notation,1,1,-0.0009181597270071507,-0.0009181597270071507,0.0
periods,other word,4,3,-0.0036803297698497772,-0.0009200824424624443,0.009175267349301321
apples,other word,18,6,-0.016795372241176665,-0.0009330762356209258,0.004421664015370518
10\%,math notation,1,1,-0.0009357701055705547,-0.0009357701055705547,0.0
cde,other word,2,1,-0.0018741344101727009,-0.0009370672050863504,0.0006952561417150414
2^6\),math notation,1,1,-0.0009406944736838341,-0.0009406944736838341,0.0
eighth,other word,12,10,-0.01135528541635722,-0.000946273784696435,0.011911260804835224
x_1,math notation,4,4,-0.0037873541295994073,-0.0009468385323998518,0.0051481874479630645
\(7^5,math notation,2,2,-0.001931426755618304,-0.000965713377809152,0.0013860507472860792
b\},math notation,1,1,-0.0009700387017801404,-0.0009700387017801404,0.0
re-evaluate,hedging / contrast,1,1,-0.0009739033412188292,-0.0009739033412188292,0.0
least,other word,19,16,-0.018656866042874753,-0.0009819403180460397,0.0014489342835422533
30°,number,1,1,-0.000984110520221293,-0.000984110520221293,0.0
14\],math notation,1,1,-0.000999336363747716,-0.000999336363747716,0.0
close,other word,4,3,-0.004005982889793813,-0.0010014957224484533,0.0023084642545599895
rap,other word,1,1,-0.0010048546828329563,-0.0010048546828329563,0.0
\(20,math notation,1,1,-0.0010051236022263765,-0.0010051236022263765,0.0
\frac{y}{12},math notation,2,1,-0.002010373689699918,-0.001005186844849959,0.0021804052427888045
2017,number,5,4,-0.005171496653929353,-0.0010342993307858705,0.0011957396217053052
\sqrt{4,math notation,1,1,-0.001062877126969397,-0.001062877126969397,0.0
rooms,other word,13,3,-0.013856611447408795,-0.0010658931882622151,0.0013525546298478375
-5,number,2,2,-0.002162695163860917,-0.0010813475819304585,0.00428929028826394
\((b-c)^2,math notation,1,1,-0.0010857144079636782,-0.0010857144079636782,0.0
13,number,24,19,-0.026334378053434193,-0.0010972657522264246,0.0023448874294396717
36\),math notation,2,2,-0.0022339390125125647,-0.0011169695062562823,0.0031814198746678494
we'd,other word,2,2,-0.0022437646985054016,-0.0011218823492527008,0.004882891524093245
call,other word,2,2,-0.0022559103090316057,-0.0011279551545158029,0.0011786997565618545
4*additional\,math notation,1,1,-0.0011332232970744371,-0.0011332232970744371,0.0
-48,number,3,3,-0.003481141582597047,-0.001160380527532349,0.0008314516189956892
mixed,other word,1,1,-0.0011790485586971045,-0.0011790485586971045,0.0
soccer,other word,4,3,-0.004733789130114019,-0.0011834472825285047,0.002368828826136943
##,other word,13,13,-0.015627734595909715,-0.0012021334304545934,0.0031703594486625604
xyz,other word,6,3,-0.0072483650874346495,-0.0012080608479057748,0.0030535533492794436
11-20,number,1,1,-0.001211952418088913,-0.001211952418088913,0.0
$(3,math notation,1,1,-0.0012126381043344736,-0.0012126381043344736,0.0
4th,number,8,5,-0.009712000261060894,-0.0012140000326326117,0.001145457493775014
3\),math notation,19,16,-0.023113730363547802,-0.0012165121243972528,0.007598220198523151
},math notation,1,1,-0.0012290317099541426,-0.0012290317099541426,0.0
6^3,math notation,1,1,-0.0012295853812247515,-0.0012295853812247515,0.0
dec,other word,2,1,-0.002461093827150762,-0.001230546913575381,0.0006651555128212625
45^\circ,math notation,3,2,-0.0037009027000749484,-0.0012336342333583161,0.00324953726396405
acb,other word,1,1,-0.001238090917468071,-0.001238090917468071,0.0
\((t+10),math notation,1,1,-0.001246604835614562,-0.001246604835614562,0.0
e\rfloor,math notation,1,1,-0.0012709363363683224,-0.0012709363363683224,0.0
directly,other word,10,10,-0.01278451713733375,-0.001278451713733375,0.0021728323526974663
11^t\),math notation,2,2,-0.0025585631956346333,-0.0012792815978173167,0.0056545554775626235
equation,other word,142,110,-0.182717073650565,-0.001286739955285669,0.0018217820437955105
\(\mathbf{a}^t,math notation,2,1,-0.0026004478277172893,-0.0013002239138586447,0.0001560440453512396
\[a^4,math notation,1,1,-0.0013004408683627844,-0.0013004408683627844,0.0
4(a_1,math notation,1,1,-0.0013155045453459024,-0.0013155045453459024,0.0
\[114,math notation,1,1,-0.001317843678407371,-0.001317843678407371,0.0
4c,number,10,2,-0.013220001506851986,-0.0013220001506851985,0.0005708948539016299
more,other word,23,22,-0.030449386744294316,-0.0013238863801867094,0.0010268101362783662
math,other word,8,4,-0.010663198656402528,-0.001332899832050316,0.002238438361489086
\((x_2,math notation,2,2,-0.0026705287164077163,-0.0013352643582038581,0.002231888215050822
adam,other word,2,2,-0.0026755984872579575,-0.0013377992436289787,0.006977565528937883
holes,other word,14,5,-0.01886056922376156,-0.0013471835159829684,0.008375553253602537
$m$,math notation,1,1,-0.001348341116681695,-0.001348341116681695,0.0
saved,other word,4,4,-0.005420846864581108,-0.001355211716145277,0.005619222019141086
cases,other word,6,6,-0.008216763148084283,-0.0013694605246807139,0.007520765943412514
canadian,other word,2,1,-0.002740574302151799,-0.0013702871510758996,0.0014693869000137446
which,other word,93,85,-0.127539086912293,-0.0013713880313149782,0.0017680428610397157
\[7,math notation,1,1,-0.0013819392770528793,-0.0013819392770528793,0.0
placing,other word,1,1,-0.0013819580199196935,-0.0013819580199196935,0.0
v,other word,20,17,-0.02829005371313542,-0.0014145026856567712,0.0007390091597465619
\sqrt{24(24,math notation,1,1,-0.001414783881045878,-0.001414783881045878,0.0
999x,number,1,1,-0.001415785402059555,-0.001415785402059555,0.0
well-known,other word,1,1,-0.0014191733207553625,-0.0014191733207553625,0.0
x_2,math notation,4,4,-0.005726967210648581,-0.0014317418026621453,0.0038691814857961106
snack,other word,5,3,-0.007160473149269819,-0.0014320946298539638,0.005680119606245954
pilots,other word,2,2,-0.0028751902282238007,-0.0014375951141119003,0.017305382728917715
a_7,math notation,1,1,-0.0014431821182370186,-0.0014431821182370186,0.0
asks,other word,1,1,-0.0014441426610574126,-0.0014441426610574126,0.0
e$,math notation,2,2,-0.0029090928146615624,-0.0014545464073307812,0.0020797343052955737
7+10,math notation,1,1,-0.0014588796475436538,-0.0014588796475436538,0.0
grows,other word,1,1,-0.001460844068787992,-0.001460844068787992,0.0
aa,other word,2,2,-0.0029265277553349733,-0.0014632638776674867,0.0022042132525341342
numerator,other word,12,11,-0.01756330847274512,-0.0014636090393954266,0.010149035507773768
vice,other word,1,1,-0.0014722070191055536,-0.0014722070191055536,0.0
\(1000\),math notation,1,1,-0.0014784919330850244,-0.0014784919330850244,0.0
"e(6,3",math notation,2,2,-0.0029781945049762726,-0.0014890972524881363,0.017574687426103786
30.5^\circ\),math notation,1,1,-0.0014934734208509326,-0.0014934734208509326,0.0
cm,other word,16,3,-0.02403645886806771,-0.001502278679254232,0.0014488725690852574
991-1000,number,1,1,-0.0015111445682123303,-0.0015111445682123303,0.0
sells,other word,2,1,-0.0030229510739445686,-0.0015114755369722843,0.007231447278383127
x_2}{2,math notation,1,1,-0.0015152953565120697,-0.0015152953565120697,0.0
following,other word,12,12,-0.018210721405921504,-0.0015175601171601254,0.0036866970706923353
18n,number,3,1,-0.004592430836055428,-0.0015308102786851425,0.0007260430798024917
ticket,other word,6,3,-0.009190482553094625,-0.0015317470921824377,0.004335705603334625
right-hand,other word,6,4,-0.009209391428157687,-0.0015348985713596146,0.0071776827354443915
e,other word,22,14,-0.033841697295429185,-0.0015382589679740538,0.0008267963555415724
impacts,other word,1,1,-0.0015491526573896408,-0.0015491526573896408,0.0
\sqrt{169,math notation,1,1,-0.0015498771099373698,-0.0015498771099373698,0.0
4^3,math notation,1,1,-0.0015649018168915063,-0.0015649018168915063,0.0
already,other word,12,11,-0.018825436010956764,-0.001568786334246397,0.0026466737064761076
plans,other word,2,2,-0.003142173867672682,-0.001571086933836341,0.00038560662074610635
roll,other word,15,7,-0.023684193191002123,-0.0015789462127334748,0.004263722743383869
-,other word,795,376,-1.260032710575615,-0.0015849468057554906,0.0003698543228896332
1.\],math notation,1,1,-0.0015893743839114904,-0.0015893743839114904,0.0
painter,other word,1,1,-0.0015913927927613258,-0.0015913927927613258,0.0
33,number,7,4,-0.011153922299854457,-0.0015934174714077795,0.006534051243249637
mix,other word,1,1,-0.0015986911021173,-0.0015986911021173,0.0
102(102n,math notation,1,1,-0.001603777433047071,-0.001603777433047071,0.0
"r_{1,2",math notation,4,1,-0.00644048216054216,-0.00161012054013554,0.004515795932774018
\langle,math notation,3,1,-0.004835587460547686,-0.0016118624868492286,0.0001959768692849167
determining,other word,1,1,-0.001612794934771955,-0.001612794934771955,0.0
black,other word,2,2,-0.0032272308599203825,-0.0016136154299601912,0.00039876870287296645
ab,other word,15,12,-0.02422634098911658,-0.0016150893992744387,0.0026751474892877905
additional,other word,12,8,-0.019394912116695195,-0.0016162426763912663,0.0015814071805152095
\(bc,math notation,3,3,-0.004849495773669332,-0.0016164985912231107,0.0026038581030397258
$h$,math notation,1,1,-0.0016365823103114963,-0.0016365823103114963,0.0
cars,other word,18,4,-0.029600480222143233,-0.0016444711234524017,0.006072684214187394
will,other word,69,62,-0.11401246063178405,-0.0016523545019099138,0.0013457586551995685
equations,other word,28,27,-0.04628217429853976,-0.0016529347963764199,0.004611254221765582
characteristic,other word,4,3,-0.006644191220402718,-0.0016610478051006794,0.014538134412923374
focusing,other word,1,1,-0.001663637813180685,-0.001663637813180685,0.0
cheerios,other word,6,4,-0.009988183039240539,-0.0016646971732067566,0.012053730516638989
greatest,other word,3,3,-0.004997774260118604,-0.0016659247533728678,0.00295801129408523
happening,other word,1,1,-0.0016687960596755147,-0.0016687960596755147,0.0
charlie's,other word,3,3,-0.005010802298784256,-0.0016702674329280853,0.0032837553371758994
6n,number,3,1,-0.005033373454352841,-0.001677791151450947,0.0006705479159135254
divisibility,other word,5,5,-0.008403784013353288,-0.0016807568026706576,0.00219767456845705
p_i,math notation,1,1,-0.0016885347431525588,-0.0016885347431525588,0.0
important,other word,1,1,-0.0016912813298404217,-0.0016912813298404217,0.0
5)^4,math notation,2,2,-0.0034078386379405856,-0.0017039193189702928,0.002304126513991415
8112,number,1,1,-0.0017091759946197271,-0.0017091759946197271,0.0
\[2^4,math notation,1,1,-0.001722853456158191,-0.001722853456158191,0.0
month,other word,9,5,-0.015645246719941497,-0.0017383607466601664,0.005512788989264425
nature,other word,2,2,-0.0034942501224577427,-0.0017471250612288713,0.0003711927278276346
225,number,2,1,-0.003498609410598874,-0.001749304705299437,0.00036649541217025734
jonathan,other word,5,5,-0.008835067739710212,-0.0017670135479420424,0.0020424718067308233
pair,other word,17,16,-0.03044196730479598,-0.0017907039591056459,0.004215432985198079
bx,other word,2,2,-0.0035831543209496886,-0.0017915771604748443,0.001218340874089148
p(5,math notation,6,1,-0.01078905732720159,-0.001798176221200265,0.0029525394775224375
factorization,other word,5,4,-0.009021327598020434,-0.001804265519604087,0.0034518469381352446
based,other word,8,8,-0.014465718064457178,-0.0018082147580571473,0.004275513076923605
\(9,math notation,3,3,-0.005445203627459705,-0.0018150678758199017,0.014488410649557262
doubled,other word,1,1,-0.0018153507262468338,-0.0018153507262468338,0.0
cosines,other word,2,2,-0.003636135603301227,-0.0018180678016506135,0.003869897905875447
maximum,other word,19,16,-0.03458507382310927,-0.0018202670433215406,0.001395284663039907
retirement,other word,4,3,-0.007292249705642462,-0.0018230624264106154,0.005103262722138989
corner,other word,6,3,-0.010948860784992576,-0.0018248101308320959,0.005046209287207119
o,other word,3,3,-0.0054798132623545825,-0.0018266044207848608,0.0007067306595453856
quickly,other word,1,1,-0.0018370513571426272,-0.0018370513571426272,0.0
low,other word,1,1,-0.0018405390437692404,-0.0018405390437692404,0.0
13\),math notation,5,5,-0.009275955730117857,-0.0018551911460235714,0.015801969120996396
men,other word,3,2,-0.005589582782704383,-0.0018631942609014611,0.0006941258149994458
$20x,math notation,1,1,-0.001864084042608738,-0.001864084042608738,0.0
1728abc,number,2,1,-0.003729084914084524,-0.001864542457042262,0.00027118010846771174
shifting,other word,1,1,-0.0018673355225473642,-0.0018673355225473642,0.0
673,number,5,4,-0.009345797589048743,-0.0018691595178097486,0.0036025821595936256
4\),math notation,17,14,-0.03180940524907783,-0.0018711414852398721,0.004092736439116749
harvest,other word,8,5,-0.015066032065078616,-0.001883254008134827,0.005082874375171443
q,other word,17,10,-0.032048878114437684,-0.0018852281243786873,0.0008173351158468469
strings,other word,1,1,-0.0018953110557049513,-0.0018953110557049513,0.0
make,other word,14,10,-0.02660010429099202,-0.001900007449356573,0.005029471605495826
-3,number,5,3,-0.009501625900156796,-0.0019003251800313592,0.004870198647831416
eric,other word,4,4,-0.00761424470692873,-0.0019035611767321825,0.007818964895600957
naive,other word,1,1,-0.0019065261585637927,-0.0019065261585637927,0.0
slices,other word,13,6,-0.024801926920190454,-0.0019078405323223425,0.009835255591684487
places,other word,2,2,-0.003827362204901874,-0.001913681102450937,0.00639668420375736
spaced,other word,2,2,-0.0038449473213404417,-0.0019224736606702209,0.0007000342113927101
b_2,math notation,1,1,-0.0019245344446972013,-0.0019245344446972013,0.0
101,number,4,2,-0.007733036385616288,-0.001933259096404072,0.0015780872220455871
length,other word,31,25,-0.06006940748193301,-0.0019377228219978392,0.0031088820323806818
4k,number,3,3,-0.005813447700347751,-0.0019378159001159172,0.0017944865776544532
178,number,1,1,-0.0019414594862610102,-0.0019414594862610102,0.0
76\],math notation,2,1,-0.0038887555710971355,-0.0019443777855485678,0.004524335277557036
ranges,other word,3,3,-0.005850670626387,-0.001950223542129,0.00022958894765840124
overall,other word,6,6,-0.01175528927706182,-0.0019592148795103035,0.008834991959694114
because,other word,22,21,-0.04312629112973809,-0.0019602859604426408,0.0013913680693916411
raised,other word,6,3,-0.011789192096330225,-0.0019648653493883708,0.002360390700703687
\frac{2020}{10},math notation,1,1,-0.001973440492292866,-0.001973440492292866,0.0
asked,other word,3,3,-0.005934574408456683,-0.001978191469485561,0.002403019400447144
range,other word,14,10,-0.027837641158839688,-0.0019884029399171205,0.0029927337921063376
simply,other word,1,1,-0.0020083999261260033,-0.0020083999261260033,0.0
mn,other word,1,1,-0.0020131522323936224,-0.0020131522323936224,0.0
\(k\),math notation,7,6,-0.014103547669947147,-0.002014792524278164,0.0085162747629513
6m,number,2,2,-0.004039524123072624,-0.002019762061536312,0.00044808290285455396
52,number,8,4,-0.016212833928875625,-0.002026604241109453,0.0030027765414593955
\(3/4,math notation,1,1,-0.002034326083958149,-0.002034326083958149,0.0
\mod,math notation,3,3,-0.0061043682508170605,-0.00203478941693902,0.0005567977423148001
digit,other word,50,18,-0.10222368859103881,-0.0020444737718207763,0.0009087668536677264
sector,other word,5,3,-0.010242394055239856,-0.0020484788110479712,0.002041604680339791
thrown,other word,3,2,-0.006185553967952728,-0.0020618513226509094,0.004381941577916482
\sqrt{400,math notation,1,1,-0.0020688504446297884,-0.0020688504446297884,0.0
where,other word,84,70,-0.17389931075740606,-0.00207022988996912,0.001547363485024055
2³,number,1,1,-0.002073688432574272,-0.002073688432574272,0.0
considering,other word,11,11,-0.022861532168462873,-0.0020783211062238975,0.0026287267750468436
goals,other word,10,2,-0.020869846106506884,-0.0020869846106506885,0.0006314222567696071
goods,other word,1,1,-0.0020913416519761086,-0.0020913416519761086,0.0
\(\cos,math notation,2,2,-0.00418863445520401,-0.002094317227602005,0.0018227194891945703
y-intercept,other word,3,2,-0.006290798308327794,-0.002096932769442598,0.02165062126415149
actually,hedging / contrast,2,2,-0.004222919582389295,-0.0021114597911946476,0.00024241290872550262
room,other word,12,8,-0.02538045468099881,-0.0021150378900832343,0.007414066558676364
p(13,math notation,1,1,-0.002129979489836842,-0.002129979489836842,0.0
hd,other word,2,1,-0.004297118633985519,-0.0021485593169927597,0.004011843264463106
product,other word,49,31,-0.10546676252852194,-0.002152382908745346,0.0013652156232391555
exam,other word,6,4,-0.012977224308997393,-0.002162870718166232,0.01340237533496716
akshan,other word,1,1,-0.0021706693805754185,-0.0021706693805754185,0.0
into,other word,79,73,-0.1716712235356681,-0.0021730534624768115,0.0010671181823074505
operation,other word,5,1,-0.010910809854976833,-0.0021821619709953667,0.0007861834945317675
size,other word,4,2,-0.00876282315584831,-0.0021907057889620773,0.00067823806462036
ca,other word,1,1,-0.0021969617810100317,-0.0021969617810100317,0.0
\frac{\log_2{t}}{2}\),math notation,1,1,-0.0022026555379852653,-0.0022026555379852653,0.0
a_1,math notation,9,7,-0.019861890032188967,-0.0022068766702432185,0.0011691263756794987
2q,number,1,1,-0.0022078377660363913,-0.0022078377660363913,0.0
emil,other word,9,4,-0.019929566653445363,-0.0022143962948272624,0.005623671311358648
"i(6,3",math notation,2,2,-0.004459741408936679,-0.0022298707044683397,0.007371974049782528
phones,other word,4,2,-0.008948629256337881,-0.0022371573140844703,0.0041140502070873145
the,other word,3214,1046,-7.2174270873947535,-0.0022456213713113733,0.00025764001200281476
y_2,math notation,1,1,-0.002256498788483441,-0.002256498788483441,0.0
361,number,1,1,-0.0022572086309082806,-0.0022572086309082806,0.0
25\pi,math notation,4,2,-0.0090523712860886,-0.00226309282152215,0.00126677069078905
30^\circ,math notation,1,1,-0.0022720028646290302,-0.0022720028646290302,0.0
\(7^4,math notation,2,2,-0.0045458084787242115,-0.0022729042393621057,0.0025239824417415966
account,other word,2,2,-0.004557321779429913,-0.0022786608897149563,1.8101742163174996e-06
candice,other word,3,2,-0.006850997218862176,-0.002283665739620725,0.0050407394245343025
\(b\),math notation,25,23,-0.057304692920297384,-0.002292187716811895,0.006944009140648521
shapes,other word,1,1,-0.0022930745035409927,-0.0022930745035409927,0.0
when,other word,57,46,-0.13110617350321263,-0.0023001083070739057,0.00178916832502362
2$,math notation,3,2,-0.006927560199983418,-0.002309186733327806,0.008720519080284796
frederick,other word,7,6,-0.016234422801062465,-0.002319203257294638,0.0061303523352786845
rs,other word,2,2,-0.004646311281248927,-0.0023231556406244636,0.00044151235734421983
\(p_1\),math notation,4,4,-0.009338241536170244,-0.002334560384042561,0.009049660350287002
41,number,1,1,-0.002338958438485861,-0.002338958438485861,0.0
\[g,math notation,1,1,-0.0023397067561745644,-0.0023397067561745644,0.0
pa,other word,5,2,-0.011715244268998504,-0.0023430488537997006,0.0014616068079616516
list,other word,5,4,-0.011722237337380648,-0.0023444474674761294,0.010177415876695628
ab)(s,math notation,1,1,-0.0023627986665815115,-0.0023627986665815115,0.0
flip,other word,14,5,-0.033156690769828856,-0.0023683350549877752,0.0014824159906509865
2^1,math notation,1,1,-0.0023766537779010832,-0.0023766537779010832,0.0
less,other word,26,23,-0.06181519845267758,-0.0023775076327952915,0.0010506984985398102
characteristics,other word,1,1,-0.002386009320616722,-0.002386009320616722,0.0
a_n,math notation,5,3,-0.01202789632952772,-0.0024055792659055442,0.0013640822007692352
k,other word,45,23,-0.10858319627004676,-0.0024129599171121502,0.0006204720140153644
768,number,2,2,-0.004863867303356528,-0.002431933651678264,7.968347387559153e-05
2018,number,1,1,-0.0024340185336768627,-0.0024340185336768627,0.0
decade,other word,5,3,-0.012218293733894825,-0.002443658746778965,0.019903664797137805
\[(y,math notation,1,1,-0.0024477816186845303,-0.0024477816186845303,0.0
4^4,math notation,1,1,-0.0024584276252426207,-0.0024584276252426207,0.0
width,other word,3,2,-0.007389483042061329,-0.002463161014020443,0.0012690954217612006
elizabeth,other word,4,4,-0.009867017157375813,-0.002466754289343953,0.0017175819751647841
\parallel,math notation,2,2,-0.004953634168487042,-0.002476817084243521,0.003534760633916477
triple,other word,2,2,-0.0049822916043922305,-0.0024911458021961153,0.004985867182148772
way,other word,6,6,-0.015057407785207033,-0.0025095679642011723,0.0029912076805615083
natural,other word,1,1,-0.0025172438472509384,-0.0025172438472509384,0.0
10}{2}\),math notation,1,1,-0.002520672045648098,-0.002520672045648098,0.0
candles,other word,21,3,-0.05347280512796715,-0.0025463240537127213,0.0015328595464396684
i+2,math notation,1,1,-0.002550437464378774,-0.002550437464378774,0.0
ac)(s,math notation,1,1,-0.0025672836927697062,-0.0025672836927697062,0.0
rectangular,other word,2,2,-0.005140146240592003,-0.0025700731202960014,0.004962585946271281
ce,other word,1,1,-0.0025718435645103455,-0.0025718435645103455,0.0
10)(24,math notation,1,1,-0.0025737626710906625,-0.0025737626710906625,0.0
hypotenuse,other word,3,2,-0.007722967362497002,-0.0025743224541656673,0.0012754335860647446
dental,other word,1,1,-0.0025871885009109974,-0.0025871885009109974,0.0
buying,other word,2,1,-0.005188051611185074,-0.002594025805592537,0.001796241719434363
\frac{48}{60}),math notation,1,1,-0.0025961625506170094,-0.0025961625506170094,0.0
found,other word,9,9,-0.023373776231892407,-0.002597086247988045,0.00188434766188093
uses,other word,2,2,-0.005194795783609152,-0.002597397891804576,0.0022377120122481354
b_4,math notation,1,1,-0.0026030977023765445,-0.0026030977023765445,0.0
108^\circ\),math notation,1,1,-0.002603930654004216,-0.002603930654004216,0.0
flies,other word,10,5,-0.026127540040761232,-0.0026127540040761232,0.005295303166070903
51n,number,3,1,-0.007863662962336093,-0.0026212209874453643,0.001107735043520166
travel,other word,3,1,-0.00788161694072187,-0.00262720564690729,0.002115377470422237
\[196,math notation,1,1,-0.0026297945296391845,-0.0026297945296391845,0.0
m|,math notation,17,4,-0.04525238377391361,-0.002661904927877271,0.0010213894236995428
a_{i+1}\},math notation,1,1,-0.002664249528606888,-0.002664249528606888,0.0
\frac{c}{a},math notation,1,1,-0.002664427098352462,-0.002664427098352462,0.0
en,other word,3,2,-0.008026165189221501,-0.002675388396407167,0.0006417436214798284
ax^2,math notation,1,1,-0.002692489593755454,-0.002692489593755454,0.0
anti-pascal,other word,2,2,-0.005388585152104497,-0.0026942925760522485,0.0024632655641838043
ae,other word,1,1,-0.002696402370929718,-0.002696402370929718,0.0
p+q)x,math notation,1,1,-0.0026998130488209426,-0.0026998130488209426,0.0
x_{i+2,math notation,10,4,-0.02703895240847487,-0.002703895240847487,0.0038258597592136867
\(t,math notation,5,5,-0.01354045420885086,-0.002708090841770172,0.006140161918515243
5\),math notation,14,11,-0.03795215970603749,-0.0027108685504312496,0.004808475477320818
ac^2,math notation,3,3,-0.0081610141787678,-0.0027203380595892668,0.0006663159347783368
cylinder,other word,7,3,-0.019151349435560405,-0.002735907062222915,0.009015280474761128
14x,number,1,1,-0.002736516296863556,-0.002736516296863556,0.0
1233,number,2,2,-0.0055272565223276615,-0.0027636282611638308,0.0009345439686369438
44,number,5,5,-0.013834148179739714,-0.002766829635947943,0.0013291406551361688
\(u\),math notation,9,5,-0.02494899064186029,-0.00277211007131781,0.0008577330929415557
n,other word,144,75,-0.3994759835477453,-0.00277413877463712,0.0007734196238964311
102(1,math notation,2,1,-0.00558662269031629,-0.002793311345158145,0.0032284905987263824
keeping,other word,2,2,-0.005591333610936999,-0.0027956668054684997,0.0034526300703877698
\(ab\),math notation,3,2,-0.008430517977103591,-0.00281017265903453,0.01616225151496223
-3\],math notation,1,1,-0.002829945180565119,-0.002829945180565119,0.0
2ab,number,2,2,-0.0056832097470760345,-0.0028416048735380173,0.0034924926749546623
-y^2,math notation,3,1,-0.008587090589571744,-0.002862363529857248,0.0017821368732487386
1.5x,number,4,2,-0.011449810350313783,-0.0028624525875784457,0.00396759112058315
couples,other word,4,2,-0.011495822691358626,-0.0028739556728396565,0.007165825622578564
$ad$,math notation,11,2,-0.03164457142702304,-0.002876779220638458,0.002848492031924744
ordered,other word,5,5,-0.014510084642097354,-0.002902016928419471,0.0033758683250946354
r,other word,27,20,-0.0784172865387518,-0.002904343945879696,0.001265906983980163
1.2a,number,2,2,-0.00583041924983263,-0.002915209624916315,0.003251804370818471
p(1,math notation,1,1,-0.0029436686309054494,-0.0029436686309054494,0.0
\(\{1,math notation,5,5,-0.014720270381076261,-0.002944054076215252,0.0026735075669114395
64\),math notation,1,1,-0.002944277599453926,-0.002944277599453926,0.0
\(\mathbf{v}_2,math notation,1,1,-0.0029444826941471547,-0.0029444826941471547,0.0
\(,math notation,847,288,-2.5026718774897745,-0.0029547483795628977,0.0006021761609305302
allocated,other word,1,1,-0.002968213986605406,-0.002968213986605406,0.0
4(72,math notation,1,1,-0.002973700815346092,-0.002973700815346092,0.0
0.04,number,2,2,-0.005956453736871481,-0.0029782268684357405,0.01900018999024039
13p,number,4,3,-0.011913741065654904,-0.002978435266413726,0.0010922957701828481
that,other word,332,273,-0.9919114768272266,-0.0029876851711663453,0.0009720028899145253
12)(10,math notation,1,1,-0.0030002190032973886,-0.0030002190032973886,0.0
\(abc,math notation,1,1,-0.0030016102246008813,-0.0030016102246008813,0.0
\(\left(\frac{3}{5}\right)^7\),math notation,1,1,-0.003015443609911017,-0.003015443609911017,0.0
ar,other word,1,1,-0.0030294095631688833,-0.0030294095631688833,0.0
3d,number,11,5,-0.033390032811439596,-0.0030354575283126906,0.004156451368161199
required,other word,11,11,-0.033426450565457344,-0.003038768233223395,0.004397683980260641
reach,other word,4,4,-0.012177653959952295,-0.0030444134899880737,0.0021965122854113424
done,other word,4,4,-0.01219477376434952,-0.00304869344108738,0.0014271354111857026
2107\],math notation,1,1,-0.0030513681704178452,-0.0030513681704178452,0.0
a_2,math notation,9,5,-0.027514329820405692,-0.0030571477578228545,0.001533512564017855
potentially,other word,2,2,-0.006138460710644722,-0.003069230355322361,0.0023452317508858393
4:3:2,number,1,1,-0.0030718381167389452,-0.0030718381167389452,0.0
chenny's,other word,1,1,-0.0030810364987701178,-0.0030810364987701178,0.0
\sqrt{2},math notation,2,2,-0.006173140660393983,-0.0030865703301969916,0.002667762669964622
\overline{ab},math notation,6,3,-0.01856939954450354,-0.0030948999240839234,0.008130110328472223
k^2,math notation,2,2,-0.006192121567437425,-0.0030960607837187126,0.0002740023935644929
603,number,1,1,-0.0031165832187980413,-0.0031165832187980413,0.0
volume,other word,11,6,-0.03437907597981393,-0.0031253705436194486,0.0019287485560477318
3by,number,1,1,-0.0031256427755579352,-0.0031256427755579352,0.0
tree,other word,3,2,-0.009392754407599568,-0.003130918135866523,0.012127942449197883
79.6\],math notation,1,1,-0.0031324592418968678,-0.0031324592418968678,0.0
floor,other word,13,6,-0.040740074298810214,-0.003133851869139247,0.002336174971220937
\(y\),math notation,35,21,-0.11037943330302369,-0.0031536980943721055,0.006098342814055224
setting,other word,1,1,-0.0031777818221598864,-0.0031777818221598864,0.0
venn,other word,3,1,-0.009549219161272049,-0.0031830730537573495,0.0012100538603854122
1016,number,1,1,-0.003187888767570257,-0.003187888767570257,0.0
38\],math notation,2,1,-0.006384691456332803,-0.0031923457281664014,0.0035325926848166823
centroid,other word,2,1,-0.006428746695746668,-0.003214373347873334,0.0007030896778389864
weighted,other word,1,1,-0.003214912721887231,-0.003214912721887231,0.0
34n,number,3,1,-0.009664109675213695,-0.0032213698917378983,0.0008415648936036742
ned,other word,3,2,-0.009734652936458588,-0.0032448843121528625,0.001896042894912886
bisector,other word,15,5,-0.04876834346214309,-0.0032512228974762064,0.003275936363178837
assign,other word,2,2,-0.00650706235319376,-0.00325353117659688,5.815573622769995e-05
equiangular,other word,1,1,-0.003265627659857273,-0.003265627659857273,0.0
variables,other word,5,4,-0.016329689184203744,-0.0032659378368407486,0.006503321476355619
\cdots,math notation,23,14,-0.07567762624239549,-0.0032903315757563255,0.0022427518660451686
nice,other word,1,1,-0.0032921265810728073,-0.0032921265810728073,0.0
\right\rfloor,math notation,6,3,-0.019785988028161228,-0.0032976646713602045,0.0018368256021898477
1700,number,1,1,-0.0033047148026525974,-0.0033047148026525974,0.0
wood,other word,12,5,-0.03966514999046922,-0.0033054291658724346,0.004793705279794966
including,other word,6,6,-0.01983830245444551,-0.003306383742407585,0.006576886280198484
1|,math notation,2,1,-0.006615916368900798,-0.003307958184450399,0.0009495617108550827
me,other word,1,1,-0.003323131939396262,-0.003323131939396262,0.0
pe,other word,3,2,-0.009993945946916938,-0.0033313153156389794,9.731876073430313e-05
\(a_{3},math notation,1,1,-0.003333424567244947,-0.003333424567244947,0.0
8281,number,4,1,-0.013335020805243403,-0.0033337552013108507,0.002374197879638984
increased,other word,1,1,-0.003335790242999792,-0.003335790242999792,0.0
$6,math notation,3,3,-0.01001139939762652,-0.003337133132542173,0.002115494451686352
\(3^8,math notation,1,1,-0.003338897251524031,-0.003338897251524031,0.0
\(1,math notation,9,8,-0.0301315356628038,-0.0033479484069781997,0.005093387922307251
y\),math notation,9,8,-0.030153308995068073,-0.003350367666118675,0.011582285085086344
side,other word,45,35,-0.15099071332952008,-0.0033553491851004463,0.0020034701434385013
(\(28\)),math notation,1,1,-0.0033589579397812486,-0.0033589579397812486,0.0
pay,other word,1,1,-0.003362197196111083,-0.003362197196111083,0.0
wins,other word,3,2,-0.010111115872859955,-0.003370371957619985,0.008211961976538095
do,other word,10,10,-0.03381037968210876,-0.003381037968210876,0.0022488839313911484
an,other word,99,86,-0.335568854236044,-0.0033895843862226664,0.0008509240772007073
\frac{-(-20),math notation,1,1,-0.0033903144067153335,-0.0033903144067153335,0.0
some,other word,5,5,-0.01697993860580027,-0.003395987721160054,0.0028373082289883792
random,other word,1,1,-0.0033963366877287626,-0.0033963366877287626,0.0
\(t_5,math notation,1,1,-0.0034070200053974986,-0.0034070200053974986,0.0
pc,other word,4,1,-0.01364231575280428,-0.00341057893820107,0.0011023654560472229
last,other word,17,12,-0.05801546014845371,-0.00341267412637963,0.0014233814684476
xa,other word,2,1,-0.006826846685726196,-0.003413423342863098,0.0024891379463255325
$\frac{x}{4},math notation,1,1,-0.0034146836842410266,-0.0034146836842410266,0.0
3/4,math notation,2,2,-0.006844960735179484,-0.003422480367589742,0.000483530501562835
marker,other word,2,1,-0.006849122699350119,-0.0034245613496750593,0.0006044205458690165
-11,number,1,1,-0.003440928179770708,-0.003440928179770708,0.0
relevant,other word,1,1,-0.0034418925642967224,-0.0034418925642967224,0.0
few,other word,4,4,-0.013768391276244074,-0.0034420978190610185,0.0029629705220513935
tasks,other word,1,1,-0.0034458597656339407,-0.0034458597656339407,0.0
120,number,25,17,-0.08685315103502944,-0.0034741260414011777,0.0029121011963451028
gcd,other word,7,3,-0.024340869393199682,-0.003477267056171383,0.004894401107303304
and,other word,637,446,-2.2171455155475996,-0.003480605204941287,0.0006194973246719904
625n,number,2,1,-0.006978289224207401,-0.0034891446121037006,0.0007758080711605352
books,other word,9,2,-0.031572217179927975,-0.003508024131103108,0.0026900207799434453
\frac{5}{4}\),math notation,1,1,-0.003510066890157759,-0.003510066890157759,0.0
expected,other word,10,6,-0.03517473419196904,-0.003517473419196904,0.004513379484842625
five,other word,11,6,-0.038839926302898675,-0.0035309023911726067,0.0014043799083381344
powers,other word,8,6,-0.02827014052309096,-0.00353376756538637,0.0023729533871059733
steve,other word,1,1,-0.003536542411893606,-0.003536542411893606,0.0
l,other word,13,12,-0.046156576223438606,-0.003550505863341431,0.0010309985004836666
inequality,other word,19,17,-0.06759074819274247,-0.0035574077996180244,0.00416909864257595
48,number,7,7,-0.024909058469347656,-0.0035584369241925223,0.002144141792237281
know,other word,55,55,-0.1959291115636006,-0.003562347482974556,0.002500039181950685
yield,other word,4,4,-0.014257583650760353,-0.003564395912690088,0.0017768033148598034
36,number,37,27,-0.13214269187301397,-0.0035714241046760535,0.004284013182942952
\(\frac{r_1}{\sqrt[3]{r_2}},math notation,1,1,-0.0035754526616074145,-0.0035754526616074145,0.0
160,number,5,5,-0.017880118684843183,-0.0035760237369686365,0.0023387042627145385
2028,number,2,2,-0.007167517207562923,-0.0035837586037814617,0.0006705894516698501
small,other word,16,7,-0.05737701628822833,-0.003586063518014271,0.0012811977647570754
dice,other word,18,12,-0.06457824271637946,-0.00358768015090997,0.004375102929504078
leap,other word,1,1,-0.0035894932225346565,-0.0035894932225346565,0.0
2n,number,4,2,-0.014380297856405377,-0.0035950744641013443,0.0009065957260064917
needs,other word,18,16,-0.06474248971790075,-0.0035968049843278197,0.006371562623097874
6]\),math notation,1,1,-0.0036051837960258126,-0.0036051837960258126,0.0
equal,other word,54,45,-0.1951107238419354,-0.003613161552628433,0.0016925006043291598
simplification,other word,3,2,-0.010862779105082154,-0.0036209263683607182,0.00760548206240633
term,other word,61,33,-0.2215173675213009,-0.003631432254447556,0.0014745824427355955
color,other word,7,7,-0.025438741664402187,-0.0036341059520574553,0.002283202661381952
checking,other word,1,1,-0.003654712112620473,-0.003654712112620473,0.0
point,other word,24,20,-0.08785715693375096,-0.0036607148722396232,0.0030368562030391815
years,other word,34,22,-0.12447163776960224,-0.00366093052263536,0.004672141491410829
\frac{13,math notation,6,2,-0.021978886565193534,-0.003663147760865589,0.001991884605542572
bounded,other word,2,2,-0.007363449316471815,-0.0036817246582359076,0.001259485633943809
6\sqrt{6},math notation,2,2,-0.007363883370999247,-0.0036819416854996234,0.001185892811847875
face,other word,11,8,-0.04051681293640286,-0.003683346630582078,0.0026064313117007275
sean's,other word,4,2,-0.0148459019837901,-0.003711475495947525,0.0020987134970023536
fn,other word,1,1,-0.0037244638078846037,-0.0037244638078846037,0.0
switch,other word,1,1,-0.003725935472175479,-0.003725935472175479,0.0
|b|,math notation,4,3,-0.0149188015202526,-0.00372970038006315,0.002135700824511909
across,other word,3,1,-0.011196747422218323,-0.003732249140739441,0.0034907578982377066
10080,number,2,2,-0.007469987031072378,-0.003734993515536189,0.010930865339094214
289,number,2,1,-0.007480214117094874,-0.003740107058547437,0.0005021139278745676
20}{2,math notation,2,1,-0.007520724670030177,-0.0037603623350150883,0.005845892229895916
comparing,other word,2,2,-0.007543256506323814,-0.003771628253161907,0.008122767184330243
ends,other word,2,2,-0.007571749156340957,-0.0037858745781704783,0.004669678602328791
outcome,other word,1,1,-0.003792891278862953,-0.003792891278862953,0.0
\(\boxed{there,math notation,1,1,-0.0037940877955406904,-0.0037940877955406904,0.0
essentially,other word,3,3,-0.011383103090338409,-0.0037943676967794695,0.0018992854897567784
\left(\frac{3^2,math notation,1,1,-0.003804582345765084,-0.003804582345765084,0.0
patrons,other word,1,1,-0.003807405009865761,-0.003807405009865761,0.0
2.56,number,1,1,-0.0038084699772298336,-0.0038084699772298336,0.0
3(3n,math notation,1,1,-0.0038097561337053776,-0.0038097561337053776,0.0
p_4,math notation,2,2,-0.007634303881786764,-0.003817151940893382,0.000613174866126853
g,other word,9,6,-0.034463885240256786,-0.003829320582250754,0.007298871501162384
31,number,4,2,-0.015372259542346,-0.0038430648855865,0.003781728009295595
$a=1$,math notation,1,1,-0.0038508317666128278,-0.0038508317666128278,0.0
solutions,other word,31,21,-0.11950452130986378,-0.0038549845583827026,0.002169783507465483
6-member,number,1,1,-0.0038778013549745083,-0.0038778013549745083,0.0
forming,other word,1,1,-0.0038853841833770275,-0.0038853841833770275,0.0
days,other word,37,16,-0.1441384629579261,-0.0038956341339980026,0.004553714393201205
(n-1)7\],math notation,2,1,-0.00781876320252195,-0.003909381601260975,0.00010087418079200501
large,other word,14,11,-0.0547400081413798,-0.003910000581527129,0.0015116994135790911
discernible,other word,1,1,-0.0039132083766162395,-0.0039132083766162395,0.0
deduce,other word,3,1,-0.01174261438427493,-0.00391420479475831,0.002104941714503778
\frac{20+20}{2},math notation,1,1,-0.003914394823368639,-0.003914394823368639,0.0
4\)),math notation,1,1,-0.0039210140239447355,-0.0039210140239447355,0.0
9\],math notation,2,2,-0.007843896164558828,-0.003921948082279414,0.00024057063046442097
isolating,other word,1,1,-0.003925011493265629,-0.003925011493265629,0.0
7b,number,1,1,-0.003929026250261813,-0.003929026250261813,0.0
decreases,other word,1,1,-0.003933019004762173,-0.003933019004762173,0.0
denominator,other word,15,12,-0.05904777650721371,-0.0039365184338142475,0.009357130328575975
martin,other word,2,2,-0.007874427130445838,-0.003937213565222919,0.00027396381726198644
3^{2022,math notation,1,1,-0.003938459616620094,-0.003938459616620094,0.0
contains,other word,8,8,-0.03151155589148402,-0.003938944486435503,0.0058369431199567084
\(t_3,math notation,1,1,-0.003952577215386555,-0.003952577215386555,0.0
34x,number,1,1,-0.003960001515224576,-0.003960001515224576,0.0
until,other word,10,9,-0.03966352448333055,-0.003966352448333055,0.0016657350914599139
person,other word,13,8,-0.05158258002484217,-0.003967890771141706,0.0033083639242856666
\(ae,math notation,2,2,-0.007967476616613567,-0.0039837383083067834,0.005401014957070094
balloons,other word,28,9,-0.11158026847988367,-0.003985009588567274,0.0020559336815794233
one-fifth,other word,2,1,-0.007984611438587308,-0.003992305719293654,0.006808208872590919
$6$,math notation,2,1,-0.007987819641130045,-0.0039939098205650225,0.0033523830606317947
assuming,hedging / contrast,2,2,-0.008016502251848578,-0.004008251125924289,0.0013433544874398848
2)^2,math notation,8,4,-0.0321033650834579,-0.004012920635432238,0.003346188059371424
theorem,other word,18,12,-0.07256535184569657,-0.004031408435872031,0.003464354991160029
17)(24,math notation,1,1,-0.004032071679830551,-0.004032071679830551,0.0
blue,other word,24,13,-0.09693419869290665,-0.004038924945537777,0.0031132418236620666
\frac{-b,math notation,6,6,-0.02425567712634802,-0.0040426128543913364,0.00544819222112319
\(a'b'\),math notation,1,1,-0.00405106833204627,-0.00405106833204627,0.0
p,other word,38,17,-0.15439341479213908,-0.004062984599793134,0.000917218213985341
home,other word,5,4,-0.02037973329424858,-0.0040759466588497165,0.002189244758879571
2(1,math notation,2,1,-0.008199651347240433,-0.0040998256736202165,0.002422590943369295
output,other word,2,2,-0.008204151643440127,-0.004102075821720064,0.00019211793017637018
bursting,other word,1,1,-0.004119573626667261,-0.004119573626667261,0.0
property,other word,6,5,-0.024740600725635886,-0.004123433454272647,0.004638362877482592
tx,other word,2,2,-0.008258169516921043,-0.004129084758460522,0.002243373354747136
\((v,math notation,4,4,-0.016548454179428518,-0.0041371135448571295,0.0017456232442632036
\(2,math notation,13,12,-0.05381967342691496,-0.004139974878993458,0.003864968051436722
\frac{bd}{dc},math notation,1,1,-0.004160280572250485,-0.004160280572250485,0.0
225n,number,2,1,-0.008328345604240894,-0.004164172802120447,0.00014872569168281733
\frac{25}{4},math notation,2,2,-0.008331123448442668,-0.004165561724221334,0.0025566054195780446
leaving,other word,4,2,-0.0166638505179435,-0.004165962629485875,0.0022492274761513535
23y,number,1,1,-0.00416924396995455,-0.00416924396995455,0.0
"10,000",number,5,2,-0.020873431349173188,-0.004174686269834638,0.0023636809952509836
17,number,46,24,-0.1925064901006408,-0.004184923697840018,0.0026461266429138484
ways,other word,21,15,-0.08817042052396573,-0.004198591453522178,0.003339889755071191
90\),math notation,3,3,-0.012618388049304485,-0.004206129349768162,0.029629430091282282
dce,other word,1,1,-0.004208750440739095,-0.004208750440739095,0.0
city,other word,1,1,-0.004210673272609711,-0.004210673272609711,0.0
mathematically,other word,2,2,-0.008427988272160292,-0.004213994136080146,0.0024840942568364723
dc,other word,9,6,-0.03796875456464477,-0.004218750507182752,0.0027010574424803867
50%,number,11,8,-0.04651303344871849,-0.004228457586247136,0.006147769424809098
be,other word,157,106,-0.6651230111892801,-0.004236452300568663,0.0008696904534967506
$be$,math notation,6,1,-0.02543015353148803,-0.004238358921914672,0.0013036815541744658
nick,other word,4,1,-0.01696727250237018,-0.004241818125592545,0.0019297414607759773
\frac{d}{2}\),math notation,2,2,-0.008489490166539326,-0.004244745083269663,0.034219779979314975
b^2}{97^2,math notation,1,1,-0.004259952576830983,-0.004259952576830983,0.0
south,other word,1,1,-0.004265514202415943,-0.004265514202415943,0.0
shaded,other word,9,6,-0.038557049818336964,-0.004284116646481885,0.002035836631707389
\(5,math notation,4,4,-0.01714282314060256,-0.00428570578515064,0.010437771075912743
9(9n,math notation,1,1,-0.0043107736855745316,-0.0043107736855745316,0.0
\sqrt{3},math notation,2,2,-0.008624910842627287,-0.0043124554213136435,0.002664476635767368
eating,other word,6,5,-0.025923668406903744,-0.004320611401150624,0.005870832777211208
axis,other word,1,1,-0.0043232860043644905,-0.0043232860043644905,0.0
\frac{3}{5},math notation,3,3,-0.012986459420062602,-0.004328819806687534,0.010240662914116846
mined,other word,3,2,-0.012998290825635195,-0.004332763608545065,0.002426494344231294
y_2)\),math notation,2,2,-0.008684879634529352,-0.004342439817264676,0.008061916519339752
square,other word,55,36,-0.2402403030428104,-0.00436800550986928,0.002732075403305641
party,other word,2,1,-0.00873885303735733,-0.004369426518678665,0.0051317884208853136
keep,other word,2,2,-0.008742273785173893,-0.0043711368925869465,0.01160564939000766
create,other word,2,2,-0.008749811619054526,-0.004374905809527263,0.002663728673262911
\text{money,math notation,3,1,-0.013154512271285057,-0.004384837423761685,0.0018967409932354076
missing,other word,1,1,-0.004385815467685461,-0.004385815467685461,0.0
0,number,106,71,-0.4659305933746509,-0.0043955716356099146,0.001206659615227276
one,other word,75,54,-0.3299551069212612,-0.004399401425616816,0.0014271569452121052
hands,other word,3,2,-0.013200731482356787,-0.004400243827452262,0.002033570824171386
9/25,math notation,1,1,-0.004405084066092968,-0.004405084066092968,0.0
escape,other word,3,3,-0.013215513085015118,-0.004405171028338373,0.002087202136832936
1\),math notation,37,30,-0.1630844906612765,-0.004407688936791257,0.003671085491276417
\tan,math notation,2,1,-0.008815753506496549,-0.004407876753248274,0.0005428699303846021
\(\frac{4}{6},math notation,1,1,-0.004425494582392275,-0.004425494582392275,0.0
ad,other word,13,9,-0.05762404977576807,-0.004432619213520621,0.001307426595692124
together,other word,20,20,-0.08872188441455364,-0.0044360942207276825,0.012671949263519345
wpm,other word,4,2,-0.017754955450072885,-0.004438738862518221,0.02201927062563009
about,other word,4,4,-0.01781154121272266,-0.004452885303180665,0.0017177398623764188
appropriate,other word,4,2,-0.017828618176281452,-0.004457154544070363,0.000773744711004944
loss,other word,7,5,-0.031231364118866622,-0.004461623445552375,0.005180311328640944
\(7,math notation,4,3,-0.017864727007690817,-0.004466181751922704,0.005039857665383941
\(2018\),math notation,1,1,-0.0044867717660963535,-0.0044867717660963535,0.0
\(p_0,math notation,1,1,-0.004488611244596541,-0.004488611244596541,0.0
quadrant,other word,6,3,-0.0269473223015666,-0.004491220383594434,0.011278920501905182
produces,other word,1,1,-0.0044942013919353485,-0.0044942013919353485,0.0
pb,other word,7,4,-0.03146419156109914,-0.0044948845087284485,0.0007974046779972093
\left(\frac{5-3}{5-1}\right)t_3,math notation,1,1,-0.004506142970058136,-0.004506142970058136,0.0
cleaned,other word,1,1,-0.004509590566158295,-0.004509590566158295,0.0
35\],math notation,1,1,-0.004513540770858526,-0.004513540770858526,0.0
continue,other word,5,4,-0.02259558392688632,-0.004519116785377264,0.0027037829228815135
\(f(1),math notation,1,1,-0.004520602786215022,-0.004520602786215022,0.0
-100,number,1,1,-0.0045227030059322715,-0.0045227030059322715,0.0
follow,other word,35,35,-0.15835055150091648,-0.004524301471454757,0.001815297428739407
\(9\),math notation,1,1,-0.004524965304881334,-0.004524965304881334,0.0
another,other word,8,6,-0.036302206572145224,-0.004537775821518153,0.0016908110839368915
$ae$,math notation,10,1,-0.04540699644712731,-0.004540699644712732,0.0021419636279732365
admission,other word,5,2,-0.022747312556020916,-0.004549462511204183,0.0010169472051225902
5(6,math notation,1,1,-0.004549738776404411,-0.004549738776404411,0.0
event,other word,4,3,-0.018213058821856976,-0.004553264705464244,0.006676672999278602
sally's,other word,2,2,-0.009116748115047812,-0.004558374057523906,0.0038503078119651994
\sqrt{(2,math notation,1,1,-0.004562065005302429,-0.004562065005302429,0.0
2.7,number,1,1,-0.004562240093946457,-0.004562240093946457,0.0
u3,number,3,3,-0.013717763591557741,-0.00457258786385258,0.007402347089878728
\leq,math notation,42,15,-0.19237335202342365,-0.0045803179053196105,0.0014536423699327405
(\sqrt{5})^2,math notation,1,1,-0.004585358954500407,-0.004585358954500407,0.0
save,other word,7,5,-0.032137153670191765,-0.004591021952884538,0.0018588708066067784
looking,other word,8,8,-0.03679241216741502,-0.004599051520926878,0.002846668542689559
internet,other word,1,1,-0.004606088623404503,-0.004606088623404503,0.0
\sqrt{20},math notation,1,1,-0.00460708822356537,-0.00460708822356537,0.0
statement,other word,2,2,-0.009263326181098819,-0.004631663090549409,0.0015561891577025658
number,other word,457,261,-2.117853139847284,-0.004634251947149419,0.0006910829570529682
straightforward,other word,1,1,-0.004641872365027666,-0.004641872365027666,0.0
11,number,28,21,-0.13000326516339555,-0.0046429737558355555,0.0033476601631914705
\(a\),math notation,23,17,-0.10693301558785606,-0.00464926154729809,0.005037763485151204
equilateral,other word,11,7,-0.051171996601624414,-0.004651999691056765,0.007045067422729783
\beta,math notation,1,1,-0.004656514327507466,-0.004656514327507466,0.0
20x,number,2,1,-0.009328315150924027,-0.0046641575754620135,0.0018579742166800759
\(\sqrt[3]{r_1}\),math notation,1,1,-0.00466477862210013,-0.00466477862210013,0.0
(\sin,math notation,2,1,-0.009338495845440775,-0.004669247922720388,0.0016563021433614082
1691,number,1,1,-0.0046837900299578905,-0.0046837900299578905,0.0
speaking,other word,2,2,-0.009379692375659943,-0.004689846187829971,0.008365281467750944
375,number,3,2,-0.01407514070160687,-0.00469171356720229,0.003578749809967528
between,other word,30,29,-0.1408029581361916,-0.004693431937873053,0.002874901097598735
comic,other word,1,1,-0.004703499376773834,-0.004703499376773834,0.0
pd,other word,3,2,-0.014151849667541683,-0.0047172832225138945,0.0025654903674736554
6\sqrt{2},math notation,2,2,-0.009480201464612037,-0.0047401007323060185,0.0043848237554142706
150,number,10,6,-0.04756812728010118,-0.004756812728010118,0.003799580520540399
implant,other word,1,1,-0.004757323767989874,-0.004757323767989874,0.0
\(r_1\),math notation,1,1,-0.004759793519042432,-0.004759793519042432,0.0
4a_{100,math notation,1,1,-0.004764910496305674,-0.004764910496305674,0.0
divided,other word,16,16,-0.07642194087384269,-0.004776371304615168,0.0036091340815951373
passing,other word,3,3,-0.01433645049110055,-0.00477881683036685,0.0033953447063989665
satisfying,other word,1,1,-0.004779720213264227,-0.004779720213264227,0.0
10x,number,4,2,-0.01916575792711228,-0.00479143948177807,0.0016953536397733458
off,other word,4,3,-0.019201769726350904,-0.004800442431587726,0.0015028265277525225
multiple,other word,9,8,-0.043233953532762825,-0.004803772614751425,0.0022890824783565653
s_1(101,math notation,1,1,-0.004821466689463705,-0.004821466689463705,0.0
minimum,other word,24,16,-0.11571881326381117,-0.004821617219325465,0.0020837444552592663
\sqrt{1,math notation,4,3,-0.01928666958701797,-0.004821667396754492,0.006232794890991482
n-1\],math notation,1,1,-0.004825260490179062,-0.004825260490179062,0.0
results,other word,8,7,-0.038633661810308695,-0.004829207726288587,0.006646271111438395
2\sqrt{5},math notation,1,1,-0.004832830425584689,-0.004832830425584689,0.0
0)$,math notation,1,1,-0.004842589609324932,-0.004842589609324932,0.0
minimize,other word,4,4,-0.019456624519079924,-0.004864156129769981,0.01902057146744245
-52,number,1,1,-0.004876599879935384,-0.004876599879935384,0.0
\quad,math notation,66,27,-0.32353845570469275,-0.004902097813707466,0.0015246352649973156
3/8th,math notation,1,1,-0.004910258459858596,-0.004910258459858596,0.0
-\frac{5}{6},math notation,3,1,-0.0147330203326419,-0.0049110067775473,0.008262405834134403
400n,number,2,1,-0.009845352848060429,-0.0049226764240302145,0.0014256320916095156
their,other word,23,21,-0.1135174161172472,-0.00493553983118466,0.0032710875735194674
\frac{-16,math notation,3,1,-0.014823437784798443,-0.004941145928266148,0.002715425600127418
pat,other word,1,1,-0.004949060268700123,-0.004949060268700123,0.0
-pq,other word,2,2,-0.009903081401716918,-0.004951540700858459,0.002342861752099189
6(1,math notation,2,1,-0.009964651399059221,-0.004982325699529611,0.004674537600952636
children,other word,12,6,-0.059835433843545616,-0.004986286153628801,0.0029743528243694564
625,number,4,2,-0.019959838828071952,-0.004989959707017988,0.001956328529915085
|,math notation,4,2,-0.019962012709584087,-0.004990503177396022,0.0023998732381850497
51,number,5,2,-0.024954944383352995,-0.004990988876670599,0.0013535567073382196
grouping,other word,2,2,-0.01001689350232482,-0.00500844675116241,7.763367177643183e-05
still,other word,5,5,-0.02505251206457615,-0.00501050241291523,0.004632820368774305
\((2-4)^2,math notation,1,1,-0.005011283792555332,-0.005011283792555332,0.0
mine,other word,4,2,-0.02004945371299982,-0.005012363428249955,0.0024288650311873406
306,number,35,10,-0.17546138144098222,-0.005013182326885206,0.0005868676279885858
tickets,other word,5,3,-0.025167460436932743,-0.005033492087386548,0.0025494921611308114
added,other word,5,3,-0.025188921950757504,-0.0050377843901515005,0.004382800487453387
\frac{24,math notation,1,1,-0.0050388259114697576,-0.0050388259114697576,0.0
iron,other word,2,1,-0.010083717992529273,-0.0050418589962646365,0.0012792221305299876
a^4,math notation,2,2,-0.010137294826563448,-0.005068647413281724,0.003452635729754635
209,number,3,2,-0.01522073894739151,-0.005073579649130504,0.00018234768549662953
originally,other word,1,1,-0.005079910159111023,-0.005079910159111023,0.0
tables,other word,1,1,-0.005089570302516222,-0.005089570302516222,0.0
a_8,math notation,3,2,-0.015281318163033575,-0.005093772721011192,0.0017392194190607114
floored,other word,1,1,-0.005111918435432017,-0.005111918435432017,0.0
issues,other word,4,2,-0.020456783939152956,-0.005114195984788239,0.005921232021448633
4ac}}{2a}\),math notation,2,2,-0.010250359860947356,-0.005125179930473678,0.01908879029052092
markers,other word,1,1,-0.00512809818610549,-0.00512809818610549,0.0
3,number,276,186,-1.4167196059424896,-0.0051330420505162665,0.0009438609254131726
9(1,math notation,2,1,-0.010333861981052905,-0.005166930990526453,0.004094848580893574
effectively,other word,1,1,-0.005184653215110302,-0.005184653215110302,0.0
\delta,math notation,1,1,-0.005224375054240227,-0.005224375054240227,0.0
line,other word,15,12,-0.07848713221028447,-0.005232475480685631,0.004427387392529852
any,other word,43,38,-0.22561849482008256,-0.00524694174000192,0.0014962846323169881
exactly,other word,15,13,-0.07882109488127753,-0.005254739658751836,0.004710186435956436
unsold,other word,2,1,-0.01051032409304753,-0.005255162046523765,0.0033480707156881228
-6.25,number,1,1,-0.005257190903648734,-0.005257190903648734,0.0
lengths,other word,6,5,-0.03157201234716922,-0.005262002057861537,0.003194230451363245
3(1,math notation,2,1,-0.010537578957155347,-0.0052687894785776734,0.003767134793059871
2k,number,1,1,-0.005270247638691217,-0.005270247638691217,0.0
painting,other word,1,1,-0.005280121695250273,-0.005280121695250273,0.0
$y,math notation,4,4,-0.02116739988559857,-0.0052918499713996425,0.004916777178078353
he,other word,53,38,-0.2819992376025766,-0.005320740332124087,0.0017796100279998573
2087,number,2,1,-0.010641530621796846,-0.005320765310898423,0.0020637930418679314
each,other word,171,146,-0.9101311913691461,-0.005322404627889743,0.001420218866819422
-2))^2,math notation,1,1,-0.005324401892721653,-0.005324401892721653,0.0
\right)^2,math notation,7,3,-0.03730607288889587,-0.005329438984127981,0.005052483256188205
larger,other word,8,8,-0.042695350595749915,-0.005336918824468739,0.004832054512042171
subtended,other word,3,2,-0.016028169076889753,-0.005342723025629918,0.0038933453630845593
increases,other word,13,9,-0.06951103999745101,-0.005347003076727001,0.0030775618776900633
\(p_i,math notation,1,1,-0.0053504835232160985,-0.0053504835232160985,0.0
30\,math notation,1,1,-0.005356090841814876,-0.005356090841814876,0.0
\pm,math notation,33,11,-0.17721233546035364,-0.005370070771525868,0.0013516257001053027
2020,number,7,5,-0.0376124398317188,-0.005373205690245543,0.004765283443600262
configuration,other word,5,5,-0.026889087399467826,-0.005377817479893565,0.009152681337491798
s_1,math notation,1,1,-0.005387289565987885,-0.005387289565987885,0.0
648,number,1,1,-0.005391118116676807,-0.005391118116676807,0.0
carried,other word,2,1,-0.010784822050482035,-0.005392411025241017,0.0019424143986958584
t_n,math notation,3,1,-0.016178545425646007,-0.005392848475215335,0.0013089824426525086
sum,other word,110,81,-0.5933811322902329,-0.005394373929911209,0.0019507439193961582
11^5,math notation,5,2,-0.0269783342955634,-0.00539566685911268,0.0015622621622916719
identity,other word,3,3,-0.016189643181860447,-0.005396547727286816,0.006037183624337663
combination,other word,7,6,-0.03781189979054034,-0.005401699970077191,0.004418236774504293
cleaners,other word,9,6,-0.04898338089697063,-0.005442597877441181,0.013141827839607599
analyze,other word,14,14,-0.0762798918876797,-0.0054485637062628356,0.011312792683118904
\approx,math notation,10,6,-0.05448571377201006,-0.005448571377201006,0.002233407565482853
double-counted,other word,1,1,-0.005460461135953665,-0.005460461135953665,0.0
elementary,other word,1,1,-0.0054993960075080395,-0.0054993960075080395,0.0
bp,other word,3,3,-0.016509883978869766,-0.005503294659623255,0.003457465822671957
dad,other word,2,1,-0.011006928514689207,-0.0055034642573446035,0.0023938832081382053
months/year,math notation,1,1,-0.005512159317731857,-0.005512159317731857,0.0
place,other word,18,11,-0.09929346037097275,-0.005516303353942931,0.005308194110510286
formed,other word,7,6,-0.03862067963927984,-0.005517239948468549,0.0039840084276995666
factor,other word,14,14,-0.0772509922098834,-0.005517928014991672,0.004130737152713365
located,other word,1,1,-0.005518170073628426,-0.005518170073628426,0.0
8.75,number,3,2,-0.01655549491988495,-0.005518498306628317,0.0035230842423379476
many,other word,61,55,-0.33681565267033875,-0.005521568076562931,0.0011190285581734816
light,other word,1,1,-0.005529286339879036,-0.005529286339879036,0.0
9f\left(-\frac{1}{2}\right),math notation,1,1,-0.005530711554456502,-0.005530711554456502,0.0
/,math notation,24,17,-0.13308950717328116,-0.0055453961322200485,0.001204981375311428
cindy,other word,1,1,-0.00554713886231184,-0.00554713886231184,0.0
\frac{81}{16},math notation,1,1,-0.0055484774929936975,-0.0055484774929936975,0.0
am,other word,1,1,-0.005558774806559086,-0.005558774806559086,0.0
susan,other word,1,1,-0.005559530109167099,-0.005559530109167099,0.0
1296n,number,2,1,-0.011121719260700047,-0.0055608596303500235,0.0016654077353757066
highest,other word,5,2,-0.027816483634524047,-0.0055632967269048095,0.002480764108986852
670,number,10,9,-0.05565362214110792,-0.0055653622141107915,0.006305619403665145
\(2023,math notation,1,1,-0.005576769501203671,-0.005576769501203671,0.0
\(80\%,math notation,1,1,-0.005577033152803779,-0.005577033152803779,0.0
division,other word,3,3,-0.016738234902732074,-0.005579411634244025,0.0079790662901489
"$400,000",math notation,3,2,-0.01674113841727376,-0.005580379472424586,0.004885215761906087
radius,other word,21,13,-0.11749906884506345,-0.005595193754526831,0.004720845845883243
t_{n-2,math notation,1,1,-0.005598590360023081,-0.005598590360023081,0.0
sums,other word,3,3,-0.016801610123366117,-0.005600536707788706,0.004899530117985578
block,other word,3,3,-0.016810246161185205,-0.005603415387061735,0.0049252861146156365
17(1,math notation,2,1,-0.01120878237998113,-0.005604391189990565,0.0036299192863441863
315^\circ,math notation,2,2,-0.011209197691641748,-0.005604598845820874,0.0015692831216318809
\sqrt{(x_2,math notation,1,1,-0.005609213490970433,-0.005609213490970433,0.0
gold,other word,2,2,-0.011250871699303389,-0.005625435849651694,0.005363254467731715
t_{3,math notation,2,1,-0.011292433540802449,-0.0056462167704012245,0.0035291324244380346
17n,number,3,1,-0.016939890629146248,-0.005646630209715416,0.00020883185686719762
over,other word,10,10,-0.05647742561995983,-0.0056477425619959835,0.004174268069833908
3\sqrt{6},math notation,2,2,-0.011317191005218774,-0.005658595502609387,0.001591610805641329
\[-8,math notation,2,1,-0.011334235314279795,-0.005667117657139897,0.004021424181555557
2.5,number,4,3,-0.022673501167446375,-0.005668375291861594,0.007884498090693387
3/5)^2,math notation,1,1,-0.005669264646712691,-0.005669264646712691,0.0
1^4,math notation,1,1,-0.005669594509527087,-0.005669594509527087,0.0
290,number,2,2,-0.011372730135917664,-0.005686365067958832,0.0001627270064670379
back,other word,19,17,-0.10824109602253884,-0.005696899790659939,0.00277366608187287
\(m_1\),math notation,1,1,-0.005730881239287555,-0.005730881239287555,0.0
gains,other word,1,1,-0.005734187550842762,-0.005734187550842762,0.0
\left(\frac{2}{3},math notation,1,1,-0.005737825820688158,-0.005737825820688158,0.0
\frac{9,math notation,2,2,-0.011513582430779934,-0.005756791215389967,0.0011383280147722278
"7,000",number,1,1,-0.005757603794336319,-0.005757603794336319,0.0
products,other word,8,5,-0.046127766952849925,-0.005765970869106241,0.005708711970480958
feet/bottle,math notation,1,1,-0.0057690818794071674,-0.0057690818794071674,0.0
as,other word,193,135,-1.113660840666853,-0.005770263423144316,0.0010776103484077197
b^4\),math notation,2,2,-0.011549058370292187,-0.005774529185146093,0.0008746500864984869
\left\lfloor,math notation,6,3,-0.03465784012223594,-0.005776306687039323,0.002943223055047008
10\sqrt{3},math notation,1,1,-0.005779022467322648,-0.005779022467322648,0.0
represent,other word,7,7,-0.04049828602001071,-0.005785469431430101,0.0022174069212430926
its,other word,28,26,-0.16211309417849407,-0.005789753363517646,0.004626286648607981
18(18n,math notation,1,1,-0.005799138016300276,-0.005799138016300276,0.0
\(729\),math notation,1,1,-0.005799537291750312,-0.005799537291750312,0.0
$19^{20}$,math notation,2,1,-0.01160865748533979,-0.005804328742669895,0.0036292080171165335
5d,number,1,1,-0.005807800684124231,-0.005807800684124231,0.0
younger,other word,2,2,-0.011624784907326102,-0.005812392453663051,0.004575671373814258
"1000^{10,000^{100,000",math notation,1,1,-0.005815131706185639,-0.005815131706185639,0.0
1920,number,1,1,-0.005822530947625637,-0.005822530947625637,0.0
6(6n,math notation,1,1,-0.00582364178262651,-0.00582364178262651,0.0
subtraction,other word,6,6,-0.03496624989202246,-0.005827708315337077,0.005711708040769709
5^4,math notation,3,2,-0.017511686426587403,-0.005837228808862467,0.0027708664604650063
2^4\),math notation,1,1,-0.005844616127433255,-0.005844616127433255,0.0
set,other word,60,51,-0.35117885351064615,-0.005852980891844103,0.0023328028200124526
ax^{2,math notation,1,1,-0.0058734213234856725,-0.0058734213234856725,0.0
\$9.00,math notation,1,1,-0.005873474758118391,-0.005873474758118391,0.0
26\),math notation,1,1,-0.005877002375200391,-0.005877002375200391,0.0
\[n,math notation,5,2,-0.02943258552113548,-0.005886517104227096,0.0012121444222048389
1.024,number,1,1,-0.005887920502573252,-0.005887920502573252,0.0
1800,number,3,2,-0.01768317259848118,-0.005894390866160393,0.0013620820146441049
girls,other word,3,1,-0.01771891792304814,-0.0059063059743493795,0.0035808393232292734
\frac{102}{870},math notation,1,1,-0.0059076136676594615,-0.0059076136676594615,0.0
adults,other word,7,4,-0.04144836019258946,-0.005921194313227066,0.0012097523899803145
576n,number,6,3,-0.03552801813930273,-0.005921336356550455,0.0008469457268089215
angeles,other word,1,1,-0.005922498181462288,-0.005922498181462288,0.0
0.2ax,number,1,1,-0.005923371994867921,-0.005923371994867921,0.0
takes,other word,4,4,-0.023701882688328624,-0.005925470672082156,0.0026028330866289338
started,other word,2,2,-0.011874333024024963,-0.005937166512012482,0.017227092323630698
\log_2,math notation,14,6,-0.08314100687857717,-0.005938643348469798,0.0015823706657945114
24,number,32,28,-0.19041419366840273,-0.005950443552137585,0.0026488371924414116
wednesday,other word,6,3,-0.03571859933435917,-0.005953099889059861,0.007427898153216939
kb,other word,2,1,-0.011915782932192087,-0.005957891466096044,0.0013009545108837348
alternate,other word,1,1,-0.005965264979749918,-0.005965264979749918,0.0
oat,other word,3,3,-0.017911394883412868,-0.005970464961137623,0.004686000473517513
trees,other word,5,3,-0.029879548586905003,-0.005975909717381001,0.013868400699894643
125,number,3,3,-0.01792807865422219,-0.005976026218074064,0.002228992067809394
13x,number,1,1,-0.005984741845168173,-0.005984741845168173,0.0
\(13,math notation,1,1,-0.0060007579158991575,-0.0060007579158991575,0.0
\(-11,math notation,1,1,-0.0060073890490457416,-0.0060073890490457416,0.0
base,other word,15,11,-0.09036145632853732,-0.006024097088569155,0.003532166348091704
\frac{(10,math notation,1,1,-0.00603094941470772,-0.00603094941470772,0.0
result,other word,10,9,-0.06032307259738445,-0.006032307259738445,0.005165578163574938
asking,other word,3,3,-0.01810713659506291,-0.006035712198354304,0.004031823687941102
dynamics,other word,1,1,-0.006037719082087278,-0.006037719082087278,0.0
18(1,math notation,2,1,-0.012098247389076278,-0.006049123694538139,0.004628272132770755
y,other word,67,36,-0.40538969231420197,-0.006050592422600029,0.0009317948805740299
25$,math notation,2,1,-0.012113345670513809,-0.006056672835256904,0.0005749182869788019
money,other word,22,17,-0.13327139138709754,-0.006057790517595343,0.0044900211965297684
-210,number,1,1,-0.006059856619685888,-0.006059856619685888,0.0
pears,other word,10,3,-0.06075082719326019,-0.00607508271932602,0.0074888085325865
r\),math notation,1,1,-0.006076537538319826,-0.006076537538319826,0.0
3925,number,1,1,-0.00610685721039772,-0.00610685721039772,0.0
4^5,math notation,1,1,-0.006114037241786718,-0.006114037241786718,0.0
repeated,other word,1,1,-0.0061188009567558765,-0.0061188009567558765,0.0
\frac{15,math notation,1,1,-0.006120215693954378,-0.006120215693954378,0.0
-t,other word,1,1,-0.006129404529929161,-0.006129404529929161,0.0
fruit,other word,5,3,-0.030656757182441652,-0.00613135143648833,0.005749840629528442
\(2r,math notation,2,1,-0.012266414181794971,-0.006133207090897486,0.001985551265976925
\[de,math notation,1,1,-0.006134524010121822,-0.006134524010121822,0.0
help,other word,2,2,-0.012273282394744456,-0.006136641197372228,0.005036668046357131
a_4,math notation,3,3,-0.018427283444907516,-0.006142427814969172,0.0007685571497835881
p_2,math notation,5,3,-0.030782394838752225,-0.006156478967750445,0.0012868556905088376
\sqrt{36,math notation,1,1,-0.0061637795297428966,-0.0061637795297428966,0.0
101-200,number,1,1,-0.006169546744786203,-0.006169546744786203,0.0
n-1,number,16,12,-0.09887564333621413,-0.006179727708513383,0.001429611683261839
"\(\max(b,2)\)",math notation,1,1,-0.006190007377881557,-0.006190007377881557,0.0
$\sum_{k=1001}^{2000},math notation,2,1,-0.012392037431709468,-0.006196018715854734,0.0019846035998504217
4\pi,math notation,1,1,-0.0062028474640101194,-0.0062028474640101194,0.0
\frac{11}{2},math notation,3,1,-0.018631048063980415,-0.0062103493546601385,0.008215242456755301
\(t_6,math notation,1,1,-0.006215924135176465,-0.006215924135176465,0.0
\times,math notation,265,159,-1.6504064250038937,-0.006227948773599599,0.0005870745883886746
among,other word,6,6,-0.037370851438026875,-0.006228475239671146,0.012813944655275114
prime,other word,17,12,-0.10614839236950502,-0.006244023080559119,0.0036367858213278786
\frac{900}{9},math notation,1,1,-0.006244725489523262,-0.006244725489523262,0.0
receive,other word,4,3,-0.02498755627311766,-0.006246889068279415,0.0033746754575812066
0.75,number,1,1,-0.006253911182284355,-0.006253911182284355,0.0
midterm,other word,3,1,-0.01879510551225394,-0.006265035170751314,0.0014152501943310444
\text{probability},math notation,2,2,-0.01253309688763693,-0.006266548443818465,0.001032068709743287
n_0,math notation,2,1,-0.012536944763269275,-0.006268472381634638,0.002092672955618585
60^\circ,math notation,2,1,-0.012562908581458032,-0.006281454290729016,0.0004374511133634904
\frac{390625}{256,math notation,1,1,-0.006292776626651175,-0.006292776626651175,0.0
7,number,82,58,-0.5160928207042161,-0.006293814886636782,0.001712193276110774
walk,other word,1,1,-0.00629750732332468,-0.00629750732332468,0.0
broken,other word,1,1,-0.006311202887445688,-0.006311202887445688,0.0
bisect,other word,1,1,-0.0063113863579928875,-0.0063113863579928875,0.0
7(301,math notation,1,1,-0.006315808277577162,-0.006315808277577162,0.0
\|,math notation,1,1,-0.006315861362963915,-0.006315861362963915,0.0
order,other word,9,8,-0.05687884707003832,-0.0063198718966709245,0.005792015318063561
360^\circ,math notation,1,1,-0.006333472178084776,-0.006333472178084776,0.0
\$5.00,math notation,1,1,-0.0063509109895676374,-0.0063509109895676374,0.0
want,other word,12,12,-0.07629452657420188,-0.006357877214516823,0.002668102982549557
key,other word,6,5,-0.03822298825252801,-0.006370498042088002,0.0026911094687442237
\sqrt{(2)^2,math notation,1,1,-0.0063774194568395615,-0.0063774194568395615,0.0
7c,number,1,1,-0.006378744496032596,-0.006378744496032596,0.0
$1$,math notation,3,3,-0.019139011041261256,-0.006379670347087085,0.0015059097112887485
\[s_n,math notation,1,1,-0.006383112049661577,-0.006383112049661577,0.0
\cos,math notation,12,3,-0.0766616964538116,-0.0063884747044843,0.0009070850154407507
1.2ax,number,4,3,-0.025567368953488767,-0.006391842238372192,0.016187518320924552
$v$,math notation,3,3,-0.019176210538716987,-0.006392070179572329,0.010390375062448583
building,other word,4,3,-0.025635677855461836,-0.006408919463865459,0.0038979227822845373
\frac{10}{32},math notation,1,1,-0.006411155525711365,-0.006411155525711365,0.0
anne,other word,2,2,-0.012849690392613411,-0.0064248451963067055,0.012647793110440028
yard,other word,1,1,-0.0064373929053545,-0.0064373929053545,0.0
principle,other word,4,4,-0.02585518138948828,-0.00646379534737207,0.0022404776412200443
\sqrt{5},math notation,2,1,-0.012936554587213323,-0.006468277293606661,0.0006003049822561363
x_1)^2,math notation,1,1,-0.006482063094154,-0.006482063094154,0.0
real,other word,3,3,-0.01944632106460631,-0.006482107021535437,0.002165130313770506
minutes,other word,34,18,-0.22060894663445652,-0.006488498430425192,0.004405700889071621
\text{age},math notation,1,1,-0.0064932265086099505,-0.0064932265086099505,0.0
cup,other word,2,2,-0.013008022215217352,-0.006504011107608676,0.003184268985163573
multiplied,other word,1,1,-0.006505434401333332,-0.006505434401333332,0.0
have,other word,145,126,-0.9443010248942301,-0.006512420861339518,0.0019094313145411371
\frac{\frac{25}{3}}{\frac{125}{9}},math notation,1,1,-0.006517920795886312,-0.006517920795886312,0.0
4/5,math notation,1,1,-0.006521693896502256,-0.006521693896502256,0.0
\(\mathbf{c},math notation,1,1,-0.0065258347894996405,-0.0065258347894996405,0.0
aim,other word,1,1,-0.006541930604726076,-0.006541930604726076,0.0
conjugate,other word,3,2,-0.01962644001469016,-0.006542146671563387,0.008805245681306004
36^\circ,math notation,1,1,-0.0065435454598627985,-0.0065435454598627985,0.0
digits,other word,24,17,-0.15705082507338375,-0.006543784378057656,0.0015137385696392888
means,other word,53,49,-0.3468424978782423,-0.0065441980731743826,0.0023140754937369928
$f(n,math notation,1,1,-0.006547905737534165,-0.006547905737534165,0.0
table,other word,1,1,-0.0065500857308506966,-0.0065500857308506966,0.0
36^\circ\),math notation,1,1,-0.006551406404469162,-0.006551406404469162,0.0
\frac{125,math notation,1,1,-0.006564663723111153,-0.006564663723111153,0.0
\(a^3,math notation,2,2,-0.013142258045263588,-0.006571129022631794,0.009055263861568965
radical,other word,4,4,-0.026336782495491207,-0.006584195623872802,0.006436079487448509
ac,other word,9,7,-0.059258318098727614,-0.006584257566525291,0.002707711634660938
\text{base},math notation,1,1,-0.006592658115550876,-0.006592658115550876,0.0
delivered,other word,13,4,-0.0857667438685894,-0.006597441836045339,0.002435704291819732
0.60,number,2,2,-0.013216104009188712,-0.006608052004594356,0.007564494103699085
prepared,other word,2,1,-0.013227435760200024,-0.006613717880100012,0.008318975581399886
soda,other word,3,1,-0.019859228283166885,-0.006619742761055629,0.001709449416750087
-\frac{7}{4},math notation,2,2,-0.013266056979773566,-0.006633028489886783,0.0020246634282076966
rectangle,other word,3,3,-0.019969976972788572,-0.006656658990929524,0.006050722419358373
no,negation,5,4,-0.033283357974141836,-0.006656671594828367,0.0026611273691148746
medal,other word,2,1,-0.013324799947440624,-0.006662399973720312,0.001073855931214275
jar,other word,1,1,-0.00667034275829792,-0.00667034275829792,0.0
s_2,math notation,6,2,-0.040080787846818566,-0.006680131307803094,0.0024284395136518738
times,other word,29,24,-0.1937409978127107,-0.006680724062507266,0.002516239118512138
2^b,math notation,1,1,-0.006684589898213744,-0.006684589898213744,0.0
new,other word,40,29,-0.2677100131986663,-0.006692750329966657,0.0012001915793254125
\frac{180,math notation,3,1,-0.020162282045930624,-0.006720760681976874,0.005185282347083771
\frac{10}{8},math notation,1,1,-0.006724477920215577,-0.006724477920215577,0.0
aurelia's,other word,1,1,-0.0067385006113909185,-0.0067385006113909185,0.0
\(x^5\),math notation,1,1,-0.006744759273715317,-0.006744759273715317,0.0
from,other word,172,131,-1.1616735236166278,-0.006753915834980394,0.0009398943516377773
bottle,other word,2,1,-0.013519011437892914,-0.006759505718946457,0.0020565340703925647
k^2+1,math notation,1,1,-0.0067710334551520646,-0.0067710334551520646,0.0
\left(\frac{1}{3},math notation,1,1,-0.006777439790312201,-0.006777439790312201,0.0
mind,other word,1,1,-0.006779590155929327,-0.006779590155929327,0.0
10080\),math notation,1,1,-0.006781896343454719,-0.006781896343454719,0.0
proceed,other word,1,1,-0.006786655634641647,-0.006786655634641647,0.0
\text{revenue},math notation,1,1,-0.0067917691776528955,-0.0067917691776528955,0.0
2^8,math notation,4,3,-0.027175668976269662,-0.006793917244067416,0.0015461147593859987
adult's,other word,3,2,-0.020403637550771236,-0.006801212516923745,0.004528558305834377
m\left(\frac{x_1,math notation,1,1,-0.006816565932240337,-0.006816565932240337,0.0
1024,number,3,3,-0.0204497977392748,-0.006816599246424933,0.0019083373875693097
6x^5,math notation,1,1,-0.0068170432932674885,-0.0068170432932674885,0.0
divides,other word,7,7,-0.04781075520440936,-0.006830107886344194,0.0019684723662077744
\text{height},math notation,2,2,-0.013660760421771556,-0.006830380210885778,0.002151718467794633
whole,other word,3,3,-0.020500700920820236,-0.006833566973606746,0.001485206959497314
taken,other word,6,6,-0.04103187914006412,-0.00683864652334402,0.001823983208483054
rick,other word,9,5,-0.06159569905139506,-0.006843966561266118,0.004047261778571819
pictures,other word,2,1,-0.013688700273633003,-0.006844350136816502,0.0005911826488056749
"\(4a5,b32\)",math notation,4,3,-0.027423995197750628,-0.006855998799437657,0.01186579882347122
isosceles,other word,6,6,-0.04114328415016644,-0.00685721402502774,0.004500514678507649
tank,other word,6,5,-0.04117328580468893,-0.006862214300781488,0.019316556002980743
approximations,other word,1,1,-0.006875175982713699,-0.006875175982713699,0.0
7x,number,3,3,-0.020646088174544275,-0.0068820293915147586,0.0022881215100429837
\frac{500}{9},math notation,1,1,-0.006883858179207891,-0.006883858179207891,0.0
\(x\),math notation,42,34,-0.2898195718880743,-0.006900465997335102,0.00751343937974341
phases,other word,1,1,-0.006900636479258537,-0.006900636479258537,0.0
\(\log_{16}{64}\),math notation,1,1,-0.006921294232597575,-0.006921294232597575,0.0
$(a+b)^2,math notation,1,1,-0.006923416702193208,-0.006923416702193208,0.0
t_{4,math notation,2,1,-0.01389287956408225,-0.006946439782041125,0.005258964118173821
score,other word,8,5,-0.05558722140267491,-0.006948402675334364,0.007216589704327295
assignment,other word,1,1,-0.006959808059036732,-0.006959808059036732,0.0
29,number,2,2,-0.01394538942258805,-0.006972694711294025,0.0059721445963354415
linear,other word,5,5,-0.034865649533458054,-0.0069731299066916105,0.010703605103732038
pan,other word,2,1,-0.013955582864582539,-0.006977791432291269,0.0016418597889724823
logarithms,other word,4,3,-0.02792958781355992,-0.00698239695338998,0.0048483434143121685
pineapple,other word,1,1,-0.00698768300935626,-0.00698768300935626,0.0
history,other word,5,3,-0.03494608693290502,-0.006989217386581004,0.004661916673844782
distribute,other word,4,3,-0.02796159067656845,-0.006990397669142112,0.006811460668970036
78125,number,2,1,-0.013986612961161882,-0.006993306480580941,0.0010530431876864096
\frac{729,math notation,1,1,-0.006995740783168003,-0.006995740783168003,0.0
tangency,other word,1,1,-0.006996232317760587,-0.006996232317760587,0.0
16,number,53,42,-0.37242243220680393,-0.0070268383435246025,0.0014139277934517545
double,other word,1,1,-0.007028441876173019,-0.007028441876173019,0.0
m,other word,48,25,-0.3376312057953328,-0.007033983454069433,0.0014093426766443942
represents,other word,8,7,-0.0563062101136893,-0.007038276264211163,0.009249803861974376
formula,other word,51,42,-0.3592445001122542,-0.007044009806122631,0.002115692199870671
likely,hedging / contrast,1,1,-0.007045230362564325,-0.007045230362564325,0.0
\frac{a}{2},math notation,1,1,-0.0070464793825522065,-0.0070464793825522065,0.0
her,other word,48,33,-0.33843054983299226,-0.007050636454854005,0.0020457006332558797
watching,other word,2,2,-0.01411292515695095,-0.007056462578475475,0.014671179013751028
0.70,number,2,2,-0.014120449079200625,-0.007060224539600313,0.009844013937513598
6\],math notation,2,1,-0.014131342351902276,-0.007065671175951138,0.003696776865064243
round,other word,4,4,-0.02828966500237584,-0.00707241625059396,0.007564110468704351
16^2,math notation,1,1,-0.007075565401464701,-0.007075565401464701,0.0
\(e\),math notation,3,3,-0.02122923475690186,-0.007076411585633953,0.020957569814033242
103041\),math notation,1,1,-0.007086584810167551,-0.007086584810167551,0.0
cups,other word,34,16,-0.24123559286817908,-0.007095164496122915,0.003456974446552803
\(0,math notation,5,3,-0.035513941082172096,-0.0071027882164344195,0.0026675283555777714
\(7^a,math notation,2,1,-0.014206034829840064,-0.007103017414920032,6.503695010967487e-05
french,other word,10,5,-0.07106164772994816,-0.0071061647729948165,0.008829966661577808
21,number,25,18,-0.17766360461246222,-0.007106544184498489,0.003034237915554311
12,number,99,68,-0.7058770094299689,-0.007130070802322918,0.00160705768538171
+,math notation,1227,451,-8.767399266100256,-0.007145394674898334,0.00028251877489924416
2\),math notation,29,26,-0.20734969136537984,-0.007149989357426891,0.0045929329475186634
seen,other word,1,1,-0.007153949700295925,-0.007153949700295925,0.0
weekly,other word,3,2,-0.021478135604411364,-0.007159378534803788,0.0032078438525731407
$20^{19}$,math notation,3,1,-0.021494295389857143,-0.007164765129952381,0.005632156183668841
recursive,other word,2,2,-0.014369909185916185,-0.007184954592958093,0.001336993359083089
2,number,377,232,-2.7104896623350214,-0.0071896277515517805,0.0009274517190784725
>,math notation,41,28,-0.2951100164791569,-0.007197805279979437,0.0017612088717179697
method,other word,1,1,-0.007200285792350769,-0.007200285792350769,0.0
x^{2,math notation,2,1,-0.01440163591178134,-0.00720081795589067,0.003821318744462348
\cdot,math notation,286,109,-2.060491540149087,-0.0072045158746471575,0.0006905534290833791
b_3,math notation,1,1,-0.007206992479041219,-0.007206992479041219,0.0
\((t-2)^{20}\),math notation,1,1,-0.007209413044620305,-0.007209413044620305,0.0
70,number,3,2,-0.021643727086484432,-0.007214575695494811,0.004794347215138978
proportional,other word,4,4,-0.028858705540187657,-0.007214676385046914,0.004866172808394679
lauren,other word,8,4,-0.05774111277423799,-0.007217639096779749,0.004360896237421912
98,number,2,2,-0.01446107542142272,-0.00723053771071136,0.0011565340539218547
items,other word,2,1,-0.014463427942246199,-0.007231713971123099,0.0007173974782082459
most,other word,6,4,-0.043393088737502694,-0.007232181456250449,0.007866104024721429
\pi,math notation,7,5,-0.05073605966754258,-0.007248008523934654,0.004494415295741155
\(v,math notation,4,4,-0.0290009502787143,-0.007250237569678575,0.0004783943343459291
2^c,math notation,1,1,-0.007271078764460981,-0.007271078764460981,0.0
sit,other word,3,3,-0.021846628049388528,-0.007282209349796176,0.005406299236200155
case,other word,26,25,-0.18958119209855795,-0.007291584311482998,0.005114739706212962
combined,other word,20,13,-0.14617410430219024,-0.007308705215109512,0.002297168508593331
8092}}{2,math notation,1,1,-0.007313239620998502,-0.007313239620998502,0.0
magnitude,other word,2,2,-0.014627672266215086,-0.007313836133107543,0.0047687751451190785
cz,other word,1,1,-0.007323173340409994,-0.007323173340409994,0.0
larry,other word,8,7,-0.05860153725370765,-0.007325192156713456,0.0052628620388454365
-39,number,3,2,-0.022024705656804144,-0.007341568552268048,0.0034955013242145895
180,number,23,14,-0.16886518523097038,-0.007341964575259582,0.0026689466067591023
p_0,math notation,1,1,-0.0073544918559491634,-0.0073544918559491634,0.0
long,other word,7,6,-0.05158441269304603,-0.007369201813292291,0.005186025138892421
14\),math notation,3,3,-0.02212192164734006,-0.007373973882446687,0.002501996692943109
\log_x,math notation,2,1,-0.014764008461497724,-0.007382004230748862,0.0036733556267402588
entire,other word,10,10,-0.07386875513475388,-0.007386875513475388,0.0022588579870835668
ratio,other word,36,24,-0.26637406944064423,-0.007399279706684562,0.0025048593483032538
9,number,88,62,-0.6526504313515034,-0.007416482174448902,0.0019067067809225733
\frac{4a,math notation,1,1,-0.007426932221278548,-0.007426932221278548,0.0
by,other word,308,228,-2.2929877472051885,-0.007444765413003858,0.0008330127690984757
46y,number,1,1,-0.007446030620485544,-0.007446030620485544,0.0
8p_2,math notation,4,3,-0.02980243059573695,-0.007450607648934238,0.005965235699885532
-\frac{48}{7}\),math notation,1,1,-0.007456580875441432,-0.007456580875441432,0.0
foci,other word,2,2,-0.014924693387001753,-0.007462346693500876,0.0035758925624429904
100,number,54,29,-0.4033326504577417,-0.007469123156624846,0.001977859660678895
c\),math notation,7,7,-0.0524834148818627,-0.007497630697408957,0.004992291829225026
\frac{5,math notation,4,4,-0.03004180040443316,-0.00751045010110829,0.003152466667996764
306(1,math notation,2,1,-0.015079574775882065,-0.007539787387941033,0.0024624758458416367
in,other word,356,261,-2.686734634786262,-0.007547007401085006,0.0008985202059763937
2013\),math notation,1,1,-0.007565849693492055,-0.007565849693492055,0.0
meaning,other word,1,1,-0.007569244131445885,-0.007569244131445885,0.0
would,other word,23,17,-0.17414197785547003,-0.0075713903415421755,0.00448423163480063
300\),math notation,1,1,-0.007575889118015766,-0.007575889118015766,0.0
explore,other word,1,1,-0.007582703605294228,-0.007582703605294228,0.0
perfect,other word,18,16,-0.13655227312119678,-0.007586237395622043,0.002128567321772461
x_{i+1,math notation,3,2,-0.022780839703045785,-0.007593613234348595,0.003583910450740203
with,other word,126,101,-0.9587528586271219,-0.007609149671643825,0.001963559155568217
"4,000",number,1,1,-0.007619845506269485,-0.007619845506269485,0.0
c/a,math notation,1,1,-0.007641492178663611,-0.007641492178663611,0.0
ate,other word,17,12,-0.13010783540084958,-0.007653402082402916,0.0031634127032916003
write,other word,9,9,-0.06912908796221018,-0.007681009773578908,0.001968413167272479
b^4,math notation,3,3,-0.02304432776873,-0.007681442589576666,0.003063046862523995
living,other word,3,2,-0.023048561764881015,-0.007682853921627005,0.0019638203042363785
\frac{\theta}{360^\circ},math notation,2,1,-0.015384468017145991,-0.007692234008572996,0.015035424385132667
leads,other word,1,1,-0.0077125257812440395,-0.0077125257812440395,0.0
\frac{1120}{81},math notation,1,1,-0.007716899272054434,-0.007716899272054434,0.0
51(1,math notation,2,1,-0.015433992026373744,-0.007716996013186872,0.004704133321714194
r_1,math notation,3,2,-0.023155509144999087,-0.007718503048333029,0.008073437038476815
divisible,other word,43,20,-0.33203459874494,-0.007721734854533488,0.00171824616708625
cats,other word,5,3,-0.03865592833608389,-0.007731185667216778,0.014877776838658015
|b,math notation,16,4,-0.12416067067533731,-0.007760041917208582,0.0016084240889697606
-16,number,1,1,-0.007770286872982979,-0.007770286872982979,0.0
\frac{3^{2022},math notation,1,1,-0.007780564308632165,-0.007780564308632165,0.0
216,number,2,2,-0.015561492531560361,-0.007780746265780181,0.005590044066549835
easier,other word,2,2,-0.015565352514386177,-0.0077826762571930885,0.02241521066609533
u2,number,3,3,-0.023393441922962666,-0.0077978139743208885,0.010907977274823549
\text{weight,math notation,2,1,-0.015597889781929553,-0.007798944890964776,0.00494297412039227
\(n,math notation,15,9,-0.11706820217659697,-0.007804546811773131,0.0017097888582136489
2p_2,math notation,5,4,-0.039068465935997665,-0.007813693187199534,0.002690942083991527
p_1,math notation,22,9,-0.17265041716746055,-0.007847746234884571,0.0013419559173783726
u6,number,3,3,-0.023557806154713035,-0.007852602051571012,0.00934136768469318
imagine,other word,1,1,-0.007881775498390198,-0.007881775498390198,0.0
satisfy,other word,13,10,-0.10270694666542113,-0.007900534358878549,0.005603925949202703
track,other word,1,1,-0.007943709380924702,-0.007943709380924702,0.0
6,number,181,116,-1.4378810730413534,-0.007944094326195323,0.0017080797656865356
shook,other word,1,1,-0.007965333759784698,-0.007965333759784698,0.0
8\),math notation,6,6,-0.04781886504497379,-0.007969810840828965,0.005364091896396735
aurelia's\),math notation,1,1,-0.007981648319400847,-0.007981648319400847,0.0
through,other word,15,13,-0.11978846276178956,-0.007985897517452637,0.0037907732683781516
306n,number,3,1,-0.023968281457200646,-0.007989427152400216,0.000948285465893923
$k=4$,math notation,1,1,-0.007997412933036685,-0.007997412933036685,0.0
marked,other word,6,3,-0.048092495650053024,-0.008015415941675505,0.001697422452174812
\frac{425}{5},math notation,1,1,-0.00801753660198301,-0.00801753660198301,0.0
t,other word,27,23,-0.2165382603998296,-0.008019935570364059,0.0015428446312813159
\(3\),math notation,11,7,-0.08837093142210506,-0.008033721038373187,0.012280503313149308
scored,other word,10,4,-0.08039390679914504,-0.008039390679914504,0.0038397960432798067
sines,other word,1,1,-0.008054318139329553,-0.008054318139329553,0.0
ice,other word,1,1,-0.008055752143263817,-0.008055752143263817,0.0
smallest,other word,37,28,-0.2982505804684479,-0.00806082649914724,0.0022695634730210803
0.4096,number,1,1,-0.008066236798185855,-0.008066236798185855,0.0
4)^2,math notation,4,2,-0.032269768707919866,-0.008067442176979966,0.004432450542822678
same,other word,25,21,-0.20168784190900624,-0.00806751367636025,0.003967120103823785
r_2,math notation,5,3,-0.040361521765589714,-0.008072304353117944,0.004589142832677808
chip,other word,8,7,-0.06468315655365586,-0.008085394569206983,0.005335564708571153
8}}{2,math notation,1,1,-0.008086416113656014,-0.008086416113656014,0.0
$3000,math notation,2,1,-0.016223751474171877,-0.008111875737085938,0.0008975461149978396
\(52,math notation,1,1,-0.008114175871014595,-0.008114175871014595,0.0
2^4,math notation,1,1,-0.008114775409922004,-0.008114775409922004,0.0
sign,other word,3,3,-0.024372313637286425,-0.008124104545762142,0.0060638980830298
\lfloor,math notation,5,3,-0.04062239907216281,-0.008124479814432562,0.0021616412519818704
time,other word,34,23,-0.2764416297432035,-0.008130636168917751,0.0029943217183612983
\(x,math notation,29,19,-0.23605828790459782,-0.008139940962227511,0.003277025753365084
s_1(n,math notation,1,1,-0.008146311272867024,-0.008146311272867024,0.0
2(2n,math notation,1,1,-0.008149445173330605,-0.008149445173330605,0.0
catalan,other word,1,1,-0.008150005713105202,-0.008150005713105202,0.0
third,other word,102,94,-0.8315052460238803,-0.008152012215920395,0.0025921788011799497
34(1,math notation,2,1,-0.01630502799525857,-0.008152513997629285,0.0035825264105441546
54^\circ,math notation,1,1,-0.008164461643900722,-0.008164461643900722,0.0
\(\sin^2,math notation,3,2,-0.024522187566617504,-0.008174062522205835,0.003455979956346609
de,other word,9,5,-0.07359763974091038,-0.00817751552676782,0.003577648200583064
bottles,other word,3,1,-0.024582273326814175,-0.008194091108938059,0.004369847857044507
y\right),math notation,2,1,-0.016395026817917824,-0.008197513408958912,0.00010971343271185753
4027,number,2,1,-0.016396903549320996,-0.008198451774660498,0.00010050932655506037
completing,other word,1,1,-0.008200190030038357,-0.008200190030038357,0.0
east,other word,6,6,-0.04920502449385822,-0.008200837415643036,0.0012302908448071656
\sqrt{b^2,math notation,5,5,-0.04104095738148317,-0.008208191476296634,0.006369178724393431
polyhedron,other word,1,1,-0.008224419318139553,-0.008224419318139553,0.0
inefficiency,other word,1,1,-0.008239942020736635,-0.008239942020736635,0.0
ax,other word,8,5,-0.06607342464849353,-0.008259178081061691,0.002568308660937401
\frac{y_1,math notation,1,1,-0.008266788354376331,-0.008266788354376331,0.0
-\tan,math notation,1,1,-0.008273915736936033,-0.008273915736936033,0.0
pencils,other word,28,4,-0.2320005203364417,-0.008285732869158633,0.0034484520402797655
\[=,math notation,1,1,-0.00828748825006187,-0.00828748825006187,0.0
38\%,math notation,1,1,-0.00833501247689128,-0.00833501247689128,0.0
bc,other word,13,10,-0.1084947973722592,-0.008345753644019939,0.007212683302882297
complement,other word,1,1,-0.008348368108272552,-0.008348368108272552,0.0
384,number,1,1,-0.008379486855119467,-0.008379486855119467,0.0
5^3,math notation,1,1,-0.008390656556002796,-0.008390656556002796,0.0
sell,other word,2,1,-0.016793910413980484,-0.008396955206990242,6.463680200301188e-05
\frac{6}{60},math notation,1,1,-0.008397928555496037,-0.008397928555496037,0.0
4,number,261,156,-2.192302952389582,-0.008399628170075026,0.0013991600673931533
calculating,other word,8,8,-0.06721496861428022,-0.008401871076785028,0.00475344560894611
6^2,math notation,8,7,-0.06744806672213599,-0.008431008340266999,0.0009972150162982194
a_1^2,math notation,3,2,-0.02530483389273286,-0.008434944630910953,0.0069669645415218594
mean,other word,15,8,-0.12659804057329893,-0.008439869371553261,0.00463372145492787
weight,other word,21,10,-0.177311182487756,-0.008443389642274096,0.002056537004866087
kings,other word,1,1,-0.008451830130070448,-0.008451830130070448,0.0
30,number,35,29,-0.2962237547035329,-0.008463535848672368,0.002286856701098866
10+12,math notation,1,1,-0.008465156774036586,-0.008465156774036586,0.0
20\),math notation,6,6,-0.05081775662256405,-0.008469626103760675,0.008044344682634687
picture,other word,2,1,-0.01695236936211586,-0.00847618468105793,0.00027276781811742633
$\overline{ad}$,math notation,1,1,-0.00847719528246671,-0.00847719528246671,0.0
\(4,math notation,8,7,-0.0678315483382903,-0.008478943542286288,0.008373620305322935
fruits,other word,12,7,-0.1017650148132816,-0.008480417901106799,0.006505044254619539
137,number,2,2,-0.016982599161565304,-0.008491299580782652,0.0005369472280339961
p(\text{not,math notation,1,1,-0.008494525216519833,-0.008494525216519833,0.0
0.5,number,3,3,-0.02550459885969758,-0.008501532953232527,0.010684260533039707
\(2q,math notation,1,1,-0.008509060367941856,-0.008509060367941856,0.0
combine,other word,9,7,-0.07660907786339521,-0.008512119762599468,0.003942997110342211
top,other word,7,6,-0.05964819295331836,-0.008521170421902622,0.005542165723888185
\sum_{k=1001}^{2000},math notation,2,1,-0.01704926771344617,-0.008524633856723085,0.01041046994814434
fish,other word,8,5,-0.06820605823304504,-0.00852575727913063,0.008097600433750457
or,other word,64,51,-0.545829692389816,-0.008528588943590876,0.001648053797930578
r_2\),math notation,2,2,-0.01708836865145713,-0.008544184325728565,0.001096380005543712
our,other word,21,20,-0.17950952280079946,-0.008548072514323784,0.0054728683315790295
left,other word,38,28,-0.3250680363562424,-0.008554422009374799,0.00363152218972206
\left(\frac{ab}{2}\right)^2,math notation,2,1,-0.01712980415322818,-0.00856490207661409,0.003219921422083111
\(n^2\),math notation,1,1,-0.008570747915655375,-0.008570747915655375,0.0
62\%,math notation,1,1,-0.008583238814026117,-0.008583238814026117,0.0
older,other word,3,3,-0.02577143837697804,-0.00859047945899268,0.002998368464744481
plane,other word,3,2,-0.025795092340558767,-0.008598364113519589,0.0015944693575711644
0.10,number,1,1,-0.008606232237070799,-0.008606232237070799,0.0
\sqrt{(-180)^2,math notation,1,1,-0.008617560553830117,-0.008617560553830117,0.0
10^{3,math notation,4,2,-0.03447106266685296,-0.00861776566671324,0.005269321223298142
|m|,math notation,3,2,-0.025861391884973273,-0.008620463961657757,0.0010159382821077168
44.5^\circ\),math notation,1,1,-0.008620652457466349,-0.008620652457466349,0.0
\sqrt{\log_2,math notation,1,1,-0.008625917602330446,-0.008625917602330446,0.0
includes,other word,3,3,-0.025924670044332743,-0.008641556681444248,0.0019191022870618012
2013,number,2,1,-0.01729267416521907,-0.008646337082609534,0.002154569780298555
\(10,math notation,4,4,-0.03460330085363239,-0.008650825213408098,0.005818742736973518
134,number,5,5,-0.043304975726641715,-0.008660995145328343,0.003483163972190413
y_2}{2}\right),math notation,1,1,-0.00866828695870936,-0.00866828695870936,0.0
8,number,89,68,-0.7718621390522458,-0.008672608303957817,0.0017570714227809112
=,math notation,2714,968,-23.543931372347288,-0.008674993136458102,0.00020872975984746994
achieve,other word,4,4,-0.0347295543178916,-0.0086823885794729,0.002302737867098392
ore,other word,7,2,-0.06083977920934558,-0.008691397029906511,0.0017937206325877742
4y,number,7,3,-0.060916457732673734,-0.008702351104667676,0.004476921669926991
201,number,5,4,-0.043554556206800044,-0.008710911241360008,0.003735705154818566
169,number,16,11,-0.13949035201221704,-0.008718147000763565,0.003228046623016651
60\),math notation,3,3,-0.026189100928604603,-0.008729700309534868,0.01828901174213216
2187}{9,math notation,1,1,-0.008733198046684265,-0.008733198046684265,0.0
age,other word,51,18,-0.44554711889941245,-0.008736218017635538,0.00207953335870831
34y,number,1,1,-0.00873805396258831,-0.00873805396258831,0.0
ab^2,math notation,3,3,-0.026277105265762657,-0.008759035088587552,0.0010982976166175186
cream,other word,1,1,-0.008764589205384254,-0.008764589205384254,0.0
street,other word,2,1,-0.017546480521559715,-0.008773240260779858,0.0015430079777849742
\(78125\),math notation,1,1,-0.008777027251198888,-0.008777027251198888,0.0
part,other word,7,7,-0.06145932245999575,-0.00877990320857082,0.003570952880437128
2^{3,math notation,1,1,-0.008800354087725282,-0.008800354087725282,0.0
736,number,1,1,-0.008801784599199891,-0.008801784599199891,0.0
package,other word,3,3,-0.026420724927447736,-0.008806908309149245,0.016463122427066997
yellow,other word,8,4,-0.07054692879319191,-0.008818366099148989,0.0033844401552126533
27\),math notation,1,1,-0.008818556554615498,-0.008818556554615498,0.0
190,number,1,1,-0.008829813450574875,-0.008829813450574875,0.0
100\%,math notation,2,2,-0.01766954455524683,-0.008834772277623415,0.0036698416744046945
twice,other word,23,22,-0.20349054946564138,-0.00884741519415832,0.004721874250512657
notation,other word,1,1,-0.008847747929394245,-0.008847747929394245,0.0
20%,number,18,12,-0.15931404061848298,-0.008850780034360165,0.005752560479829244
rephrased,other word,1,1,-0.00886660534888506,-0.00886660534888506,0.0
\$737,math notation,1,1,-0.008868786128005013,-0.008868786128005013,0.0
bd,other word,13,7,-0.11537068901816383,-0.008874668386012603,0.0018246219741680015
\frac{390625}{256},math notation,3,1,-0.026631310931406915,-0.008877103643802306,0.0012907747325793288
3pd,number,2,1,-0.017812295351177454,-0.008906147675588727,0.0031383587194256848
3665,number,2,2,-0.017832841025665402,-0.008916420512832701,0.0012790825190942953
\sin^2,math notation,5,4,-0.04461090895347297,-0.008922181790694594,0.007085084501797764
stick,other word,6,2,-0.0537270219065249,-0.008954503651087483,0.007890774610641799
9^2,math notation,1,1,-0.008970502181909978,-0.008970502181909978,0.0
m\left(\frac{2,math notation,1,1,-0.008976102224551141,-0.008976102224551141,0.0
$\frac{20}{19}$,math notation,2,1,-0.017967798281461,-0.0089838991407305,0.001004063301940203
-\csc^2,math notation,1,1,-0.008987511158920825,-0.008987511158920825,0.0
1000000,number,2,1,-0.01798533950932324,-0.00899266975466162,0.0030119161159414152
\[x,math notation,4,3,-0.035974328173324466,-0.008993582043331116,0.0036482091644360376
1010,number,5,4,-0.04500764131080359,-0.009001528262160718,0.004814807602483249
a_2^2,math notation,3,2,-0.02702524815686047,-0.009008416052286824,0.004171051033828679
×,math notation,11,9,-0.09924286208115518,-0.009022078371014108,0.0022972693437855046
weighs,other word,4,3,-0.036101919366046786,-0.009025479841511697,0.0054843056304762616
applying,other word,7,4,-0.06325396645115688,-0.00903628092159384,0.006417703329939432
\(cd,math notation,6,2,-0.054258677701000124,-0.009043112950166687,0.013007579041190098
leave,other word,1,1,-0.009043708443641663,-0.009043708443641663,0.0
\frac{7}{2},math notation,3,1,-0.027138520788867027,-0.009046173596289009,0.009243297158850012
1)(c,math notation,1,1,-0.009050189284607768,-0.009050189284607768,0.0
370,number,3,3,-0.027175885625183582,-0.009058628541727861,0.0029931143621791984
\(6,math notation,4,4,-0.03624827734893188,-0.00906206933723297,0.009852486821299479
20\%,math notation,4,4,-0.03632152790669352,-0.00908038197667338,0.005143625793323821
1296,number,1,1,-0.009099774528294802,-0.009099774528294802,0.0
10,number,123,80,-1.119581639111857,-0.009102289748876885,0.001434804498798826
4a,number,1,1,-0.009106962941586971,-0.009106962941586971,0.0
311,number,1,1,-0.009109564125537872,-0.009109564125537872,0.0
5})\],math notation,1,1,-0.00911977351643145,-0.00911977351643145,0.0
1728,number,2,2,-0.018259680306073278,-0.009129840153036639,0.005022753721186512
go,other word,5,5,-0.04565665638074279,-0.009131331276148558,0.005394937059428485
n^2,math notation,6,3,-0.054794706346001476,-0.009132451057666913,0.0027008143264702442
r^2,math notation,12,8,-0.1098382388590835,-0.009153186571590291,0.003928339356672001
gerbils,other word,3,2,-0.027485680766403675,-0.009161893588801226,0.007174329778598725
220,number,6,4,-0.05499306001001969,-0.009165510001669949,0.004585952414331885
10\),math notation,10,9,-0.09169653907883912,-0.009169653907883912,0.0029486644983891517
"$40,000",math notation,1,1,-0.00917047867551446,-0.00917047867551446,0.0
extra,other word,2,2,-0.018343405798077583,-0.009171702899038792,0.009195464406482723
killed,other word,21,7,-0.19272832153365016,-0.009177539120650008,0.0033236771397359534
\sqrt{24,math notation,1,1,-0.009177886415272951,-0.009177886415272951,0.0
factored,other word,4,4,-0.03671170520829037,-0.009177926302072592,0.004337863388124004
typical,other word,1,1,-0.009182792156934738,-0.009182792156934738,0.0
"\(1000^{10,000^{100,000}}\)",math notation,1,1,-0.009183076617773622,-0.009183076617773622,0.0
non-constant,other word,1,1,-0.00919442845042795,-0.00919442845042795,0.0
below,other word,1,1,-0.009216805920004845,-0.009216805920004845,0.0
pyramid,other word,1,1,-0.009228410199284554,-0.009228410199284554,0.0
\left(\frac{1}{2}\right)^{6-1},math notation,1,1,-0.009231289150193334,-0.009231289150193334,0.0
bac,other word,5,4,-0.0462508259806782,-0.00925016519613564,0.0039562498264522974
0.1,number,4,3,-0.03709067078307271,-0.009272667695768178,0.006131683191039527
determine,other word,100,97,-0.9275795147405006,-0.009275795147405006,0.001625664470319666
faster,other word,1,1,-0.009309697896242142,-0.009309697896242142,0.0
cost\],math notation,1,1,-0.009313162416219711,-0.009313162416219711,0.0
doing,other word,2,1,-0.018664204515516758,-0.009332102257758379,0.0017907461655152473
18^2\),math notation,1,1,-0.009337332798168063,-0.009337332798168063,0.0
4\sqrt{5},math notation,1,1,-0.009339567593997344,-0.009339567593997344,0.0
apple,other word,4,4,-0.037415369995869696,-0.009353842498967424,0.018095030491334242
12)}{10,math notation,1,1,-0.009371814667247236,-0.009371814667247236,0.0
\[10(3),math notation,1,1,-0.009372920030727983,-0.009372920030727983,0.0
handshakes,other word,7,3,-0.06563472689595073,-0.00937638955656439,0.0027071528355784545
10\],math notation,1,1,-0.00938024726929143,-0.00938024726929143,0.0
\text{length},math notation,2,2,-0.018786891945637763,-0.009393445972818881,0.0018687960785797556
map,other word,4,3,-0.03757988102734089,-0.009394970256835222,0.001410440730571399
87^\circ,math notation,1,1,-0.009402124444022775,-0.009402124444022775,0.0
9$,math notation,1,1,-0.009414257947355509,-0.009414257947355509,0.0
caught,other word,1,1,-0.009416087530553341,-0.009416087530553341,0.0
\frac{g}{97},math notation,3,3,-0.028248340007849038,-0.00941611333594968,0.0052246591181840645
1,number,311,192,-2.930766340054106,-0.00942368598088137,0.0016816500927903362
404,number,5,4,-0.0471856773365289,-0.00943713546730578,0.004309871461631769
0.40,number,1,1,-0.009439372923225164,-0.009439372923225164,0.0
\(\mathbf{a}\),math notation,2,2,-0.018897062342148274,-0.009448531171074137,0.019085531040563576
4)(b,math notation,1,1,-0.009449792560189962,-0.009449792560189962,0.0
a^b,math notation,1,1,-0.009460568195208907,-0.009460568195208907,0.0
\sin^6,math notation,6,1,-0.05680325522553176,-0.009467209204255292,0.0021301927707595577
\(270^\circ\),math notation,1,1,-0.009478621650487185,-0.009478621650487185,0.0
we're,other word,19,18,-0.18017491028876975,-0.009482890015198408,0.005058935886523299
b\),math notation,4,4,-0.03794466168619692,-0.00948616542154923,0.007506030914957647
\frac{108^\circ}{2},math notation,1,1,-0.009491827746387571,-0.009491827746387571,0.0
cover,other word,4,4,-0.03797732590464875,-0.009494331476162188,0.006741306830567697
a(b+c)\),math notation,1,1,-0.009496472543105483,-0.009496472543105483,0.0
vacuum,other word,9,6,-0.0856484011746943,-0.009516489019410478,0.0035210966716334225
birth,other word,1,1,-0.009523104876279831,-0.009523104876279831,0.0
there,other word,100,88,-0.9524126687319949,-0.00952412668731995,0.002010431676005562
extended,other word,1,1,-0.009532896801829338,-0.009532896801829338,0.0
"$100,000",math notation,7,3,-0.06674362550256774,-0.009534803643223963,0.0033842191824151836
2037171,number,1,1,-0.009546049288474023,-0.009546049288474023,0.0
$\frac{60}{3}$,math notation,1,1,-0.009564041014527902,-0.009564041014527902,0.0
fuel,other word,5,3,-0.047848932445049286,-0.009569786489009857,0.014882767938357586
contain,other word,2,2,-0.01915145944803953,-0.009575729724019766,0.0026610140499034266
51(51n,math notation,1,1,-0.00958330399589613,-0.00958330399589613,0.0
\text{,math notation,148,61,-1.4185310326865874,-0.00958466913977424,0.0010733934870112267
divisor,other word,5,5,-0.04794837089139037,-0.009589674178278074,0.006367546351427701
diameter,other word,3,3,-0.028785366099327803,-0.009595122033109268,0.0016791597956239434
90.89}{2,math notation,2,1,-0.019209434161894023,-0.009604717080947012,0.0025841354405644287
\(t_7,math notation,1,1,-0.009609336557332426,-0.009609336557332426,0.0
60\right),math notation,1,1,-0.009633213805500418,-0.009633213805500418,0.0
4ac,number,1,1,-0.009634959045797586,-0.009634959045797586,0.0
salary,other word,4,2,-0.038586347131058574,-0.009646586782764643,0.002186189956956214
-2,number,13,8,-0.12544938270002604,-0.009649952515386619,0.0034592970826850976
10z,number,1,1,-0.009661535732448101,-0.009661535732448101,0.0
2^{\log_2,math notation,4,1,-0.03868327276722994,-0.009670818191807484,0.004003153845772769
380$,math notation,1,1,-0.009687704499810934,-0.009687704499810934,0.0
original,other word,31,26,-0.3016145749716088,-0.009729502418438995,0.002639052556167457
3p_3,math notation,3,3,-0.02919606977957301,-0.00973202325985767,0.004062076460883716
dwarf,other word,4,2,-0.03900687396526337,-0.009751718491315842,0.004730933416635886
just,other word,1,1,-0.009763076901435852,-0.009763076901435852,0.0
\frac{25}{36},math notation,2,1,-0.019539897446520627,-0.009769948723260313,0.003712495231755449
often,other word,2,2,-0.01954028569161892,-0.00977014284580946,0.0011239451557636948
\text{cost,math notation,1,1,-0.00977486395277083,-0.00977486395277083,0.0
\frac{25,math notation,2,2,-0.019556620391085744,-0.009778310195542872,0.0010990129076456595
i\)),math notation,1,1,-0.009780788561329246,-0.009780788561329246,0.0
to,other word,825,503,-8.069929489662172,-0.009781732714742027,0.0006001421762770592
pineapples,other word,11,5,-0.10785813035909086,-0.00980528457809917,0.007999452795863112
\text{estimated,math notation,1,1,-0.009808276779949665,-0.009808276779949665,0.0
\frac{\log_2{t}}{\log_2{4}},math notation,1,1,-0.00981004280038178,-0.00981004280038178,0.0
"6,000",number,3,1,-0.029440199839882553,-0.009813399946627518,0.007236069301099851
9}{3,math notation,1,1,-0.009843565756455064,-0.009843565756455064,0.0
necessary,other word,3,3,-0.029548385180532932,-0.00984946172684431,0.008399733756412434
invested,other word,1,1,-0.009854059666395187,-0.009854059666395187,0.0
380,number,1,1,-0.009863126091659069,-0.009863126091659069,0.0
\frac{25}{144},math notation,1,1,-0.009871564339846373,-0.009871564339846373,0.0
320,number,1,1,-0.009880532510578632,-0.009880532510578632,0.0
305,number,2,1,-0.019786769524216652,-0.009893384762108326,0.004126786281430918
office,other word,6,4,-0.05940260807983577,-0.009900434679972628,0.0037997707386362278
\frac{5}{4},math notation,1,1,-0.009906198305543512,-0.009906198305543512,0.0
27p_3,math notation,3,3,-0.029769769316772,-0.009923256438924,0.002798296462398413
$ab$,math notation,7,4,-0.06955675303470343,-0.009936679004957634,0.007596907126073006
63,number,1,1,-0.009983345866203308,-0.009983345866203308,0.0
reading,other word,1,1,-0.009986229240894318,-0.009986229240894318,0.0
$\frac{1}{b},math notation,1,1,-0.009986987570300698,-0.009986987570300698,0.0
10%,number,4,3,-0.039992299978621304,-0.009998074994655326,0.004133356104053711
7.68,number,1,1,-0.010001127840951085,-0.010001127840951085,0.0
fraction,other word,32,23,-0.32092874258523807,-0.01002902320578869,0.0033053462120171124
hectares,other word,2,1,-0.020068236044608057,-0.010034118022304028,0.005934971899129468
153,number,1,1,-0.01003982499241829,-0.01003982499241829,0.0
eliminate,other word,11,9,-0.11059863987611607,-0.010054421806919643,0.0072149330577315285
consists,other word,2,2,-0.020114918239414692,-0.010057459119707346,0.004236018729697757
root,other word,18,15,-0.18104858591686934,-0.010058254773159407,0.004884604164990239
3)\],math notation,1,1,-0.010066003422252834,-0.010066003422252834,0.0
x,other word,182,106,-1.8357607900397852,-0.010086597747471348,0.0013069727742947299
ace,other word,6,4,-0.060551170725375414,-0.01009186178756257,0.0049693879585918236
should,other word,8,7,-0.08081076084636152,-0.01010134510579519,0.004317646238397736
89,number,9,7,-0.09104958223178983,-0.010116620247976648,0.00983854589010425
31.5^\circ,math notation,1,1,-0.010118570295162499,-0.010118570295162499,0.0
3}{1875,math notation,1,1,-0.010142263781744987,-0.010142263781744987,0.0
\[d,math notation,2,1,-0.020285937003791332,-0.010142968501895666,0.00061114428529552
32^2,math notation,1,1,-0.010145006817765534,-0.010145006817765534,0.0
randy,other word,7,6,-0.07107138261198997,-0.010153054658855711,0.003803177247820479
columns,other word,1,1,-0.010153389535844326,-0.010153389535844326,0.0
tuesday,other word,9,5,-0.09143403265625238,-0.01015933696180582,0.007262601333571336
x^2\),math notation,2,2,-0.020337623718660325,-0.010168811859330162,0.011948116180022414
dollars,other word,26,20,-0.2644902137108147,-0.010172700527339028,0.007287578485696564
\frac{36}{36},math notation,1,1,-0.010199386364547536,-0.010199386364547536,0.0
12)\),math notation,3,3,-0.030605350475525483,-0.010201783491841828,0.007596231896311082
bug,other word,1,1,-0.010204842314124107,-0.010204842314124107,0.0
every,other word,16,16,-0.1632958092377521,-0.010205988077359507,0.004057110238962373
2(ab)^2,math notation,1,1,-0.01022432348690927,-0.01022432348690927,0.0
above,other word,3,3,-0.0307345389155671,-0.010244846305189034,0.010699096843481823
\(b^3,math notation,2,2,-0.02049595909193158,-0.01024797954596579,0.0044744507780315355
live,other word,1,1,-0.010258518159389496,-0.010258518159389496,0.0
"3,000",number,2,1,-0.02051924105035141,-0.010259620525175706,0.0027853152107043468
200,number,17,12,-0.17445209986180998,-0.010261888227165294,0.002616066507819994
4}{12,math notation,1,1,-0.0102650027256459,-0.0102650027256459,0.0
18,number,34,24,-0.34958396875299513,-0.010281881433911622,0.0028706841774628388
\frac{1}{32},math notation,1,1,-0.010285277050570585,-0.010285277050570585,0.0
pounds/book,math notation,2,1,-0.020575508853653446,-0.010287754426826723,0.0007713650051320284
goal,other word,2,2,-0.020611582091078162,-0.010305791045539081,0.004496706125042685
\(1.024,math notation,1,1,-0.010328369564376771,-0.010328369564376771,0.0
\dfrac{b,math notation,1,1,-0.01033899502363056,-0.01033899502363056,0.0
turns,other word,15,12,-0.1551391527755186,-0.010342610185034573,0.002730678642270919
\text{cubic,math notation,5,3,-0.05176951619796455,-0.010353903239592909,0.0035675938319731228
stanley,other word,4,2,-0.04144037747755647,-0.010360094369389117,0.0018107220458960585
andras,other word,8,3,-0.08292949642054737,-0.01036618705256842,0.005127717523534615
equivalent,other word,5,5,-0.0520000490359962,-0.01040000980719924,0.00310461521617533
muffin,other word,7,3,-0.07282810867764056,-0.010404015525377222,0.008395327232062459
spent,other word,12,10,-0.12494351528584957,-0.010411959607154131,0.002736493330615639
\sqrt{x},math notation,1,1,-0.010438767494633794,-0.010438767494633794,0.0
22,number,12,8,-0.12555913836695254,-0.010463261530579379,0.004441632543283933
tomatoes,other word,12,4,-0.1256263731047511,-0.010468864425395926,0.0045462267820632896
class,other word,6,5,-0.06286599021404982,-0.010477665035674969,0.008184803536827698
rate,other word,17,12,-0.1782148526981473,-0.010483226629302782,0.0029394961556466945
\boxed{33,math notation,1,1,-0.010487455001566559,-0.010487455001566559,0.0
\(c\),math notation,17,13,-0.17845009097072762,-0.010497064174748683,0.005484924594333815
\frac{390625}{442368},math notation,1,1,-0.010507679980946705,-0.010507679980946705,0.0
quarter-circle,other word,5,2,-0.05257064459146932,-0.010514128918293864,0.0058752194154272136
\(\log_b,math notation,1,1,-0.01051436155103147,-0.01051436155103147,0.0
\right),math notation,20,12,-0.21032469868077897,-0.010516234934038948,0.00356596577283911
pq,other word,7,5,-0.07363679399713874,-0.010519541999591249,0.0025940106603776743
\sum_{i=1}^{6},math notation,1,1,-0.010530811443459243,-0.010530811443459243,0.0
\frac{13}{42},math notation,1,1,-0.010534966160776094,-0.010534966160776094,0.0
speed,other word,11,5,-0.11635982035659254,-0.010578165486962958,0.004168657828680328
midpoint,other word,14,12,-0.14813069062074646,-0.010580763615767605,0.0032755604487775636
principal,other word,2,2,-0.021180192474275827,-0.010590096237137914,0.00979466862130401
\frac{6}{30},math notation,1,1,-0.010604623064864427,-0.010604623064864427,0.0
household,other word,1,1,-0.010613526217639446,-0.010613526217639446,0.0
standard,other word,8,7,-0.08498291275463998,-0.010622864094329998,0.004035064750970419
(2\sqrt{3})^2,math notation,1,1,-0.010625088470987976,-0.010625088470987976,0.0
\rfloor,math notation,5,3,-0.053131952532567084,-0.010626390506513417,0.003585416809752769
\(n\),math notation,15,11,-0.15955574176769005,-0.010637049451179336,0.009665705793772073
factorized,other word,2,2,-0.021283504785969853,-0.010641752392984927,0.003917493181214104
-b,other word,1,1,-0.010647698305547237,-0.010647698305547237,0.0
had,other word,19,16,-0.20231070430600084,-0.010647931805578992,0.00808491244243939
2n_b,math notation,1,1,-0.010649059317074716,-0.010649059317074716,0.0
left-hand,other word,9,8,-0.09585892019094899,-0.010650991132327666,0.006176451593816451
\sqrt{8261}}{2},math notation,3,2,-0.03195456418325193,-0.01065152139441731,0.0019165107553559158
minus,other word,3,3,-0.03195574940764345,-0.010651916469214484,0.008881854168831069
b_1x,math notation,1,1,-0.01066859147977084,-0.01066859147977084,0.0
saving,other word,1,1,-0.010677401907742023,-0.010677401907742023,0.0
assume,hedging / contrast,7,7,-0.07476916466839612,-0.010681309238342302,0.005835872367972858
measurements,other word,1,1,-0.010685322806239128,-0.010685322806239128,0.0
red,other word,26,15,-0.277869266923517,-0.010687279497058345,0.0025685725859517297
salads,other word,1,1,-0.01069575548171997,-0.01069575548171997,0.0
units,other word,51,29,-0.5454987287230324,-0.010696053504373184,0.004522661307999882
\((\pm,math notation,1,1,-0.010697977151721716,-0.010697977151721716,0.0
$3.00,math notation,6,3,-0.06422222137916833,-0.010703703563194722,0.009459126499907579
rid,other word,3,3,-0.03211133647710085,-0.010703778825700283,0.0025427826675261385
saves,other word,2,2,-0.021409155800938606,-0.010704577900469303,0.0015426095583576447
\text{area},math notation,5,5,-0.053543239569989964,-0.010708647913997994,0.002297549547537994
\sqrt{8261},math notation,1,1,-0.010716191551182419,-0.010716191551182419,0.0
typographical,other word,1,1,-0.01071650767698884,-0.01071650767698884,0.0
a^c,math notation,1,1,-0.010722076054662466,-0.010722076054662466,0.0
30\}\),math notation,5,5,-0.05365099577466026,-0.010730199154932053,0.004979303318934424
-2\],math notation,1,1,-0.010753525188192725,-0.010753525188192725,0.0
row,other word,12,8,-0.12912434933241457,-0.01076036244436788,0.009023243745381215
full,other word,4,4,-0.04305678978562355,-0.010764197446405888,0.000830624290804329
\(g,math notation,4,2,-0.04307238687761128,-0.01076809671940282,0.0029753486030612863
longer,other word,1,1,-0.010783489793539047,-0.010783489793539047,0.0
58/3,math notation,1,1,-0.010791548294946551,-0.010791548294946551,0.0
\cup,math notation,6,3,-0.0648307022638619,-0.010805117043976983,0.008025962689135276
starting,other word,9,9,-0.09734942112118006,-0.010816602346797785,0.0032340143227556663
2(a,math notation,4,2,-0.04332993377465755,-0.010832483443664387,0.0012788489042670566
breakfast,other word,1,1,-0.010851981118321419,-0.010851981118321419,0.0
crown,other word,4,2,-0.04342376301065087,-0.010855940752662718,0.0024407196363554714
67,number,16,14,-0.17432811931939796,-0.010895507457462372,0.0057420812956980325
written,other word,4,4,-0.04361659730784595,-0.010904149326961488,0.005765996182310897
zaid,other word,4,4,-0.04375328216701746,-0.010938320541754365,0.009094822449717113
b,other word,91,66,-0.9957463327737059,-0.010942267393117648,0.002004744949668021
traveled,other word,2,1,-0.021885852329432964,-0.010942926164716482,0.00011730356975667585
tea,other word,14,6,-0.1533094912301749,-0.010950677945012493,0.00777108171401278
\frac{729}{1875},math notation,1,1,-0.010951609816402197,-0.010951609816402197,0.0
10^3,math notation,3,3,-0.03287002461729571,-0.010956674872431904,0.005434372374014946
300,number,7,6,-0.07673807442188263,-0.010962582060268946,0.005060732476542347
a_1x,math notation,1,1,-0.01096526999026537,-0.01096526999026537,0.0
play,other word,4,3,-0.04388669808395207,-0.010971674520988017,0.006738712421671773
radians,other word,1,1,-0.010974920354783535,-0.010974920354783535,0.0
2000,number,9,9,-0.09878942160867155,-0.010976602400963506,0.0037095861423382757
4-1)d,math notation,1,1,-0.010988560039550066,-0.010988560039550066,0.0
2\sqrt{3},math notation,2,2,-0.021982220059726387,-0.010991110029863194,0.003828319154900267
car,other word,24,18,-0.26391957863233984,-0.010996649109680826,0.003914940619345384
foury,other word,1,1,-0.011023166123777628,-0.011023166123777628,0.0
his,other word,50,34,-0.552270625019446,-0.01104541250038892,0.002648921580277974
2}{4,math notation,1,1,-0.011045957857277244,-0.011045957857277244,0.0
733,number,3,2,-0.03318736981600523,-0.011062456605335077,0.006421467717215857
crosses,other word,1,1,-0.01106505561619997,-0.01106505561619997,0.0
per,other word,93,60,-1.0294543805066496,-0.011069401940931716,0.001065609064432872
34,number,10,7,-0.11088953888975084,-0.011088953888975083,0.0034831858551807727
\(t_8,math notation,1,1,-0.011090142070315778,-0.011090142070315778,0.0
all,other word,93,84,-1.0313937689061277,-0.01109025557963578,0.002350762579983386
squaring,other word,3,2,-0.03331279044505209,-0.011104263481684029,0.007672761934854275
10-12,number,1,1,-0.011145097319968045,-0.011145097319968045,0.0
consumes,other word,2,1,-0.02230352652259171,-0.011151763261295855,0.0004061518099880794
4ac}}{2a,math notation,4,4,-0.0446230094821658,-0.01115575237054145,0.012199844455670109
completes,other word,1,1,-0.011156179010868073,-0.011156179010868073,0.0
4^2,math notation,14,13,-0.15629734605317935,-0.011164096146655669,0.0033647393840078245
lunch,other word,4,2,-0.04465810873080045,-0.011164527182700112,0.008072859756300232
\text{feet},math notation,3,1,-0.033495376410428435,-0.011165125470142812,0.00148030466847211
circle's,other word,3,3,-0.03352835844270885,-0.01117611948090295,0.012547645706560431
cleaning,other word,2,1,-0.022353438660502434,-0.011176719330251217,0.00027240496009352786
$g(1,math notation,1,1,-0.011179429944604635,-0.011179429944604635,0.0
738826,number,1,1,-0.011189539916813374,-0.011189539916813374,0.0
splits,other word,1,1,-0.0111954715102911,-0.0111954715102911,0.0
paint,other word,2,2,-0.02241307683289051,-0.011206538416445255,0.005851744179870945
\(15,math notation,4,4,-0.044862421695142984,-0.011215605423785746,0.005701826649083945
a^2\),math notation,1,1,-0.011216541286557913,-0.011216541286557913,0.0
5,number,267,157,-2.9974123875726946,-0.01122626362386777,0.0013242646647992334
\left(\frac{25}{4}\right)^4,math notation,2,1,-0.02245328700519167,-0.011226643502595834,0.0014977298427464455
\(d,math notation,3,3,-0.033697875682264566,-0.011232625227421522,0.007012600054581689
at,other word,74,60,-0.8314131166553125,-0.011235312387233952,0.0027651426304277278
eat,other word,6,3,-0.06742632016539574,-0.011237720027565956,0.002085078828150856
meal,other word,1,1,-0.011246948502957821,-0.011246948502957821,0.0
4}{2,math notation,1,1,-0.011251901159994304,-0.011251901159994304,0.0
34(34n,math notation,1,1,-0.011258424259722233,-0.011258424259722233,0.0
infer,other word,2,2,-0.02255109278485179,-0.011275546392425895,0.0029305673476412624
candidate,other word,1,1,-0.011278040707111359,-0.011278040707111359,0.0
\text{jamal's,math notation,6,2,-0.06771749968174845,-0.011286249946958074,0.0020686075891844314
2^{3x,math notation,2,1,-0.022613230627030134,-0.011306615313515067,0.003199309400863326
die,other word,50,23,-0.5653493665158749,-0.011306987330317497,0.00220366309112113
cinnamon,other word,4,2,-0.04528548545204103,-0.011321371363010257,0.00431867828155813
logarithmic,other word,3,3,-0.03396515284839552,-0.01132171761613184,0.0037216106873334846
\boxed{16},math notation,1,1,-0.011332041933201253,-0.011332041933201253,0.0
\(\boxed{736}\),math notation,1,1,-0.011343554011546075,-0.011343554011546075,0.0
primes,other word,3,3,-0.03406066098250449,-0.011353553660834828,0.013979275012128891
hours,other word,23,11,-0.26133853709325194,-0.011362545091010954,0.004982601427189088
b-c)^2,math notation,1,1,-0.011383173055946827,-0.011383173055946827,0.0
r_1\),math notation,2,2,-0.022776710946345702,-0.011388355473172851,0.00860397696475719
unit,other word,12,7,-0.1372315522748977,-0.011435962689574808,0.008021382965392204
3}{999,math notation,1,1,-0.011436860833782703,-0.011436860833782703,0.0
\frac{11,math notation,1,1,-0.011459760047728196,-0.011459760047728196,0.0
green,other word,6,5,-0.06889097159728408,-0.011481828599547347,0.006864667244400749
\(s,math notation,2,2,-0.02296817908063531,-0.011484089540317655,0.005138723059190498
3^\circ,math notation,1,1,-0.01148529298370704,-0.01148529298370704,0.0
able,other word,1,1,-0.011490005068480968,-0.011490005068480968,0.0
crucial,other word,2,2,-0.02298722369596362,-0.01149361184798181,0.005546495135622415
\angle,math notation,26,14,-0.2991870637633838,-0.011507194760130145,0.0019463445038764246
dog,other word,19,10,-0.2194210790330544,-0.01154847784384497,0.0035545051673339934
6\sqrt{5},math notation,2,1,-0.023168457904830575,-0.011584228952415287,0.0009310465622321346
complete,other word,4,4,-0.04642605851404369,-0.011606514628510922,0.005901659973326699
\(y,math notation,13,10,-0.15127369783294853,-0.011636438294842195,0.005524659941146889
need,other word,160,144,-1.8647625474259257,-0.011654765921412036,0.0011933012814424448
1016\),math notation,1,1,-0.011664350982755423,-0.011664350982755423,0.0
22}{120,math notation,1,1,-0.01166790269780904,-0.01166790269780904,0.0
2(a_1,math notation,3,1,-0.03506647604808677,-0.011688825349362256,0.002042773669473307
fit,other word,1,1,-0.011709699407219887,-0.011709699407219887,0.0
page,other word,1,1,-0.011726285330951214,-0.011726285330951214,0.0
eats,other word,6,4,-0.07037288160063326,-0.011728813600105545,0.0055488192054463864
degree,other word,4,3,-0.04693348379805684,-0.01173337094951421,0.00553143526360794
3c^2,math notation,1,1,-0.01174126158002764,-0.01174126158002764,0.0
17(17n,math notation,1,1,-0.011751468176953495,-0.011751468176953495,0.0
here,other word,7,7,-0.08236267697066069,-0.011766096710094385,0.003928792005972331
\(999\),math notation,1,1,-0.01177942065987736,-0.01177942065987736,0.0
match,other word,5,5,-0.05894733709283173,-0.011789467418566346,0.0069561378308538955
words,other word,10,6,-0.11792749795131385,-0.011792749795131386,0.006648621690448531
m^2,math notation,4,2,-0.047181043948512524,-0.011795260987128131,0.006591927963240248
ratios,other word,2,2,-0.02359097497537732,-0.01179548748768866,0.005979736750172816
steps,other word,50,45,-0.590036682842765,-0.0118007336568553,0.0032697341769587366
d,other word,17,13,-0.20089770323829725,-0.011817511955193956,0.005026568421977394
1)(b,math notation,1,1,-0.011866254499182105,-0.011866254499182105,0.0
(\(13\)),math notation,1,1,-0.01187075162306428,-0.01187075162306428,0.0
chords,other word,1,1,-0.011880533769726753,-0.011880533769726753,0.0
1-1000,number,1,1,-0.01189581141807139,-0.01189581141807139,0.0
charlie,other word,7,5,-0.08332199300639331,-0.011903141858056188,0.005859097580685776
-5x^5,math notation,1,1,-0.011905849736649543,-0.011905849736649543,0.0
a_{2}^2,math notation,1,1,-0.011914715258171782,-0.011914715258171782,0.0
1000,number,9,9,-0.10736402310431004,-0.011929335900478892,0.005157712764881339
current,other word,12,11,-0.14328886906150728,-0.01194073908845894,0.007196899230083119
price,other word,19,8,-0.22704603103920817,-0.011949791107326746,0.0038479631537254003
108^\circ,math notation,1,1,-0.011959605035372078,-0.011959605035372078,0.0
harvests,other word,5,3,-0.05987493577413261,-0.011974987154826523,0.0036503984733421077
15,number,36,27,-0.4323227779241279,-0.012008966053447997,0.003831962629561692
\text{width},math notation,4,2,-0.048147689434699714,-0.012036922358674929,0.0018054881490049402
largest,other word,13,9,-0.15700938331428915,-0.012077644870329935,0.004148475345775254
ad^2,math notation,5,3,-0.060417045693611726,-0.012083409138722346,0.0030100247204396034
1849,number,1,1,-0.012097025290131569,-0.012097025290131569,0.0
what,other word,6,5,-0.07270237567718141,-0.012117062612863569,0.008056835474848664
wait,hedging / contrast,2,2,-0.024267283035442233,-0.012133641517721117,0.01025311182867621
3^b,math notation,1,1,-0.012143323663622141,-0.012143323663622141,0.0
\frac{3}{5}\),math notation,1,1,-0.01214862969936803,-0.01214862969936803,0.0
park,other word,1,1,-0.012164578773081303,-0.012164578773081303,0.0
\frac{36}{7},math notation,5,4,-0.060877457428432535,-0.012175491485686507,0.005368382526533497
-\frac{1}{7}\),math notation,1,1,-0.0121833933662856,-0.0121833933662856,0.0
20,number,104,65,-1.268270259926794,-0.012194906345449943,0.0017103964776127142
within,other word,8,8,-0.09792741877026856,-0.01224092734628357,0.004629828397613427
cost,other word,94,42,-1.152012134436518,-0.012255448238686361,0.0017256966123771799
<,math notation,26,19,-0.3187485896924045,-0.012259561142015558,0.0027209610544565084
\(\frac{729}{1875}\),math notation,1,1,-0.01226229008170776,-0.01226229008170776,0.0
allocate,other word,2,1,-0.02455667918547988,-0.01227833959273994,0.0001806919360086795
try,other word,4,4,-0.049167380668222904,-0.012291845167055726,0.006314992490832522
correctly,other word,1,1,-0.012293020263314247,-0.012293020263314247,0.0
bedroom,other word,1,1,-0.012293349951505661,-0.012293349951505661,0.0
$0$,math notation,2,2,-0.024601974058896303,-0.012300987029448152,0.016703514372289386
p_3,math notation,4,4,-0.04924840561579913,-0.012312101403949782,0.006467039315714202
3(10,math notation,1,1,-0.012316173175349832,-0.012316173175349832,0.0
bulk,other word,1,1,-0.012325653806328773,-0.012325653806328773,0.0
she,other word,47,39,-0.5808345755795017,-0.012358182459138334,0.003604602898768597
$$\frac{x}{4},math notation,1,1,-0.012364803667878732,-0.012364803667878732,0.0
around,other word,1,1,-0.012393848039209843,-0.012393848039209843,0.0
basil,other word,1,1,-0.01240459643304348,-0.01240459643304348,0.0
-2)\),math notation,2,2,-0.024849268258549273,-0.012424634129274637,0.016614526940445982
512,number,1,1,-0.01242654025554657,-0.01242654025554657,0.0
72,number,7,5,-0.08699088753201067,-0.012427269647430097,0.002644132248647693
13\],math notation,1,1,-0.012428490445017815,-0.012428490445017815,0.0
7y,number,1,1,-0.012437101919203997,-0.012437101919203997,0.0
80,number,14,12,-0.1744145406410098,-0.012458181474357843,0.005800894334273392
catherine,other word,7,7,-0.08720741420984268,-0.012458202029977525,0.011760953987892765
a}{2,math notation,1,1,-0.012463490187656134,-0.012463490187656134,0.0
"$(2,12)$",math notation,1,1,-0.012468165368773043,-0.012468165368773043,0.0
capacity,other word,1,1,-0.012481864541769028,-0.012481864541769028,0.0
planned,other word,1,1,-0.012505987659096718,-0.012505987659096718,0.0
value,other word,125,104,-1.5633401275845245,-0.012506721020676195,0.0018309155603818664
96,number,2,2,-0.025048732291907072,-0.012524366145953536,0.009240572894282142
pets,other word,4,2,-0.05011048074811697,-0.012527620187029243,0.008209249548511485
power,other word,14,9,-0.17544772027758881,-0.012531980019827773,0.003460392260163619
\right|,math notation,6,4,-0.07521421415731311,-0.012535702359552184,0.0027502595601609607
64,number,8,7,-0.10034080303739756,-0.012542600379674695,0.004298886770202038
distance,other word,23,14,-0.2888264767243527,-0.012557672901058813,0.002342131846275308
\(9999\),math notation,1,1,-0.012569883838295937,-0.012569883838295937,0.0
-\frac{1}{2},math notation,1,1,-0.012609750701813027,-0.012609750701813027,0.0
observe,other word,4,4,-0.05044242914300412,-0.01261060728575103,0.0046334078672715965
\frac{32}{11},math notation,2,2,-0.025224960641935468,-0.012612480320967734,0.0013396371683284467
8^2,math notation,1,1,-0.012613613856956363,-0.012613613856956363,0.0
xy,other word,1,1,-0.012615794781595469,-0.012615794781595469,0.0
renting,other word,2,2,-0.025232011219486594,-0.012616005609743297,5.377106457542449e-05
numerical,other word,3,3,-0.037871499778702855,-0.012623833259567618,0.012387285332725637
6\sqrt{3},math notation,4,3,-0.05050645116716623,-0.012626612791791558,0.0033837418156453147
\[7^1,math notation,1,1,-0.01266242191195488,-0.01266242191195488,0.0
80y}{x,math notation,1,1,-0.012671785312704742,-0.012671785312704742,0.0
crew,other word,2,1,-0.025350292213261127,-0.012675146106630564,0.011309017236009956
-f(-2,math notation,3,1,-0.038090472982730716,-0.012696824327576905,0.004625053508677476
ease,other word,1,1,-0.012697525322437286,-0.012697525322437286,0.0
\frac{125}{9},math notation,3,2,-0.0380995052983053,-0.0126998350994351,0.0018912182661884023
understand,other word,14,14,-0.17782769945915788,-0.012701978532796991,0.005027409325606478
\left(,math notation,27,14,-0.3429902004136238,-0.012703340756060142,0.002327827962289357
(,math notation,6,6,-0.07624335307627916,-0.012707225512713194,0.0006388530271124489
\(m\),math notation,8,8,-0.10167974687647074,-0.012709968359558843,0.0060138810798060546
(3\sqrt{2})^2,math notation,1,1,-0.012712494761217386,-0.012712494761217386,0.0
f,other word,8,7,-0.10172566620167345,-0.012715708275209181,0.004597892613362298
\(a,math notation,33,28,-0.4201761798176449,-0.012732611509625602,0.0034035882463542685
\frac{2}{9},math notation,1,1,-0.012733754541841336,-0.012733754541841336,0.0
-10,number,2,2,-0.025481009972281754,-0.012740504986140877,0.007475795237827273
is,other word,961,573,-12.25147477252176,-0.012748673020314006,0.0009827823821327293
\(t\),math notation,7,6,-0.08946266927523538,-0.012780381325033627,0.02267638450174556
asymptote,other word,1,1,-0.012782480102032423,-0.012782480102032423,0.0
\(a^4,math notation,4,4,-0.05115644505713135,-0.012789111264282838,0.0025098625488494345
chance,other word,3,2,-0.03838305897079408,-0.012794352990264693,0.004560209329839594
queens,other word,1,1,-0.012814509682357311,-0.012814509682357311,0.0
\(p_3\),math notation,4,3,-0.05130472651217133,-0.012826181628042832,0.012506698170176819
these,other word,121,116,-1.5520516654651146,-0.012826873268306732,0.0023343669124978534
dab,other word,4,2,-0.051315234741196036,-0.012828808685299009,0.0031545238109260587
\(ab,math notation,8,8,-0.1026330788154155,-0.012829134851926938,0.006124836328198576
meals/day,math notation,1,1,-0.01283729076385498,-0.01283729076385498,0.0
\infty),math notation,1,1,-0.012859522073995322,-0.012859522073995322,0.0
\frac{7,math notation,2,1,-0.02577690768521279,-0.012888453842606395,8.727743871043045e-05
14,number,27,24,-0.3482842955272645,-0.012899418352861647,0.002958894687961426
$a$,math notation,3,2,-0.03870421787723899,-0.012901405959079662,0.011336424322077494
\text{sister's,math notation,1,1,-0.012902708956971765,-0.012902708956971765,0.0
arrange,other word,5,3,-0.06475558050442487,-0.012951116100884974,0.00865148701083014
-38.945,number,1,1,-0.012959972838871181,-0.012959972838871181,0.0
\left(\frac{3}{5}\right)^7,math notation,2,2,-0.025924347835825756,-0.012962173917912878,0.014610351161153884
\frac{84}{7},math notation,2,2,-0.02592986627132632,-0.01296493313566316,0.0007177872851081825
total,other word,291,214,-3.775594408478355,-0.012974551231884382,0.0008939719127539849
4f,number,3,1,-0.038951478665694594,-0.012983826221898198,0.003271744160645544
109,number,2,2,-0.025985435815528035,-0.012992717907764018,0.008072796415474197
finally,other word,34,34,-0.44219595880713314,-0.013005763494327445,0.0036004695053007503
\frac{-48,math notation,1,1,-0.01300779776647687,-0.01300779776647687,0.0
\(1a,math notation,2,1,-0.026042716577649117,-0.013021358288824558,0.0013314110419250468
\frac{r}{97},math notation,3,3,-0.039081055467249826,-0.013027018489083275,0.01032659196831703
\sqrt{a^2,math notation,1,1,-0.01303119258955121,-0.01303119258955121,0.0
donuts,other word,6,4,-0.07822304521687329,-0.013037174202812215,0.01976815686279463
this,other word,253,229,-3.301779883040581,-0.013050513371701902,0.0010089205435351806
carefully,other word,1,1,-0.013056636787950993,-0.013056636787950993,0.0
\(2^2\),math notation,1,1,-0.013063261983916163,-0.013063261983916163,0.0
assignments,other word,2,2,-0.02613159641623497,-0.013065798208117485,0.0002053631535473631
daily,other word,6,4,-0.07851578015834093,-0.013085963359723488,0.003425519536526455
\frac{0+20}{2},math notation,1,1,-0.013151080347597599,-0.013151080347597599,0.0
1^2$,math notation,1,1,-0.013172011880669743,-0.013172011880669743,0.0
2^n,math notation,4,3,-0.0527790363994427,-0.013194759099860676,0.006361062972521398
fractions,other word,7,4,-0.09250910457922146,-0.013215586368460208,0.023231913917360954
\(x^5,math notation,1,1,-0.013218529056757689,-0.013218529056757689,0.0
x^3,math notation,3,2,-0.0396663672872819,-0.013222122429093966,0.0010567528071311815
3c,number,2,2,-0.02648511086590588,-0.01324255543295294,0.002633447129845081
2^\circ,math notation,1,1,-0.013245190493762493,-0.013245190493762493,0.0
\(5x,math notation,1,1,-0.013245676236692816,-0.013245676236692816,0.0
4n,number,14,11,-0.18570957524934784,-0.013264969660667703,0.0027333551173569894
\sqrt{(20-20)^2,math notation,1,1,-0.013288316200487316,-0.013288316200487316,0.0
432,number,1,1,-0.013299746438860893,-0.013299746438860893,0.0
0.4,number,3,3,-0.03990299301221967,-0.01330099767073989,0.005861248165203689
10^{8}$,math notation,1,1,-0.013303785934112966,-0.013303785934112966,0.0
expressed,other word,4,4,-0.05323278345167637,-0.013308195862919092,0.0020155270486488072
everyone,other word,3,2,-0.039940865244716406,-0.013313621748238802,0.00294864952706071
find,other word,239,217,-3.1822698326723184,-0.0133149365383779,0.0011623596267265497
define,other word,6,6,-0.07990795723162591,-0.013317992871937653,0.003631862081722157
\frac{de}{ab},math notation,1,1,-0.01333131646970287,-0.01333131646970287,0.0
painted,other word,6,5,-0.07999314460903406,-0.013332190768172344,0.0084373627231111
x_k,math notation,1,1,-0.013343298807740211,-0.013343298807740211,0.0
40,number,37,25,-0.4940265151381027,-0.013352067976705479,0.003475845540851115
s,other word,56,26,-0.7479034839197993,-0.013355419355710703,0.002147732001634148
freda,other word,3,2,-0.04009889136068523,-0.01336629712022841,0.018700995900184023
then,other word,96,90,-1.2870233777794056,-0.013406493518535475,0.0023236670030267344
before,other word,20,18,-0.2681366093456745,-0.013406830467283725,0.004993138628800536
consisting,other word,1,1,-0.013411208055913448,-0.013411208055913448,0.0
\left(\frac{3\sqrt{2}}{2}\right)^4,math notation,1,1,-0.013421430776361376,-0.013421430776361376,0.0
$y=7$,math notation,1,1,-0.013423599535599351,-0.013423599535599351,0.0
23\),math notation,1,1,-0.013424504082649946,-0.013424504082649946,0.0
\(-2+5,math notation,1,1,-0.013425068347714841,-0.013425068347714841,0.0
2)(6,math notation,1,1,-0.013429869548417628,-0.013429869548417628,0.0
45%,number,1,1,-0.013432387670036405,-0.013432387670036405,0.0
dinner,other word,10,5,-0.13459673942998052,-0.013459673942998051,0.0063515593252553735
exponent,other word,6,6,-0.08076350961346179,-0.013460584935576966,0.0031999458534936994
\frac{400}{9},math notation,1,1,-0.013513140729628503,-0.013513140729628503,0.0
\frac{1,math notation,4,2,-0.05415531649487093,-0.013538829123717733,0.005685774397799723
2}{2,math notation,1,1,-0.013549404684454203,-0.013549404684454203,0.0
\boxed{\frac{17}{145}},math notation,1,1,-0.013566144043579698,-0.013566144043579698,0.0
son,other word,2,1,-0.027267744997516274,-0.013633872498758137,0.011882967503721057
$$-x^7,math notation,1,1,-0.013642642414197326,-0.013642642414197326,0.0
\(ad\),math notation,2,2,-0.027293147752061486,-0.013646573876030743,0.003712899372288193
\(x_n\),math notation,1,1,-0.013659963617101312,-0.013659963617101312,0.0
devise,other word,1,1,-0.013663884717971087,-0.013663884717971087,0.0
3|b,math notation,1,1,-0.013720727991312742,-0.013720727991312742,0.0
increase,other word,22,14,-0.3020787057466805,-0.01373085026121275,0.003845645659985313
m_2,math notation,1,1,-0.013741822796873748,-0.013741822796873748,0.0
9\),math notation,4,3,-0.05496833327924833,-0.013742083319812082,0.01323090446291937
sold,other word,10,7,-0.13747424259781837,-0.013747424259781838,0.004860232814388045
much,other word,24,22,-0.3303870602394454,-0.013766127509976892,0.0034749206218075757
spends,other word,3,3,-0.041370976716279984,-0.013790325572093328,0.012266737946810673
t_{5,math notation,1,1,-0.013796702027320862,-0.013796702027320862,0.0
\[2,math notation,2,2,-0.027609016047790647,-0.013804508023895323,0.007399861886811422
a,other word,448,294,-6.18449663076899,-0.013804679979395067,0.0008872262773813734
manual,other word,3,2,-0.04141764692030847,-0.01380588230676949,0.005496135351821578
plus,other word,4,4,-0.0552963666850701,-0.013824091671267524,0.009554316533693924
monday,other word,8,5,-0.11072976980358362,-0.013841221225447953,0.012746367272617812
\(\log_{16}{64},math notation,1,1,-0.01384281182254199,-0.01384281182254199,0.0
binomial,other word,1,1,-0.013860756531357765,-0.013860756531357765,0.0
60,number,32,20,-0.4441237492719665,-0.013878867164748954,0.003747363504101954
plate,other word,2,2,-0.027761670295149088,-0.013880835147574544,0.005878483556436949
notice,other word,6,6,-0.08349575032480061,-0.013915958387466768,0.005080490581001235
d^2,math notation,2,2,-0.02783487143460661,-0.013917435717303306,0.0023175361265352127
x}{2,math notation,4,4,-0.055671171634458005,-0.013917792908614501,0.005141637809554248
given,other word,165,153,-2.3010692030075006,-0.013945873957621216,0.0018494318415449734
21.33,number,1,1,-0.013947298750281334,-0.013947298750281334,0.0
38,number,10,6,-0.13964819442480803,-0.013964819442480802,0.0069442833216838236
w,other word,26,15,-0.36309507658006623,-0.01396519525307947,0.002982691424822973
night,other word,10,5,-0.1396767603000626,-0.01396767603000626,0.005988907784176315
\(13\),math notation,1,1,-0.013990501873195171,-0.013990501873195171,0.0
\binom{11}{4}$,math notation,1,1,-0.0139933290774934,-0.0139933290774934,0.0
511,number,1,1,-0.014002848649397492,-0.014002848649397492,0.0
pots,other word,8,4,-0.11210362473502755,-0.014012953091878444,0.0036800264638044587
\alpha\beta,math notation,1,1,-0.014024205040186644,-0.014024205040186644,0.0
\[b,math notation,2,2,-0.028050139779224992,-0.014025069889612496,0.005082904415103564
c_n,math notation,2,2,-0.028055618051439524,-0.014027809025719762,0.009229297295216463
addition,other word,3,3,-0.04210913926362991,-0.014036379754543304,0.0027076491317159818
\(12,math notation,1,1,-0.014054867904633284,-0.014054867904633284,0.0
\frac{147}{20},math notation,3,1,-0.04220009449636564,-0.014066698165455213,0.0047639368247174635
half,other word,24,19,-0.33784186362754554,-0.014076744317814397,0.002284592904917264
1+2)^2,math notation,2,1,-0.02818461018614471,-0.014092305093072355,0.0016131120986113243
m_1,math notation,1,1,-0.014138163067400455,-0.014138163067400455,0.0
remains,other word,4,3,-0.05667326762340963,-0.014168316905852407,0.0046401252681232226
n_a,math notation,5,2,-0.07086267846170813,-0.014172535692341625,0.0010135710040175933
\(m,math notation,9,8,-0.12755772611126304,-0.014173080679029226,0.0039048924675825626
boys,other word,3,2,-0.042536038905382156,-0.014178679635127386,0.014097269503339652
mom,other word,1,1,-0.01418067142367363,-0.01418067142367363,0.0
-12,number,2,2,-0.02839149022474885,-0.014195745112374425,0.00421857800158447
\frac{0,math notation,2,2,-0.02844733465462923,-0.014223667327314615,0.00012001957194372359
5}{81,math notation,1,1,-0.014241116121411324,-0.014241116121411324,0.0
\sqrt{3})^2,math notation,1,1,-0.014262861397583038,-0.014262861397583038,0.0
\(7x,math notation,1,1,-0.014289730810560286,-0.014289730810560286,0.0
3+\sqrt{5},math notation,1,1,-0.014292340070824139,-0.014292340070824139,0.0
$p(x)$,math notation,2,1,-0.02859966119285673,-0.014299830596428365,0.010648649671033981
elevation,other word,11,2,-0.15730191790498793,-0.014300174354998902,0.0029096997288857993
actual,other word,2,2,-0.028606021078303456,-0.014303010539151728,0.007684299936790935
\[,math notation,804,525,-11.519873850178556,-0.014328201306192234,0.0007980921851296914
endpoints,other word,3,3,-0.04300467111170292,-0.01433489037056764,0.006490597879119485
a_{100,math notation,7,3,-0.10040257562650368,-0.014343225089500524,0.0018274669132825525
202,number,5,5,-0.07180538563989103,-0.014361077127978206,0.004502130573652276
\sqrt{32400,math notation,1,1,-0.014390718890354037,-0.014390718890354037,0.0
travels,other word,19,10,-0.27366543374955654,-0.014403443881555608,0.0019291992816019943
recurrence,other word,5,4,-0.07205031509511173,-0.014410063019022345,0.00479634537160404
described,other word,2,2,-0.028836829122155905,-0.014418414561077952,0.01426725069697608
x^4,math notation,1,1,-0.01444129680749029,-0.01444129680749029,0.0
(\(8\)),math notation,1,1,-0.014448045752942562,-0.014448045752942562,0.0
3a,number,9,6,-0.13004896824713796,-0.014449885360793106,0.004152741783055425
\frac{9}{125},math notation,1,1,-0.014473552291747183,-0.014473552291747183,0.0
cal's,other word,4,2,-0.057903400680515915,-0.014475850170128979,0.0042693863090612575
1344,number,1,1,-0.01451243320479989,-0.01451243320479989,0.0
relate,other word,3,3,-0.04356969706714153,-0.014523232355713844,0.0008779506544779271
257,number,3,3,-0.04357059299945831,-0.014523530999819437,0.0036230621182511444
\(\overline{bd}\),math notation,1,1,-0.014525640872307122,-0.014525640872307122,0.0
exceed,other word,2,2,-0.02909447392448783,-0.014547236962243915,0.008637882838743978
0.4096\),math notation,1,1,-0.014581153576727957,-0.014581153576727957,0.0
\(\frac{5,math notation,3,2,-0.04375803202856332,-0.014586010676187774,0.00671879034461988
12+10,math notation,1,1,-0.014593293715734035,-0.014593293715734035,0.0
20-0)^2,math notation,1,1,-0.014600588765460998,-0.014600588765460998,0.0
hour,other word,13,8,-0.18982470501214266,-0.014601900385549435,0.0061111699602433055
\sqrt{18^2,math notation,1,1,-0.014614403247833252,-0.014614403247833252,0.0
dwarves,other word,3,1,-0.0438472181558609,-0.014615739385286966,0.004713831197728093
emptying,other word,2,1,-0.02925843489356339,-0.014629217446781695,0.0024127005412273657
21)}\],math notation,1,1,-0.014658401254564524,-0.014658401254564524,0.0
x^n}{1-x,math notation,1,1,-0.01466295396676287,-0.01466295396676287,0.0
$0.02,math notation,1,1,-0.014669659081846476,-0.014669659081846476,0.0
using,other word,48,48,-0.7041674719657749,-0.014670155665953644,0.002402990444789628
\(c'a'\),math notation,1,1,-0.014693325385451317,-0.014693325385451317,0.0
attending,other word,1,1,-0.014697104692459106,-0.014697104692459106,0.0
follows,other word,17,17,-0.2498579650418833,-0.0146975273554049,0.004124860068875453
\div,math notation,14,9,-0.20587668340886012,-0.014705477386347152,0.005470011686789555
both,other word,80,74,-1.1766431128489785,-0.014708038910612231,0.00374918409589673
\(\mathbf{a},math notation,2,2,-0.02946115990926046,-0.01473057995463023,0.00400378063716845
tens,other word,9,6,-0.13258324190974236,-0.014731471323304705,0.006086178070624059
contestant,other word,2,1,-0.02946391236037016,-0.01473195618018508,0.0009058296170915003
deal,other word,1,1,-0.01474076695740223,-0.01474076695740223,0.0
harvested,other word,1,1,-0.014787674881517887,-0.014787674881517887,0.0
automatic,other word,3,2,-0.044412801042199135,-0.014804267014066378,0.0019504443453036422
a_{1}^2,math notation,1,1,-0.01481949898879975,-0.01481949898879975,0.0
fall,other word,1,1,-0.014829210937023163,-0.014829210937023163,0.0
50\),math notation,1,1,-0.014834444969892502,-0.014834444969892502,0.0
255,number,2,1,-0.029683003202080727,-0.014841501601040363,0.0037308871039334226
shorter,other word,1,1,-0.014869704842567444,-0.014869704842567444,0.0
for,other word,364,285,-5.414828618027968,-0.014875902796780133,0.0012464494191715592
*,math notation,46,36,-0.6847039554268122,-0.014884868596235046,0.0017269534490215281
3/5\),math notation,1,1,-0.014885242329910398,-0.014885242329910398,0.0
odd,other word,25,18,-0.3725410949991783,-0.014901643799967133,0.006870446085091122
like,other word,6,5,-0.08944050688296556,-0.014906751147160927,0.012011559640037753
eaten,other word,12,8,-0.17925597075372934,-0.014937997562810779,0.0040554674065353775
avery,other word,1,1,-0.014943708665668964,-0.014943708665668964,0.0
janet's,other word,2,2,-0.029905470088124275,-0.014952735044062138,0.008025101741073867
\frac{cd}{ad},math notation,1,1,-0.014956261031329632,-0.014956261031329632,0.0
245,number,2,1,-0.02995816431939602,-0.01497908215969801,0.003127182231308456
120^\circ,math notation,1,1,-0.014984396286308765,-0.014984396286308765,0.0
100$,math notation,1,1,-0.014984761364758015,-0.014984761364758015,0.0
school,other word,2,1,-0.030003979802131653,-0.015001989901065826,0.005635977998730979
106,number,2,2,-0.030004292726516724,-0.015002146363258362,0.008741100964655538
generates,other word,1,1,-0.01502917893230915,-0.01502917893230915,0.0
\frac{225}{375},math notation,1,1,-0.015039285499369726,-0.015039285499369726,0.0
508,number,1,1,-0.015067250467836857,-0.015067250467836857,0.0
\mathbf{b},math notation,12,5,-0.18097964383196086,-0.015081636985996738,0.0034026640861184294
break,other word,53,53,-0.7995374557795003,-0.015085612373198118,0.00217234457047072
if,hedging / contrast,66,58,-0.9960374648217112,-0.015091476739722897,0.0029000407350970726
\frac{25^4}{4^4},math notation,1,1,-0.015101583470823243,-0.015101583470823243,0.0
combining,other word,5,5,-0.07551827898714691,-0.015103655797429383,0.00888983259891125
\frac{2}{3},math notation,1,1,-0.015110167732927948,-0.015110167732927948,0.0
greater,other word,18,15,-0.2723727496340871,-0.015131819424115948,0.0031630434127204077
\(r_1,math notation,1,1,-0.015149869956076145,-0.015149869956076145,0.0
$1.50,math notation,6,3,-0.09090316866058856,-0.015150528110098094,0.006447461814724123
8261,number,2,2,-0.030310946589452215,-0.015155473294726107,0.008093133149655006
$b$,math notation,4,4,-0.06067039258778095,-0.015167598146945238,0.010976155313519045
land,other word,2,1,-0.030363555997610092,-0.015181777998805046,0.0006704523097760627
|s,math notation,6,3,-0.09114250651327893,-0.015190417752213156,0.002608649900400516
games,other word,8,7,-0.12165050295880064,-0.01520631286985008,0.013643307400681483
n_b,math notation,1,1,-0.015244662761688232,-0.015244662761688232,0.0
short,other word,1,1,-0.015253687277436256,-0.015253687277436256,0.0
feed,other word,3,3,-0.045841113897040486,-0.015280371299013495,0.005327400720121206
payment,other word,2,1,-0.03056568093597889,-0.015282840467989445,0.0010503290993943385
tomato,other word,1,1,-0.015313108451664448,-0.015313108451664448,0.0
rightmost,other word,5,4,-0.07664057100191712,-0.015328114200383425,0.010858291367090463
majestic,other word,3,2,-0.046000923961400986,-0.015333641320466995,0.006635230594152833
rock,other word,1,1,-0.01534971222281456,-0.01534971222281456,0.0
-155,number,1,1,-0.015354258939623833,-0.015354258939623833,0.0
\(x_1,math notation,1,1,-0.015364914201200008,-0.015364914201200008,0.0
3\sqrt{3},math notation,2,2,-0.030773930600844324,-0.015386965300422162,0.002859563119949597
x^2$$,math notation,1,1,-0.01539950055303052,-0.01539950055303052,0.0
\(\mathbf{b},math notation,3,2,-0.046222651668358594,-0.015407550556119531,0.008427721777959394
39\),math notation,1,1,-0.015413759043440223,-0.015413759043440223,0.0
3q,number,1,1,-0.01541418069973588,-0.01541418069973588,0.0
speak,other word,3,3,-0.046248032711446285,-0.015416010903815428,0.005431515729067987
than,other word,81,67,-1.2492373637796845,-0.015422683503452895,0.002117067775759078
second,other word,167,144,-2.5763722830452025,-0.015427378940390434,0.0022239427696783267
11^2,math notation,1,1,-0.01542825740762055,-0.01542825740762055,0.0
$a_i$,math notation,1,1,-0.015467034885659814,-0.015467034885659814,0.0
f(1,math notation,2,2,-0.030936255410779268,-0.015468127705389634,0.009253922229423945
spoons,other word,7,4,-0.10833824961446226,-0.015476892802066036,0.008196723695158932
\|\mathbf{c}\|^2,math notation,1,1,-0.015510486147832125,-0.015510486147832125,0.0
91^{2,math notation,1,1,-0.015512504964135587,-0.015512504964135587,0.0
rolling,other word,11,7,-0.17074740072712302,-0.015522490975193003,0.007253443229642582
2(10x,math notation,1,1,-0.015538854990154505,-0.015538854990154505,0.0
$18.00,math notation,1,1,-0.015542956534773111,-0.015542956534773111,0.0
wife,other word,8,5,-0.12452769884839654,-0.015565962356049567,0.006136599380942177
\frac{r^2,math notation,1,1,-0.015566229936666787,-0.015566229936666787,0.0
replace,other word,1,1,-0.015570184215903282,-0.015570184215903282,0.0
chocolate,other word,8,7,-0.1246743043884635,-0.015584288048557937,0.006159382388043839
a_{100}\),math notation,1,1,-0.0155848681461066,-0.0155848681461066,0.0
equals,other word,8,7,-0.12510784808546305,-0.01563848101068288,0.002408893488797841
check,hedging / contrast,22,21,-0.34477895859163254,-0.015671770845074207,0.003279434398248614
separate,other word,2,2,-0.03136929252650589,-0.015684646263252944,0.010073876058051776
2^{11,math notation,1,1,-0.015690832515247166,-0.015690832515247166,0.0
see,other word,6,6,-0.09424510458484292,-0.015707517430807155,0.006047301373903328
earned,other word,3,3,-0.047152685932815075,-0.015717561977605026,0.00988293721301757
4(1)(-8)}}{2(1,math notation,1,1,-0.01573739919695072,-0.01573739919695072,0.0
b^2)^2,math notation,3,2,-0.04725180417881347,-0.015750601392937824,0.006389330285683845
cube,other word,10,8,-0.15754927787929773,-0.015754927787929772,0.005455653285206244
\frac{16}{6},math notation,1,1,-0.015779003268107772,-0.015779003268107772,0.0
\frac{\text{area,math notation,2,2,-0.03158098517451435,-0.015790492587257177,0.02215153648329348
\sqrt{4^2,math notation,2,2,-0.03164644108619541,-0.015823220543097705,0.0021149780433195988
\(p\),math notation,2,2,-0.03171205474063754,-0.01585602737031877,0.0019233732427920462
let,other word,15,13,-0.23795195092679933,-0.015863463395119955,0.00654120422406162
feet}}{3,math notation,1,1,-0.01589703164063394,-0.01589703164063394,0.0
\(190,math notation,1,1,-0.01590162655338645,-0.01590162655338645,0.0
bought,other word,3,3,-0.04773097299039364,-0.015910324330131214,0.024047318511837328
those,other word,12,12,-0.19105719216167927,-0.01592143268013994,0.007031094782725891
\frac{5}{12},math notation,2,2,-0.03184710524510592,-0.01592355262255296,0.019719942629404342
vivek,other word,2,2,-0.031975216465070844,-0.015987608232535422,0.0006273292513501425
without,negation,14,13,-0.22431303304620087,-0.01602235950330006,0.003714024849623537
\(16,math notation,3,3,-0.04812457470688969,-0.016041524902296562,0.014539373814735202
\frac{2018(2018,math notation,1,1,-0.016052572522312403,-0.016052572522312403,0.0
four-digit,other word,1,1,-0.016070577083155513,-0.016070577083155513,0.0
abc$,math notation,3,2,-0.04829495871672407,-0.016098319572241355,0.025287214972853335
nurses,other word,2,2,-0.03224395588040352,-0.01612197794020176,0.00014772997238674744
6y,number,2,1,-0.03233464062213898,-0.01616732031106949,0.0006730871463525017
12\),math notation,17,14,-0.2752893454162404,-0.01619349090683767,0.010547056398351306
39,number,1,1,-0.016195496544241905,-0.016195496544241905,0.0
k\sqrt{k^2+1}$,math notation,1,1,-0.01619569497415796,-0.01619569497415796,0.0
\(2a,math notation,1,1,-0.016212386777624488,-0.016212386777624488,0.0
favorite,other word,1,1,-0.01621423102915287,-0.01621423102915287,0.0
ascending,other word,1,1,-0.01621650531888008,-0.01621650531888008,0.0
insight,other word,3,3,-0.04865234112367034,-0.016217447041223448,0.005134645877054807
y_1)\),math notation,2,2,-0.03248831711243838,-0.01624415855621919,0.004630146628263939
c,other word,61,50,-0.9911323911510408,-0.016248071986082635,0.003281679514019891
sugar,other word,8,7,-0.130008413689211,-0.016251051711151376,0.005281464499269796
under,other word,5,5,-0.0812736377120018,-0.01625472754240036,0.010466610578243253
$150,math notation,1,1,-0.016256564296782017,-0.016256564296782017,0.0
9p_3,math notation,4,4,-0.06506218272261322,-0.016265545680653304,0.006292860280525062
\((p,math notation,6,6,-0.09763330209534615,-0.016272217015891027,0.00822367214265253
\mid,math notation,1,1,-0.016274258960038424,-0.016274258960038424,0.0
360,number,3,2,-0.04884366667829454,-0.01628122222609818,0.011268655268381889
thousand,other word,1,1,-0.01630493439733982,-0.01630493439733982,0.0
typically,other word,1,1,-0.016311438754200935,-0.016311438754200935,0.0
2(336,math notation,2,2,-0.032688792678527534,-0.016344396339263767,0.019285959329101824
-20,number,2,1,-0.032710258616134524,-0.016355129308067262,0.0017398150741304334
teams,other word,5,4,-0.08189263113308698,-0.016378526226617396,0.016462748904518123
\(\theta\),math notation,1,1,-0.016379094449803233,-0.016379094449803233,0.0
doxa,other word,5,5,-0.08189779752865434,-0.01637955950573087,0.013113103538587986
feet,other word,72,31,-1.1796683174325153,-0.016384282186562713,0.0030278584507567995
3\sqrt{2},math notation,2,2,-0.032802802976220846,-0.016401401488110423,0.00014760460197601728
\frac{12,math notation,1,1,-0.016412712226156145,-0.016412712226156145,0.0
\mathbf{c},math notation,6,4,-0.09851439826888964,-0.016419066378148273,0.004476921817374603
10(x,math notation,1,1,-0.01643141041859053,-0.01643141041859053,0.0
focus,other word,3,3,-0.04935432627098635,-0.016451442090328783,0.008337101922992201
type,other word,4,4,-0.06587567739188671,-0.016468919347971678,0.008289114099553064
daughter,other word,3,2,-0.049425872042775154,-0.016475290680925053,0.0033675186493088865
zero,other word,7,7,-0.11538735614158213,-0.016483908020226017,0.0117901902720723
game,other word,7,5,-0.11543032014742494,-0.01649004573534642,0.012096778737150343
50,number,12,8,-0.1980141889071092,-0.016501182408925768,0.006284466356875858
amount,other word,72,52,-1.188756341172848,-0.016510504738511775,0.00247096880439042
\[r,math notation,4,2,-0.06608049513306469,-0.016520123783266172,0.008769295943440449
door,other word,9,3,-0.14901744038797915,-0.016557493376442127,0.006632765052038484
food,other word,20,10,-0.331338212126866,-0.0165669106063433,0.008533195661738342
\(a_2a_6\),math notation,1,1,-0.016591710853390396,-0.016591710853390396,0.0
cdb$,math notation,2,2,-0.033237553434446454,-0.016618776717223227,0.006247940937167985
\frac{2}{5}},math notation,1,1,-0.016628793062409386,-0.016628793062409386,0.0
relationship,other word,2,2,-0.03328680037520826,-0.01664340018760413,0.013603270151034155
\(20^4,math notation,4,4,-0.06658586542471312,-0.01664646635617828,0.01957679525340821
400,number,7,5,-0.11658412660472095,-0.01665487522924585,0.007849199714768891
700,number,4,3,-0.06665349949616939,-0.016663374874042347,0.011330714850132102
determinant,other word,1,1,-0.01668361504562199,-0.01668361504562199,0.0
exponents,other word,13,10,-0.21690574625972658,-0.016685057404594354,0.008577108931598302
\text{distance},math notation,1,1,-0.01668510166928172,-0.01668510166928172,0.0
$bd$,math notation,9,2,-0.15027668478433043,-0.01669740942048116,0.004734413927101192
category,other word,1,1,-0.016706522554159164,-0.016706522554159164,0.0
$f(1,math notation,1,1,-0.016710082069039345,-0.016710082069039345,0.0
\[e,math notation,1,1,-0.01671206601895392,-0.01671206601895392,0.0
25,number,44,34,-0.73583533836063,-0.016723530417287046,0.003572815476691518
65537,number,1,1,-0.016728168353438377,-0.016728168353438377,0.0
154,number,1,1,-0.016739048063755035,-0.016739048063755035,0.0
720,number,1,1,-0.016750866547226906,-0.016750866547226906,0.0
\(c,math notation,15,13,-0.2514264761703089,-0.01676176507802059,0.00831836621262787
collect,other word,1,1,-0.016774596646428108,-0.016774596646428108,0.0
s|,math notation,10,6,-0.167819908936508,-0.0167819908936508,0.007759674340975803
5040\),math notation,1,1,-0.016794728231616318,-0.016794728231616318,0.0
\frac{18}{5},math notation,1,1,-0.01680465741083026,-0.01680465741083026,0.0
\frac{18}{4},math notation,1,1,-0.016805733903311193,-0.016805733903311193,0.0
rocks,other word,8,4,-0.13446755183394998,-0.016808443979243748,0.0047006771316817795
approximate,other word,3,3,-0.05044639090192504,-0.016815463633975014,0.006954406780261298
-b/a,math notation,1,1,-0.01682623545639217,-0.01682623545639217,0.0
\geq,math notation,14,8,-0.2356033160467632,-0.016828808289054514,0.006239481413925443
sticks,other word,6,3,-0.10109860682860017,-0.016849767804766696,0.011361278405823306
2\sqrt{2},math notation,2,2,-0.033703864202834666,-0.016851932101417333,0.008564825351594484
(\(a_8\)),math notation,1,1,-0.01685854300740175,-0.01685854300740175,0.0
\frac{a}{1,math notation,1,1,-0.01686613413039595,-0.01686613413039595,0.0
kangaroo,other word,3,1,-0.050739712081849575,-0.016913237360616524,0.010630917466011459
rayna,other word,3,2,-0.05082273087464273,-0.016940910291547578,0.011329966995636471
cad,other word,2,1,-0.033916969783604145,-0.016958484891802073,0.0013924248613173917
2^{\frac{-48,math notation,1,1,-0.01698139659129083,-0.01698139659129083,0.0
\left|,math notation,6,4,-0.10190415714168921,-0.016984026190281536,0.0033660637540060562
\(2^x\),math notation,1,1,-0.017002450302243233,-0.017002450302243233,0.0
$12,math notation,2,2,-0.03403559606522322,-0.01701779803261161,0.006624904737473263
\(a_{1},math notation,1,1,-0.017024722299538553,-0.017024722299538553,0.0
comb,other word,2,1,-0.03405161201953888,-0.01702580600976944,0.001448014249597483
2)(10,math notation,1,1,-0.017027649329975247,-0.017027649329975247,0.0
plants,other word,1,1,-0.01705147884786129,-0.01705147884786129,0.0
los,other word,1,1,-0.017088690772652626,-0.017088690772652626,0.0
\rceil\),math notation,1,1,-0.017127111554145813,-0.017127111554145813,0.0
8\],math notation,2,2,-0.03429504740051925,-0.017147523700259626,0.007195500708732953
2^a,math notation,1,1,-0.0171849406324327,-0.0171849406324327,0.0
budget,other word,4,3,-0.06878450978547335,-0.017196127446368337,0.02184140460368663
1^\circ,math notation,1,1,-0.01719848602078855,-0.01719848602078855,0.0
"f(1,2",math notation,1,1,-0.017224321141839027,-0.017224321141839027,0.0
buys,other word,8,7,-0.13785750430542976,-0.01723218803817872,0.00627764501882836
coffee,other word,1,1,-0.017256278544664383,-0.017256278544664383,0.0
cindy's,other word,1,1,-0.017264366149902344,-0.017264366149902344,0.0
18.75,number,1,1,-0.01726963371038437,-0.01726963371038437,0.0
65,number,2,2,-0.03454126417636871,-0.017270632088184357,0.033869744835672955
flips,other word,2,2,-0.034542493522167206,-0.017271246761083603,0.004052097126785803
-\frac{48}{7},math notation,10,6,-0.17272169279749505,-0.017272169279749505,0.004187356238937527
|s|,math notation,5,4,-0.08652590350538958,-0.017305180701077914,0.007297658026726832
68,number,2,2,-0.03466612100601196,-0.01733306050300598,0.00489141045584851
\text{brother's,math notation,1,1,-0.017343506449833512,-0.017343506449833512,0.0
\(\gcd(a_{5000},math notation,3,3,-0.05219361907802522,-0.01739787302600841,0.03808262090952588
32}}{2,math notation,2,2,-0.034813557751476765,-0.017406778875738382,0.0006484939251789913
\rightarrow,math notation,15,12,-0.26127468538470566,-0.01741831235898038,0.004222038198587904
t_{6,math notation,1,1,-0.017454311018809676,-0.017454311018809676,0.0
\frac{25}{4,math notation,4,1,-0.06989848526427522,-0.017474621316068806,0.0035463849257474753
\frac{2500}{81},math notation,4,2,-0.0699829847435467,-0.017495746185886674,0.0051134157668633
g_l,math notation,4,4,-0.07004420814337209,-0.017511052035843022,0.005642828519287575
\text{(not,math notation,1,1,-0.0175196030177176,-0.0175196030177176,0.0
spending,other word,1,1,-0.017519768327474594,-0.017519768327474594,0.0
rule,other word,1,1,-0.01753971166908741,-0.01753971166908741,0.0
induction,other word,1,1,-0.017564944922924042,-0.017564944922924042,0.0
marcy's,other word,1,1,-0.017565273214131594,-0.017565273214131594,0.0
pounds,other word,25,14,-0.4395012657623738,-0.01758005063049495,0.008019003009429003
fewer,other word,6,6,-0.10550044104456902,-0.0175834068407615,0.003223800404535008
\[1,math notation,1,1,-0.01760559994727373,-0.01760559994727373,0.0
\frac{3}{2}a,math notation,2,1,-0.035229904227890074,-0.017614952113945037,0.0019056676974684844
jean,other word,1,1,-0.01761866733431816,-0.01761866733431816,0.0
3}{43,math notation,1,1,-0.01761992392130196,-0.01761992392130196,0.0
\(a_1a_5\),math notation,1,1,-0.017623338964767754,-0.017623338964767754,0.0
\frac{360}{9},math notation,1,1,-0.017647551256231964,-0.017647551256231964,0.0
g^4,math notation,1,1,-0.017657776596024632,-0.017657776596024632,0.0
format,other word,2,2,-0.03533549886196852,-0.01766774943098426,0.013710752105680712
\dfrac{7,math notation,1,1,-0.01767782523529604,-0.01767782523529604,0.0
b_0)$,math notation,1,1,-0.01769955817144364,-0.01769955817144364,0.0
first,other word,321,277,-5.684455076960148,-0.017708582794268374,0.0018740663626642356
child,other word,2,2,-0.0354607068002224,-0.0177303534001112,0.0011448835783950053
so,other word,198,189,-3.5177314077154733,-0.01776632024098724,0.001963580598624619
\text{bananas},math notation,3,1,-0.05344528576824814,-0.017815095256082714,0.003294831058159319
2\sqrt{6},math notation,2,2,-0.03569531167158857,-0.017847655835794285,0.00040834712984397036
stories,other word,9,3,-0.16065946541493759,-0.017851051712770842,0.005661569076270105
inequalities,other word,6,6,-0.10730614268686622,-0.017884357114477705,0.01743788795711794
534,number,1,1,-0.017906387336552143,-0.017906387336552143,0.0
minimized,other word,1,1,-0.017910877242684364,-0.017910877242684364,0.0
4.$$,math notation,1,1,-0.017917782999575138,-0.017917782999575138,0.0
cubes,other word,16,9,-0.2875243261223659,-0.017970270382647868,0.013925374455402229
12.96,number,2,1,-0.03594580455683172,-0.01797290227841586,0.001647837315153376
tim,other word,3,3,-0.05394603777676821,-0.01798201259225607,0.004383776850136208
express,other word,12,11,-0.21601857477799058,-0.01800154789816588,0.006877411489866224
meters,other word,9,5,-0.16202875040471554,-0.018003194489412837,0.0128137130843468
weeks,other word,9,7,-0.16206508374307305,-0.018007231527008116,0.009687979971334887
either,other word,8,8,-0.14417720888741314,-0.018022151110926643,0.006662528604278863
111x^2,math notation,1,1,-0.018049322301521897,-0.018049322301521897,0.0
pension,other word,5,2,-0.0902688754722476,-0.01805377509444952,0.0068626082167495255
$x=2$,math notation,1,1,-0.01806182856671512,-0.01806182856671512,0.0
19^{20,math notation,1,1,-0.018067538971081376,-0.018067538971081376,0.0
seconds,other word,6,4,-0.10845016315579414,-0.01807502719263236,0.004914665333255667
\frac{8,math notation,3,2,-0.05425500695127994,-0.018085002317093313,0.0065215011949571
4rs,number,1,1,-0.018095299368724227,-0.018095299368724227,0.0
$24,math notation,10,6,-0.1809771100524813,-0.01809771100524813,0.008944888814952822
0.2,number,3,3,-0.05430057505145669,-0.018100191683818895,0.0004742533356428782
-3)^2,math notation,1,1,-0.018102272762916982,-0.018102272762916982,0.0
\text{time},math notation,1,1,-0.018174684257246554,-0.018174684257246554,0.0
pot,other word,2,1,-0.03637601248919964,-0.01818800624459982,0.0004970200037872578
divisors,other word,5,5,-0.0909717614413239,-0.01819435228826478,0.0049370325616475965
78}{7,math notation,2,2,-0.03639287466648966,-0.01819643733324483,0.00029867071968119356
3^3,math notation,4,4,-0.07279394846409559,-0.018198487116023898,0.0039118973889750285
12^2,math notation,1,1,-0.018206355394795537,-0.018206355394795537,0.0
$g$,math notation,2,1,-0.036414665868505836,-0.018207332934252918,0.006677055947195239
64}}{2,math notation,1,1,-0.018207616289146245,-0.018207616289146245,0.0
10^6,math notation,1,1,-0.018253030953928828,-0.018253030953928828,0.0
buy,other word,4,3,-0.07302331365644932,-0.01825582841411233,0.007484286085182902
33.\overline{3}\%,math notation,1,1,-0.018260070006363094,-0.018260070006363094,0.0
-\frac{1}{5}\),math notation,1,1,-0.01826940558385104,-0.01826940558385104,0.0
a_{100}^2,math notation,3,2,-0.05480880063259974,-0.01826960021086658,0.008310297766414539
nickels,other word,2,1,-0.036540715489536524,-0.018270357744768262,0.002138162967062801
(\sqrt{\sin,math notation,1,1,-0.018270449712872505,-0.018270449712872505,0.0
2(2,math notation,1,1,-0.018279305659234524,-0.018279305659234524,0.0
north,other word,6,6,-0.10971529700327665,-0.01828588283387944,0.005343432913369319
\frac{40r^3}{8r^4},math notation,1,1,-0.018302364856936038,-0.018302364856936038,0.0
earnings,other word,14,8,-0.2563085618894547,-0.018307754420675337,0.003730427666639414
\frac{4,math notation,1,1,-0.018308063503354788,-0.018308063503354788,0.0
\frac{78}{7},math notation,4,4,-0.07334471505600959,-0.018336178764002398,0.009560724752242268
$\frac{1}{2}bh$,math notation,1,1,-0.018350173835642636,-0.018350173835642636,0.0
189\),math notation,1,1,-0.018352556973695755,-0.018352556973695755,0.0
\frac{8100}{81},math notation,1,1,-0.01839467411627993,-0.01839467411627993,0.0
2e,number,1,1,-0.01840255595743656,-0.01840255595743656,0.0
average,other word,23,16,-0.4237055071280338,-0.01842197857078408,0.0047399908212521
replaces,other word,1,1,-0.018433760851621628,-0.018433760851621628,0.0
window,other word,1,1,-0.01844748668372631,-0.01844748668372631,0.0
\frac{-(-6),math notation,1,1,-0.01846717912121676,-0.01846717912121676,0.0
2a^2b^2,math notation,2,2,-0.036976049770601094,-0.018488024885300547,0.008135900990202291
\frac{25}{2},math notation,2,2,-0.036995612957980484,-0.018497806478990242,0.0036166039279830935
week,other word,9,6,-0.16652838606387377,-0.018503154007097084,0.007097453141629095
\frac{2}{3}\],math notation,1,1,-0.018540163291618228,-0.018540163291618228,0.0
\frac{n!}{k!(n-k)!}$,math notation,1,1,-0.018555699905846268,-0.018555699905846268,0.0
converting,other word,1,1,-0.018556814640760422,-0.018556814640760422,0.0
post-it,other word,17,4,-0.316012843104545,-0.01858899077085559,0.009645658665583767
110,number,3,2,-0.05576983862556517,-0.018589946208521724,0.005465211312109253
11^t,math notation,3,2,-0.05580786615610123,-0.01860262205203374,0.010276742794953778
\[p(\text{divisible,math notation,2,1,-0.0372675301914569,-0.01863376509572845,0.005479665761128865
306(306n,math notation,1,1,-0.018636070657521486,-0.018636070657521486,0.0
),math notation,6,6,-0.11183073371648788,-0.018638455619414646,0.0003737313767680269
\frac{1}{25}$,math notation,1,1,-0.018643401679582894,-0.018643401679582894,0.0
we,other word,790,579,-14.7357631213672,-0.018652864710591393,0.0010336642606511718
168,number,2,2,-0.037319679744541645,-0.018659839872270823,0.015841813328769428
become,other word,1,1,-0.018674157559871674,-0.018674157559871674,0.0
g_w,math notation,5,5,-0.09358380897901952,-0.018716761795803904,0.005628828352059056
\frac{74}{37},math notation,1,1,-0.018728639581240714,-0.018728639581240714,0.0
bag,other word,19,14,-0.35596310172695667,-0.018734900090892456,0.006027268353441102
6^4,math notation,1,1,-0.01880383724346757,-0.01880383724346757,0.0
90^\circ$,math notation,1,1,-0.01882066240068525,-0.01882066240068525,0.0
bcd,other word,2,2,-0.03765045618638396,-0.01882522809319198,0.003984916531984581
use,other word,65,64,-1.2256510371807963,-0.018856169802781483,0.0019680174960085856
590\),math notation,1,1,-0.018857623916119337,-0.018857623916119337,0.0
such,other word,40,38,-0.7544405459775589,-0.018861013649438974,0.004043755226961003
bc^2,math notation,3,3,-0.05658524177852087,-0.018861747259506956,0.011141550096455986
up,other word,40,39,-0.754869312106166,-0.01887173280265415,0.005387473155807528
\frac{2020}{30},math notation,2,2,-0.037768448528368026,-0.018884224264184013,0.0015386343984918158
$f$,math notation,1,1,-0.01897613611072302,-0.01897613611072302,0.0
\(e,math notation,5,4,-0.0949346522684209,-0.01898693045368418,0.019580309771208518
\overline{cd}$,math notation,1,1,-0.01901703016483225,-0.01901703016483225,0.0
91,number,1,1,-0.019108161330223083,-0.019108161330223083,0.0
\frac{64}{16},math notation,1,1,-0.019130244152620435,-0.019130244152620435,0.0
\left(\frac{6-3}{6-1}\right)t_4,math notation,1,1,-0.019172323678503744,-0.019172323678503744,0.0
isabel,other word,1,1,-0.019192734733223915,-0.019192734733223915,0.0
81,number,13,12,-0.2495349724777043,-0.01919499788290033,0.004570112125816733
u5,number,3,3,-0.057629076996818185,-0.019209692332272727,0.014810030721118162
r+s,math notation,1,1,-0.019239941611886024,-0.019239941611886024,0.0
"f(1,1",math notation,1,1,-0.019244983326643705,-0.019244983326643705,0.0
\$8,math notation,1,1,-0.019281872548162937,-0.019281872548162937,0.0
$\left\{0,math notation,1,1,-0.019301336957141757,-0.019301336957141757,0.0
a^2,math notation,9,8,-0.173730559181422,-0.019303395464602444,0.004639887896458785
midterms,other word,2,2,-0.03870594990439713,-0.019352974952198565,0.011714873524150087
\binom{n}{k},math notation,1,1,-0.019361111684702337,-0.019361111684702337,0.0
marbles,other word,55,19,-1.0657812866265886,-0.019377841575028882,0.005492132446048769
2(3)(\sqrt{5}),math notation,1,1,-0.0193816086393781,-0.0193816086393781,0.0
(\cos^2,math notation,1,1,-0.019387917360290885,-0.019387917360290885,0.0
cane,other word,3,1,-0.058164240792393684,-0.01938808026413123,0.0026436920095209244
3^b\),math notation,5,4,-0.09696427709423006,-0.01939285541884601,0.012127146711209569
look,other word,5,5,-0.09717576229013503,-0.019435152458027006,0.008711072188769292
f^{-1}(f(x,math notation,1,1,-0.01955642452230677,-0.01955642452230677,0.0
737,number,5,5,-0.09780979133211076,-0.019561958266422153,0.017067167348722642
$9^2,math notation,1,1,-0.019578921841457486,-0.019578921841457486,0.0
$\overline{ab},math notation,1,1,-0.019581276807002723,-0.019581276807002723,0.0
84,number,3,2,-0.058827466709772125,-0.01960915556992404,0.015285822690160314
2209,number,1,1,-0.01964424643665552,-0.01964424643665552,0.0
there's,other word,2,2,-0.03929885267280042,-0.01964942633640021,0.003458717655819561
9000,number,1,1,-0.01966204179916531,-0.01966204179916531,0.0
7^2,math notation,2,2,-0.03934481425676495,-0.019672407128382474,0.010399460051208115
\frac{1}{3}\%,math notation,1,1,-0.01971522136591375,-0.01971522136591375,0.0
3)(15,math notation,1,1,-0.01971989730373025,-0.01971989730373025,0.0
c^2,math notation,15,13,-0.29585876630153507,-0.019723917753435672,0.00346797170442324
1)}{2,math notation,1,1,-0.019752835331019014,-0.019752835331019014,0.0
\frac{5}{7}\left(-\frac{1}{5}\right),math notation,1,1,-0.019756967398279812,-0.019756967398279812,0.0
episode,other word,4,3,-0.07914346549659967,-0.01978586637414992,0.014070210736507533
note,other word,4,4,-0.07930274424143136,-0.01982568606035784,0.010948660306835833
g^2,math notation,3,2,-0.059548613615334034,-0.01984953787177801,0.006436723104023073
pet,other word,1,1,-0.019851114600896835,-0.019851114600896835,0.0
\frac{2187}{9,math notation,1,1,-0.019861784734530374,-0.019861784734530374,0.0
\(12.96\),math notation,1,1,-0.019915162352845073,-0.019915162352845073,0.0
\(2^a,math notation,2,2,-0.03985660639591515,-0.019928303197957575,0.00258739000868191
\frac{6,math notation,6,3,-0.11962005292298272,-0.019936675487163786,0.003519546506396365
innermost,other word,1,1,-0.01993890362791717,-0.01993890362791717,0.0
$(x^n,math notation,1,1,-0.01994362659752369,-0.01994362659752369,0.0
$bcd$,math notation,2,1,-0.03990867850370705,-0.019954339251853526,0.00025443698478352353
\frac{320,math notation,1,1,-0.01996299740858376,-0.01996299740858376,0.0
4f\left(-\frac{1}{2}\right),math notation,1,1,-0.019964583625551313,-0.019964583625551313,0.0
\(\mathbf{v}_1,math notation,1,1,-0.019986914558103308,-0.019986914558103308,0.0
12.$$,math notation,2,2,-0.039987536147236824,-0.019993768073618412,0.02068168444506194
6000,number,3,3,-0.06002414599061012,-0.02000804866353671,0.0034806011087850103
43,number,3,3,-0.060123282484710217,-0.020041094161570072,0.008651369316269473
\mathbf{a},math notation,7,5,-0.1403069352672901,-0.020043847895327156,0.006442031571892888
$64.5$,math notation,1,1,-0.02007509069517255,-0.02007509069517255,0.0
consider,other word,68,68,-1.3677107430412434,-0.020113393280018287,0.0032431261837345205
donates,other word,1,1,-0.02011694572865963,-0.02011694572865963,0.0
emptied,other word,1,1,-0.02013678103685379,-0.02013678103685379,0.0
\[\frac{8}{12},math notation,1,1,-0.020152208395302296,-0.020152208395302296,0.0
\(\mathbf{v}_3,math notation,1,1,-0.020177275990135968,-0.020177275990135968,0.0
1^2,math notation,5,5,-0.10089009103830904,-0.020178018207661807,0.007544600544739203
5^2,math notation,14,13,-0.2827415648207534,-0.020195826058625244,0.005665195382371998
4000,number,1,1,-0.02020612172782421,-0.02020612172782421,0.0
\sqrt{6336},math notation,1,1,-0.02020803978666663,-0.02020803978666663,0.0
inch,other word,11,4,-0.2225109077990055,-0.020228264345364136,0.005751528503034994
f(n)^2,math notation,1,1,-0.02026159013621509,-0.02026159013621509,0.0
purpose,other word,1,1,-0.020347649231553078,-0.020347649231553078,0.0
\frac{42}{34},math notation,1,1,-0.020349146390799433,-0.020349146390799433,0.0
240i,number,5,1,-0.10177207225933671,-0.020354414451867343,0.0020196261828556938
accurately,other word,1,1,-0.02036445215344429,-0.02036445215344429,0.0
1680,number,1,1,-0.020382128655910492,-0.020382128655910492,0.0
"10,000^{100,000}\)",math notation,1,1,-0.02042522467672825,-0.02042522467672825,0.0
alyana's,other word,2,2,-0.04086290777195245,-0.020431453885976225,0.013086157007650614
1/2,math notation,4,3,-0.08189646207029,-0.0204741155175725,0.009844954028114026
\sqrt{16,math notation,2,2,-0.041004195576533675,-0.020502097788266838,0.003711006550736122
r)\),math notation,1,1,-0.020522099919617176,-0.020522099919617176,0.0
\[\frac{8}{12}\],math notation,1,1,-0.02053793298546225,-0.02053793298546225,0.0
210,number,1,1,-0.020551297813653946,-0.020551297813653946,0.0
starts,other word,4,4,-0.08234501746483147,-0.020586254366207868,0.015355852193934351
rewritten,other word,2,2,-0.04126962227746844,-0.02063481113873422,0.0017472952342424204
\(\frac{(10r^3)(4r^6)}{8r^4}\),math notation,1,1,-0.02065340761328116,-0.02065340761328116,0.0
260,number,1,1,-0.020680133253335953,-0.020680133253335953,0.0
discount,other word,8,3,-0.16546445107087493,-0.020683056383859366,0.002791173757003672
e_{\text{shared}}\],math notation,1,1,-0.02068451582454145,-0.02068451582454145,0.0
90^\circ,math notation,3,3,-0.062088039121590555,-0.020696013040530186,0.0054957166526156224
2s,number,1,1,-0.020704232156276703,-0.020704232156276703,0.0
notes,other word,16,4,-0.3316481816582382,-0.020728011353639886,0.004199728522419635
$4,math notation,7,5,-0.14510382479056716,-0.02072911782722388,0.006388873145913766
\(20n\),math notation,1,1,-0.020785875618457794,-0.020785875618457794,0.0
\frac{20,math notation,7,4,-0.14552080995053984,-0.020788687135791406,0.008026858229325478
\frac{2020}{15},math notation,1,1,-0.020867000392172486,-0.020867000392172486,0.0
isolate,other word,7,7,-0.1460982991848141,-0.020871185597830584,0.005816830126575237
\frac{15}{4},math notation,1,1,-0.020953284110873938,-0.020953284110873938,0.0
\boxed{58/3},math notation,1,1,-0.020988320233300328,-0.020988320233300328,0.0
\],math notation,804,525,-16.903293150666286,-0.021023996456052595,0.0012313295071587536
kilo,other word,4,3,-0.08412401052191854,-0.021031002630479634,0.003720443290774012
\(\frac{4,math notation,1,1,-0.021042222273536026,-0.021042222273536026,0.0
\frac{8}{11},math notation,3,1,-0.06312789910589345,-0.021042633035297815,0.006095209584429749
0.0056,number,1,1,-0.021092877723276615,-0.021092877723276615,0.0
c^3,math notation,3,2,-0.06328812660649419,-0.02109604220216473,0.01575212899910382
\frac{4}{6},math notation,1,1,-0.02111873441026546,-0.02111873441026546,0.0
factorizations,other word,1,1,-0.021121340105310082,-0.021121340105310082,0.0
944,number,5,3,-0.10574170257314108,-0.021148340514628217,0.016565874247852712
\$12,math notation,2,2,-0.04238742217421532,-0.02119371108710766,0.00015932957535035505
3)(b,math notation,1,1,-0.021194465924054384,-0.021194465924054384,0.0
1500,number,2,2,-0.04245484992861748,-0.02122742496430874,0.0030847396963134778
8092,number,1,1,-0.02125243772752583,-0.02125243772752583,0.0
\(a_2a_4\),math notation,1,1,-0.02129253651946783,-0.02129253651946783,0.0
wolves,other word,13,6,-0.2768054623156786,-0.021292727870436814,0.0046484835959970374
\sqrt{s(s,math notation,1,1,-0.021312764147296548,-0.021312764147296548,0.0
\frac{2}{5},math notation,9,4,-0.19184578373096883,-0.02131619819232987,0.01036467657496024
cosine,other word,4,3,-0.08528866060078144,-0.02132216515019536,0.005538480426340425
\frac{b}{97},math notation,3,3,-0.06404846065561287,-0.02134948688520429,0.006897256452814675
\cdots),math notation,3,1,-0.06406045705080032,-0.02135348568360011,0.0037953760332221837
2(15,math notation,1,1,-0.021420632489025593,-0.021420632489025593,0.0
she'll,other word,4,3,-0.08573436248116195,-0.021433590620290488,0.01156445027802133
\sqrt{100}}{2}\],math notation,1,1,-0.021442217053845525,-0.021442217053845525,0.0
3-\sqrt{5},math notation,1,1,-0.021462377510033548,-0.021462377510033548,0.0
\frac{25}{9},math notation,4,3,-0.08585413344553672,-0.02146353336138418,0.004432513518344597
\frac{24}{5},math notation,2,2,-0.04292984789935872,-0.02146492394967936,0.0037546088443482007
3)(c,math notation,1,1,-0.021483020158484578,-0.021483020158484578,0.0
|r-s|,math notation,7,2,-0.15040222159586847,-0.021486031656552638,0.00570830058885149
\(25,math notation,1,1,-0.021520119160413742,-0.021520119160413742,0.0
\frac{6}{4},math notation,2,2,-0.0430997415096499,-0.02154987075482495,0.009424033330822864
5.6,number,1,1,-0.021557381376624107,-0.021557381376624107,0.0
1^3,math notation,1,1,-0.021583233028650284,-0.021583233028650284,0.0
b^2\),math notation,5,5,-0.10796432755887508,-0.021592865511775017,0.011626955390147069
2a,number,16,11,-0.3456287761218846,-0.021601798507617787,0.006540256732114926
slope,other word,7,5,-0.15124566527083516,-0.021606523610119308,0.004710181094577873
\((b,math notation,1,1,-0.021611425327137113,-0.021611425327137113,0.0
hourly,other word,1,1,-0.02163364365696907,-0.02163364365696907,0.0
\(\log_2,math notation,2,2,-0.04340491211041808,-0.02170245605520904,0.003531371496344688
deposit,other word,3,2,-0.06515777204185724,-0.021719257347285748,0.008465361406952462
9a,number,1,1,-0.021727295592427254,-0.021727295592427254,0.0
\frac{50}{4},math notation,1,1,-0.02173969041905366,-0.02173969041905366,0.0
\frac{78}{7}},math notation,1,1,-0.02174754871521145,-0.02174754871521145,0.0
32}{6,math notation,2,1,-0.0435323033016175,-0.02176615165080875,0.0013149720423264724
rabbits,other word,5,3,-0.10897643864154816,-0.02179528772830963,0.015431534839795072
4*1*75}}{2*1}\],math notation,1,1,-0.02182348893256858,-0.02182348893256858,0.0
4x4,number,1,1,-0.02184012276120484,-0.02184012276120484,0.0
2^{16,math notation,1,1,-0.021852707024663687,-0.021852707024663687,0.0
-6,number,5,4,-0.10931614798028022,-0.021863229596056043,0.016500749642500562
\frac{34}{18},math notation,1,1,-0.02188283228315413,-0.02188283228315413,0.0
leg,other word,1,1,-0.02192533388733864,-0.02192533388733864,0.0
1/9,math notation,2,1,-0.04388923919759691,-0.021944619598798454,0.003844499284768664
$(751-745,math notation,1,1,-0.021950358990579844,-0.021950358990579844,0.0
\frac{1}{6},math notation,7,4,-0.15379893298086245,-0.021971276140123206,0.007186414959331575
89^\circ,math notation,1,1,-0.021988819586113095,-0.021988819586113095,0.0
magazine,other word,3,2,-0.06600870657712221,-0.02200290219237407,0.01187514359629397
2)(b,math notation,1,1,-0.022050329484045506,-0.022050329484045506,0.0
-\frac{1}{3},math notation,2,2,-0.04410607778117992,-0.02205303889058996,0.015854453051334604
3750,number,2,2,-0.04414891527267173,-0.022074457636335865,0.026950902111522693
aurelia,other word,3,2,-0.06625070190057158,-0.022083567300190527,0.029034195876953203
56,number,11,11,-0.24300304846838117,-0.022091186224398287,0.009176350613802734
dividing,other word,15,15,-0.33193308115005493,-0.022128872076670327,0.005885781456719447
\[24,math notation,1,1,-0.022164832800626755,-0.022164832800626755,0.0
49,number,10,10,-0.22182275168597698,-0.0221822751685977,0.004511186309064927
f(6,math notation,1,1,-0.02220490132458508,-0.02220490132458508,0.0
indicating,other word,1,1,-0.022220907732844353,-0.022220907732844353,0.0
neither,negation,5,5,-0.11114300973713398,-0.022228601947426797,0.01700956616545063
\frac{b}{2},math notation,1,1,-0.02226927364245057,-0.02226927364245057,0.0
2)(c,math notation,1,1,-0.022275490686297417,-0.022275490686297417,0.0
\frac{25}{36}\],math notation,1,1,-0.022281009005382657,-0.022281009005382657,0.0
\frac{20}{9},math notation,4,3,-0.0891720456420444,-0.0222930114105111,0.001380591203687119
f(x,math notation,2,2,-0.044690066715702415,-0.022345033357851207,0.000645299613883975
85,number,7,6,-0.1564152667997405,-0.022345038114248643,0.012962655899656379
$120,math notation,2,1,-0.04470806336030364,-0.02235403168015182,0.001920787797053713
v^2,math notation,11,10,-0.24593661027029157,-0.022357873660935598,0.005045046812692569
4)(c,math notation,1,1,-0.022363858297467232,-0.022363858297467232,0.0
\(\frac{1}{6}\),math notation,2,2,-0.044828466430772096,-0.022414233215386048,0.015973303778804963
785,number,2,2,-0.044829571386799216,-0.022414785693399608,0.0056906402386618935
out,other word,40,35,-0.8971067760139704,-0.022427669400349258,0.002831746539443554
f^{-1,math notation,1,1,-0.022443217458203435,-0.022443217458203435,0.0
3b,number,4,4,-0.08988054579822347,-0.022470136449555866,0.008567589506785227
weighed,other word,5,2,-0.1123551744967699,-0.02247103489935398,0.009870940412223741
2^2,math notation,15,13,-0.33715900173410773,-0.02247726678227385,0.006620649218589864
\text{total,math notation,21,14,-0.47210358059965074,-0.022481122885697653,0.003645244066442561
u4,number,3,3,-0.06745730293914676,-0.022485767646382254,0.0128360900500643
32}{2,math notation,1,1,-0.022491708397865295,-0.022491708397865295,0.0
\log_{2,math notation,1,1,-0.022501290775835514,-0.022501290775835514,0.0
5-dollar,number,4,2,-0.09023065876681358,-0.022557664691703394,0.0044004903571176176
4800,number,12,10,-0.2708227087277919,-0.022568559060649324,0.006517948800340168
\frac{126}{7},math notation,2,2,-0.045147089287638664,-0.022573544643819332,0.0018316144910229242
\frac{24}{37},math notation,3,2,-0.06775138404918835,-0.02258379468306278,0.007163400767967689
"10,000^{100,000",math notation,8,4,-0.18086306216719095,-0.02260788277089887,0.008441578488162047
\(\sqrt[3]{r_2}\),math notation,1,1,-0.022608133003814146,-0.022608133003814146,0.0
75%,number,1,1,-0.02263425732962787,-0.02263425732962787,0.0
\(p_3,math notation,3,3,-0.0679587465710938,-0.02265291552369793,0.020364238876677765
12^3,math notation,1,1,-0.022655421984381974,-0.022655421984381974,0.0
uncle,other word,2,2,-0.04538111784495413,-0.022690558922477067,0.015425213051617686
g_t,math notation,3,3,-0.06813447386957705,-0.022711491289859016,0.00790375503475652
\[m,math notation,2,2,-0.045450429199263453,-0.022725214599631727,0.014336867330230395
duration,other word,2,2,-0.04550835955888033,-0.022754179779440165,0.01708568800051538
profit,other word,3,2,-0.06842994503676891,-0.02280998167892297,0.020521038897148815
21\],math notation,1,1,-0.02281895838677883,-0.02281895838677883,0.0
horses,other word,5,2,-0.11412154510617256,-0.02282430902123451,0.025883037193872842
\frac{2}{4},math notation,3,2,-0.0685826809858554,-0.022860893661951803,0.002840964520674216
puzzle,other word,1,1,-0.022931143641471863,-0.022931143641471863,0.0
$y$-coordinate,math notation,3,2,-0.06879586615832523,-0.02293195538610841,0.009976730512035067
\frac{4}{10},math notation,1,1,-0.022957353969104588,-0.022957353969104588,0.0
gain,other word,1,1,-0.02297075465321541,-0.02297075465321541,0.0
task,other word,5,5,-0.1149083785712719,-0.022981675714254378,0.0025827069104264835
336,number,6,6,-0.13816995255183429,-0.023028325425305713,0.010435700879547146
\text{andrea's,math notation,6,3,-0.1382117320317775,-0.023035288671962917,0.0021909398402403996
\frac{ae}{ec},math notation,1,1,-0.023050871212035418,-0.023050871212035418,0.0
\frac{1}{2}a^2,math notation,2,1,-0.046138096891809255,-0.023069048445904627,0.0038094373667673844
550,number,1,1,-0.02310798317193985,-0.02310798317193985,0.0
-\frac{1}{\sin^2,math notation,1,1,-0.023116378986742347,-0.023116378986742347,0.0
\frac{9}{2},math notation,2,2,-0.04627098751370795,-0.023135493756853975,0.004784937710370678
\sqrt{(-20)^2,math notation,1,1,-0.023152084788307548,-0.023152084788307548,0.0
oats,other word,4,3,-0.0926487019751221,-0.023162175493780524,0.018076710701990736
3/4)x,math notation,4,3,-0.09271285682916641,-0.023178214207291603,0.004102594286083744
bags,other word,19,8,-0.44096436304971576,-0.023208650686827145,0.007454910448532253
book,other word,4,3,-0.09287631779443473,-0.02321907944860868,0.016276565228208837
hundreds,other word,8,6,-0.1858650422655046,-0.023233130283188075,0.010406082557231673
$800,math notation,2,2,-0.04652105551213026,-0.02326052775606513,0.016053551851698572
\frac{n-3}{n-1},math notation,1,1,-0.023263545299414545,-0.023263545299414545,0.0
-a,other word,1,1,-0.023266796488314867,-0.023266796488314867,0.0
\rceil,math notation,1,1,-0.023267613723874092,-0.023267613723874092,0.0
semiperimeter,other word,1,1,-0.023274415754713118,-0.023274415754713118,0.0
|h|,math notation,2,2,-0.0465577517170459,-0.02327887585852295,0.01077011832900849
\log_{5}(1),math notation,1,1,-0.02328008064068854,-0.02328008064068854,0.0
add,other word,39,38,-0.9079399324255064,-0.023280511087833498,0.003042652189902953
3^1,math notation,3,3,-0.06984861480304971,-0.02328287160101657,0.0074298981243482
\sqrt{26},math notation,1,1,-0.023291781079024076,-0.023291781079024076,0.0
bill,other word,4,4,-0.09322843607515097,-0.02330710901878774,0.0041798562304765545
$t=9$,math notation,1,1,-0.0233293273486197,-0.0233293273486197,0.0
recheck,hedging / contrast,1,1,-0.02333971718326211,-0.02333971718326211,0.0
61,number,3,3,-0.07011554064229131,-0.02337184688076377,0.011480413990116133
\(n\)-th,math notation,2,2,-0.04675190441776067,-0.023375952208880335,0.028840673511805724
\(a^2,math notation,4,4,-0.09363090811530128,-0.02340772702882532,0.0064770321110074235
desktop,other word,11,4,-0.257507320959121,-0.02340975645082918,0.0037706851794080108
consumption,other word,5,3,-0.11715457122772932,-0.023430914245545865,0.0029611905251632127
\left(\frac{3}{2},math notation,1,1,-0.023432829591911286,-0.023432829591911286,0.0
y_2)$,math notation,1,1,-0.02343427640153095,-0.02343427640153095,0.0
155,number,1,1,-0.0234362855553627,-0.0234362855553627,0.0
\[16,math notation,6,6,-0.14066459838068113,-0.02344409973011352,0.0046260729481062855
test,other word,14,14,-0.32900169026106596,-0.023500120732933283,0.0025456348129431748
38%,number,2,1,-0.04705214034765959,-0.023526070173829794,0.006676101304612855
\frac{5}{16},math notation,2,2,-0.04706937063019723,-0.023534685315098614,0.01076473419258832
megabits,other word,1,1,-0.023535509128123522,-0.023535509128123522,0.0
\mathbf{b}\),math notation,1,1,-0.023540813010185957,-0.023540813010185957,0.0
300}}{2}\],math notation,1,1,-0.023561595589853823,-0.023561595589853823,0.0
\(e_{\text{shared}}\),math notation,1,1,-0.023669756366871297,-0.023669756366871297,0.0
5%,number,1,1,-0.023704894818365574,-0.023704894818365574,0.0
10^2,math notation,1,1,-0.02370645245537162,-0.02370645245537162,0.0
2500,number,3,3,-0.07112614065408707,-0.023708713551362354,0.008111615592971423
apply,other word,9,9,-0.21338688349351287,-0.02370965372150143,0.005554491517466458
\(5\),math notation,5,4,-0.11876827961532399,-0.023753655923064797,0.028470785500065033
worth,other word,5,4,-0.11877519451081753,-0.023755038902163506,0.003971820540929556
$4.80,math notation,2,1,-0.047511312121059746,-0.023755656060529873,0.005530015244525791
1)\],math notation,1,1,-0.023765000863932073,-0.023765000863932073,0.0
\frac{104}{102},math notation,1,1,-0.023808799334801733,-0.023808799334801733,0.0
\frac{1}{9}$,math notation,1,1,-0.023809910868294537,-0.023809910868294537,0.0
plugging,other word,5,5,-0.11928084125975147,-0.023856168251950294,0.006817663689663443
cd,other word,11,8,-0.2624608603073284,-0.023860078209757128,0.00902103600582433
\frac{18}{2},math notation,1,1,-0.023917639395222068,-0.023917639395222068,0.0
5)\),math notation,3,3,-0.07177357352338731,-0.02392452450779577,0.004043887604166138
\frac{6-3}{6-1},math notation,1,1,-0.023955668148119003,-0.023955668148119003,0.0
x_1}\],math notation,1,1,-0.023958068224601448,-0.023958068224601448,0.0
$2,math notation,2,2,-0.047918290831148624,-0.023959145415574312,0.00490578878736355
dogs,other word,6,4,-0.14377172477543354,-0.023961954129238922,0.018516473686947935
senior,other word,3,2,-0.071937445551157,-0.023979148517052334,0.02483207235322685
plan,other word,1,1,-0.023985102772712708,-0.023985102772712708,0.0
144a^2,math notation,1,1,-0.023997938260436058,-0.023997938260436058,0.0
\frac{1}{2}},math notation,1,1,-0.024044060613960028,-0.024044060613960028,0.0
extends,other word,1,1,-0.024066045880317688,-0.024066045880317688,0.0
32,number,13,13,-0.3129135350463912,-0.024070271926645476,0.007299329178135695
\left(\frac{1}{2}\right)^5,math notation,1,1,-0.024075333552900702,-0.024075333552900702,0.0
1\right\}$,math notation,1,1,-0.024102254305034876,-0.024102254305034876,0.0
11}{12,math notation,2,1,-0.04822291119489819,-0.024111455597449094,0.0047450505441515856
9-12,number,1,1,-0.024113726569339633,-0.024113726569339633,0.0
kangaroos,other word,2,1,-0.048242323100566864,-0.024121161550283432,0.004416507010817344
4p_2,math notation,7,6,-0.1690536747337319,-0.0241505249619617,0.006573632372171257
18\),math notation,5,5,-0.12085040312376805,-0.02417008062475361,0.02155536761544132
2^{-n,math notation,1,1,-0.02417675725882873,-0.02417675725882873,0.0
\frac{48}{2},math notation,1,1,-0.024254378164187074,-0.024254378164187074,0.0
\left(\frac{1}{2}\right)^{4-1},math notation,1,1,-0.02425957767991349,-0.02425957767991349,0.0
3^4,math notation,2,2,-0.048565367702394724,-0.024282683851197362,0.0007244689291349457
$\frac{1}{b}$,math notation,1,1,-0.024310105538461357,-0.024310105538461357,0.0
6-8,number,1,1,-0.024367911624722183,-0.024367911624722183,0.0
recall,other word,3,3,-0.07312705554068089,-0.024375685180226963,0.005610173514399768
t(5,math notation,4,3,-0.09751079743728042,-0.024377699359320104,0.006879659875463308
ar^2,math notation,1,1,-0.02438168413937092,-0.02438168413937092,0.0
\(x^{2}\),math notation,3,1,-0.07321784616215155,-0.02440594872071718,0.006437945367337412
343,number,4,4,-0.0976796206086874,-0.02441990515217185,0.0017005553215569994
satisfies,other word,19,18,-0.46435145975556225,-0.024439550513450644,0.006046277826127949
\frac{56}{51},math notation,1,1,-0.024496586178429425,-0.024496586178429425,0.0
6)^2,math notation,1,1,-0.024517595069482923,-0.024517595069482923,0.0
100(x^2,math notation,1,1,-0.024520937469787896,-0.024520937469787896,0.0
58,number,3,3,-0.07356374664232135,-0.024521248880773783,0.015422679197545716
cardinality,other word,1,1,-0.024607925675809383,-0.024607925675809383,0.0
\$500,math notation,1,1,-0.024643888464197516,-0.024643888464197516,0.0
earlier,other word,4,4,-0.09865469997748733,-0.02466367499437183,0.017139821856816895
3-4)^2,math notation,2,2,-0.04935159906744957,-0.024675799533724785,0.004758666322285417
2(3+4,math notation,2,2,-0.04935163538902998,-0.02467581769451499,0.01123168139098726
\frac{10}{5},math notation,1,1,-0.024689099460374564,-0.024689099460374564,0.0
\left(\frac{1}{2},math notation,1,1,-0.024709780409466475,-0.024709780409466475,0.0
simplified,other word,8,8,-0.19768059998750687,-0.02471007499843836,0.0060331358111193716
doxa's,other word,1,1,-0.024757646257057786,-0.024757646257057786,0.0
\frac{1233,math notation,1,1,-0.02477415488101542,-0.02477415488101542,0.0
y^2,math notation,2,2,-0.04957908787764609,-0.024789543938823044,0.012573143880055709
step,other word,105,66,-2.6061704219318926,-0.024820670685065643,0.0032763318590489743
settings,other word,1,1,-0.024827580899000168,-0.024827580899000168,0.0
take,other word,30,20,-0.7448521112091839,-0.0248284037069728,0.0073486940981451095
\sqrt{100}}{2},math notation,1,1,-0.024924546713009477,-0.024924546713009477,0.0
similarly,other word,8,8,-0.2003624373464845,-0.025045304668310564,0.015154709111955435
shift,other word,1,1,-0.025057872757315636,-0.025057872757315636,0.0
kilobits,other word,1,1,-0.02512398734688759,-0.02512398734688759,0.0
"-$400,000",math notation,1,1,-0.025143832492176443,-0.025143832492176443,0.0
\frac{56}{6},math notation,1,1,-0.02515048600616865,-0.02515048600616865,0.0
-\frac{67}{20},math notation,1,1,-0.02515080780722201,-0.02515080780722201,0.0
simplifies,other word,25,22,-0.6288397977477871,-0.025153591909911482,0.0069981230277447425
-3969,number,1,1,-0.02515802439302206,-0.02515802439302206,0.0
2^3,math notation,13,11,-0.32705483748577535,-0.02515806442198272,0.007812193449242637
denominators,other word,1,1,-0.025172808207571507,-0.025172808207571507,0.0
\frac{80}{20},math notation,1,1,-0.02527515811379999,-0.02527515811379999,0.0
0}{2}\right),math notation,1,1,-0.025289656943641603,-0.025289656943641603,0.0
\left(\frac{1}{2}\right)^3,math notation,1,1,-0.02535198483383283,-0.02535198483383283,0.0
miles,other word,15,6,-0.3809646675363183,-0.02539764450242122,0.007659450761092673
sean,other word,3,3,-0.07623784861061722,-0.025412616203539073,0.021894807658911226
plug,other word,3,3,-0.07625261694192886,-0.025417538980642956,0.006867664474855328
\(\lceil,math notation,2,1,-0.050851450534537435,-0.025425725267268717,0.009576291393507954
clear,other word,3,3,-0.07627911027520895,-0.025426370091736317,0.013499133143607147
45,number,8,8,-0.20350868813693523,-0.025438586017116904,0.0036884391526829726
interpret,other word,1,1,-0.025439554825425148,-0.025439554825425148,0.0
\[10,math notation,1,1,-0.025441871024668217,-0.025441871024668217,0.0
cup/day,math notation,1,1,-0.02548920176923275,-0.02548920176923275,0.0
-\frac{12}{37},math notation,2,1,-0.05103224382037297,-0.025516121910186484,0.0024771790250147623
-4)^2,math notation,1,1,-0.0255375646520406,-0.0255375646520406,0.0
1000x,number,2,2,-0.05111272819340229,-0.025556364096701145,0.002781462828230228
262,number,1,1,-0.02561352215707302,-0.02561352215707302,0.0
$2t$,math notation,1,1,-0.02564022596925497,-0.02564022596925497,0.0
months/harvest,math notation,1,1,-0.02570431074127555,-0.02570431074127555,0.0
73,number,2,2,-0.051418537739664316,-0.025709268869832158,0.01357365779173401
\frac{1}{10}},math notation,1,1,-0.02579194592544809,-0.02579194592544809,0.0
2x^2,math notation,2,2,-0.051589715061709285,-0.025794857530854642,0.015862244754447655
640,number,2,2,-0.05160417500883341,-0.025802087504416704,0.014732406860108467
k^{2,math notation,1,1,-0.025862389476969838,-0.025862389476969838,0.0
deck,other word,2,2,-0.051753745414316654,-0.025876872707158327,0.005539362604692581
$3,math notation,2,2,-0.051800837740302086,-0.025900418870151043,0.0002695343645832312
0.3)^3,math notation,2,1,-0.051927006628829986,-0.025963503314414993,0.008183322306893264
62%,number,1,1,-0.02597777033224702,-0.02597777033224702,0.0
$10^{4}$,math notation,1,1,-0.025995515985414386,-0.025995515985414386,0.0
0.2x,number,1,1,-0.026024067774415016,-0.026024067774415016,0.0
r^2\),math notation,1,1,-0.02608757617417723,-0.02608757617417723,0.0
net,other word,1,1,-0.026144880801439285,-0.026144880801439285,0.0
\$4,math notation,2,2,-0.05233462480828166,-0.02616731240414083,0.002862829130277901
\frac{6}{3},math notation,2,2,-0.05243116931524128,-0.02621558465762064,0.01987975565874162
afford,other word,1,1,-0.026218554005026817,-0.026218554005026817,0.0
90,number,8,7,-0.20991865429095924,-0.026239831786369905,0.009399132612001107
\frac{25}{12},math notation,1,1,-0.026267869514413178,-0.026267869514413178,0.0
256,number,2,2,-0.05268285283818841,-0.026341426419094205,0.015789424302162004
denote,other word,24,24,-0.6337722963071428,-0.026407179012797617,0.004547367181008159
\frac{5\pi}{3},math notation,1,1,-0.026414513355121017,-0.026414513355121017,0.0
35,number,11,8,-0.2906333655118942,-0.02642121504653584,0.006146632623088533
e[x_n,math notation,1,1,-0.026450792094692588,-0.026450792094692588,0.0
0^3,math notation,1,1,-0.02651357837021351,-0.02651357837021351,0.0
\frac{81}{2},math notation,1,1,-0.026528136688284576,-0.026528136688284576,0.0
$\triangle,math notation,3,2,-0.07961372222052887,-0.026537907406842958,0.024592719036803573
\frac{25}{16},math notation,2,1,-0.053088989487150684,-0.026544494743575342,0.0023742731829668345
471,number,6,4,-0.15926854242570698,-0.026544757070951164,0.012110173206959394
3/5,math notation,1,1,-0.026558314450085163,-0.026558314450085163,0.0
$de$,math notation,9,3,-0.23925822868477553,-0.026584247631641727,0.015118210035846963
425,number,2,2,-0.05318257678300142,-0.02659128839150071,0.010252883066777749
\[x^2,math notation,1,1,-0.02659222239162773,-0.02659222239162773,0.0
water,other word,8,5,-0.21286856569349766,-0.026608570711687207,0.004878046754857495
24}}{4}\],math notation,1,1,-0.02661199599970132,-0.02661199599970132,0.0
\frac{1}{5},math notation,1,1,-0.026622056146152318,-0.026622056146152318,0.0
leaves,other word,1,1,-0.02665717341005802,-0.02665717341005802,0.0
you,other word,5,4,-0.13333965465426445,-0.02666793093085289,0.006738038814740358
calculated,other word,9,9,-0.24007670092396438,-0.026675188991551597,0.0044222010577987785
$y=12$,math notation,1,1,-0.02669184608384967,-0.02669184608384967,0.0
edwah,other word,4,2,-0.10729086404899135,-0.026822716012247838,0.009672569266862248
\$92,math notation,1,1,-0.02682892046868801,-0.02682892046868801,0.0
999,number,2,2,-0.05378363328054547,-0.026891816640272737,0.02288833060796275
decimal,other word,5,4,-0.13449444412253797,-0.026898888824507593,0.011832121956988883
\(20\),math notation,3,3,-0.08086778258439153,-0.026955927528130513,0.020569063114791956
\frac{4}{7},math notation,2,1,-0.053916655509965494,-0.026958327754982747,0.006308705157902049
gives,other word,43,40,-1.1606479778129142,-0.026991813437509633,0.0055720574322234645
\(343,math notation,1,1,-0.027008766308426857,-0.027008766308426857,0.0
\(kassidy's,math notation,1,1,-0.02705748868174851,-0.02705748868174851,0.0
x-1,number,1,1,-0.027069952338933945,-0.027069952338933945,0.0
\(0\),math notation,3,3,-0.08123385661747307,-0.027077952205824356,0.013906058209783927
sends,other word,2,2,-0.05416953191161156,-0.02708476595580578,0.005374588512622479
final,other word,39,32,-1.058632559608668,-0.027144424605350465,0.005023276281769205
3/8ths,math notation,1,1,-0.02715499186888337,-0.02715499186888337,0.0
\frac{56}{11},math notation,1,1,-0.0271575819933787,-0.0271575819933787,0.0
factoring,other word,1,1,-0.027319847606122494,-0.027319847606122494,0.0
cm}\],math notation,1,1,-0.0273373918607831,-0.0273373918607831,0.0
\text{speed},math notation,1,1,-0.02733969350811094,-0.02733969350811094,0.0
divide,other word,37,37,-1.0116419603582472,-0.02734167460427695,0.0037645370697193107
\(100,math notation,2,2,-0.05476061534136534,-0.02738030767068267,0.02431990017801527
\(300\),math notation,2,2,-0.05479094060137868,-0.02739547030068934,0.0016968370601324035
\(b^2,math notation,1,1,-0.02739749103784561,-0.02739749103784561,0.0
\binom{4}{4},math notation,1,1,-0.027414490468800068,-0.027414490468800068,0.0
\(3,math notation,10,10,-0.2752248641336337,-0.027522486413363367,0.0140147451841442
$1000,math notation,2,1,-0.055045582354068756,-0.027522791177034378,0.003948119205148158
"$30,000",math notation,4,2,-0.11018478940241039,-0.027546197350602597,0.015209909676968435
x^2,math notation,18,11,-0.49663922475883737,-0.02759106804215763,0.0094868490672937
down,other word,59,59,-1.6280683493241668,-0.02759437880210452,0.003952589072870293
\frac{42}{9},math notation,1,1,-0.027615082333795726,-0.027615082333795726,0.0
\frac{10^n,math notation,1,1,-0.027619812171906233,-0.027619812171906233,0.0
11^5\),math notation,2,2,-0.055277285049669445,-0.027638642524834722,0.044287464926680356
10^{2,math notation,1,1,-0.02775900042615831,-0.02775900042615831,0.0
15\],math notation,1,1,-0.027789430925622582,-0.027789430925622582,0.0
\frac{1}{r^2},math notation,3,2,-0.08338728873059154,-0.02779576291019718,0.0010284393130172555
27,number,6,6,-0.16727784799877554,-0.027879641333129257,0.011067861845146791
\(90^\circ\),math notation,1,1,-0.02789511624723673,-0.02789511624723673,0.0
e[x,math notation,2,2,-0.055812175502069294,-0.027906087751034647,0.00288888390866882
500$,math notation,1,1,-0.027923141606152058,-0.027923141606152058,0.0
\(6\),math notation,1,1,-0.02793607162311673,-0.02793607162311673,0.0
\frac{1}{6}\right),math notation,1,1,-0.027960275183431804,-0.027960275183431804,0.0
10\sqrt{3}),math notation,1,1,-0.02797640993958339,-0.02797640993958339,0.0
charity,other word,2,1,-0.05598687147721648,-0.02799343573860824,0.002392356372696442
socially,other word,1,1,-0.027994077652692795,-0.027994077652692795,0.0
\$250\],math notation,1,1,-0.027998402249068022,-0.027998402249068022,0.0
\frac{14}{2}(105,math notation,1,1,-0.028008991153910756,-0.028008991153910756,0.0
\(b^c,math notation,1,1,-0.028030031360685825,-0.028030031360685825,0.0
\frac{\text{initial,math notation,1,1,-0.028039267286658287,-0.028039267286658287,0.0
slice,other word,7,7,-0.19638516381382942,-0.02805502340197563,0.0033451013616730974
7-2,number,1,1,-0.02810814417898655,-0.02810814417898655,0.0
edwahs,other word,5,4,-0.14076938177458942,-0.028153876354917885,0.01825909689543594
0$,math notation,1,1,-0.0281729893758893,-0.0281729893758893,0.0
multiples,other word,11,10,-0.31024142500245944,-0.028203765909314494,0.007261774063590525
\(\frac{2x}{3},math notation,1,1,-0.028214338002726436,-0.028214338002726436,0.0
heptagon,other word,3,2,-0.08489845879375935,-0.02829948626458645,0.005002857741274354
rent,other word,4,2,-0.11321293748915195,-0.02830323437228799,0.004752609126051212
billy,other word,4,2,-0.11322523350827396,-0.02830630837706849,0.019791766211372765
\frac{-48}{6},math notation,1,1,-0.028313941875239834,-0.028313941875239834,0.0
20t,number,1,1,-0.028314319904893637,-0.028314319904893637,0.0
\(2^{x^2}\),math notation,1,1,-0.028320537181571126,-0.028320537181571126,0.0
compare,other word,5,5,-0.14162870217114687,-0.028325740434229373,0.014444111084411574
bakes,other word,1,1,-0.02833889191970229,-0.02833889191970229,0.0
dozen,other word,5,2,-0.14190227631479502,-0.028380455262959004,0.001535150965270573
lemons,other word,8,4,-0.22709690360352397,-0.028387112950440496,0.008000628897352039
\frac{-2,math notation,7,3,-0.1988924560137093,-0.028413208001958474,0.009743386072848033
\(50\%,math notation,1,1,-0.028426419594325125,-0.028426419594325125,0.0
represented,other word,2,2,-0.056882934644818306,-0.028441467322409153,0.0032404176423670686
\text{area,math notation,2,2,-0.056900431867688894,-0.028450215933844447,0.024512503867084343
$0.50,math notation,2,1,-0.05692766862921417,-0.028463834314607084,0.0002261334003749326
pounds/meal,math notation,1,1,-0.028476215433329344,-0.028476215433329344,0.0
\frac{120,math notation,1,1,-0.02848692162660882,-0.02848692162660882,0.0
\(\cos^2,math notation,2,2,-0.05697744491044432,-0.02848872245522216,0.019108491544686163
$\frac{751-493}{4},math notation,1,1,-0.028497709659859538,-0.028497709659859538,0.0
\frac{y_2,math notation,2,2,-0.057003924157470465,-0.028501962078735232,0.0032345949564636166
dishwasher,other word,4,2,-0.11416642286349088,-0.02854160571587272,0.0057163466172153975
\frac{ab}{2},math notation,2,2,-0.05728395588812418,-0.02864197794406209,0.013535683223981748
\(22(n,math notation,1,1,-0.028666438767686486,-0.028666438767686486,0.0
generality,other word,1,1,-0.02867409633472562,-0.02867409633472562,0.0
-3x,number,2,2,-0.05736422631889582,-0.02868211315944791,0.012400825419784094
\left(\frac{9}{4}\right)^2,math notation,1,1,-0.02869402151554823,-0.02869402151554823,0.0
2)(x,math notation,1,1,-0.028790983371436596,-0.028790983371436596,0.0
now,other word,118,118,-3.3982883683638647,-0.028799053969185293,0.004103248353980374
dimensions,other word,3,3,-0.08657245710492134,-0.028857485701640446,0.004990663547396059
\(\frac{1}{2},math notation,4,4,-0.1154844454722479,-0.028871111368061975,0.015788164630741914
"f(2,1",math notation,4,2,-0.11556786810979247,-0.028891967027448118,0.0019329247712782404
\frac{ac}{ae},math notation,1,1,-0.028925825492478907,-0.028925825492478907,0.0
\(b,math notation,31,29,-0.8967995078419335,-0.028929016381997855,0.0043050852120652605
\frac{1}{4},math notation,16,13,-0.46313055578502826,-0.028945659736564266,0.008049385532297993
quitting,other word,1,1,-0.028960950672626495,-0.028960950672626495,0.0
potting,other word,5,5,-0.14490033709444106,-0.02898006741888821,0.015771692863511096
-3p_3,math notation,1,1,-0.029004626907408237,-0.029004626907408237,0.0
\frac{80}{1,math notation,1,1,-0.0290340397041291,-0.0290340397041291,0.0
kassidy,other word,5,3,-0.1452046048361808,-0.02904092096723616,0.016396192583840685
2^{61,math notation,3,3,-0.08723750815261155,-0.02907916938420385,0.006429088414247723
"$40,000/year",math notation,1,1,-0.029114208358805627,-0.029114208358805627,0.0
\frac{\text{number,math notation,3,3,-0.08738686155993491,-0.02912895385331164,0.005129101517800246
$1^2,math notation,1,1,-0.02917752880603075,-0.02917752880603075,0.0
mint,other word,6,4,-0.17511051706969738,-0.029185086178282898,0.014421135821368825
\(4\),math notation,4,4,-0.11675941298017278,-0.029189853245043196,0.029837372422697413
490,number,4,4,-0.11680116876959801,-0.029200292192399502,0.01028344943904414
factorize,other word,2,2,-0.058463257271796465,-0.029231628635898232,0.009240426368129115
\frac{11}{36}\],math notation,1,1,-0.02925455424701795,-0.02925455424701795,0.0
$400,math notation,5,2,-0.14631387530243956,-0.02926277506048791,0.02672838498775184
pounds/week,math notation,2,2,-0.05859107512515038,-0.02929553756257519,0.002222477449395616
meals,other word,4,2,-0.11730573093518615,-0.029326432733796537,0.00524046478482987
\(8,math notation,3,3,-0.08808875898830593,-0.029362919662768643,0.014741662221522034
braylen,other word,2,2,-0.058752717450261116,-0.029376358725130558,0.018688640321411733
\(\frac{5}{12}\),math notation,1,1,-0.029387860209681094,-0.029387860209681094,0.0
shoes,other word,6,4,-0.17641471419483423,-0.029402452365805704,0.016396718872339244
b)^2,math notation,1,1,-0.0294339288957417,-0.0294339288957417,0.0
n_a(24,math notation,1,1,-0.029486115206964314,-0.029486115206964314,0.0
\frac{2}{4}(0),math notation,1,1,-0.029492105706594884,-0.029492105706594884,0.0
\frac{5}{3},math notation,1,1,-0.02954176696948707,-0.02954176696948707,0.0
10^3)^2,math notation,1,1,-0.029544122458901256,-0.029544122458901256,0.0
$5,math notation,5,4,-0.14781487733125687,-0.029562975466251373,0.01082842460946301
n\),math notation,1,1,-0.029569126665592194,-0.029569126665592194,0.0
alani,other word,2,2,-0.05918874125927687,-0.029594370629638433,0.013108490762617244
1600,number,2,2,-0.05920062214136124,-0.02960031107068062,0.025552056379513924
÷,math notation,5,5,-0.1482387287542224,-0.02964774575084448,0.009721861277373962
sills,other word,1,1,-0.029666434973478317,-0.029666434973478317,0.0
\frac{5-3}{5-1},math notation,1,1,-0.029666454414837062,-0.029666454414837062,0.0
trinomial,other word,2,2,-0.059369942639023066,-0.029684971319511533,0.030112218124666492
$b_i$,math notation,1,1,-0.0297072920948267,-0.0297072920948267,0.0
cups/day,math notation,2,2,-0.05942428624257445,-0.029712143121287227,0.003346574193873244
a_0)(x^m,math notation,1,1,-0.029712658375501633,-0.029712658375501633,0.0
\(r\),math notation,7,6,-0.20821897429414093,-0.02974556775630585,0.023796534090806322
b_{501})\),math notation,3,3,-0.08927716730977409,-0.029759055769924696,0.02971357236459186
21\),math notation,3,3,-0.08932167058810592,-0.029773890196035307,0.014938832635265992
get,other word,82,75,-2.4429357273038477,-0.029791899113461556,0.004642838761791252
buttons,other word,17,6,-0.5073231444694102,-0.029842537909965303,0.0047928159591949125
\frac{3}{2},math notation,8,6,-0.23921713876188733,-0.029902142345235916,0.007355253563391465
\frac{43}{3}\),math notation,1,1,-0.02990933699766174,-0.02990933699766174,0.0
\[\frac{y}{x},math notation,2,2,-0.059824353840667754,-0.029912176920333877,0.0020387715403895543
ashley's,other word,2,2,-0.05982442217646167,-0.029912211088230833,0.016159959740832126
savings,other word,8,6,-0.23958521871827543,-0.02994815233978443,0.006468892603023814
\(49,math notation,1,1,-0.02995312074199319,-0.02995312074199319,0.0
earn,other word,1,1,-0.030010886490345,-0.030010886490345,0.0
16x,number,2,2,-0.06008577230386436,-0.03004288615193218,0.015788464061951304
\frac{104}{3},math notation,1,1,-0.030043682956602424,-0.030043682956602424,0.0
0.20,number,4,4,-0.12020325451157987,-0.030050813627894968,0.0034263202571171553
10^3$,math notation,2,2,-0.06034806394018233,-0.030174031970091164,0.014113348927778583
\text{bags},math notation,2,2,-0.06038728600833565,-0.030193643004167825,0.007754034737625398
-8\),math notation,1,1,-0.03019563527777791,-0.03019563527777791,0.0
purchasing,other word,2,2,-0.06042486988008022,-0.03021243494004011,0.00916072091533057
6\),math notation,18,15,-0.5439317103009671,-0.030218428350053728,0.014695908200588087
9y,number,1,1,-0.030230997130274773,-0.030230997130274773,0.0
martin's,other word,2,2,-0.060467200353741646,-0.030233600176870823,0.02036719388109676
2^9,math notation,1,1,-0.03023598901927471,-0.03023598901927471,0.0
\text{shaded,math notation,1,1,-0.030249946285039186,-0.030249946285039186,0.0
pairs/month,math notation,1,1,-0.030374309979379177,-0.030374309979379177,0.0
3^2,math notation,18,17,-0.5473228677874431,-0.030406825988191284,0.006752182277238279
$\left(10^{3}+1\right)^{2}$,math notation,2,1,-0.06083498423686251,-0.030417492118431255,0.002040061505603604
zeros,other word,1,1,-0.03049160074442625,-0.03049160074442625,0.0
start,other word,30,30,-0.9157869187183678,-0.030526230623945595,0.00625768786712128
48i,number,1,1,-0.03055547084659338,-0.03055547084659338,0.0
\frac{35}{4},math notation,2,2,-0.061204812373034656,-0.030602406186517328,0.007963901183154473
g_{al,math notation,4,4,-0.12250370514811948,-0.03062592628702987,0.007537655988745167
\(\frac{6}{2},math notation,1,1,-0.030676344409585,-0.030676344409585,0.0
\begin{pmatrix},math notation,1,1,-0.030714273219928145,-0.030714273219928145,0.0
rainwater,other word,3,2,-0.09231200907379389,-0.03077066969126463,0.008383775409356344
pineapples/harvest,math notation,1,1,-0.03077082149684429,-0.03077082149684429,0.0
tomatoes}}{\text{volume,math notation,1,1,-0.030776508734561503,-0.030776508734561503,0.0
\$72,math notation,1,1,-0.03078252775594592,-0.03078252775594592,0.0
\(a_{2},math notation,1,1,-0.030830416595563293,-0.030830416595563293,0.0
p_1^2,math notation,1,1,-0.03083255235105753,-0.03083255235105753,0.0
d^2\),math notation,1,1,-0.030839541228488088,-0.030839541228488088,0.0
1482,number,3,3,-0.09276646608486772,-0.030922155361622572,0.012126997099324417
evaluate,other word,7,7,-0.2166079292073846,-0.030943989886769226,0.011337813268805716
kilos,other word,2,2,-0.06193091720342636,-0.03096545860171318,0.0008025747773236198
x-axis,other word,1,1,-0.03098526131361723,-0.03098526131361723,0.0
\frac{3a}{2},math notation,1,1,-0.03100325120612979,-0.03100325120612979,0.0
3(x+1,math notation,1,1,-0.03100359719246626,-0.03100359719246626,0.0
\frac{360}{3},math notation,1,1,-0.03110783116426319,-0.03110783116426319,0.0
4\cdot,math notation,1,1,-0.03113517677411437,-0.03113517677411437,0.0
\frac{20\pi}{12},math notation,1,1,-0.03114077460486442,-0.03114077460486442,0.0
skip,other word,1,1,-0.031145263463258743,-0.031145263463258743,0.0
$t$,math notation,1,1,-0.03119731554761529,-0.03119731554761529,0.0
cheapest,other word,1,1,-0.031270990148186684,-0.031270990148186684,0.0
\(d\),math notation,7,7,-0.218939985265024,-0.031277140752146285,0.021608623288906236
months/year}}{3,math notation,1,1,-0.03132305177859962,-0.03132305177859962,0.0
\frac{66}{7},math notation,3,3,-0.09398085158318281,-0.031326950527727604,0.007236660874962985
-1\),math notation,7,7,-0.21963686641538516,-0.03137669520219788,0.023102660243942853
15-18,number,1,1,-0.03138309088535607,-0.03138309088535607,0.0
discounted,other word,1,1,-0.031395635567605495,-0.031395635567605495,0.0
\frac{14}{2},math notation,1,1,-0.03140511445235461,-0.03140511445235461,0.0
\frac{550,math notation,1,1,-0.03141723503358662,-0.03141723503358662,0.0
11}{2,math notation,1,1,-0.031438568606972694,-0.031438568606972694,0.0
\frac{1}{2}\),math notation,5,4,-0.1575852817040868,-0.03151705634081736,0.010261077410192209
x^\circ,math notation,1,1,-0.031538431881926954,-0.031538431881926954,0.0
\(a_{4},math notation,1,1,-0.03157665941398591,-0.03157665941398591,0.0
$(\pm,math notation,1,1,-0.03157788794487715,-0.03157788794487715,0.0
2^{-\frac{48}{7},math notation,1,1,-0.031602042086888105,-0.031602042086888105,0.0
\boxed{240},math notation,1,1,-0.03165164205711335,-0.03165164205711335,0.0
\text{chenny's,math notation,1,1,-0.03165176243055612,-0.03165176243055612,0.0
\frac{7x}{4x,math notation,1,1,-0.031651942466851324,-0.031651942466851324,0.0
fractional,other word,1,1,-0.03166872262954712,-0.03166872262954712,0.0
$6.00,math notation,1,1,-0.031677528051659465,-0.031677528051659465,0.0
20/100,math notation,1,1,-0.03168870136141777,-0.03168870136141777,0.0
\frac{67}{0.2},math notation,1,1,-0.0317409930867143,-0.0317409930867143,0.0
\(2^{-1},math notation,1,1,-0.03178716287948191,-0.03178716287948191,0.0
lemons/tree,math notation,1,1,-0.0317959098611027,-0.0317959098611027,0.0
\frac{3^{2022}}{2},math notation,1,1,-0.03184403176419437,-0.03184403176419437,0.0
\text{apples},math notation,1,1,-0.031852302607148886,-0.031852302607148886,0.0
sector}}{\text{total,math notation,2,2,-0.06378915352979675,-0.031894576764898375,0.01036463220462039
containing,other word,2,2,-0.0638703852891922,-0.0319351926445961,0.0071750347094680575
4(2023,math notation,2,1,-0.06388278305530548,-0.03194139152765274,0.00431083399561615
\(a_n\),math notation,3,3,-0.09583191046840511,-0.03194397015613504,0.019392022323885268
kb/s,math notation,4,1,-0.12810477055609226,-0.032026192639023066,0.013030510417200459
340,number,1,1,-0.03204459324479103,-0.03204459324479103,0.0
b^2,math notation,13,13,-0.4169297405751422,-0.03207151850578017,0.009122430484277097
\frac{9}{4},math notation,4,3,-0.1284410041407682,-0.03211025103519205,0.018197918038604117
jacks,other word,1,1,-0.032110657542943954,-0.032110657542943954,0.0
midpoints,other word,8,6,-0.2569460504455492,-0.03211825630569365,0.009846999708524007
310,number,3,3,-0.09635983966290951,-0.03211994655430317,0.010046375083294473
cylinder's,other word,1,1,-0.032146879471838474,-0.032146879471838474,0.0
72$,math notation,1,1,-0.032187207601964474,-0.032187207601964474,0.0
rewrite,other word,16,16,-0.5158540068659931,-0.03224087542912457,0.006948707214128868
19\),math notation,2,2,-0.06450391351245344,-0.03225195675622672,0.0092263851290841
\frac{25\pi}{2},math notation,2,2,-0.06452010112116113,-0.032260050560580567,0.0024361876340021752
toy,other word,2,1,-0.06456492096185684,-0.03228246048092842,0.0007857463309666294
6p_3,math notation,3,3,-0.09688269335310906,-0.03229423111770302,0.009708637368378747
180x,number,2,2,-0.06469036475755274,-0.03234518237877637,0.02096009327311668
\(a_1a_3a_5\),math notation,2,2,-0.06470900500426069,-0.032354502502130345,0.03850072001582552
2(10,math notation,1,1,-0.032360303099267185,-0.032360303099267185,0.0
**case,math notation,8,8,-0.25925702415406704,-0.03240712801925838,0.006492253457079525
a+b)^2,math notation,4,3,-0.12968434987124056,-0.03242108746781014,0.015804987734470023
\((x,math notation,3,3,-0.097377723606769,-0.03245924120225633,0.02450680287315378
\frac{400}{3},math notation,1,1,-0.03259826480643824,-0.03259826480643824,0.0
margot,other word,2,2,-0.06530920974910259,-0.032654604874551296,0.00978217751371272
5}{4}\],math notation,1,1,-0.03272031684173271,-0.03272031684173271,0.0
\text{number,math notation,26,14,-0.8508162962971255,-0.0327237037037356,0.004408912537343385
compute,other word,17,17,-0.5565618756227195,-0.03273893386015997,0.010177062556759108
500,number,6,5,-0.19681512005627155,-0.03280252000937859,0.008132263314145976
\[s_2,math notation,2,2,-0.06561254250118509,-0.032806271250592545,0.00798109707676741
15}{2,math notation,1,1,-0.03286646772176027,-0.03286646772176027,0.0
$20.00,math notation,1,1,-0.03287923615425825,-0.03287923615425825,0.0
cd$,math notation,3,2,-0.09873397182673216,-0.03291132394224405,0.005362488921190085
ec$,math notation,1,1,-0.032933998852968216,-0.032933998852968216,0.0
f(10,math notation,1,1,-0.03294264432042837,-0.03294264432042837,0.0
multiplying,other word,10,10,-0.3299187608063221,-0.03299187608063221,0.0067507026443240714
$25,math notation,2,2,-0.06599646713584661,-0.03299823356792331,0.020802057490770322
harvests/year,math notation,2,2,-0.06619841931387782,-0.03309920965693891,0.0049475757413008315
convert,other word,17,13,-0.5635478714248165,-0.03314987478969509,0.0083834239493947
16$,math notation,1,1,-0.03323605703189969,-0.03323605703189969,0.0
cal,other word,5,4,-0.16681646322831511,-0.033363292645663026,0.013804984175464916
lumberjack's,other word,1,1,-0.03337364550679922,-0.03337364550679922,0.0
1.234234234,number,1,1,-0.03341425338294357,-0.03341425338294357,0.0
\frac{44}{120},math notation,1,1,-0.03344105932046659,-0.03344105932046659,0.0
12g^2,math notation,1,1,-0.033492269925773144,-0.033492269925773144,0.0
\(r,math notation,9,7,-0.3018938745080959,-0.03354376383423288,0.01662495050842495
\frac{1}{3}},math notation,1,1,-0.0335935729672201,-0.0335935729672201,0.0
\frac{50}{37},math notation,1,1,-0.033604385098442435,-0.033604385098442435,0.0
130,number,1,1,-0.03367992490530014,-0.03367992490530014,0.0
\frac{1}{10^n},math notation,2,2,-0.06737758370582014,-0.03368879185291007,0.011923197946554687
\frac{243}{625},math notation,1,1,-0.03369270742405206,-0.03369270742405206,0.0
x^n\],math notation,1,1,-0.03374951286241412,-0.03374951286241412,0.0
a^{b+c,math notation,1,1,-0.03377545974217355,-0.03377545974217355,0.0
substitute,other word,41,38,-1.388179819099605,-0.033858044368283054,0.00434403187408939
\frac{48}{720},math notation,1,1,-0.033905505668371916,-0.033905505668371916,0.0
1}{3,math notation,1,1,-0.033912286162376404,-0.033912286162376404,0.0
-4,number,11,8,-0.3736147276358679,-0.033964975239624356,0.026207725388229176
revenue,other word,2,2,-0.06799009256064892,-0.03399504628032446,0.01735062802933867
334,number,1,1,-0.034015752375125885,-0.034015752375125885,0.0
6!\),math notation,1,1,-0.034050801186822355,-0.034050801186822355,0.0
5c,number,20,13,-0.6821753995027393,-0.03410876997513697,0.008823465647255493
perform,other word,7,7,-0.23883259668946266,-0.03411894238420895,0.003717944077539696
$\boxed{3750}$,math notation,1,1,-0.034165056771598756,-0.034165056771598756,0.0
\frac{2187}{5625},math notation,1,1,-0.03416509949602187,-0.03416509949602187,0.0
outside,other word,2,2,-0.06837499048560858,-0.03418749524280429,0.019548153844712302
i,other word,11,8,-0.37654490396380424,-0.034231354905800385,0.01257245719248867
4)\),math notation,9,6,-0.30839782033581287,-0.034266424481756985,0.019462335673963656
classic,other word,1,1,-0.0343010388314724,-0.0343010388314724,0.0
\(5^{20}\),math notation,1,1,-0.03431187616661191,-0.03431187616661191,0.0
7)(13,math notation,1,1,-0.03432778036221862,-0.03432778036221862,0.0
pythagorean,other word,6,6,-0.2059846252668649,-0.034330770877810814,0.011302202323794905
\frac{1}{10},math notation,2,2,-0.06887961266329512,-0.03443980633164756,0.022798004540350265
$e$,math notation,2,2,-0.0688953974749893,-0.03444769873749465,0.023126653502544333
\(a(a,math notation,4,2,-0.13783476187381893,-0.034458690468454733,0.010181893747849688
n+1,math notation,1,1,-0.03451996576040983,-0.03451996576040983,0.0
reached,other word,1,1,-0.034523941576480865,-0.034523941576480865,0.0
5d}{10,math notation,2,2,-0.06910112663172185,-0.03455056331586093,0.013730589688848866
suppose,hedging / contrast,1,1,-0.03455166518688202,-0.03455166518688202,0.0
\sqrt{6},math notation,2,2,-0.06932077719829977,-0.03466038859914988,4.494426326266574e-05
3x,number,9,8,-0.3123024236992933,-0.034700269299921475,0.011863472948121725
\(y^{2},math notation,2,1,-0.06945323868421838,-0.03472661934210919,0.0069507037659909746
stars,other word,1,1,-0.03476464934647083,-0.03476464934647083,0.0
10^{4}$,math notation,1,1,-0.03477274801116437,-0.03477274801116437,0.0
while,other word,1,1,-0.03479373827576637,-0.03479373827576637,0.0
$500,math notation,2,2,-0.06960725132375956,-0.03480362566187978,0.0030955737412865555
earns,other word,1,1,-0.03484561014920473,-0.03484561014920473,0.0
\frac{12}{2},math notation,1,1,-0.034845841699279845,-0.034845841699279845,0.0
good,other word,1,1,-0.03486626595258713,-0.03486626595258713,0.0
510,number,2,2,-0.06983235292136669,-0.034916176460683346,0.018212051660984642
combinatorial,other word,1,1,-0.03497684374451637,-0.03497684374451637,0.0
croissants,other word,2,1,-0.07013129070401192,-0.03506564535200596,0.0038101169229610775
us,other word,36,34,-1.263866666413378,-0.03510740740037161,0.005989650355682774
\text{dollars,math notation,1,1,-0.03514269832521677,-0.03514269832521677,0.0
335,number,8,4,-0.2814098442904651,-0.03517623053630814,0.01265584387935669
145,number,1,1,-0.03518126904964447,-0.03518126904964447,0.0
900,number,4,4,-0.1409475589171052,-0.0352368897292763,0.014470160016650524
\[43,math notation,1,1,-0.03523735096678138,-0.03523735096678138,0.0
\frac{700}{3}\),math notation,1,1,-0.03529067037743516,-0.03529067037743516,0.0
22\],math notation,2,2,-0.07060005143284798,-0.03530002571642399,0.011850206807764377
\frac{8112}{4},math notation,1,1,-0.03530248528113589,-0.03530248528113589,0.0
|h,math notation,4,3,-0.14125524275004864,-0.03531381068751216,0.014382879970123316
\text{current,math notation,1,1,-0.035322646610438824,-0.035322646610438824,0.0
\equiv,math notation,8,7,-0.28296183969359845,-0.035370229961699806,0.006495463423357983
answer,other word,43,35,-1.5216569943586364,-0.035387371961828756,0.005303934574502191
450,number,2,1,-0.07078807428479195,-0.03539403714239597,0.004464487905124456
system,other word,3,3,-0.10625310614705086,-0.03541770204901695,0.03150991039907789
\((a,math notation,5,5,-0.177128948882455,-0.035425789776491,0.023505592358396648
9\left(\frac{3\sqrt{2}}{2}\right)^2,math notation,1,1,-0.03545541758649051,-0.03545541758649051,0.0
gets,other word,3,3,-0.10649162717163563,-0.035497209057211876,0.008730036988438918
$$-3x,math notation,1,1,-0.03553336986806244,-0.03553336986806244,0.0
\text{dollars},math notation,1,1,-0.035593877313658595,-0.035593877313658595,0.0
cups/bag,math notation,1,1,-0.03560621780343354,-0.03560621780343354,0.0
\(\boxed{3}\),math notation,2,2,-0.07124032638967037,-0.035620163194835186,0.024774827992485794
\sqrt{3}}{2},math notation,2,2,-0.07131744804792106,-0.03565872402396053,0.006521545518400859
five-letter,other word,1,1,-0.035661254078149796,-0.035661254078149796,0.0
three-fourths,other word,1,1,-0.035682988818734884,-0.035682988818734884,0.0
$0.75,math notation,2,1,-0.071473648538813,-0.0357368242694065,0.006029351411086174
come,other word,1,1,-0.035742614418268204,-0.035742614418268204,0.0
appetizing,other word,1,1,-0.0358207100071013,-0.0358207100071013,0.0
\pmod{10},math notation,4,2,-0.14337886945577338,-0.035844717363943346,0.004648689816639013
$-4,math notation,1,1,-0.03584937006235123,-0.03584937006235123,0.0
\text{donation,math notation,1,1,-0.03590614115819335,-0.03590614115819335,0.0
"640,$$",math notation,3,2,-0.10774283355567604,-0.03591427785189202,0.025516258655017856
560,number,1,1,-0.035949140787124634,-0.035949140787124634,0.0
\sqrt{25},math notation,1,1,-0.035989264491945505,-0.035989264491945505,0.0
handle,other word,1,1,-0.0360010527074337,-0.0360010527074337,0.0
\frac{5}{8},math notation,1,1,-0.03603257692884654,-0.03603257692884654,0.0
\((t-2),math notation,1,1,-0.036089756642468274,-0.036089756642468274,0.0
460,number,1,1,-0.036109790205955505,-0.036109790205955505,0.0
\frac{411}{333},math notation,1,1,-0.03611013141926378,-0.03611013141926378,0.0
bananas}}{2,math notation,1,1,-0.03612802620045841,-0.03612802620045841,0.0
262\],math notation,1,1,-0.0361479576677084,-0.0361479576677084,0.0
\boxed{510},math notation,1,1,-0.036173739936202765,-0.036173739936202765,0.0
2b,number,8,7,-0.2904333676560782,-0.036304170957009774,0.01631347723738444
\[n_1,math notation,1,1,-0.03633786365389824,-0.03633786365389824,0.0
chamomile,other word,5,3,-0.18186550901737064,-0.036373101803474125,0.018398629105872928
"7,0)$",math notation,1,1,-0.03638166794553399,-0.03638166794553399,0.0
2\pi,math notation,2,1,-0.07291560876183212,-0.03645780438091606,0.00723649016527106
2c,number,10,7,-0.3646597125916742,-0.036465971259167416,0.012814971486010142
\frac{-4}{12},math notation,1,1,-0.03648369328584522,-0.03648369328584522,0.0
miles}}{40,math notation,1,1,-0.036524423863738775,-0.036524423863738775,0.0
carrots,other word,3,2,-0.1095817070454359,-0.036527235681811966,0.00495592868251556
\frac{27}{6},math notation,1,1,-0.03652934345882386,-0.03652934345882386,0.0
$\frac{1}{a},math notation,1,1,-0.03659782558679581,-0.03659782558679581,0.0
272,number,1,1,-0.036635011434555054,-0.036635011434555054,0.0
pineapples/hectare,math notation,1,1,-0.036640702513977885,-0.036640702513977885,0.0
\frac{1}{6}\),math notation,1,1,-0.036656254436820745,-0.036656254436820745,0.0
\(3^4,math notation,1,1,-0.03665699402336031,-0.03665699402336031,0.0
725760,number,2,2,-0.07336030277656391,-0.036680151388281956,0.026055958399784276
t(x,math notation,2,1,-0.07364098122343421,-0.036820490611717105,0.0018926656416570586
4x,number,7,6,-0.2579605187056586,-0.03685150267223695,0.019458552319437956
rmp,other word,1,1,-0.03685791604220867,-0.03685791604220867,0.0
1250,number,4,3,-0.14756564609706402,-0.036891411524266005,0.007421658844872917
"f(2,0",math notation,2,1,-0.07381340581923723,-0.036906702909618616,0.008100297974990128
g_a,math notation,5,5,-0.18460079410579056,-0.03692015882115811,0.006694609005464753
60\%,math notation,1,1,-0.03694205405190587,-0.03694205405190587,0.0
\end{pmatrix}\),math notation,1,1,-0.03699742059689015,-0.03699742059689015,0.0
\(y_{2},math notation,1,1,-0.03700925747398287,-0.03700925747398287,0.0
\tag{1},math notation,1,1,-0.03704930213280022,-0.03704930213280022,0.0
132,number,2,1,-0.07410291768610477,-0.03705145884305239,0.004900653128018047
\frac{10,math notation,4,4,-0.14830837806221098,-0.037077094515552744,0.012878982355231659
$10^{72,math notation,1,1,-0.0370832170592621,-0.0370832170592621,0.0
shoot,other word,2,1,-0.07431443594396114,-0.03715721797198057,0.008135854439337384
\frac{5600}{81},math notation,1,1,-0.0371929929824546,-0.0371929929824546,0.0
hence,other word,2,2,-0.0743874073959887,-0.03719370369799435,0.030496490698875552
wife's,other word,2,2,-0.07441427372395992,-0.03720713686197996,0.01144151474465481
\text{and},math notation,16,14,-0.5960568517039064,-0.03725355323149415,0.010808249841117584
\frac{3,math notation,5,4,-0.18642835185164586,-0.03728567037032917,0.007926368290066271
\log_{5}(5),math notation,1,1,-0.03730289707891643,-0.03730289707891643,0.0
2m,number,6,4,-0.22432760894298553,-0.037387934823830925,0.025321967446674816
\sqrt{36}}{2},math notation,1,1,-0.03742754412814975,-0.03742754412814975,0.0
f(15,math notation,1,1,-0.0374444923363626,-0.0374444923363626,0.0
cans,other word,3,2,-0.11236618272960186,-0.03745539424320062,0.0169190498217273
calculate,other word,181,174,-6.7799012520117685,-0.03745801796691585,0.0019177314097199357
28}{6,math notation,2,1,-0.0749589842162095,-0.03747949210810475,0.0007029680889143252
yet,hedging / contrast,2,2,-0.07503479719161987,-0.037517398595809937,0.003920289114240808
b)$,math notation,2,1,-0.07504319353029132,-0.03752159676514566,0.0013366196350747988
expansions,other word,1,1,-0.03753947000950575,-0.03753947000950575,0.0
subtract,other word,35,34,-1.3138912510476075,-0.037539750029931644,0.005081454054736782
expand,other word,3,3,-0.11274288967251778,-0.03758096322417259,0.015646057228738956
\frac{3}{8},math notation,1,1,-0.037660795263946056,-0.037660795263946056,0.0
movie,other word,3,2,-0.11338756838813424,-0.03779585612937808,0.014106935633090487
\frac{1}{15},math notation,1,1,-0.03784005215857178,-0.03784005215857178,0.0
\(s\),math notation,4,4,-0.15150142321363091,-0.03787535580340773,0.00783353958881286
denotes,other word,1,1,-0.03795617073774338,-0.03795617073774338,0.0
apd,other word,1,1,-0.03795974049717188,-0.03795974049717188,0.0
\(m_1,math notation,1,1,-0.03798127267509699,-0.03798127267509699,0.0
12$,math notation,3,2,-0.11399417440406978,-0.03799805813468993,0.0035535241948105338
0^\circ,math notation,2,2,-0.07604372582864016,-0.03802186291432008,0.006836780525773286
cbd,other word,5,4,-0.1901618343545124,-0.03803236687090248,0.01627407560942512
\frac{x^2}{2},math notation,2,2,-0.07608154392801225,-0.038040771964006126,0.009628474460320505
3g_l,math notation,1,1,-0.03807477746158838,-0.03807477746158838,0.0
$600,math notation,1,1,-0.03811165317893028,-0.03811165317893028,0.0
5\%,math notation,1,1,-0.03818629076704383,-0.03818629076704383,0.0
\cos(bx),math notation,2,2,-0.07644643425010145,-0.038223217125050724,0.0019163762897127915
\[(3-6),math notation,1,1,-0.03822476859204471,-0.03822476859204471,0.0
$0.015,math notation,1,1,-0.03829126129858196,-0.03829126129858196,0.0
\(y_{1},math notation,1,1,-0.038306906120851636,-0.038306906120851636,0.0
538,number,4,4,-0.15330485091544688,-0.03832621272886172,0.016005116140188395
oatmeal,other word,11,8,-0.4222096586599946,-0.03838269624181769,0.010111046902529702
watches,other word,1,1,-0.03840116783976555,-0.03840116783976555,0.0
350,number,1,1,-0.03842196613550186,-0.03842196613550186,0.0
\frac{33}{4},math notation,2,2,-0.07688228704500943,-0.03844114352250472,0.0131898775207037
\text{percentage,math notation,1,1,-0.038563202135264874,-0.038563202135264874,0.0
inventory,other word,1,1,-0.038582383655011654,-0.038582383655011654,0.0
$n,math notation,2,2,-0.07716486044228077,-0.038582430221140385,0.0004029139935965272
\frac{49}{4},math notation,1,1,-0.038598834653384984,-0.038598834653384984,0.0
50\%,math notation,1,1,-0.03860340267419815,-0.03860340267419815,0.0
|z|,math notation,1,1,-0.038662736769765615,-0.038662736769765615,0.0
\(\frac{a^4,math notation,1,1,-0.03868345252703875,-0.03868345252703875,0.0
\left(\frac{7-3}{7-1}\right)t_5,math notation,1,1,-0.03870525996899232,-0.03870525996899232,0.0
nor,negation,3,3,-0.1164319128729403,-0.038810637624313436,0.019921187465782704
\frac{1}{2}ab,math notation,1,1,-0.03897515666903928,-0.03897515666903928,0.0
32\),math notation,1,1,-0.03897762391716242,-0.03897762391716242,0.0
(\text{length},math notation,1,1,-0.03899595874827355,-0.03899595874827355,0.0
\left(\frac{3}{4}a,math notation,1,1,-0.039048220263794065,-0.039048220263794065,0.0
\(p_2\),math notation,2,2,-0.07812536566052586,-0.03906268283026293,0.02531954271183242
\(2/3\),math notation,1,1,-0.03909181663766503,-0.03909181663766503,0.0
carson,other word,1,1,-0.039130568504333496,-0.039130568504333496,0.0
steve's,other word,8,4,-0.3135356320999563,-0.039191954012494534,0.028642434469810546
rearranging,other word,7,7,-0.274361559888348,-0.039194508555478284,0.016079649613864145
\(n=3\),math notation,3,2,-0.11785247619263828,-0.039284158730879426,0.04046236454048908
2g_l,math notation,1,1,-0.039286567363888025,-0.039286567363888025,0.0
-1,number,9,9,-0.3542721339035779,-0.03936357043373088,0.019049306248567665
\text{doxa's,math notation,1,1,-0.03936801024246961,-0.03936801024246961,0.0
snowshoes,other word,2,1,-0.07875861041247845,-0.039379305206239223,0.020857116750721487
yards,other word,3,2,-0.11817312426865101,-0.03939104142288367,0.009767164971156041
$1200,math notation,4,2,-0.15757283102720976,-0.03939320775680244,0.027444067128414275
\frac{1}{2},math notation,62,34,-2.4440358106949134,-0.03941993243056312,0.007089422906346307
\[ab,math notation,1,1,-0.03943585278466344,-0.03943585278466344,0.0
\left(\frac{8-3}{8-1}\right)t_6,math notation,1,1,-0.03945409314474091,-0.03945409314474091,0.0
\frac{-20}{6},math notation,1,1,-0.03946454275865108,-0.03946454275865108,0.0
$\frac{2}{6},math notation,3,1,-0.11866233791806735,-0.039554112639355786,0.002448940884614683
$a,math notation,8,7,-0.31649119954090565,-0.03956139994261321,0.01931145887685534
9}{2,math notation,9,7,-0.3561615885118954,-0.039573509834655046,0.01030532913362349
420,number,1,1,-0.03962266445159912,-0.03962266445159912,0.0
92,number,4,4,-0.1587069183588028,-0.0396767295897007,0.004808518161864054
$c$,math notation,2,2,-0.07958012446761131,-0.039790062233805656,0.01730203863990618
\frac{180}{\pi},math notation,1,1,-0.03979307506233454,-0.03979307506233454,0.0
\frac{648}{16},math notation,1,1,-0.0398513067048043,-0.0398513067048043,0.0
21}{2,math notation,2,2,-0.0797956979367882,-0.0398978489683941,0.010057586012989093
\frac{\text{remaining,math notation,1,1,-0.03995179431512952,-0.03995179431512952,0.0
\frac{4.5}{10^n},math notation,1,1,-0.03995752509217709,-0.03995752509217709,0.0
\(m_2,math notation,1,1,-0.04000672581605613,-0.04000672581605613,0.0
feet}}{2,math notation,1,1,-0.04001482296735048,-0.04001482296735048,0.0
$$,math notation,10,4,-0.4005085709504783,-0.04005085709504783,0.009883285903177176
pineapples/year,math notation,1,1,-0.04009323543868959,-0.04009323543868959,0.0
\sqrt{324,math notation,1,1,-0.04011214571073651,-0.04011214571073651,0.0
\frac{2^{-2}}{1,math notation,1,1,-0.04015157639514655,-0.04015157639514655,0.0
\sqrt{(r+s)^2,math notation,1,1,-0.040154704300221056,-0.040154704300221056,0.0
b)(a,math notation,3,3,-0.12063147989101708,-0.04021049329700569,0.014072910889654493
30}{0,math notation,1,1,-0.040217585396021605,-0.040217585396021605,0.0
\frac{18}{12},math notation,1,1,-0.040219015907496214,-0.040219015907496214,0.0
5f,number,3,2,-0.12074335850775242,-0.04024778616925081,0.005850143027112736
103041,number,1,1,-0.040266589261591434,-0.040266589261591434,0.0
\frac{1}{9},math notation,4,3,-0.16108345627435483,-0.04027086406858871,0.013622770429669445
20^2,math notation,1,1,-0.04030751343816519,-0.04030751343816519,0.0
1.179582627535625,number,1,1,-0.04033337230794132,-0.04033337230794132,0.0
r^2\],math notation,2,1,-0.08074584556743503,-0.04037292278371751,0.00039320984636298636
5}$,math notation,2,2,-0.08076148992404342,-0.04038074496202171,0.001276383886018635
cents,other word,4,2,-0.1615308963228017,-0.04038272408070043,0.00567420192253723
\(40\%,math notation,1,1,-0.04039548302534968,-0.04039548302534968,0.0
\(50\%\),math notation,1,1,-0.040395678603090346,-0.040395678603090346,0.0
becomes,other word,15,15,-0.6059507713653147,-0.04039671809102098,0.008131986853116816
\frac{1}{2}m\),math notation,2,2,-0.08080880192574114,-0.04040440096287057,0.0023410353818038633
4(1)(-16)}}{2(1,math notation,1,1,-0.04040547495242208,-0.04040547495242208,0.0
-95,number,1,1,-0.04040684271603823,-0.04040684271603823,0.0
\(2^{x^3}\),math notation,1,1,-0.040438589407131076,-0.040438589407131076,0.0
\[81,math notation,4,4,-0.16182262357324362,-0.040455655893310905,0.0021511605728989584
\dfrac{1}{b},math notation,2,2,-0.08092565299011767,-0.040462826495058835,0.0023300006865510114
\(e[x_n],math notation,1,1,-0.04046899807872251,-0.04046899807872251,0.0
0.05,number,4,4,-0.16189139883499593,-0.04047284970874898,0.016245114859767686
\[n_2,math notation,1,1,-0.040668634697794914,-0.040668634697794914,0.0
$$y,math notation,3,2,-0.12237760028801858,-0.04079253342933953,0.03110734373524082
semi-automatic,other word,9,4,-0.36726130940951407,-0.04080681215661267,0.015766375669909603
non-ace-of-spades,other word,1,1,-0.040879199746996164,-0.040879199746996164,0.0
i)^2,math notation,1,1,-0.04088526125997305,-0.04088526125997305,0.0
\sqrt{256},math notation,1,1,-0.04093237407505512,-0.04093237407505512,0.0
multiply,other word,28,27,-1.1465150361182168,-0.0409469655756506,0.00561478919311854
\frac{567}{4},math notation,1,1,-0.041027768806088716,-0.041027768806088716,0.0
$\angle,math notation,7,4,-0.2875466449186206,-0.041078092131231515,0.022037745853365893
\text{remaining,math notation,5,4,-0.20566677814349532,-0.04113335562869906,0.008675395466598713
\(\frac{4}{a^2},math notation,1,1,-0.04115682985866442,-0.04115682985866442,0.0
inside,other word,12,12,-0.4940157844685018,-0.04116798203904182,0.00902824598251531
140,number,1,1,-0.041178666055202484,-0.041178666055202484,0.0
\[(2-4),math notation,1,1,-0.04123014223296195,-0.04123014223296195,0.0
well,other word,1,1,-0.041256487369537354,-0.041256487369537354,0.0
grade,other word,6,5,-0.24771596863865852,-0.041285994773109756,0.028923393093601046
1-i)^4,math notation,1,1,-0.041323607321828604,-0.041323607321828604,0.0
f(pq,math notation,2,2,-0.0826766659738496,-0.0413383329869248,0.015399914940866436
$2000,math notation,1,1,-0.0413399375975132,-0.0413399375975132,0.0
\(a_{4}\),math notation,1,1,-0.04136028786888346,-0.04136028786888346,0.0
\frac{11!}{4!(11-4)!}$,math notation,1,1,-0.04149510903516784,-0.04149510903516784,0.0
mario,other word,2,2,-0.08304381184279919,-0.04152190592139959,0.01992958578718618
\log_{5}(2+3),math notation,1,1,-0.041604971745982766,-0.041604971745982766,0.0
$100,math notation,1,1,-0.041605498641729355,-0.041605498641729355,0.0
s_8,math notation,1,1,-0.041624645702540874,-0.041624645702540874,0.0
"f(2,2",math notation,3,1,-0.12492811190895736,-0.04164270396965245,0.006269838218677499
\left(\frac{1}{2}\right)^0,math notation,1,1,-0.04169822740368545,-0.04169822740368545,0.0
\frac{4}{5},math notation,3,3,-0.1251463459630031,-0.041715448654334374,0.006652896018585884
charges,other word,1,1,-0.04172040522098541,-0.04172040522098541,0.0
46,number,1,1,-0.041810713708400726,-0.041810713708400726,0.0
7r,number,2,2,-0.0836363211274147,-0.04181816056370735,0.015350111401156384
\[\$750,math notation,1,1,-0.04190204292535782,-0.04190204292535782,0.0
consume,other word,1,1,-0.04194006323814392,-0.04194006323814392,0.0
$\frac{1}{a}$,math notation,1,1,-0.041944383759982884,-0.041944383759982884,0.0
f(a,math notation,1,1,-0.04199379403144121,-0.04199379403144121,0.0
$(a,math notation,4,1,-0.16859893826767802,-0.042149734566919506,0.004403234963351825
4500,number,5,4,-0.21075464179739356,-0.042150928359478715,0.02292977184410971
5f\left(-\frac{1}{2}\right),math notation,1,1,-0.042180921242106706,-0.042180921242106706,0.0
reduce,other word,1,1,-0.04222491383552551,-0.04222491383552551,0.0
\(a^3\),math notation,1,1,-0.04222937347367406,-0.04222937347367406,0.0
\frac{4800}{225},math notation,1,1,-0.042299346649087965,-0.042299346649087965,0.0
3600,number,3,2,-0.12704766960814595,-0.042349223202715315,0.01569655884312019
\frac{12^2}{b^2},math notation,1,1,-0.04235714446986094,-0.04235714446986094,0.0
330$,math notation,1,1,-0.04238649643957615,-0.04238649643957615,0.0
160^\circ$,math notation,1,1,-0.042411520378664136,-0.042411520378664136,0.0
340\],math notation,1,1,-0.04251343011856079,-0.04251343011856079,0.0
5^2\),math notation,3,3,-0.12759818090125918,-0.0425327269670864,0.01937367778549613
\[s,math notation,2,2,-0.08512663515284657,-0.04256331757642329,2.924052860685822e-05
\(14\),math notation,1,1,-0.04257632186636329,-0.04257632186636329,0.0
\sqrt[3]{8},math notation,1,1,-0.042576823791023344,-0.042576823791023344,0.0
\frac{15}{3},math notation,1,1,-0.04264766239793971,-0.04264766239793971,0.0
20(15,math notation,1,1,-0.04265390010550618,-0.04265390010550618,0.0
\frac{m}{n},math notation,1,1,-0.042682299797888845,-0.042682299797888845,0.0
$20,math notation,10,7,-0.4269344436470419,-0.042693444364704194,0.015176975009238225
solve,other word,64,61,-2.744888418877963,-0.04288888154496817,0.004269735136080338
10}{2,math notation,4,2,-0.17156216828152537,-0.04289054207038134,0.007993216976630602
a^2)^2,math notation,1,1,-0.04297891998430714,-0.04297891998430714,0.0
745-739,number,1,1,-0.04302461812039837,-0.04302461812039837,0.0
solving,other word,17,17,-0.7314302665181458,-0.04302530979518505,0.010743074870915687
\frac{67}{20},math notation,1,1,-0.043065815698355436,-0.043065815698355436,0.0
\left(\frac{2,math notation,1,1,-0.043074748187791556,-0.043074748187791556,0.0
\(a_2a_4a_6\),math notation,2,2,-0.08615866582840681,-0.043079332914203405,0.031185152916750225
y_1}{x_2,math notation,2,2,-0.08648315933533013,-0.043241579667665064,0.009160467375694998
20160\),math notation,1,1,-0.043252063915133476,-0.043252063915133476,0.0
$c=7$,math notation,1,1,-0.04327943688258529,-0.04327943688258529,0.0
percentage,other word,13,9,-0.5629526134580374,-0.0433040471890798,0.010306307908377048
742-736,number,1,1,-0.04336303938180208,-0.04336303938180208,0.0
\tag{2},math notation,1,1,-0.043403646908700466,-0.043403646908700466,0.0
529,number,1,1,-0.04341813363134861,-0.04341813363134861,0.0
\(\frac{x^2}{a^2},math notation,1,1,-0.043546009866986424,-0.043546009866986424,0.0
97,number,3,2,-0.1308161304332316,-0.0436053768110772,0.025697629746744555
1234.234234234,number,2,2,-0.0877109132707119,-0.04385545663535595,0.009504891750998284
\(\sum_{k=1}^{20}k,math notation,1,1,-0.044021632813382894,-0.044021632813382894,0.0
\frac{11}{16},math notation,1,1,-0.04402530309744179,-0.04402530309744179,0.0
\frac{a^4,math notation,1,1,-0.04414864373393357,-0.04414864373393357,0.0
\sqrt[3]{r_1,math notation,1,1,-0.04418622571392916,-0.04418622571392916,0.0
bowls,other word,1,1,-0.04421502351760864,-0.04421502351760864,0.0
10^n,math notation,2,2,-0.08846925292164087,-0.044234626460820436,0.02454718693677789
30\),math notation,4,4,-0.17695010639727116,-0.04423752659931779,0.021287405249351066
3^x,math notation,7,4,-0.30986472486983985,-0.044266389267119975,0.015203591139179984
f(2,math notation,5,5,-0.22171777591574937,-0.04434355518314988,0.010539632204856986
arml,other word,1,1,-0.04442543536424637,-0.04442543536424637,0.0
-1)^2,math notation,2,2,-0.08894141437485814,-0.04447070718742907,0.009340718416155582
paid,other word,2,2,-0.08905593026429415,-0.044527965132147074,0.021888785003665378
$-63,math notation,1,1,-0.04452992603182793,-0.04452992603182793,0.0
-(x,math notation,1,1,-0.04457052983343601,-0.04457052983343601,0.0
2g_t,math notation,1,1,-0.044578829780220985,-0.044578829780220985,0.0
\boxed{11,math notation,1,1,-0.04463346430566162,-0.04463346430566162,0.0
g^2)^2,math notation,1,1,-0.04468198539689183,-0.04468198539689183,0.0
\text{(matches,math notation,3,2,-0.1345604294911027,-0.04485347649703423,0.0038556883903419614
65.$$,math notation,2,2,-0.08974084921646863,-0.044870424608234316,0.037247737323682396
spend,other word,3,3,-0.13471757248044014,-0.04490585749348005,0.020455217097499593
\[m_2,math notation,1,1,-0.04492005123756826,-0.04492005123756826,0.0
conclusion,other word,1,1,-0.04499190580099821,-0.04499190580099821,0.0
yields,other word,2,2,-0.09011604636907578,-0.04505802318453789,0.0019484303674124075
\left(\frac{3}{5}\right)^{8-1},math notation,1,1,-0.04507266325526871,-0.04507266325526871,0.0
b_{m-1}x^{m-1,math notation,1,1,-0.045139209483750165,-0.045139209483750165,0.0
-\frac{1}{4},math notation,1,1,-0.045142981223762035,-0.045142981223762035,0.0
jackie,other word,1,1,-0.04517156258225441,-0.04517156258225441,0.0
9}{4,math notation,1,1,-0.04525562096387148,-0.04525562096387148,0.0
\frac{258}{4},math notation,1,1,-0.045259510865435004,-0.045259510865435004,0.0
\[30,math notation,2,2,-0.09057128347922117,-0.04528564173961058,0.03001141451103442
2.9,number,1,1,-0.04529371950775385,-0.04529371950775385,0.0
\(\sqrt{2011}\),math notation,1,1,-0.04544927389360964,-0.04544927389360964,0.0
son's,other word,5,4,-0.22744487412273884,-0.045488974824547765,0.023059440358536586
2g_w,math notation,2,2,-0.09098235610872507,-0.045491178054362535,5.795619724271654e-05
\[m_1,math notation,1,1,-0.045756640611216426,-0.045756640611216426,0.0
2^{-1,math notation,1,1,-0.045783224632032216,-0.045783224632032216,0.0
steak,other word,1,1,-0.04583844915032387,-0.04583844915032387,0.0
foot,other word,1,1,-0.04590379446744919,-0.04590379446744919,0.0
\(2^4,math notation,1,1,-0.04604329296853393,-0.04604329296853393,0.0
\(x^2,math notation,3,3,-0.13821615080814809,-0.04607205026938269,0.03676726196808931
\frac{\frac{1}{10}}{1,math notation,1,1,-0.04612014989834279,-0.04612014989834279,0.0
cdb,other word,3,3,-0.13856085948646069,-0.046186953162153564,0.02020713528079435
arrangements}}{\text{total,math notation,1,1,-0.04619748215191066,-0.04619748215191066,0.0
\text{alyana's,math notation,2,2,-0.09246449079364538,-0.04623224539682269,0.007155309655092712
\(4b^2,math notation,1,1,-0.04630768811330199,-0.04630768811330199,0.0
\frac{4800}{256},math notation,1,1,-0.04644767346326262,-0.04644767346326262,0.0
substituting,other word,34,34,-1.5796182855847292,-0.046459361340727326,0.00856055723697128
\frac{144}{b^2},math notation,1,1,-0.04646311129909009,-0.04646311129909009,0.0
\(20^{4},math notation,1,1,-0.04652255936525762,-0.04652255936525762,0.0
discriminant,other word,3,3,-0.13959155732300133,-0.04653051910766711,0.02622052842806241
\(2011^2\),math notation,1,1,-0.046551744220778346,-0.046551744220778346,0.0
\dfrac{7}{\frac{43}{3}},math notation,1,1,-0.04660236538620666,-0.04660236538620666,0.0
apart,other word,2,1,-0.09335936605930328,-0.04667968302965164,0.0005187302405819241
obtain,other word,3,3,-0.1400872990489006,-0.04669576634963354,0.006607379072909721
(\text{not,math notation,1,1,-0.04673933784943074,-0.04673933784943074,0.0
g_{at,math notation,3,3,-0.14031462254934013,-0.046771540849780045,0.01811599707221545
$6.00/plate,math notation,1,1,-0.04679382941685617,-0.04679382941685617,0.0
lcm,other word,2,2,-0.0936185815371573,-0.04680929076857865,0.0085458891100626
amount}}{\text{daily,math notation,1,1,-0.04680969368200749,-0.04680969368200749,0.0
simplify,other word,34,32,-1.5931536091957241,-0.04685745909399189,0.009606814648738365
\sqrt{ab^2,math notation,1,1,-0.0469162764493376,-0.0469162764493376,0.0
\frac{5600}{81,math notation,1,1,-0.04696087469346821,-0.04696087469346821,0.0
\(|r|,math notation,1,1,-0.0469881915487349,-0.0469881915487349,0.0
20\pi,math notation,1,1,-0.04703880846500397,-0.04703880846500397,0.0
12\],math notation,2,2,-0.09419113933108747,-0.047095569665543735,0.016668907776076828
1}{2,math notation,2,2,-0.0942476256750524,-0.0471238128375262,0.009271128700908031
f\left(-\frac{1}{2}\right),math notation,4,3,-0.18856717902235687,-0.04714179475558922,0.023521196997150773
point-slope,other word,1,1,-0.04715172108262777,-0.04715172108262777,0.0
\text{rent},math notation,1,1,-0.047180697321891785,-0.047180697321891785,0.0
\boxed{\frac{1120}{81}},math notation,1,1,-0.04719231242779642,-0.04719231242779642,0.0
2^{\frac{66}{7}},math notation,2,2,-0.09440641780383885,-0.047203208901919425,0.01253103687348755
thus,other word,63,62,-2.97862997642369,-0.04727984089561413,0.006472023796750836
-13,number,4,4,-0.18918600649340078,-0.047296501623350196,0.024641578562950087
\frac{3}{4}a,math notation,1,1,-0.047332449146779254,-0.047332449146779254,0.0
\(105\),math notation,1,1,-0.04733309708535671,-0.04733309708535671,0.0
currently,other word,3,3,-0.1420046933926642,-0.04733489779755473,0.027278963221222363
\[343,math notation,4,4,-0.18956722877919674,-0.047391807194799185,0.0032449588408587082
3s,number,1,1,-0.04750454053282738,-0.04750454053282738,0.0
\frac{200,math notation,1,1,-0.047559760976582766,-0.047559760976582766,0.0
\frac{5}{9},math notation,3,3,-0.1426815243321471,-0.047560508110715695,0.014636346379242843
\frac{25\pi}{4},math notation,4,3,-0.1903463655617088,-0.0475865913904272,0.01741465537107529
2(\mathbf{a},math notation,3,3,-0.14310910843778402,-0.047703036145928,0.011856467456771713
25\],math notation,5,4,-0.2386457833345048,-0.04772915666690096,0.024431691609316065
therefore,other word,170,169,-8.114091856929008,-0.0477299520995824,0.004087580468094902
\[3-6+9-12+15-18+21\],math notation,1,1,-0.04809348500566557,-0.04809348500566557,0.0
\(p_2,math notation,2,2,-0.0961948202457279,-0.04809741012286395,0.026277939450661716
"1000^{10,000",math notation,3,2,-0.1445775063475594,-0.04819250211585313,0.00999646594735763
children's,other word,3,3,-0.14497618936002254,-0.04832539645334085,0.049809143636553616
\frac{36}{6},math notation,1,1,-0.048346676863729954,-0.048346676863729954,0.0
\frac{1016}{2},math notation,1,1,-0.04840250371489674,-0.04840250371489674,0.0
\(75\%,math notation,2,2,-0.0970833795145154,-0.0485416897572577,0.0005008385741169038
hope,other word,6,6,-0.29171839670743793,-0.04861973278457299,0.012620707253616295
\(xyz,math notation,1,1,-0.04862436931580305,-0.04862436931580305,0.0
$amb$,math notation,1,1,-0.04864300973713398,-0.04864300973713398,0.0
\frac{3}{4}\),math notation,2,2,-0.09742979431757703,-0.04871489715878852,0.030153883391926404
$$900,math notation,4,2,-0.19498133205343038,-0.048745333013357595,0.020202487158619425
inches,other word,11,8,-0.5362508255057037,-0.04875007504597306,0.013241912191953914
\frac{80}{\frac{3}{5}},math notation,1,1,-0.04877148143714294,-0.04877148143714294,0.0
"260,$$",math notation,3,2,-0.14650835347129032,-0.04883611782376344,0.0377308893114062
(2^3)\left(2^{3x}\right),math notation,1,1,-0.04889036196982488,-0.04889036196982488,0.0
\frac{4800}{625},math notation,1,1,-0.04889923776499927,-0.04889923776499927,0.0
\frac{pa}{pb,math notation,1,1,-0.04891226626932621,-0.04891226626932621,0.0
b^4}{ab,math notation,1,1,-0.048945761169306934,-0.048945761169306934,0.0
\text{width}),math notation,1,1,-0.04898707289248705,-0.04898707289248705,0.0
8i)(30,math notation,1,1,-0.049144743010401726,-0.049144743010401726,0.0
\log_{5}(2-1),math notation,1,1,-0.04919980821432546,-0.04919980821432546,0.0
outcomes}}{\text{total,math notation,2,2,-0.09848830418195575,-0.04924415209097788,0.01192680430091653
3}{2,math notation,2,1,-0.0985775874578394,-0.0492887937289197,0.002520882178834137
\(\left(\sqrt{103041}\right)^2\),math notation,1,1,-0.04929455299861729,-0.04929455299861729,0.0
-\frac{1}{5},math notation,1,1,-0.0494478540495038,-0.0494478540495038,0.0
\left(\frac{5,math notation,1,1,-0.0494517880724743,-0.0494517880724743,0.0
80(7)$,math notation,1,1,-0.049473779276013374,-0.049473779276013374,0.0
\(\frac{3}{4}a,math notation,3,3,-0.14881752312066965,-0.04960584104022322,0.010029380988708713
\frac{4}{1-x},math notation,1,1,-0.04973126878030598,-0.04973126878030598,0.0
identify,other word,23,23,-1.1469984028954059,-0.04986949577806112,0.01334908341289723
\frac{9}{4}\),math notation,2,2,-0.09990585345076397,-0.049952926725381985,0.031039546894458335
lemons/year,math notation,2,2,-0.09997428813949227,-0.04998714406974614,0.00815985690492821
-50,number,2,2,-0.10005296394228935,-0.050026481971144676,0.028991299804097613
2880,number,3,3,-0.15014870977029204,-0.05004956992343068,0.027166482688629017
\boxed{x,math notation,1,1,-0.050054118037223816,-0.050054118037223816,0.0
minutes/episode,math notation,1,1,-0.05010216869413853,-0.05010216869413853,0.0
donations,other word,1,1,-0.0503699854016304,-0.0503699854016304,0.0
a_{n-1}x^{n-1,math notation,1,1,-0.05037790461210534,-0.05037790461210534,0.0
we'll,other word,18,18,-0.9076365698419977,-0.050424253880110986,0.01354110040645441
\sqrt{1^2,math notation,1,1,-0.05044360598549247,-0.05044360598549247,0.0
\[2-4+6-8+10-12+14\],math notation,1,1,-0.05045580625301227,-0.05045580625301227,0.0
raymond,other word,4,3,-0.20192167023196816,-0.05048041755799204,0.02118806877713444
tallest,other word,3,3,-0.1517411693930626,-0.05058038979768753,0.012510575845788647
f(4,math notation,5,5,-0.2531269061146304,-0.05062538122292608,0.022958181174142445
\mathbf{c}),math notation,3,3,-0.15190543566131964,-0.05063514522043988,0.009966362755791717
simplifying,other word,23,22,-1.1657413311768323,-0.05068440570334053,0.013730819406275963
2)\),math notation,5,5,-0.2534950952976942,-0.050699019059538844,0.017700724105722276
7!}{2}\),math notation,1,1,-0.050730291521176696,-0.050730291521176696,0.0
\text{tomatoes,math notation,1,1,-0.05079842545092106,-0.05079842545092106,0.0
22(15,math notation,1,1,-0.050908198580145836,-0.050908198580145836,0.0
\frac{4}{9},math notation,2,2,-0.10195172490784898,-0.05097586245392449,0.0224335814031105
utensils,other word,3,3,-0.1530034770257771,-0.05100115900859237,0.006927310341676446
\frac{\$8}{\$2},math notation,1,1,-0.051028958754613996,-0.051028958754613996,0.0
\[\frac{x,math notation,1,1,-0.05115402804221958,-0.05115402804221958,0.0
20-dollar,number,3,2,-0.15346755366772413,-0.05115585122257471,0.02386749471844406
\sqrt{25}}{4}\],math notation,1,1,-0.05126771720824763,-0.05126771720824763,0.0
4(1)(a,math notation,1,1,-0.051285098190419376,-0.051285098190419376,0.0
\[\dfrac{1}{a},math notation,2,2,-0.10274035931797698,-0.05137017965898849,0.011149918789202386
subtracting,other word,16,16,-0.8228501612320542,-0.05142813507700339,0.00915788403901297
2$$,math notation,2,1,-0.10311345010995865,-0.051556725054979324,0.0007457542400858548
$\frac{1233}{999}$,math notation,1,1,-0.051582304178737104,-0.051582304178737104,0.0
360°,number,1,1,-0.051598258316516876,-0.051598258316516876,0.0
four-letter,other word,1,1,-0.05161177203990519,-0.05161177203990519,0.0
\[\frac{r,math notation,1,1,-0.05166957469191402,-0.05166957469191402,0.0
$10,math notation,1,1,-0.05167039483785629,-0.05167039483785629,0.0
5y,number,4,4,-0.20677573094144464,-0.05169393273536116,0.015290740706902494
tomatoes**,math notation,1,1,-0.05172766000032425,-0.05172766000032425,0.0
"$20,000/year",math notation,1,1,-0.05175394471734762,-0.05175394471734762,0.0
e[x^3,math notation,1,1,-0.05181239522062242,-0.05181239522062242,0.0
\frac{335}{5},math notation,1,1,-0.05181984999217093,-0.05181984999217093,0.0
cups}}{110,math notation,1,1,-0.051892561139538884,-0.051892561139538884,0.0
\[(x,math notation,2,2,-0.1037859043572098,-0.0518929521786049,0.025657227830754227
-28\),math notation,1,1,-0.051896944642066956,-0.051896944642066956,0.0
putting,other word,3,3,-0.1557064987719059,-0.051902166257301964,0.016219506472131315
\frac{49}{20},math notation,2,2,-0.10381866933312267,-0.051909334666561335,0.0405627353785327
\[49,math notation,5,5,-0.2596516110934317,-0.05193032221868634,0.0031806867872681793
summing,other word,1,1,-0.05199018865823746,-0.05199018865823746,0.0
\cdots\],math notation,1,1,-0.0519939090590924,-0.0519939090590924,0.0
purchased,other word,1,1,-0.05205089692026377,-0.05205089692026377,0.0
384i^2,math notation,1,1,-0.05207199160940945,-0.05207199160940945,0.0
2x,number,7,7,-0.3645360864466056,-0.052076583778086515,0.014469784271236094
$20(23,math notation,1,1,-0.05210573738440871,-0.05210573738440871,0.0
\text{anne's,math notation,1,1,-0.052114580757915974,-0.052114580757915974,0.0
\sqrt{32}\],math notation,1,1,-0.05214284569956362,-0.05214284569956362,0.0
\frac{d}{2},math notation,1,1,-0.052255187183618546,-0.052255187183618546,0.0
a}{ab}\],math notation,1,1,-0.05244651739485562,-0.05244651739485562,0.0
$$4y,math notation,3,2,-0.15742913185385987,-0.05247637728461996,0.036164526842476716
10)(2,math notation,1,1,-0.052506476640701294,-0.052506476640701294,0.0
\(\boxed{12}\),math notation,3,2,-0.15765818278305233,-0.05255272759435078,0.01637569197727335
15$,math notation,1,1,-0.052649497985839844,-0.052649497985839844,0.0
12^\circ,math notation,5,3,-0.26361652120249346,-0.05272330424049869,0.020908611585951056
$\frac{1}{10}$,math notation,1,1,-0.05273961240891367,-0.05273961240891367,0.0
70%,number,2,2,-0.10602080379612744,-0.05301040189806372,0.015366881484006356
\frac{2\pi}{3},math notation,1,1,-0.053045390639454126,-0.053045390639454126,0.0
$ae,math notation,1,1,-0.05310824327170849,-0.05310824327170849,0.0
\boxed{72},math notation,1,1,-0.05318564735352993,-0.05318564735352993,0.0
5\],math notation,1,1,-0.05320773459970951,-0.05320773459970951,0.0
recognize,other word,1,1,-0.0532214380800724,-0.0532214380800724,0.0
\frac{1}{16},math notation,1,1,-0.05327364802360535,-0.05327364802360535,0.0
10^{8/2,math notation,1,1,-0.05337829142808914,-0.05337829142808914,0.0
adjust,other word,2,2,-0.10677547752857208,-0.05338773876428604,0.013455349776966536
taller,other word,1,1,-0.05340268090367317,-0.05340268090367317,0.0
\frac{a^3}{b},math notation,1,1,-0.05354849365539849,-0.05354849365539849,0.0
\frac{9}{2,math notation,1,1,-0.05356391461100429,-0.05356391461100429,0.0
2a_{2}a_{1,math notation,1,1,-0.053632827708497643,-0.053632827708497643,0.0
1$$,math notation,2,1,-0.10728839319199324,-0.05364419659599662,0.0013349780482525757
\sqrt{32368}}{2},math notation,1,1,-0.05364531429950148,-0.05364531429950148,0.0
gerta's,other word,6,3,-0.322125896345824,-0.05368764939097067,0.052497097311432046
\frac{7}{4}a\),math notation,1,1,-0.05372331221587956,-0.05372331221587956,0.0
equate,other word,3,3,-0.16120666963979602,-0.05373555654659867,0.017980710989881826
990^\circ,math notation,1,1,-0.053743849974125624,-0.053743849974125624,0.0
\((1+i)^8\),math notation,1,1,-0.05378515738993883,-0.05378515738993883,0.0
m$,math notation,1,1,-0.053896743804216385,-0.053896743804216385,0.0
\frac{1+2+3+5+7+9}{6},math notation,1,1,-0.05392369092442095,-0.05392369092442095,0.0
triples,other word,3,3,-0.1617980683222413,-0.053932689440747104,0.009226192196451394
c)\),math notation,2,2,-0.10802931315265596,-0.05401465657632798,0.01629656308926861
\(84^\circ\),math notation,1,1,-0.05403783719521016,-0.05403783719521016,0.0
\)**,math notation,7,7,-0.37835554988123477,-0.054050792840176394,0.0016097144312578952
1-i)^8,math notation,1,1,-0.05414310237392783,-0.05414310237392783,0.0
\frac{y^2}{b^2},math notation,1,1,-0.054144260473549366,-0.054144260473549366,0.0
1)\),math notation,7,6,-0.37945987668354064,-0.05420855381193438,0.015492972742332342
20^{19,math notation,1,1,-0.05436789896339178,-0.05436789896339178,0.0
a_{\text{semicircle}},math notation,2,1,-0.10874250717461109,-0.054371253587305546,0.010485784411379298
\dfrac{21}{43}\],math notation,1,1,-0.05439169378951192,-0.05439169378951192,0.0
\[area,math notation,1,1,-0.05447839014232159,-0.05447839014232159,0.0
1856,number,1,1,-0.05453110486268997,-0.05453110486268997,0.0
logarithm,other word,2,2,-0.10906306107062846,-0.05453153053531423,0.029380421035723796
1.2xa,number,1,1,-0.054756101220846176,-0.054756101220846176,0.0
\frac{4800}{1296},math notation,1,1,-0.05492728902027011,-0.05492728902027011,0.0
\(\log_2(\log_2,math notation,1,1,-0.054954304127022624,-0.054954304127022624,0.0
discard,other word,1,1,-0.05497746542096138,-0.05497746542096138,0.0
$\displaystyle,math notation,6,3,-0.32998152333311737,-0.05499692055551956,0.018248943095741443
\frac{bc}{2},math notation,1,1,-0.055171251646243036,-0.055171251646243036,0.0
y^{34,math notation,3,2,-0.16558893804904073,-0.05519631268301358,0.017613851005377924
\boxed{71},math notation,1,1,-0.055391883943229914,-0.055391883943229914,0.0
350-39,number,1,1,-0.05543375760316849,-0.05543375760316849,0.0
\frac{1}{2}n,math notation,1,1,-0.05544169677887112,-0.05544169677887112,0.0
approximately,other word,3,3,-0.16640321072191,-0.05546773690730333,0.04058436495831817
utensils}\],math notation,1,1,-0.055591023061424494,-0.055591023061424494,0.0
\(\left(\frac{b}{2}\right)^2\),math notation,1,1,-0.05563884333241731,-0.05563884333241731,0.0
\(c_n\),math notation,1,1,-0.05571229802444577,-0.05571229802444577,0.0
\text{final,math notation,2,2,-0.11151845566928387,-0.05575922783464193,0.0031486244404883737
46\],math notation,1,1,-0.0558579983189702,-0.0558579983189702,0.0
720\),math notation,1,1,-0.05587041936814785,-0.05587041936814785,0.0
\sum_{n=2}^{\infty},math notation,1,1,-0.05589448782848194,-0.05589448782848194,0.0
\frac{4800}{576},math notation,3,3,-0.16791585623286664,-0.05597195207762221,0.0003198730136867291
3g_w,math notation,1,1,-0.05603476520627737,-0.05603476520627737,0.0
\frac{600}{4},math notation,2,1,-0.11219814384821802,-0.05609907192410901,0.006228700036483111
pounds/day,math notation,3,3,-0.16868423437699676,-0.05622807812566558,0.018312209036044642
b)(49,math notation,1,1,-0.056234834250062704,-0.056234834250062704,0.0
6}{2,math notation,3,2,-0.16888018255122006,-0.05629339418374002,0.008933398030176455
-\frac{10}{3},math notation,1,1,-0.05633588193450123,-0.05633588193450123,0.0
\frac{7}{4},math notation,2,2,-0.11270027013961226,-0.05635013506980613,0.019017133640727248
4000\),math notation,2,2,-0.11347292317077518,-0.05673646158538759,0.016350061681053917
\frac{4.5}{9},math notation,1,1,-0.05677166045643389,-0.05677166045643389,0.0
600,number,6,5,-0.3415466081351042,-0.05692443468918403,0.016334214787579494
0}{2,math notation,1,1,-0.05704132188111544,-0.05704132188111544,0.0
334\],math notation,1,1,-0.05721750669181347,-0.05721750669181347,0.0
grocery,other word,1,1,-0.05722475051879883,-0.05722475051879883,0.0
3(12,math notation,1,1,-0.057422318728640676,-0.057422318728640676,0.0
\(k,math notation,1,1,-0.05744174774736166,-0.05744174774736166,0.0
\frac{1}{8},math notation,2,2,-0.11508064928057138,-0.05754032464028569,0.031983368865148694
$0.10,math notation,2,1,-0.1153219873085618,-0.0576609936542809,0.003367767967137545
18).\],math notation,1,1,-0.05769073870033026,-0.05769073870033026,0.0
\frac{10z}{7},math notation,1,1,-0.05787186010275036,-0.05787186010275036,0.0
1+i)^8,math notation,1,1,-0.05794037855230272,-0.05794037855230272,0.0
"p(1,1",math notation,1,1,-0.057979227509349585,-0.057979227509349585,0.0
b^4}{ab}\),math notation,1,1,-0.058039676398038864,-0.058039676398038864,0.0
circumference,other word,2,2,-0.11628820979967713,-0.05814410489983857,0.015968926412880887
311$,math notation,1,1,-0.05819656327366829,-0.05819656327366829,0.0
pays,other word,5,5,-0.29111288907006383,-0.058222577814012764,0.019144051471243876
f^{-1}(4,math notation,1,1,-0.05823709454853088,-0.05823709454853088,0.0
316,number,1,1,-0.05825508013367653,-0.05825508013367653,0.0
$mn=2$,math notation,1,1,-0.05826141522265971,-0.05826141522265971,0.0
$10^6$,math notation,1,1,-0.05828292667865753,-0.05828292667865753,0.0
\neq,math notation,2,2,-0.1166681107133627,-0.05833405535668135,0.036891573116594335
f(-2,math notation,5,3,-0.2924685974721797,-0.058493719494435936,0.03196696105674056
10}{2}\],math notation,1,1,-0.05860665044747293,-0.05860665044747293,0.0
\[3,math notation,3,3,-0.17609747662208974,-0.05869915887402991,0.009841684188707688
pemdas,other word,3,3,-0.1764468412147835,-0.05881561373826116,0.023765693905955686
\left(\sqrt{a}\right)^2,math notation,1,1,-0.05884124769363552,-0.05884124769363552,0.0
\sum_{n=1}^{\infty},math notation,3,2,-0.17670857266057283,-0.05890285755352428,0.008843919352101147
\frac{b^3}{a},math notation,1,1,-0.05916720617096871,-0.05916720617096871,0.0
s^2\),math notation,1,1,-0.05921540269628167,-0.05921540269628167,0.0
\frac{n}{2}(a_1,math notation,1,1,-0.05927488661836833,-0.05927488661836833,0.0
3)^2,math notation,1,1,-0.05933359847404063,-0.05933359847404063,0.0
\((1-i)^8\),math notation,1,1,-0.05934597284067422,-0.05934597284067422,0.0
0.3)^2,math notation,1,1,-0.05936981667764485,-0.05936981667764485,0.0
$ad,math notation,1,1,-0.0594581663608551,-0.0594581663608551,0.0
\boxed{100}$,math notation,1,1,-0.059607241419143975,-0.059607241419143975,0.0
-32\],math notation,1,1,-0.05972180678509176,-0.05972180678509176,0.0
\frac{1}{3}$,math notation,3,1,-0.18002654885640368,-0.06000884961880123,0.0021026975910122783
$\frac{1}{2,math notation,1,1,-0.060008973465301096,-0.060008973465301096,0.0
lumber,other word,1,1,-0.06002672761678696,-0.06002672761678696,0.0
$y$,math notation,4,4,-0.24035702866967767,-0.06008925716741942,0.023187274058101472
$x,math notation,4,3,-0.2409020932391286,-0.06022552330978215,0.015543271397882634
$180^\circ$,math notation,1,1,-0.06025797501206398,-0.06025797501206398,0.0
5x,number,2,1,-0.12071766704320908,-0.06035883352160454,0.002156879460524178
2025,number,1,1,-0.06057469733059406,-0.06057469733059406,0.0
\(\frac{x,math notation,4,3,-0.24288859323132783,-0.06072214830783196,0.027914051392719248
\sum_{n=1}^{2020},math notation,1,1,-0.060830127680674195,-0.060830127680674195,0.0
10$,math notation,2,2,-0.12207118701189756,-0.06103559350594878,0.022649272860028324
\(3!\),math notation,3,3,-0.18332433566683903,-0.06110811188894635,0.06656068939604379
pounds/horse/day,math notation,1,1,-0.06117301993072033,-0.06117301993072033,0.0
2040,number,1,1,-0.06135755963623524,-0.06135755963623524,0.0
\sqrt{x^2,math notation,1,1,-0.06139651359990239,-0.06139651359990239,0.0
\left(\frac{1}{2}\right)^1,math notation,1,1,-0.061486808757763356,-0.061486808757763356,0.0
3r,number,3,3,-0.1844772351323627,-0.061492411710787565,0.02643634571863446
2g_{al,math notation,1,1,-0.06159836729057133,-0.06159836729057133,0.0
\text{amount,math notation,1,1,-0.06167068472132087,-0.06167068472132087,0.0
$4$,math notation,2,2,-0.12339381547644734,-0.06169690773822367,0.008414537139589395
441,number,1,1,-0.06171067804098129,-0.06171067804098129,0.0
\[32,math notation,2,1,-0.12353721167892218,-0.06176860583946109,0.010188660489270243
\boxed{},math notation,1,1,-0.06178727187216282,-0.06178727187216282,0.0
$2000$,math notation,1,1,-0.062055548653006554,-0.062055548653006554,0.0
\(4000,math notation,2,2,-0.12424345780164003,-0.06212172890082002,0.012232004900984687
\frac{20}{19},math notation,2,2,-0.12476589548168704,-0.06238294774084352,0.02317462289290207
pounds}}{50,math notation,1,1,-0.062426977790892124,-0.062426977790892124,0.0
remaining}\],math notation,1,1,-0.06246051285415888,-0.06246051285415888,0.0
\frac{\text{jamal's,math notation,1,1,-0.06258341041393578,-0.06258341041393578,0.0
24\],math notation,1,1,-0.06258533429354429,-0.06258533429354429,0.0
\((-a)^2,math notation,1,1,-0.06264010630548,-0.06264010630548,0.0
18)(32,math notation,1,1,-0.06269952189177275,-0.06269952189177275,0.0
\frac{\frac{1}{10}}{\frac{9}{10}},math notation,1,1,-0.06276460440130904,-0.06276460440130904,0.0
\(e[x^3]\),math notation,1,1,-0.06280155316926539,-0.06280155316926539,0.0
$5$,math notation,3,3,-0.18854219047352672,-0.0628473968245089,0.029943336898978073
2g_a,math notation,2,2,-0.12615923956036568,-0.06307961978018284,0.001829094200031843
40\],math notation,1,1,-0.06330944038927555,-0.06330944038927555,0.0
$b,math notation,4,4,-0.2539347514975816,-0.0634836878743954,0.03141880634624674
$10^{72}$,math notation,1,1,-0.0635007016826421,-0.0635007016826421,0.0
\boxed{2/9},math notation,1,1,-0.06376007106155157,-0.06376007106155157,0.0
\frac{4800}{400},math notation,1,1,-0.06403038278222084,-0.06403038278222084,0.0
1}{2^2,math notation,1,1,-0.06409969925880432,-0.06409969925880432,0.0
1\],math notation,4,4,-0.2565708727343008,-0.0641427181835752,0.03883862809557775
$x$,math notation,8,8,-0.5138975894078612,-0.06423719867598265,0.020186856214298957
3g_a,math notation,1,1,-0.0642649894580245,-0.0642649894580245,0.0
\(429,math notation,1,1,-0.06426569866016507,-0.06426569866016507,0.0
\frac{\log_2{64}}{\log_2{16}},math notation,1,1,-0.06430030800402164,-0.06430030800402164,0.0
batch,other word,1,1,-0.06431408226490021,-0.06431408226490021,0.0
4!)^2,math notation,1,1,-0.06445292592979968,-0.06445292592979968,0.0
\text{or},math notation,3,3,-0.19336611864855513,-0.0644553728828517,0.02998219058392379
rather,other word,2,2,-0.1293332614004612,-0.0646666307002306,0.012602412149850431
\frac{y}{x}\),math notation,2,2,-0.1297136297216639,-0.06485681486083195,0.016316636637165784
$250,math notation,3,2,-0.19480222463607788,-0.06493407487869263,0.011801626005857067
3ab\],math notation,3,2,-0.1948950639925897,-0.06496502133086324,0.019199444380515133
\mathbb{r}_{>0},math notation,2,1,-0.13015704695135355,-0.06507852347567677,0.0035283211181837007
180^\circ,math notation,7,6,-0.4580603023641743,-0.06543718605202489,0.028893831752756196
\text{hours}\],math notation,1,1,-0.06547039747238159,-0.06547039747238159,0.0
cups}\],math notation,1,1,-0.06557163211982697,-0.06557163211982697,0.0
\frac{1}{2,math notation,2,2,-0.13134225260000676,-0.06567112630000338,0.01051181202480927
b^3,math notation,1,1,-0.06582614686340094,-0.06582614686340094,0.0
store,other word,1,1,-0.06585840415209532,-0.06585840415209532,0.0
5^{4,math notation,1,1,-0.06599973374977708,-0.06599973374977708,0.0
f(n,math notation,12,10,-0.7934674601419829,-0.06612228834516524,0.022668664591746806
1.9,number,2,2,-0.13231299072504044,-0.06615649536252022,0.012303083914637044
$1500,math notation,2,2,-0.13258002884685993,-0.06629001442342997,0.004525672616816623
$-12,math notation,3,2,-0.19921402749605477,-0.06640467583201826,0.007821710806880766
1/4)x,math notation,2,2,-0.13291633315384388,-0.06645816657692194,0.01445616752461721
\[32^2,math notation,1,1,-0.06654820963740349,-0.06654820963740349,0.0
(-2)}{2}\right),math notation,1,1,-0.06664954451844096,-0.06664954451844096,0.0
$(748-742,math notation,1,1,-0.0666757095605135,-0.0666757095605135,0.0
$34$,math notation,3,2,-0.20119274035096169,-0.0670642467836539,0.012654875746168423
\[a^2,math notation,2,2,-0.13417331874370575,-0.06708665937185287,0.02674852901757528
2-hole,number,1,1,-0.06709899380803108,-0.06709899380803108,0.0
\frac{3}{5}\left(-\frac{1}{3}\right),math notation,2,2,-0.13474372920609312,-0.06737186460304656,0.01523605847140211
1/5,math notation,2,1,-0.13482916925568134,-0.06741458462784067,0.0014428313808426336
needing,other word,1,1,-0.06749407202005386,-0.06749407202005386,0.0
midsegments,other word,2,2,-0.13505402766168118,-0.06752701383084059,0.025825056746160733
$am=4$,math notation,1,1,-0.06762461690232158,-0.06762461690232158,0.0
11\),math notation,1,1,-0.067979677580297,-0.067979677580297,0.0
$(10^3+1)^2,math notation,3,3,-0.20454083813820034,-0.06818027937940012,0.019092861333528013
4\],math notation,2,2,-0.13636996917193756,-0.06818498458596878,0.04334197131792967
1}{1^2,math notation,1,1,-0.06856484711170197,-0.06856484711170197,0.0
\frac{10x}{1-x},math notation,1,1,-0.06867966521531343,-0.06867966521531343,0.0
\(ac,math notation,1,1,-0.06868141889572144,-0.06868141889572144,0.0
ee,other word,1,1,-0.06882076803594828,-0.06882076803594828,0.0
\(24\),math notation,1,1,-0.06888472102582455,-0.06888472102582455,0.0
464,number,1,1,-0.0689595676958561,-0.0689595676958561,0.0
\frac{z}{x},math notation,1,1,-0.06896954379044473,-0.06896954379044473,0.0
\(\frac{2^2}{a^2},math notation,1,1,-0.06926511996425688,-0.06926511996425688,0.0
\(75\%\),math notation,2,2,-0.1389074994949624,-0.0694537497474812,0.01917620432576789
$$3x,math notation,1,1,-0.0696414620615542,-0.0696414620615542,0.0
\(\boxed{590}\),math notation,1,1,-0.06982068973593414,-0.06982068973593414,0.0
\frac{27}{3},math notation,1,1,-0.07016762625426054,-0.07016762625426054,0.0
\(\frac{1}{2}(\frac{2x}{3},math notation,1,1,-0.07034640025813133,-0.07034640025813133,0.0
$\boxed{22}$,math notation,1,1,-0.07036221539601684,-0.07036221539601684,0.0
3x^2,math notation,2,2,-0.1409713919274509,-0.07048569596372545,0.014055934630348807
\(3500,math notation,1,1,-0.07061985693871975,-0.07061985693871975,0.0
pqr,other word,1,1,-0.0706802699714899,-0.0706802699714899,0.0
\(168\),math notation,1,1,-0.07081238413229585,-0.07081238413229585,0.0
2^{8,math notation,1,1,-0.07082045660354197,-0.07082045660354197,0.0
xy\),math notation,2,2,-0.14164811000227928,-0.07082405500113964,0.019416440662576456
continuing,other word,2,2,-0.1416576150804758,-0.0708288075402379,0.07043684648773912
\frac{3}{2}\),math notation,8,7,-0.5672973000619095,-0.07091216250773869,0.036739167703048484
\[20^4,math notation,1,1,-0.07091891579329967,-0.07091891579329967,0.0
\frac{ab,math notation,1,1,-0.07092552352696657,-0.07092552352696657,0.0
\frac{5}{2},math notation,2,2,-0.14196721283951774,-0.07098360641975887,0.008098197567861442
hypothesize,other word,1,1,-0.07100527617149055,-0.07100527617149055,0.0
\boxed{62\%},math notation,1,1,-0.07105314079672098,-0.07105314079672098,0.0
$10^{4/2,math notation,1,1,-0.07127021765336394,-0.07127021765336394,0.0
3$,math notation,6,5,-0.42855317890644073,-0.07142552981774013,0.03657123643009859
2g_{at,math notation,1,1,-0.07146579306572676,-0.07146579306572676,0.0
4-hole,number,1,1,-0.07155391201376915,-0.07155391201376915,0.0
$32,math notation,2,2,-0.1436672816053033,-0.07183364080265164,0.013414240465327965
\frac{e}{2}\),math notation,2,2,-0.144036507117562,-0.072018253558781,0.005807107251098282
2^6,math notation,2,2,-0.1452566348016262,-0.0726283174008131,0.007304602024324642
$1000000,math notation,1,1,-0.07282373867928982,-0.07282373867928982,0.0
"f(2,5",math notation,3,2,-0.21920061844866723,-0.07306687281622241,0.004307624433862247
lhs,other word,1,1,-0.07312548439949751,-0.07312548439949751,0.0
$11,math notation,3,2,-0.2194164451211691,-0.0731388150403897,0.00635008140313882
0)\),math notation,3,3,-0.2195188138866797,-0.07317293796222657,0.05368990364617597
$\sqrt{10^{4}}$,math notation,1,1,-0.07328762375982478,-0.07328762375982478,0.0
db$,math notation,1,1,-0.07342059537768364,-0.07342059537768364,0.0
$\sqrt{10^{8}},math notation,1,1,-0.073627341655083,-0.073627341655083,0.0
\((0,math notation,7,6,-0.5179369415272959,-0.07399099164675656,0.03747387206099161
3g_{al,math notation,1,1,-0.07400024402886629,-0.07400024402886629,0.0
3)\),math notation,4,4,-0.29670966789126396,-0.07417741697281599,0.01306512747633039
bc}{2,math notation,1,1,-0.07437694817781448,-0.07437694817781448,0.0
f(f(2,math notation,4,2,-0.2989402284147218,-0.07473505710368045,0.008291616009937455
$\frac{2}{5}$,math notation,1,1,-0.0747727268608287,-0.0747727268608287,0.0
artist's,other word,1,1,-0.07513133529573679,-0.07513133529573679,0.0
\(\boxed{84}\),math notation,1,1,-0.07539066905155778,-0.07539066905155778,0.0
374,number,2,2,-0.15113345347344875,-0.07556672673672438,0.004745401260261121
6^\circ,math notation,1,1,-0.07579134264960885,-0.07579134264960885,0.0
ages,other word,3,3,-0.22754693613387644,-0.07584897871129215,0.062320486186404504
f(f^{-1}(4,math notation,1,1,-0.07612793543376029,-0.07612793543376029,0.0
(3+\sqrt{5})(3-\sqrt{5}),math notation,1,1,-0.07632351631764323,-0.07632351631764323,0.0
316\],math notation,1,1,-0.07644374389201403,-0.07644374389201403,0.0
2(g^2)(6,math notation,1,1,-0.0764468481647782,-0.0764468481647782,0.0
\dfrac{1}{b}\),math notation,2,2,-0.15301976061891764,-0.07650988030945882,0.03816415641878032
$d$,math notation,1,1,-0.07658672938123345,-0.07658672938123345,0.0
\frac{3}{4},math notation,5,5,-0.3833671828324441,-0.07667343656648881,0.03479051860591946
18x,number,1,1,-0.07675830647349358,-0.07675830647349358,0.0
\(-210\),math notation,1,1,-0.07682119845412672,-0.07682119845412672,0.0
\left(1,math notation,1,1,-0.07702554343268275,-0.07702554343268275,0.0
\frac{3}{4}n,math notation,1,1,-0.07714861445128918,-0.07714861445128918,0.0
pounds/bag,math notation,1,1,-0.07722276728600264,-0.07722276728600264,0.0
\(\dfrac{1}{a},math notation,2,2,-0.1547434368985705,-0.07737171844928525,0.02959247991997656
liters,other word,6,5,-0.4646601155400276,-0.07744335259000461,0.01381683312256749
rearrange,other word,4,4,-0.310188198229298,-0.0775470495573245,0.03453851398482715
5$$,math notation,1,1,-0.07760505005717278,-0.07760505005717278,0.0
32\],math notation,2,2,-0.15576126612722874,-0.07788063306361437,0.03026843426621923
\(\frac{20160}{2},math notation,1,1,-0.07790281227789819,-0.07790281227789819,0.0
\((3.6)^2,math notation,1,1,-0.07801433186978102,-0.07801433186978102,0.0
3851,number,1,1,-0.07805941998958588,-0.07805941998958588,0.0
24\),math notation,3,3,-0.23434035200625658,-0.0781134506687522,0.014559625055407335
\frac{ad}{dc},math notation,3,3,-0.23437940515577793,-0.07812646838525932,0.029237588486149397
\(19^{20},math notation,1,1,-0.07849115505814552,-0.07849115505814552,0.0
we've,other word,2,2,-0.15738578885793686,-0.07869289442896843,0.02865378520704434
14.\],math notation,1,1,-0.07924216613173485,-0.07924216613173485,0.0
20+\sqrt{t+x},math notation,1,1,-0.07934770011343062,-0.07934770011343062,0.0
f^{-1}(2,math notation,6,4,-0.4782895707176067,-0.07971492845293444,0.03606536681308667
5/5,math notation,1,1,-0.0797168929129839,-0.0797168929129839,0.0
\frac{-20}{-25},math notation,1,1,-0.07972634304314852,-0.07972634304314852,0.0
\[429,math notation,1,1,-0.07984852604568005,-0.07984852604568005,0.0
\(11\),math notation,1,1,-0.07992029935121536,-0.07992029935121536,0.0
50\],math notation,1,1,-0.08025527885183692,-0.08025527885183692,0.0
6x,number,2,2,-0.16077869571745396,-0.08038934785872698,0.010480324254227487
11^{t}\),math notation,1,1,-0.08041681721806526,-0.08041681721806526,0.0
$bc,math notation,4,3,-0.32294673449359834,-0.08073668362339959,0.05027670298961224
\[a^3,math notation,1,1,-0.08098105527460575,-0.08098105527460575,0.0
5}{2}\right),math notation,1,1,-0.08112531306687742,-0.08112531306687742,0.0
$bc$,math notation,2,2,-0.16232820972800255,-0.08116410486400127,0.036875513191678165
$a^2+b^2=49$,math notation,1,1,-0.081331170280464,-0.081331170280464,0.0
bars,other word,1,1,-0.08145293965935707,-0.08145293965935707,0.0
$6000,math notation,2,2,-0.16300912201404572,-0.08150456100702286,0.002052098443859047
lumberjack,other word,1,1,-0.0816593449562788,-0.0816593449562788,0.0
18^2,math notation,2,2,-0.16387617588043213,-0.08193808794021606,0.022310431625063725
\frac{1}{3},math notation,7,5,-0.5736100820358843,-0.08194429743369776,0.028971586370394
x$,math notation,3,3,-0.2462435073684901,-0.08208116912283003,0.06056802633176518
\(ax,math notation,1,1,-0.08214025851339102,-0.08214025851339102,0.0
3ab,number,2,2,-0.16441370733082294,-0.08220685366541147,0.01403939643748371
v^3,math notation,1,1,-0.08261393196880817,-0.08261393196880817,0.0
trapezoid,other word,1,1,-0.08261754922568798,-0.08261754922568798,0.0
let's,other word,184,181,-15.202502434054622,-0.08262229583725338,0.006022589813988677
\$25,math notation,1,1,-0.08266039565205574,-0.08266039565205574,0.0
640.$$,math notation,1,1,-0.08308103494346142,-0.08308103494346142,0.0
d)(c,math notation,2,2,-0.16666361375246197,-0.08333180687623098,0.02253394669363397
\frac{\frac{1}{4}}{\frac{1}{2}},math notation,1,1,-0.08341032496537082,-0.08341032496537082,0.0
52-card,number,1,1,-0.08344013569876552,-0.08344013569876552,0.0
0.9,number,2,2,-0.16707752645015717,-0.08353876322507858,0.008163149133559745
\((2,math notation,8,8,-0.6691563633503392,-0.0836445454187924,0.03450167286786605
10)\),math notation,4,4,-0.33465449744835496,-0.08366362436208874,0.01848441837106134
$ac$,math notation,2,2,-0.16752982698380947,-0.08376491349190474,0.01628865125323164
\(32^2,math notation,2,2,-0.1680069302674383,-0.08400346513371915,0.04037142972184789
24)\),math notation,2,2,-0.16825268790125847,-0.08412634395062923,0.003922784997926063
\(-48\),math notation,1,1,-0.08419012045487761,-0.08419012045487761,0.0
\frac{36}{2},math notation,1,1,-0.08422396937385201,-0.08422396937385201,0.0
\sqrt{5})^{34},math notation,2,2,-0.1685696597560309,-0.08428482987801544,0.04666724324333094
**13**,math notation,1,1,-0.08451514411717653,-0.08451514411717653,0.0
holes/button,math notation,2,2,-0.16917020734399557,-0.08458510367199779,0.012038275594715347
2)(-2,math notation,1,1,-0.08498669706750661,-0.08498669706750661,0.0
"$50,000",math notation,2,1,-0.17065793985966593,-0.08532896992983297,0.017337791144721643
\(5^{4}\),math notation,1,1,-0.08547567925415933,-0.08547567925415933,0.0
82,number,1,1,-0.08548358455300331,-0.08548358455300331,0.0
\text{car,math notation,1,1,-0.0855708159506321,-0.0855708159506321,0.0
\(28,math notation,2,2,-0.17119940521661192,-0.08559970260830596,0.05324083100291723
\(x=0\),math notation,1,1,-0.08587896078824997,-0.08587896078824997,0.0
minutes/hour,math notation,1,1,-0.08588963747024536,-0.08588963747024536,0.0
3$$,math notation,1,1,-0.08596855401992798,-0.08596855401992798,0.0
-28,number,1,1,-0.08598015829920769,-0.08598015829920769,0.0
37,number,2,2,-0.17198675870895386,-0.08599337935447693,0.0017067577038729093
\frac{3}{4}a\),math notation,1,1,-0.08607871411368251,-0.08607871411368251,0.0
\frac{5y}{2},math notation,1,1,-0.08638447150588036,-0.08638447150588036,0.0
\left(\frac{3}{2}\right)^2,math notation,2,2,-0.1730619489098899,-0.08653097445494495,0.02591226501711823
28)\),math notation,2,2,-0.17340799421072006,-0.08670399710536003,0.0007594111360924005
\frac{180}{300},math notation,1,1,-0.08673907024785876,-0.08673907024785876,0.0
$7,math notation,1,1,-0.0867685116827488,-0.0867685116827488,0.0
\sum_{n=0}^{\infty},math notation,2,1,-0.17355113488156348,-0.08677556744078174,0.003482607139868205
|x,math notation,1,1,-0.08682378381490707,-0.08682378381490707,0.0
$0.25,math notation,1,1,-0.08684277534484863,-0.08684277534484863,0.0
\text{rainwater,math notation,1,1,-0.08724158629775047,-0.08724158629775047,0.0
\left(\frac{1}{1-x},math notation,1,1,-0.08725659316405654,-0.08725659316405654,0.0
$\sqrt{\sqrt{\sqrt[9]{10^{9^{2}-9}}}}$,math notation,1,1,-0.08763413701672107,-0.08763413701672107,0.0
\frac{1}{2}(\frac{2x}{3},math notation,1,1,-0.08804037549998611,-0.08804037549998611,0.0
$$f(3,math notation,2,1,-0.17620031256228685,-0.08810015628114343,0.0019125871069319241
\left(\frac{1}{2}\right)^4,math notation,1,1,-0.08818696800153702,-0.08818696800153702,0.0
-\frac{155}{2},math notation,1,1,-0.08834878401830792,-0.08834878401830792,0.0
$x=23$,math notation,1,1,-0.0886014299467206,-0.0886014299467206,0.0
\binom{11}{4},math notation,4,3,-0.3544399287784472,-0.0886099821946118,0.023406021000476663
\frac{7}{25},math notation,1,1,-0.08922759094275534,-0.08922759094275534,0.0
$\frac{1}{9}$,math notation,1,1,-0.0896689547225833,-0.0896689547225833,0.0
\(\frac{180}{\pi}\),math notation,1,1,-0.08978512266185135,-0.08978512266185135,0.0
\[33,math notation,1,1,-0.09000042825937271,-0.09000042825937271,0.0
\frac{12}{4},math notation,1,1,-0.09000976802781224,-0.09000976802781224,0.0
\(2x,math notation,2,2,-0.18008391931653023,-0.09004195965826511,0.047188947121059144
\frac{120}{216},math notation,1,1,-0.09043075796216726,-0.09043075796216726,0.0
\(33,math notation,1,1,-0.09072697814553976,-0.09072697814553976,0.0
\(\frac{x}{3}\),math notation,1,1,-0.09095832332968712,-0.09095832332968712,0.0
\(11^{5}\),math notation,1,1,-0.0910671204328537,-0.0910671204328537,0.0
tasting,other word,1,1,-0.09113068878650665,-0.09113068878650665,0.0
\((1-i)^4\),math notation,1,1,-0.09213420678861439,-0.09213420678861439,0.0
\boxed{-3969}$,math notation,1,1,-0.09326680121012032,-0.09326680121012032,0.0
\(\frac{2(2),math notation,1,1,-0.09362552175298333,-0.09362552175298333,0.0
6x)$,math notation,1,1,-0.09373818803578615,-0.09373818803578615,0.0
\(4500,math notation,1,1,-0.09378189872950315,-0.09378189872950315,0.0
30)\),math notation,2,2,-0.18783374689519405,-0.09391687344759703,0.002233921923968471
$$f(2,math notation,2,1,-0.1879416387528181,-0.09397081937640905,0.004001353967539903
\[total\,math notation,2,2,-0.1885007806122303,-0.09425039030611515,0.0627006166121809
800-899,number,1,1,-0.0946154035627842,-0.0946154035627842,0.0
90\],math notation,1,1,-0.09501910395920277,-0.09501910395920277,0.0
\frac{ab}{bc},math notation,2,2,-0.19084083870984614,-0.09542041935492307,0.01945534393243134
\((1,math notation,2,2,-0.19091225019656122,-0.09545612509828061,0.05296442929504572
subsequence,other word,1,1,-0.09550881758332253,-0.09550881758332253,0.0
\(\boxed{90}\),math notation,2,2,-0.1913421389181167,-0.09567106945905834,0.05605868314850215
1-i)^4)^2,math notation,1,1,-0.09586058964487165,-0.09586058964487165,0.0
\frac{18}{6},math notation,1,1,-0.09593101742211729,-0.09593101742211729,0.0
\left(\frac{1}{2}\right)^{24/6},math notation,1,1,-0.09603806101949885,-0.09603806101949885,0.0
10^{8})^{9}$,math notation,1,1,-0.09641351085156202,-0.09641351085156202,0.0
1+i)^4)^2,math notation,1,1,-0.0971089790109545,-0.0971089790109545,0.0
$2t,math notation,1,1,-0.09760450944304466,-0.09760450944304466,0.0
\sqrt{t+x},math notation,1,1,-0.09775005606934428,-0.09775005606934428,0.0
\((21,math notation,2,2,-0.19635520176962018,-0.09817760088481009,0.00174160771459922
$0.20,math notation,1,1,-0.09834753349423409,-0.09834753349423409,0.0
$\frac{1}{3}$,math notation,4,3,-0.39392985569429584,-0.09848246392357396,0.04499560193600985
4|,math notation,1,1,-0.0986073762178421,-0.0986073762178421,0.0
1002000$,math notation,1,1,-0.09891786891967058,-0.09891786891967058,0.0
$1002000,math notation,1,1,-0.09905393328517675,-0.09905393328517675,0.0
$\frac{5}{2}$,math notation,1,1,-0.0991135009098798,-0.0991135009098798,0.0
\text{(number,math notation,1,1,-0.09926318377256393,-0.09926318377256393,0.0
2880\),math notation,1,1,-0.09942592680454254,-0.09942592680454254,0.0
9)^2,math notation,1,1,-0.0998967713676393,-0.0998967713676393,0.0
\frac{630^\circ}{7},math notation,2,2,-0.19987885298905894,-0.09993942649452947,0.015143364213427924
\boxed{3851},math notation,1,1,-0.10029902355745435,-0.10029902355745435,0.0
\(\sqrt{20+\sqrt{t+x}}=5\),math notation,2,2,-0.2006001362169627,-0.10030006810848136,0.059649627599724996
x^n,math notation,1,1,-0.10047499090433121,-0.10047499090433121,0.0
\frac{-8}{2},math notation,1,1,-0.10051412088796496,-0.10051412088796496,0.0
$t=17$,math notation,2,2,-0.2014661580324173,-0.10073307901620865,0.04151076102917803
\binom{2n}{n},math notation,1,1,-0.10083767329342663,-0.10083767329342663,0.0
33\),math notation,1,1,-0.10086580738425255,-0.10086580738425255,0.0
85\],math notation,1,1,-0.10117469914257526,-0.10117469914257526,0.0
spoons}\],math notation,1,1,-0.10144875524565578,-0.10144875524565578,0.0
\(\boxed{60\%}\),math notation,1,1,-0.10169953689910471,-0.10169953689910471,0.0
18)\),math notation,2,2,-0.20474340487271547,-0.10237170243635774,0.002368414822472586
\((16,math notation,2,2,-0.20487608015537262,-0.10243804007768631,0.000447247209873439
245^2$,math notation,2,2,-0.20635504415258765,-0.10317752207629383,0.03821399617843831
\frac{2}{2},math notation,1,1,-0.1036954999435693,-0.1036954999435693,0.0
\(\frac{2(1),math notation,1,1,-0.10380880627781153,-0.10380880627781153,0.0
\(\tan,math notation,1,1,-0.10429879277944565,-0.10429879277944565,0.0
step-by-step,other word,2,2,-0.2088674157857895,-0.10443370789289474,0.008313031229398578
\(\frac{y}{x}\),math notation,8,6,-0.8395664718700573,-0.10494580898375716,0.06409485208068583
\[\frac{4}{a^2}-\frac{144}{b^2}=1.\],math notation,1,1,-0.10501145321177319,-0.10501145321177319,0.0
1002001$,math notation,1,1,-0.10507934633642435,-0.10507934633642435,0.0
\frac{5}{6}\),math notation,1,1,-0.10519332392141223,-0.10519332392141223,0.0
\frac{120^\circ}{360^\circ},math notation,1,1,-0.10544434317853302,-0.10544434317853302,0.0
4500\),math notation,2,2,-0.21185625158250332,-0.10592812579125166,0.018265896894135353
\text{original,math notation,1,1,-0.10594050586223602,-0.10594050586223602,0.0
\(\frac{3}{4}a\),math notation,1,1,-0.10600954317487776,-0.10600954317487776,0.0
0.2xa,number,1,1,-0.10616523772478104,-0.10616523772478104,0.0
34$,math notation,1,1,-0.10623876750469208,-0.10623876750469208,0.0
\frac{-4}{6},math notation,1,1,-0.10629356489516795,-0.10629356489516795,0.0
t=11,math notation,1,1,-0.1064511388540268,-0.1064511388540268,0.0
\frac{1}{9}$),math notation,5,5,-0.5338173659984022,-0.10676347319968045,0.002092898949134552
42\],math notation,1,1,-0.10697584599256516,-0.10697584599256516,0.0
\frac{2^{8+1},math notation,1,1,-0.10749173793010414,-0.10749173793010414,0.0
$\sqrt[9]{10^{72}},math notation,1,1,-0.10816912550944835,-0.10816912550944835,0.0
\text{average},math notation,1,1,-0.10850445926189423,-0.10850445926189423,0.0
1020,number,1,1,-0.10892550647258759,-0.10892550647258759,0.0
\(\boxed{\frac{66}{7}}\),math notation,2,2,-0.21948178962338716,-0.10974089481169358,0.045587332921443985
245$,math notation,1,1,-0.11001210287213326,-0.11001210287213326,0.0
\((c,math notation,1,1,-0.11035305820405483,-0.11035305820405483,0.0
\(\frac{7}{25}\),math notation,1,1,-0.11126052471809089,-0.11126052471809089,0.0
\((24,math notation,2,2,-0.22276760917156935,-0.11138380458578467,0.0027068408451249083
\((25,math notation,1,1,-0.11157768592238426,-0.11157768592238426,0.0
\sqrt{9-4}}{2},math notation,1,1,-0.1118168318644166,-0.1118168318644166,0.0
\det(\mathbf{a}),math notation,1,1,-0.11192156979814172,-0.11192156979814172,0.0
8^{x+1,math notation,1,1,-0.11222128942608833,-0.11222128942608833,0.0
97\],math notation,1,1,-0.11256412789225578,-0.11256412789225578,0.0
3800,number,1,1,-0.11264734715223312,-0.11264734715223312,0.0
5100\),math notation,1,1,-0.11276047397404909,-0.11276047397404909,0.0
$\overline{bd}$,math notation,1,1,-0.11324463691562414,-0.11324463691562414,0.0
\binom{n+k-1}{k-1},math notation,1,1,-0.11336160032078624,-0.11336160032078624,0.0
20\],math notation,1,1,-0.11411069519817829,-0.11411069519817829,0.0
9c,number,1,1,-0.1154371127486229,-0.1154371127486229,0.0
two-week,other word,1,1,-0.11671780608594418,-0.11671780608594418,0.0
popsicle,other word,1,1,-0.11686911433935165,-0.11686911433935165,0.0
\pmod{47}$,math notation,5,2,-0.5867398924892768,-0.11734797849785536,0.017411628139029037
\(\boxed{\frac{7}{25}}\),math notation,1,1,-0.11737394379451871,-0.11737394379451871,0.0
-\frac{2}{3},math notation,1,1,-0.11780490633100271,-0.11780490633100271,0.0
$255^2,math notation,2,2,-0.23623082460835576,-0.11811541230417788,0.04929026106554164
0\],math notation,4,4,-0.47900858568027616,-0.11975214642006904,0.03759269048372188
$8$,math notation,1,1,-0.12034104019403458,-0.12034104019403458,0.0
\[50,math notation,1,1,-0.12055452726781368,-0.12055452726781368,0.0
\frac{1}{n+1},math notation,1,1,-0.12088733981363475,-0.12088733981363475,0.0
\((9,math notation,2,2,-0.2419869820587337,-0.12099349102936685,0.006004768685465835
\((4!)^2\),math notation,1,1,-0.1210441398434341,-0.1210441398434341,0.0
\cdots\right)\],math notation,1,1,-0.12139433762058616,-0.12139433762058616,0.0
\frac{1}{4})}\),math notation,1,1,-0.12190293380990624,-0.12190293380990624,0.0
255$,math notation,1,1,-0.12219585478305817,-0.12219585478305817,0.0
factorials,other word,1,1,-0.12265457212924957,-0.12265457212924957,0.0
\frac{58}{3},math notation,1,1,-0.12271390506066382,-0.12271390506066382,0.0
5x)/5,math notation,1,1,-0.12309296056628227,-0.12309296056628227,0.0
\frac{100x^2}{1-x},math notation,1,1,-0.12390576652251184,-0.12390576652251184,0.0
\boxed{3},math notation,2,2,-0.2478413269855082,-0.1239206634927541,0.03255305407449873
-260,number,1,1,-0.12393209338188171,-0.12393209338188171,0.0
billie's,other word,2,2,-0.25162416137754917,-0.12581208068877459,0.038495431924005924
\((3.6)^2\),math notation,1,1,-0.12630673963576555,-0.12630673963576555,0.0
\frac{6}{1.5},math notation,1,1,-0.12635564431548119,-0.12635564431548119,0.0
\frac{66}{7}\),math notation,1,1,-0.12704148166812956,-0.12704148166812956,0.0
$\sqrt{\sqrt{10^{8}}}$,math notation,1,1,-0.12708340038079768,-0.12708340038079768,0.0
x=14,math notation,1,1,-0.127238342538476,-0.127238342538476,0.0
\frac{\frac{5}{16}}{\frac{5}{4}},math notation,1,1,-0.12733526882948354,-0.12733526882948354,0.0
82\],math notation,1,1,-0.12746552750468254,-0.12746552750468254,0.0
160^\circ,math notation,2,2,-0.25501099321991205,-0.12750549660995603,0.014576231712951346
315^\circ\),math notation,1,1,-0.1280061632860452,-0.1280061632860452,0.0
tina's,other word,1,1,-0.12802372872829437,-0.12802372872829437,0.0
\(\boxed{1938}\),math notation,1,1,-0.12897553853690624,-0.12897553853690624,0.0
\(\frac{z}{x}\),math notation,1,1,-0.12953021482098848,-0.12953021482098848,0.0
\boxed{24},math notation,1,1,-0.13010916206985712,-0.13010916206985712,0.0
17\],math notation,1,1,-0.1312967035919428,-0.1312967035919428,0.0
(2^3)\left(8^{x}\right),math notation,1,1,-0.13148029055446386,-0.13148029055446386,0.0
\pmod{3},math notation,3,3,-0.39576924592256546,-0.13192308197418848,0.011591357094364188
$\frac{1}{2}\cdot,math notation,1,1,-0.13196143158711493,-0.13196143158711493,0.0
-x$,math notation,1,1,-0.13221114501357079,-0.13221114501357079,0.0
5(4,math notation,1,1,-0.13330487255007029,-0.13330487255007029,0.0
$\sqrt{\sqrt{\sqrt[t]{10^{t^{2}-t}}}}$,math notation,1,1,-0.13387051277095452,-0.13387051277095452,0.0
\frac{a_6}{a_4},math notation,2,2,-0.2678469450911507,-0.13392347254557535,0.03937549454665648
\frac{100}{5},math notation,1,1,-0.13420917186886072,-0.13420917186886072,0.0
$40$,math notation,1,1,-0.13438240345567465,-0.13438240345567465,0.0
\frac{270^\circ}{7},math notation,1,1,-0.13485283311456442,-0.13485283311456442,0.0
2^{\frac{66}{7}}\),math notation,1,1,-0.13587122154422104,-0.13587122154422104,0.0
\frac{a}{1-r}\],math notation,1,1,-0.13592304452322423,-0.13592304452322423,0.0
\(1000^{\text{th}}\),math notation,1,1,-0.13627942209132016,-0.13627942209132016,0.0
\$20,math notation,1,1,-0.13691449165344238,-0.13691449165344238,0.0
20^\circ,math notation,1,1,-0.1371167665347457,-0.1371167665347457,0.0
$$f(f(1,math notation,1,1,-0.13746417628135532,-0.13746417628135532,0.0
-32,number,1,1,-0.13864459469914436,-0.13864459469914436,0.0
\boxed{8},math notation,2,2,-0.27730126678943634,-0.13865063339471817,0.09495607392961385
\frac{20}{2},math notation,3,3,-0.4161978561896831,-0.13873261872989437,0.07184219906205498
5000$,math notation,1,1,-0.13890264183282852,-0.13890264183282852,0.0
\frac{900^\circ}{7},math notation,4,4,-0.5559661855222657,-0.13899154638056643,0.022444122858985713
-x,other word,2,2,-0.27984360605478287,-0.13992180302739143,0.029529359643077846
\(\tan(\angle,math notation,1,1,-0.14046255499124527,-0.14046255499124527,0.0
$\frac{200}{20}$,math notation,1,1,-0.1424069635104388,-0.1424069635104388,0.0
\(\sqrt{t+x},math notation,1,1,-0.14247973635792732,-0.14247973635792732,0.0
$-(5x,math notation,2,2,-0.2850016816519201,-0.14250084082596004,0.02775360870064548
4)^{2,math notation,1,1,-0.14260452147573233,-0.14260452147573233,0.0
$\frac{x^2}{a^2}-\frac{y^2}{b^2}=1$,math notation,1,1,-0.14280683500692248,-0.14280683500692248,0.0
$$f(f(2,math notation,1,1,-0.14284317893907428,-0.14284317893907428,0.0
$12$,math notation,1,1,-0.143478162586689,-0.143478162586689,0.0
\(\boxed{2}\),math notation,2,2,-0.2883337480016053,-0.14416687400080264,0.055282825768821584
\(\boxed{34}\),math notation,1,1,-0.14439285639673471,-0.14439285639673471,0.0
\(-2\),math notation,1,1,-0.14482927205972373,-0.14482927205972373,0.0
$389-39,math notation,1,1,-0.1451752563007176,-0.1451752563007176,0.0
\frac{1}{2^{n-1}},math notation,1,1,-0.1459727508481592,-0.1459727508481592,0.0
33\],math notation,1,1,-0.1460585594177246,-0.1460585594177246,0.0
\(3b,math notation,3,3,-0.4402699894271791,-0.14675666314239302,0.04799556592299599
\frac{72}{8},math notation,1,1,-0.14722236804664135,-0.14722236804664135,0.0
\(t_1,math notation,1,1,-0.14803184568881989,-0.14803184568881989,0.0
\(\boxed{52}\),math notation,1,1,-0.1498446362093091,-0.1498446362093091,0.0
\text{daily,math notation,1,1,-0.14994980953633785,-0.14994980953633785,0.0
$\boxed{16}$,math notation,1,1,-0.14996403362601995,-0.14996403362601995,0.0
\boxed{300}\),math notation,1,1,-0.15004190150648355,-0.15004190150648355,0.0
\frac{z}{\frac{25z}{7}},math notation,1,1,-0.15345690678805113,-0.15345690678805113,0.0
2^{3(x+1,math notation,2,2,-0.30719082918949425,-0.15359541459474713,0.0689016965099776
\frac{67}{0.2x},math notation,1,1,-0.15368720167316496,-0.15368720167316496,0.0
(4\sqrt{2})^2,math notation,1,1,-0.15427284478209913,-0.15427284478209913,0.0
\frac{x}{3},math notation,1,1,-0.15478888852521777,-0.15478888852521777,0.0
6$,math notation,2,2,-0.3103239961201325,-0.15516199806006625,0.1087265367185827
$a^2,math notation,2,2,-0.3111576996743679,-0.15557884983718395,0.020228983169572858
\boxed{\frac{15}{4}},math notation,1,1,-0.15618986077606678,-0.15618986077606678,0.0
$abcd$,math notation,1,1,-0.15819619223475456,-0.15819619223475456,0.0
"$1,000,000",math notation,1,1,-0.15910014719702303,-0.15910014719702303,0.0
\((3,math notation,4,4,-0.6382081108167768,-0.1595520277041942,0.00336896545487686
\(\frac{c}{a}\),math notation,1,1,-0.1595595763064921,-0.1595595763064921,0.0
**8**,math notation,1,1,-0.15960710775107145,-0.15960710775107145,0.0
$3$,math notation,1,1,-0.16092441231012344,-0.16092441231012344,0.0
\$750\],math notation,1,1,-0.16114229150116444,-0.16114229150116444,0.0
\frac{15}{4}\],math notation,1,1,-0.16151853813789785,-0.16151853813789785,0.0
\[r^2,math notation,4,4,-0.6472117826342583,-0.16180294565856457,0.04000032607698228
$8,math notation,2,2,-0.32379568554461,-0.161897842772305,0.08139994379386818
\boxed{200},math notation,1,1,-0.16640320420265198,-0.16640320420265198,0.0
\boxed{330}$,math notation,1,1,-0.16658071614801884,-0.16658071614801884,0.0
\(\boxed{0}\),math notation,3,3,-0.5000558042665944,-0.16668526808886477,0.10637292520756178
\text{lcm},math notation,1,1,-0.16684640757739544,-0.16684640757739544,0.0
3(-2,math notation,1,1,-0.16934026218950748,-0.16934026218950748,0.0
$\frac{1800}{9}$,math notation,1,1,-0.17030602507293224,-0.17030602507293224,0.0
2)^{2,math notation,1,1,-0.1710531134158373,-0.1710531134158373,0.0
$\sqrt{\sqrt{\sqrt[9]{10^{9^{2}-9}}}},math notation,1,1,-0.17106226785108447,-0.17106226785108447,0.0
0.027,number,1,1,-0.17168227955698967,-0.17168227955698967,0.0
$\boxed{1020}$,math notation,1,1,-0.17193061020225286,-0.17193061020225286,0.0
\(3c,math notation,3,3,-0.5158936292864382,-0.1719645430954794,0.04768380834769086
$(113+276)-39$,math notation,1,1,-0.17260446725413203,-0.17260446725413203,0.0
\[x^3,math notation,1,1,-0.17386256530880928,-0.17386256530880928,0.0
\frac{8}{3},math notation,2,2,-0.34890225512208417,-0.17445112756104209,0.11653440349788914
\[\frac{2}{3},math notation,1,1,-0.17550245742313564,-0.17550245742313564,0.0
\frac{3925}{5},math notation,1,1,-0.17587821907363832,-0.17587821907363832,0.0
1092.727,number,1,1,-0.17648397013545036,-0.17648397013545036,0.0
\(t_2,math notation,1,1,-0.17706582695245743,-0.17706582695245743,0.0
\(\boxed{5}\),math notation,1,1,-0.17846337938681245,-0.17846337938681245,0.0
\(\boxed{\frac{1}{3}}\),math notation,1,1,-0.1809258139692247,-0.1809258139692247,0.0
\frac{4}{5}(x,math notation,1,1,-0.18304285453632474,-0.18304285453632474,0.0
\boxed{336},math notation,1,1,-0.1832763571292162,-0.1832763571292162,0.0
$5x,math notation,1,1,-0.1833348535001278,-0.1833348535001278,0.0
\(\log_{2},math notation,1,1,-0.18508560257032514,-0.18508560257032514,0.0
\frac{20}{4},math notation,1,1,-0.18659798637963831,-0.18659798637963831,0.0
$389-39$,math notation,1,1,-0.18813402205705643,-0.18813402205705643,0.0
\frac{1}{0.848386471827448},math notation,1,1,-0.18880677199922502,-0.18880677199922502,0.0
\(\boxed{15}\),math notation,1,1,-0.18970940355211496,-0.18970940355211496,0.0
\frac{335}{x},math notation,1,1,-0.19008713273797184,-0.19008713273797184,0.0
\frac{5-2}{2+1},math notation,2,2,-0.38147401600144804,-0.19073700800072402,0.04759403143039978
$c=\sqrt{a^2+b^2}$,math notation,1,1,-0.19301655777962878,-0.19301655777962878,0.0
$$\boxed{\frac{5}{9}}$$,math notation,1,1,-0.19496782962232828,-0.19496782962232828,0.0
11^{5}\],math notation,1,1,-0.19797292444854975,-0.19797292444854975,0.0
5-6)x,math notation,1,1,-0.19814359303563833,-0.19814359303563833,0.0
\((\sqrt{20+\sqrt{t+x}})^2,math notation,1,1,-0.1988841136917472,-0.1988841136917472,0.0
\[s_1,math notation,1,1,-0.19905833527445793,-0.19905833527445793,0.0
2^3)^{x+1,math notation,2,2,-0.39964611106552184,-0.19982305553276092,0.013709620479261815
\(\frac{15}{4}\),math notation,2,2,-0.400616075610742,-0.200308037805371,0.06307430909264278
\(\boxed{(\frac{5}{4},math notation,1,1,-0.2039540414698422,-0.2039540414698422,0.0
\boxed{350},math notation,1,1,-0.20487872045487165,-0.20487872045487165,0.0
**12,math notation,1,1,-0.2056039646267891,-0.2056039646267891,0.0
\boxed{1700},math notation,1,1,-0.2060656175017357,-0.2060656175017357,0.0
\$2,math notation,1,1,-0.20688887499272823,-0.20688887499272823,0.0
700.\],math notation,1,1,-0.20949477888643742,-0.20949477888643742,0.0
\left(\frac{1}{2}\right)^n,math notation,1,1,-0.21022847411222756,-0.21022847411222756,0.0
10^\circ,math notation,1,1,-0.21272812318056822,-0.21272812318056822,0.0
\(\boxed{\dfrac{21}{43}}\),math notation,1,1,-0.21653646044433117,-0.21653646044433117,0.0
\(3a,math notation,2,2,-0.433313577901572,-0.216656788950786,0.004298085397122338
\(\boxed{92}\),math notation,1,1,-0.2222678903490305,-0.2222678903490305,0.0
-(-x)$,math notation,1,1,-0.22390686068683863,-0.22390686068683863,0.0
\boxed{17},math notation,1,1,-0.2250948678702116,-0.2250948678702116,0.0
"$f(2,5",math notation,3,3,-0.6895474779885262,-0.22984915932950875,0.0697275837499233
8979\],math notation,1,1,-0.2342074140906334,-0.2342074140906334,0.0
\boxed{0.5},math notation,1,1,-0.23485439643263817,-0.23485439643263817,0.0
\(\boxed{16}\),math notation,1,1,-0.23569096904248,-0.23569096904248,0.0
\frac{43}{3}\],math notation,1,1,-0.2358237496810034,-0.2358237496810034,0.0
\(\boxed{300}\),math notation,1,1,-0.23642470501363277,-0.23642470501363277,0.0
haven't,negation,1,1,-0.23889338970184326,-0.23889338970184326,0.0
\boxed{4},math notation,1,1,-0.23987394012510777,-0.23987394012510777,0.0
\(\frac{c}{2},math notation,1,1,-0.2428274815902114,-0.2428274815902114,0.0
$\boxed{43}$,math notation,1,1,-0.243783769197762,-0.243783769197762,0.0
\boxed{3800},math notation,1,1,-0.24397023161873221,-0.24397023161873221,0.0
\(\boxed{4000}\),math notation,1,1,-0.245694144628942,-0.245694144628942,0.0
\sqrt{5}}{2}\],math notation,1,1,-0.24601596081629395,-0.24601596081629395,0.0
\((\sqrt{t+x})^2,math notation,1,1,-0.24750168155878782,-0.24750168155878782,0.0
11+x=25,math notation,1,1,-0.2480700947344303,-0.2480700947344303,0.0
\boxed{70},math notation,1,1,-0.24894048646092415,-0.24894048646092415,0.0
$160^\circ$,math notation,1,1,-0.25025194231420755,-0.25025194231420755,0.0
-4c,number,1,1,-0.2516740784049034,-0.2516740784049034,0.0
\sum_{x=1}^{89},math notation,1,1,-0.2521367771551013,-0.2521367771551013,0.0
$21,math notation,2,2,-0.5043505951762199,-0.25217529758810997,0.11192464670410184
\(\boxed{200}\),math notation,1,1,-0.25316570000723004,-0.25316570000723004,0.0
$(\frac{1}{3})(\frac{1}{3}),math notation,5,5,-1.286840774526354,-0.25736815490527076,0.004141735017635382
$\boxed{1600}$,math notation,1,1,-0.25840125838294625,-0.25840125838294625,0.0
\boxed{11/36},math notation,1,1,-0.25870612170547247,-0.25870612170547247,0.0
10^\circ$,math notation,1,1,-0.2626657485961914,-0.2626657485961914,0.0
-\frac{4}{3}\),math notation,1,1,-0.26564770471304655,-0.26564770471304655,0.0
429\],math notation,1,1,-0.26624665781855583,-0.26624665781855583,0.0
$\sqrt{\sqrt{\sqrt[9]{10^{72}}}}$,math notation,1,1,-0.27095773234032094,-0.27095773234032094,0.0
meg's,other word,2,2,-0.5430435827001929,-0.27152179135009646,0.13517392078244223
\(\frac{\sqrt{x-2}}{x^2+x-6}\),math notation,1,1,-0.27238787431269884,-0.27238787431269884,0.0
\frac{3}{3},math notation,1,1,-0.2727493792772293,-0.2727493792772293,0.0
\boxed{\frac{4}{9}},math notation,1,1,-0.2763119940645993,-0.2763119940645993,0.0
\(\frac{700}{3}\),math notation,1,1,-0.2763913907110691,-0.2763913907110691,0.0
\(\boxed{23}\),math notation,1,1,-0.27694286266341805,-0.27694286266341805,0.0
\(\boxed{9}\),math notation,1,1,-0.28125401586294174,-0.28125401586294174,0.0
\boxed{6},math notation,2,2,-0.5641375025734305,-0.28206875128671527,0.1478753477332459
\boxed{67},math notation,1,1,-0.2856127619743347,-0.2856127619743347,0.0
\boxed{29},math notation,1,1,-0.28583098761737347,-0.28583098761737347,0.0
\boxed{15},math notation,1,1,-0.28692447766661644,-0.28692447766661644,0.0
\(\boxed{4}\),math notation,3,3,-0.8643004912883043,-0.2881001637627681,0.0926825607585799
\(\boxed{490}\),math notation,1,1,-0.28895814903080463,-0.28895814903080463,0.0
\(\boxed{\frac{1}{15}}\),math notation,1,1,-0.29171883151866496,-0.29171883151866496,0.0
\(\boxed{1920}\),math notation,1,1,-0.2933076359331608,-0.2933076359331608,0.0
\boxed{(2,math notation,1,1,-0.2934460947290063,-0.2934460947290063,0.0
\(\boxed{14}\),math notation,4,4,-1.174829548690468,-0.293707387172617,0.016546295915631924
\sqrt{1024},math notation,1,1,-0.2942756889387965,-0.2942756889387965,0.0
\(\boxed{67}\),math notation,1,1,-0.29442370496690273,-0.29442370496690273,0.0
\left(\sqrt{103041}\right)^2,math notation,1,1,-0.29778299760073423,-0.29778299760073423,0.0
\sqrt{11+x}=5,math notation,1,1,-0.3007559832185507,-0.3007559832185507,0.0
$\boxed{12}$,math notation,1,1,-0.30131115578114986,-0.30131115578114986,0.0
\frac{4}{2},math notation,1,1,-0.3060996411368251,-0.3060996411368251,0.0
\(\boxed{\frac{2}{3}}\),math notation,1,1,-0.3076599482446909,-0.3076599482446909,0.0
\(\boxed{47}\),math notation,1,1,-0.3099948391318321,-0.3099948391318321,0.0
\frac{2x}{3}\),math notation,1,1,-0.31583672435954213,-0.31583672435954213,0.0
$\boxed{250}$,math notation,1,1,-0.3229655623435974,-0.3229655623435974,0.0
\(\boxed{700}\),math notation,1,1,-0.3255343232303858,-0.3255343232303858,0.0
\frac{a+b}{3},math notation,1,1,-0.3270733803510666,-0.3270733803510666,0.0
2(c+a,math notation,1,1,-0.3318282552063465,-0.3318282552063465,0.0
\boxed{19},math notation,1,1,-0.336142934858799,-0.336142934858799,0.0
\[\sum_{n=0}^{\infty},math notation,1,1,-0.3372198538854718,-0.3372198538854718,0.0
\(\boxed{64}\),math notation,1,1,-0.3394448719918728,-0.3394448719918728,0.0
\frac{180^\circ}{15},math notation,1,1,-0.340612200088799,-0.340612200088799,0.0
\frac{7920}{24}$,math notation,1,1,-0.3415576322004199,-0.3415576322004199,0.0
\(\boxed{98}\),math notation,1,1,-0.3481037700548768,-0.3481037700548768,0.0
\boxed{13},math notation,1,1,-0.3486254345625639,-0.3486254345625639,0.0
2(b+c,math notation,1,1,-0.3532916456460953,-0.3532916456460953,0.0
2(a+b,math notation,1,1,-0.35521916300058365,-0.35521916300058365,0.0
\frac{1233}{999},math notation,1,1,-0.35629749950021505,-0.35629749950021505,0.0
\boxed{\frac{66}{7}},math notation,1,1,-0.3567134542390704,-0.3567134542390704,0.0
$\boxed{5000}$,math notation,1,1,-0.3598606903105974,-0.3598606903105974,0.0
\boxed{20%},math notation,1,1,-0.36392319668084383,-0.36392319668084383,0.0
**\(\boxed{2107}\)**,math notation,1,1,-0.3680232083424926,-0.3680232083424926,0.0
\frac{4}{5}x,math notation,1,1,-0.36895832791924477,-0.36895832791924477,0.0
\(\boxed{130}\),math notation,1,1,-0.37318254821002483,-0.37318254821002483,0.0
\boxed{1},math notation,2,2,-0.7482744976878166,-0.3741372488439083,0.1316122351653061
4*x\],math notation,1,1,-0.37714114785194397,-0.37714114785194397,0.0
\boxed{\frac{67}{20}},math notation,1,1,-0.37808846589177847,-0.37808846589177847,0.0
$\boxed{3}$,math notation,1,1,-0.38189773075282574,-0.38189773075282574,0.0
\(\boxed{6}\),math notation,1,1,-0.38225293532013893,-0.38225293532013893,0.0
$\boxed{32}$,math notation,1,1,-0.3993895445019007,-0.3993895445019007,0.0
\boxed{-\frac{30}{17}},math notation,1,1,-0.40756233409047127,-0.40756233409047127,0.0
\boxed{103041},math notation,1,1,-0.4103573225438595,-0.4103573225438595,0.0
$\boxed{110}$,math notation,1,1,-0.4219544045627117,-0.4219544045627117,0.0
\(\boxed{80}\),math notation,1,1,-0.44119270890951157,-0.44119270890951157,0.0
\(\boxed{73}\),math notation,1,1,-0.4445635862648487,-0.4445635862648487,0.0
$-(-x,math notation,1,1,-0.4450288247317076,-0.4450288247317076,0.0
\(\boxed{\frac{58}{3}}\),math notation,1,1,-0.4452369175851345,-0.4452369175851345,0.0
\boxed{12},math notation,1,1,-0.46011145412921906,-0.46011145412921906,0.0
\(\boxed{65}\),math notation,1,1,-0.4731374103575945,-0.4731374103575945,0.0
\boxed{180},math notation,1,1,-0.48063822090625763,-0.48063822090625763,0.0
\boxed{\frac{8}{3}},math notation,1,1,-0.4833868723362684,-0.4833868723362684,0.0
\frac{30}{10}$,math notation,1,1,-0.49182333424687386,-0.49182333424687386,0.0
\frac{4}{1-x}\],math notation,1,1,-0.5063863825052977,-0.5063863825052977,0.0
\boxed{33},math notation,1,1,-0.5228282511234283,-0.5228282511234283,0.0
\boxed{-\frac{155}{2}},math notation,1,1,-0.5543607985600829,-0.5543607985600829,0.0
"\boxed{$27,000}",math notation,1,1,-0.5563500793650746,-0.5563500793650746,0.0
\(b_n\),math notation,1,1,-0.6210684701800346,-0.6210684701800346,0.0
$113+276-13-26$,math notation,1,1,-0.7030882835388184,-0.7030882835388184,0.0
